cas,smiles
64-19-7,O=C(O)C
76-05-1,O=C(O)C(F)(F)F
56-40-6,O=C(O)CN
72-19-5,O=C(O)C(N)C(O)C
110-17-8,O=C(O)C=CC(=O)O
58-85-5,O=C1NC2CSC(CCCCC(=O)O)C2N1
63-91-2,O=C(O)C(N)CC=1C=CC=CC1
72-18-4,O=C(O)C(N)C(C)C
65-85-0,O=C(O)C=1C=CC=CC1
61-90-5,O=C(O)C(N)CC(C)C
70-18-8,O=C(O)CNC(=O)C(NC(=O)CCC(N)C(=O)O)CS
56-86-0,O=C(O)CCC(N)C(=O)O
112-80-1,O=C(O)CCCCCCCC=CCCCCCCCC
56-41-7,O=C(O)C(N)C
144-62-7,O=C(O)C(=O)O
76-03-9,O=C(O)C(Cl)(Cl)Cl
110-15-6,O=C(O)CCC(=O)O
73-32-5,O=C(O)C(N)C(C)CC
56-85-9,O=C(O)C(N)CCC(=O)N
73-22-3,O=C(O)C(N)CC1=CNC=2C=CC=CC21
147-85-3,O=C(O)C1NCCC1
77-92-9,O=C(O)CC(O)(C(=O)O)CC(=O)O
1077-28-7,O=C(O)CCCCC1SSCC1
59-67-6,O=C(O)C=1C=NC=CC1
56-84-8,O=C(O)CC(N)C(=O)O
63-68-3,O=C(O)C(N)CCSC
74-79-3,O=C(O)C(N)CCCNC(=N)N
57-10-3,O=C(O)CCCCCCCCCCCCCCC
56-45-1,O=C(O)C(N)CO
69-72-7,O=C(O)C=1C=CC=CC1O
56-89-3,O=C(O)C(N)CSSCC(N)C(=O)O
60-18-4,O=C(O)C(N)CC1=CC=C(O)C=C1
140-10-3,O=C(O)C=CC=1C=CC=CC1
60-33-3,O=C(O)CCCCCCCC=CCC=CCCCCC
110-44-1,O=C(O)C=CC=CC
87-69-4,O=C(O)C(O)C(O)C(=O)O
51-35-4,O=C(O)C1NCC(O)C1
52-90-4,O=C(O)C(N)CS
15687-27-1,O=C(O)C(C1=CC=C(C=C1)CC(C)C)C
493-52-7,O=C(O)C=1C=CC=CC1N=NC2=CC=C(C=C2)N(C)C
402-61-9,O=C(O)C1=NNC(=C1)C
71-00-1,O=C(O)C(N)CC1=CN=CN1
59-30-3,O=C1N=C(N=C2NC=C(N=C12)CNC3=CC=C(C=C3)C(=O)NC(C(=O)O)CCC(=O)O)N
6915-15-7,O=C(O)CC(O)C(=O)O
56-12-2,O=C(O)CCCN
302-79-4,O=C(O)C=C(C=CC=C(C=CC1=C(C)CCCC1(C)C)C)C
57-11-4,O=C(O)CCCCCCCCCCCCCCCCC
616-91-1,O=C(O)C(NC(=O)C)CS
59-92-7,O=C(O)C(N)CC1=CC=C(O)C(O)=C1
79-14-1,O=C(O)CO
60-00-4,O=C(O)CN(CC(=O)O)CCN(CC(=O)O)CC(=O)O
50-21-5,O=C(O)C(O)C
110-16-7,O=C(O)C=CC(=O)O
60-32-2,O=C(O)CCCCCN
99-96-7,O=C(O)C1=CC=C(O)C=C1
107-43-7,O=C([O-])C[N+](C)(C)C
150-13-0,O=C(O)C1=CC=C(N)C=C1
372-75-8,O=C(N)NCCCC(N)C(=O)O
99-50-3,O=C(O)C1=CC=C(O)C(O)=C1
1621-91-6,O=C(O)C1=NNC=C1
131-48-6,O=C(O)C(=O)CC(O)C(NC(=O)C)C(O)C(O)C(O)CO
89-57-6,O=C(O)C1=CC(N)=CC=C1O
107-95-9,O=C(O)CCN
544-63-8,O=C(O)CCCCCCCCCCCCC
541-15-1,O=C([O-])CC(O)C[N+](C)(C)C
331-39-5,O=C(O)C=CC1=CC=C(O)C(O)=C1
97-67-6,O=C(O)CC(O)C(=O)O
327-97-9,O=C(O)C1(O)CC(O)C(O)C(OC(=O)C=CC2=CC=C(O)C(O)=C2)C1
50-78-2,O=C(O)C=1C=CC=CC1OC(=O)C
828-51-3,O=C(O)C12CC3CC(CC(C3)C1)C2
463-40-1,O=C(O)CCCCCCCC=CCC=CCC=CCC
24280-93-1,O=C1OCC2=C1C(O)=C(C(OC)=C2C)CC=C(C)CCC(=O)O
143-07-7,O=C(O)CCCCCCCCCCC
112-85-6,O=C(O)CCCCCCCCCCCCCCCCCCCCC
124-07-2,O=C(O)CCCCCCC
556-50-3,O=C(O)CNC(=O)CN
67-42-5,O=C(O)CN(CC(=O)O)CCOCCOCCN(CC(=O)O)CC(=O)O
123-99-9,O=C(O)CCCCCCCC(=O)O
490-79-9,O=C(O)C1=CC(O)=CC=C1O
77-06-5,O=C(O)C1C2C3(OC(=O)C2(C)C(O)C=C3)C4CCC5(O)C(=C)CC14C5
552-63-6,O=C(O)C(C=1C=CC=CC1)CO
91809-66-4,O=C([O-])C=1C=C(C=CC1C=2C=3C=CC(=CC3[O+]=C4C=C(C=CC42)N(C)C)N(C)C)C(=O)O
506-32-1,O=C(O)CCCC=CCC=CCC=CCC=CCCCCC
1197-18-8,O=C(O)C1CCC(CN)CC1
495-69-2,O=C(O)CNC(=O)C=1C=CC=CC1
98-79-3,O=C(O)C1NC(=O)CC1
5104-49-4,O=C(O)C(C=1C=CC(=C(F)C1)C=2C=CC=CC2)C
328-50-7,O=C(O)C(=O)CCC(=O)O
70-47-3,O=C(O)C(N)CC(=O)N
90-64-2,O=C(O)C(O)C=1C=CC=CC1
89-00-9,O=C(O)C1=NC=CC=C1C(=O)O
22071-15-4,O=C(O)C(C=1C=CC=C(C1)C(=O)C=2C=CC=CC2)C
87-51-4,O=C(O)CC1=CNC=2C=CC=CC21
133-32-4,O=C(O)CCCC1=CNC=2C=CC=CC21
305-84-0,O=C(O)C(NC(=O)CCN)CC1=CN=CN1
82419-36-1,O=C(O)C1=CN2C3=C(OCC2C)C(=C(F)C=C3C1=O)N4CCN(C)CC4
5006-66-6,O=C(O)C=1C=CC(=O)NC1
501-98-4,O=C(O)C=CC1=CC=C(O)C=C1
112811-59-3,O=C(O)C1=CN(C2=C(OC)C(=C(F)C=C2C1=O)N3CCNC(C)C3)C4CC4
59-51-8,O=C(O)C(N)CCSC
6556-12-3,O=CC(O)C(O)C(O)C(O)C(=O)O
537-98-4,O=C(O)C=CC1=CC=C(O)C(OC)=C1
55-22-1,O=C(O)C=1C=CN=CC1
138-59-0,O=C(O)C1=CC(O)C(O)C(O)C1
62571-86-2,O=C(O)C1N(C(=O)C(C)CS)CCC1
474-25-9,O=C(O)CCC(C)C1CCC2C3C(O)CC4CC(O)CCC4(C)C3CCC12C
124-04-9,O=C(O)CCCCC(=O)O
535-75-1,O=C(O)C1NCCCC1
39537-23-0,O=C(O)C(NC(=O)C(N)C)CCC(=O)N
53-86-1,O=C(O)CC=1C=2C=C(OC)C=CC2N(C(=O)C3=CC=C(Cl)C=C3)C1C
81-25-4,O=C(O)CCC(C)C1CCC2C3C(O)CC4CC(O)CCC4(C)C3CC(O)C12C
56-91-7,O=C(O)C1=CC=C(C=C1)CN
60142-96-3,O=C(O)CC1(CN)CCCCC1
158063-66-2,O=C(O)C=1C=NC=CC1C(F)(F)F
3663-80-7,O=C(O)C1OC=2C=CC=CC2OC1
5071-61-4,O=C(O)C1=NNC(=C1)C=2C=CC=CC2
128-13-2,O=C(O)CCC(C)C1CCC2C3C(O)CC4CC(O)CCC4(C)C3CCC12C
363-24-6,O=C(O)CCCC=CCC1C(=O)CC(O)C1C=CC(O)CCCCC
338-69-2,O=C(O)C(N)C
2942-59-8,O=C(O)C1=CC=CN=C1Cl
7579-20-6,O=C(O)C=1C=CN=CC1N
874-24-8,O=C(O)C1=NC=CC=C1O
478-43-3,O=C(O)C1=CC(O)=C2C(=O)C=3C(O)=CC=CC3C(=O)C2=C1
107-97-1,O=C(O)CNC
3081-61-6,O=C(O)C(N)CCC(=O)NCC
149-91-7,O=C(O)C1=CC(O)=C(O)C(O)=C1
5704-04-1,O=C(O)CNC(CO)(CO)CO
56-87-1,O=C(O)C(N)CCCCN
22204-53-1,O=C(O)C(C1=CC=C2C=C(OC)C=CC2=C1)C
70458-96-7,O=C(O)C1=CN(C2=CC(=C(F)C=C2C1=O)N3CCNCC3)CC
20283-92-5,O=C(OC(C(=O)O)CC1=CC=C(O)C(O)=C1)C=CC2=CC=C(O)C(O)=C2
21967-41-9,O=C(O)C1OC(OC=2C=C3OC(=CC(=O)C3=C(O)C2O)C=4C=CC=CC4)C(O)C(O)C1O
634-97-9,O=C(O)C1=CC=CN1
121-34-6,O=C(O)C1=CC=C(O)C(OC)=C1
611-71-2,O=C(O)C(O)C=1C=CC=CC1
100-09-4,O=C(O)C1=CC=C(OC)C=C1
99-10-5,O=C(O)C=1C=C(O)C=C(O)C1
303-38-8,O=C(O)C=1C=CC=C(O)C1O
1134-47-0,O=C(O)CC(C1=CC=C(Cl)C=C1)CN
79-33-4,O=C(O)C(O)C
99-66-1,O=C(O)C(CCC)CCC
2517-04-6,O=C(O)C1NCC1
5337-03-1,O=C(O)C1CCOCC1
4530-20-5,O=C(OC(C)(C)C)NCC(=O)O
23945-44-0,O=C(O)C1=CNC(=O)NC1=O
501-97-3,O=C(O)CCC1=CC=C(O)C=C1
1075-06-5,O=C(C=1C=CC=CC1)C(O)O
71989-23-6,O=C(OCC1C=2C=CC=CC2C=3C=CC=CC31)NC(C(=O)O)C(C)CC
300-85-6,O=C(O)CC(O)C
52-67-5,O=C(O)C(N)C(S)(C)C
506-30-9,O=C(O)CCCCCCCCCCCCCCCCCCC
312-84-5,O=C(O)C(N)CO
3238-40-2,O=C(O)C=1OC(=CC1)C(=O)O
6217-54-5,O=C(O)CCC=CCC=CCC=CCC=CCC=CCC=CCC
15761-38-3,O=C(OC(C)(C)C)NC(C(=O)O)C
98-98-6,O=C(O)C1=NC=CC=C1
156-38-7,O=C(O)CC1=CC=C(O)C=C1
86-87-3,O=C(O)CC1=CC=CC=2C=CC=CC21
389-08-2,O=C(O)C1=CN(C2=NC(=CC=C2C1=O)C)CC
22839-47-0,O=C(O)CC(N)C(=O)NC(C(=O)OC)CC=1C=CC=CC1
137862-53-4,O=C(O)C(N(C(=O)CCCC)CC=1C=CC(=CC1)C=2C=CC=CC2C3=NN=NN3)C(C)C
22059-21-8,O=C(O)C1(N)CC1
334-48-5,O=C(O)CCCCCCCCC
6089-09-4,O=C(O)CCC#C
24065-33-6,O=C(O)C=1SC(Cl)=CC1
92933-47-6,O=C(O)C1=NNC(=C1)C(C)C
530-57-4,O=C(O)C1=CC(OC)=C(O)C(OC)=C1
619-66-9,O=CC1=CC=C(C=C1)C(=O)O
4684-94-0,O=C(O)C1=NC(Cl)=CC=C1
55-10-7,O=C(O)C(O)C1=CC=C(O)C(OC)=C1
54-16-0,O=C(O)CC1=CNC=2C=CC(O)=CC21
71989-38-3,O=C(OCC1C=2C=CC=CC2C=3C=CC=CC31)NC(C(=O)O)CC4=CC=C(OC(C)(C)C)C=C4
144-90-1,O=C(O)C(C)CN
375-22-4,O=C(O)C(F)(F)C(F)(F)C(F)(F)F
579-75-9,O=C(O)C=1C=CC=CC1OC
150-25-4,O=C(O)CN(CCO)CCO
611-73-4,O=C(O)C(=O)C=1C=CC=CC1
93-07-2,O=C(O)C1=CC=C(OC)C(OC)=C1
106-14-9,O=C(O)CCCCCCCCCCC(O)CCCCCC
21190-87-4,O=C(O)C1=NC(Br)=CC=C1
84358-13-4,O=C(OC(C)(C)C)N1CCC(C(=O)O)CC1
198348-89-9,O=C(O)C1=NNC(=C1)N(=O)=O
93-10-7,O=C(O)C=1N=C2C=CC=CC2=CC1
59-05-2,O=C(O)CCC(NC(=O)C1=CC=C(C=C1)N(C)CC=2N=C3C(=NC2)N=C(N=C3N)N)C(=O)O
99-94-5,O=C(O)C1=CC=C(C=C1)C
422-64-0,O=C(O)C(F)(F)C(F)(F)F
74-11-3,O=C(O)C1=CC=C(Cl)C=C1
62-23-7,O=C(O)C1=CC=C(C=C1)N(=O)=O
5326-23-8,O=C(O)C1=CN=C(Cl)C=C1
73027-79-9,O=C(O)C1=CN=C(Cl)C=C1Cl
3970-35-2,O=C(O)C1=CC=CC(=C1Cl)N(=O)=O
69-78-3,O=C(O)C1=CC(SSC2=CC=C(C(=C2)C(=O)O)N(=O)=O)=CC=C1N(=O)=O
35661-39-3,O=C(OCC1C=2C=CC=CC2C=3C=CC=CC31)NC(C(=O)O)C
508-02-1,O=C(O)C12CCC(C)(C)CC2C3=CCC4C5(C)CCC(O)C(C)(C)C5CCC4(C)C3(C)CC1
85721-33-1,O=C(O)C1=CN(C2=CC(=C(F)C=C2C1=O)N3CCNCC3)C4CC4
62-57-7,O=C(O)C(N)(C)C
503-74-2,O=C(O)CC(C)C
40704-11-8,O=C(O)C1=CNN=C1C
586-76-5,O=C(O)C1=CC=C(Br)C=C1
104-01-8,O=C(O)CC1=CC=C(OC)C=C1
13745-17-0,O=C(O)C1=NNC=C1Br
501-52-0,O=C(O)CCC=1C=CC=CC1
50-84-0,O=C(O)C1=CC=C(Cl)C=C1Cl
3006-96-0,O=C(O)C1=CC=C(C=C1)CO
581-96-4,O=C(O)CC=1C=CC=2C=CC=CC2C1
84358-12-3,O=C(OC(C)(C)C)N1CCCC(C(=O)O)C1
78348-24-0,O=C(O)C1NC=2C=CC=CC2C1
106685-40-9,O=C(O)C=1C=CC2=CC(=CC=C2C1)C=3C=CC(OC)=C(C3)C45CC6CC(CC(C6)C4)C5
93106-60-6,O=C(O)C1=CN(C2=CC(=C(F)C=C2C1=O)N3CCN(CC)CC3)C4CC4
83-44-3,O=C(O)CCC(C)C1CCC2C3CCC4CC(O)CCC4(C)C3CC(O)C12C
111-16-0,O=C(O)CCCCCC(=O)O
609-36-9,O=C(O)C1NCCC1
488-93-7,O=C(O)C1=COC=C1
23761-23-1,O=C(O)C1CC(=O)C1
4376-18-5,O=C(O)C=1C=CC=CC1C(=O)OC
102-32-9,O=C(O)CC1=CC=C(O)C(O)=C1
771-50-6,O=C(O)C1=CNC=2C=CC=CC21
879-65-2,O=C(O)C1=NC2=CC=CC=C2N=C1
67-43-6,O=C(O)CN(CC(=O)O)CCN(CC(=O)O)CCN(CC(=O)O)CC(=O)O
4498-67-3,O=C(O)C1=NNC=2C=CC=CC12
99199-60-7,O=C(O)C1OC2=CC=C(F)C=C2CC1
38194-50-2,O=C(O)CC=1C=2C=C(F)C=CC2C(=CC3=CC=C(C=C3)S(=O)C)C1C
594-61-6,O=C(O)C(O)(C)C
1492-24-6,O=C(O)C(N)CC
112-37-8,O=C(O)CCCCCCCCCC
344-25-2,O=C(O)C1NCCC1
14292-26-3,O=C(O)CC(O)CCCCCCC
118-91-2,O=C(O)C=1C=CC=CC1Cl
112811-65-1,O=C(O)C1=CC(F)=C(F)C(OC)=C1F
112-38-9,O=C(O)CCCCCCCCC=C
57294-38-9,O=C(OC(C)(C)C)NCCCC(=O)O
1878-68-8,O=C(O)CC1=CC=C(Br)C=C1
306-08-1,O=C(O)CC1=CC=C(O)C(OC)=C1
2374-03-0,O=C(O)C1=CC=C(N)C(O)=C1
530-59-6,O=C(O)C=CC=1C=C(OC)C(O)=C(OC)C1
486-74-8,O=C(O)C=1C=CN=C2C=CC=CC21
53716-49-7,O=C(O)C(C=1C=CC2=C(C1)NC3=CC=C(Cl)C=C32)C
830-96-6,O=C(O)CCC1=CNC=2C=CC=CC21
35661-60-0,O=C(OCC1C=2C=CC=CC2C=3C=CC=CC31)NC(C(=O)O)CC(C)C
86393-33-1,O=C(O)C1=CN(C2=CC(Cl)=C(F)C=C2C1=O)C3CC3
34157-83-0,O=C1C=C2C(=CC=C3C2(C)CCC4(C)C5CC(C(=O)O)(C)CCC5(C)CCC34C)C(=C1O)C
123-76-2,O=C(O)CCC(=O)C
516-05-2,O=C(O)C(C(=O)O)C
543-24-8,O=C(O)CNC(=O)C
586-89-0,O=C(O)C1=CC=C(C=C1)C(=O)C
112-05-0,O=C(O)CCCCCCCC
139-13-9,O=C(O)CN(CC(=O)O)CC(=O)O
98-97-5,O=C(O)C1=NC=CN=C1
118-41-2,O=C(O)C1=CC(OC)=C(OC)C(OC)=C1
22884-10-2,O=C(O)CN1C=NC=C1
89-86-1,O=C(O)C1=CC=C(O)C=C1O
13734-41-3,O=C(OC(C)(C)C)NC(C(=O)O)C(C)C
498-95-3,O=C(O)C1CNCCC1
30766-03-1,O=C(O)C1=NC=CC(Br)=C1
65-49-6,O=C(O)C1=CC=C(N)C=C1O
15761-39-4,O=C(OC(C)(C)C)N1CCCC1C(=O)O
80875-98-5,O=C(O)C1NC2CCCCC2C1
88744-36-9,O=C(O)C(N)C=1C=CC=CC1Cl
2516-96-3,O=C(O)C1=CC(=CC=C1Cl)N(=O)=O
13726-69-7,O=C(OC(C)(C)C)N1CC(O)CC1C(=O)O
53188-07-1,O=C(O)C1(OC=2C(=C(C(O)=C(C2CC1)C)C)C)C
7254-19-5,O=C(O)C1=CC=2C=C(Br)C=CC2N1
17791-52-5,O=C(OC(C)(C)C)NC(C(=O)O)CC1=CN=CN1
472-15-1,O=C(O)C12CCC(C(=C)C)C2C3CCC4C5(C)CCC(O)C(C)(C)C5CCC4(C)C3(C)CC1
41859-67-0,O=C(O)C(OC1=CC=C(C=C1)CCNC(=O)C2=CC=C(Cl)C=C2)(C)C
745-65-3,O=C(O)CCCCCCC1C(=O)CC(O)C1C=CC(O)CCCCC
88495-63-0,O=C(O)CCC(=O)OC1OC2OC3(OOC24C(CC3)C(C)CCC4C1C)C
471-53-4,O=C(O)C1(C)CCC2(C)CCC3(C(=CC(=O)C4C5(C)CCC(O)C(C)(C)C5CCC43C)C2C1)C
166108-71-0,O=C(O)COCCOCCNC(=O)OCC1C=2C=CC=CC2C=3C=CC=CC31
640-68-6,O=C(O)C(N)C(C)C
1002-57-9,O=C(O)CCCCCCCN
6964-21-2,O=C(O)CC1=CSC=C1
875-74-1,O=C(O)C(N)C=1C=CC=CC1
20826-04-4,O=C(O)C=1C=NC=C(Br)C1
3262-72-4,O=C(OC(C)(C)C)NC(C(=O)O)CO
951-82-6,O=C(O)CC1=CC(OC)=C(OC)C(OC)=C1
556-33-2,O=C(O)CNC(=O)CNC(=O)CN
551-16-6,O=C(O)C1N2C(=O)C(N)C2SC1(C)C
636-46-4,O=C(O)C1=CC=C(O)C(=C1)C(=O)O
98303-20-9,O=C(OC(C)(C)C)N1CCCCC1C(=O)O
231291-22-8,O=C(O)C1=CN=C(C=C1)C(F)(F)F
10349-57-2,O=C(O)C1=CC=C2N=CC=CC2=C1
313-67-7,O=C(O)C1=CC=2OCOC2C3=C4C=CC=C(OC)C4=CC(=C13)N(=O)=O
135062-02-1,O=C(O)C1=CC=C(C=C1OCC)CC(=O)NC(C=2C=CC=CC2N3CCCCC3)CC(C)C
302-72-7,O=C(O)C(N)C
1118-68-9,O=C(O)CN(C)C
6600-40-4,O=C(O)C(N)CCC
617-62-9,O=C(O)CCC(C(=O)O)C
636-61-3,O=C(O)CC(O)C(=O)O
1783-96-6,O=C(O)CC(N)C(=O)O
14527-41-4,O=C(O)C=1SC=NC1
112-79-8,O=C(O)CCCCCCCC=CCCCCCCCC
843666-40-0,O=C(O)CCCCCCCCCCCCCCCCC(=O)OC(C)(C)C
92-92-2,O=C(O)C=1C=CC(=CC1)C=2C=CC=CC2
30766-11-1,O=C(O)C1=NC=C(Br)C=C1
2471-70-7,O=C(O)C1=CC=C2C=C(OC)C=CC2=C1
112704-79-7,O=C(O)C1=CC=C(Br)C=C1F
1135-24-6,O=C(O)C=CC1=CC=C(O)C(OC)=C1
1878-67-7,O=C(O)CC=1C=CC=C(Br)C1
6813-38-3,O=C(O)C=1C=CN=C(C1)C=2N=CC=C(C2)C(=O)O
13734-28-6,O=C(OC(C)(C)C)NC(C(=O)O)CCCCN
25812-30-0,O=C(O)C(C)(C)CCCOC1=CC(=CC=C1C)C
1138-80-3,O=C(O)CNC(=O)OCC=1C=CC=CC1
434-13-9,O=C(O)CCC(C)C1CCC2C3CCC4CC(O)CCC4(C)C3CCC12C
28697-07-6,O=C(OCC=1C=CC=CC1)N2CCCCC2C(=O)O
71989-31-6,O=C(O)C1N(C(=O)OCC2C=3C=CC=CC3C=4C=CC=CC42)CCC1
632-20-2,O=C(O)C(N)C(O)C
110-94-1,O=C(O)CCCC(=O)O
98-89-5,O=C(O)C1CCCCC1
88-14-2,O=C(O)C=1OC=CC1
1975-52-6,O=C(O)C1=CC(=CC=C1C)N(=O)=O
499-83-2,O=C(O)C=1N=C(C=CC1)C(=O)O
2584-71-6,O=C(O)C1NCC(O)C1
4942-47-6,O=C(O)CC12CC3CC(CC(C3)C1)C2
882-09-7,O=C(O)C(OC1=CC=C(Cl)C=C1)(C)C
1798-09-0,O=C(O)CC=1C=CC=C(OC)C1
99-05-8,O=C(O)C=1C=CC=C(N)C1
93-09-4,O=C(O)C=1C=CC=2C=CC=CC2C1
552-16-9,O=C(O)C=1C=CC=CC1N(=O)=O
446-08-2,O=C(O)C1=CC(F)=CC=C1N
5728-52-9,O=C(O)CC=1C=CC(=CC1)C=2C=CC=CC2
100-26-5,O=C(O)C1=NC=C(C=C1)C(=O)O
1135-23-5,O=C(O)CCC1=CC=C(O)C(OC)=C1
496-41-3,O=C(O)C=1OC=2C=CC=CC2C1
1670-81-1,O=C(O)C=1C=CC=2NC=CC2C1
68858-20-8,O=C(OCC1C=2C=CC=CC2C=3C=CC=CC31)NC(C(=O)O)C(C)C
127-17-3,O=C(O)C(=O)C
541-48-0,O=C(O)CC(N)C
3878-55-5,O=C(O)CCC(=O)OC
1188-21-2,O=C(NC(C(=O)O)CC(C)C)C
5952-92-1,O=C(O)C=1C=NN(C1)C
22264-50-2,O=C(O)C1(N)CCC1
149-57-5,O=C(O)C(CC)CCCC
3973-08-8,O=C(O)C=1N=CSC1
2458-12-0,O=C(O)C1=CC=C(C(N)=C1)C
456-22-4,O=C(O)C1=CC=C(F)C=C1
375-85-9,O=C(O)C(F)(F)C(F)(F)C(F)(F)C(F)(F)C(F)(F)C(F)(F)F
13734-36-6,O=C(OC(C)(C)C)N(C)CC(=O)O
385-00-2,O=C(O)C=1C(F)=CC=CC1F
5198-88-9,O=C(O)C=1N=C(Br)SC1
142253-55-2,O=C(OC(C)(C)C)N1CC(C(=O)O)C1
117-34-0,O=C(O)C(C=1C=CC=CC1)C=2C=CC=CC2
619-67-0,O=C(O)C1=CC=C(C=C1)NN
3167-49-5,O=C(O)C1=CN=C(N)C=C1
38496-18-3,O=C(O)C1=CC=C(Cl)N=C1Cl
15069-92-8,O=C(O)C1=NC=C(O)C=C1
2107-70-2,O=C(O)CCC1=CC=C(OC)C(OC)=C1
621-37-4,O=C(O)CC=1C=CC=C(O)C1
775-01-9,O=C(O)C(O)C1=CC=C(O)C(O)=C1
163438-09-3,O=C(OC(C)(C)C)N1CCCC(C(=O)O)C1
3739-38-6,O=C(O)C=1C=CC=C(OC=2C=CC=CC2)C1
56-69-9,O=C(O)C(N)CC1=CNC=2C=CC(O)=CC21
2591-17-5,O=C(O)C1N=C(SC1)C2=NC=3C=CC(O)=CC3S2
71989-26-9,O=C(OCC1C=2C=CC=CC2C=3C=CC=CC31)NC(C(=O)O)CCCCNC(=O)OC(C)(C)C
97-61-0,O=C(O)C(C)CCC
506-12-7,O=C(O)CCCCCCCCCCCCCCCC
1002-84-2,O=C(O)CCCCCCCCCCCCCC
302-84-1,O=C(O)C(N)CO
327-57-1,O=C(O)C(N)CCCC
36476-78-5,O=C(O)C1CNC1
6384-92-5,O=C(O)CC(NC)C(=O)O
492-37-5,O=C(O)C(C=1C=CC=CC1)C
693-23-2,O=C(O)CCCCCCCCCCC(=O)O
672-15-1,O=C(O)C(N)CCO
2612-02-4,O=C(O)C1=CC(OC)=CC=C1O
99-06-9,O=C(O)C=1C=CC=C(O)C1
1197-55-3,O=C(O)CC1=CC=C(N)C=C1
23981-47-7,O=C(O)CC1=CC=C2C=C(OC)C=CC2=C1
621-54-5,O=C(O)CCC=1C=CC=C(O)C1
13734-34-4,O=C(OC(C)(C)C)NC(C(=O)O)CC=1C=CC=CC1
492-27-3,O=C(O)C1=NC=2C=CC=CC2C(O)=C1
427-49-6,O=C(O)C(O)(C=1C=CC=CC1)C2CCCC2
3650-09-7,O=C(O)C12C=3C(O)=C(O)C(=CC3CCC1C(C)(C)CCC2)C(C)C
54-12-6,O=C(O)C(N)CC1=CNC=2C=CC=CC21
530-78-9,O=C(O)C=1C=CC=CC1NC2=CC=CC(=C2)C(F)(F)F
4350-09-8,O=C(O)C(N)CC1=CNC=2C=CC(O)=CC21
1161-13-3,O=C(O)C(NC(=O)OCC=1C=CC=CC1)CC=2C=CC=CC2
116-53-0,O=C(O)C(C)CC
26782-71-8,O=C(O)C(N)C(C)(C)C
577-56-0,O=C(O)C=1C=CC=CC1C(=O)C
54045-76-0,O=C(O)C=1SC(Br)=NC1
2133-34-8,O=C(O)C1NCC1
619-04-5,O=C(O)C1=CC=C(C(=C1)C)C
97-65-4,O=C(O)C(=C)CC(=O)O
871-70-5,O=C(O)CCCCCCCCCCCCCCCCC(=O)O
100-21-0,O=C(O)C1=CC=C(C=C1)C(=O)O
2706-90-3,O=C(O)C(F)(F)C(F)(F)C(F)(F)C(F)(F)F
536-66-3,O=C(O)C1=CC=C(C=C1)C(C)C
83-40-9,O=C(O)C1=CC=CC(=C1O)C
4389-45-1,O=C(O)C1=CC=CC(=C1N)C
1466-76-8,O=C(O)C=1C(OC)=CC=CC1OC
1866-39-3,O=C(O)C=CC1=CC=C(C=C1)C
3303-84-2,O=C(OC(C)(C)C)NCCC(=O)O
6880-04-2,O=C(O)C1=CC=C(OC)C(=C1)C
17199-29-0,O=C(O)C(O)C=1C=CC=CC1
5653-40-7,O=C(O)C1=CC(OC)=C(OC)C=C1N
1878-66-6,O=C(O)CC1=CC=C(Cl)C=C1
673-06-3,O=C(O)C(N)CC=1C=CC=CC1
635-21-2,O=C(O)C1=CC(Cl)=CC=C1N
20776-50-5,O=C(O)C1=CC=C(Br)C=C1N
104-03-0,O=C(O)CC1=CC=C(C=C1)N(=O)=O
723-62-6,O=C(O)C=1C=2C=CC=CC2C=C3C=CC=CC31
81228-09-3,O=C(O)CC1=CC=C(F)C=C1F
1218-34-4,O=C(O)C(NC(=O)C)CC1=CNC=2C=CC=CC21
96-97-9,O=C(O)C1=CC(=CC=C1O)N(=O)=O
42711-75-1,O=C(O)C12CC3CC(CC(O)(C3)C1)C2
619-14-7,O=C(O)C1=CC=C(C(O)=C1)N(=O)=O
13280-60-9,O=C(O)C1=CC(N)=CC=C1N(=O)=O
23981-80-8,O=C(O)C(C1=CC=C2C=C(OC)C=CC2=C1)C
15788-16-6,O=C(O)C=1C=CC=2N=CNC2C1
74163-81-8,O=C(O)C1NCC=2C=CC=CC2C1
60239-18-1,O=C(O)CN1CCN(CC(=O)O)CCN(CC(=O)O)CCN(CC(=O)O)CC1
1148-11-4,O=C(O)C1N(C(=O)OCC=2C=CC=CC2)CCC1
119-24-4,O=C(O)C1=CC=C(C=C1)NCC=2N=C3C(=O)N=C(N=C3NC2)N
90098-04-7,O=C1C=C(C=2C=CC=CC2N1)CC(NC(=O)C3=CC=C(Cl)C=C3)C(=O)O
328-38-1,O=C(O)C(N)CC(C)C
42831-50-5,O=C(O)C=1C=NOC1C
527-72-0,O=C(O)C=1SC=CC1
88-13-1,O=C(O)C1=CSC=C1
498-94-2,O=C(O)C1CCNCC1
34592-47-7,O=C(O)C1NCSC1
5398-44-7,O=C(O)C=1C=C(Cl)N=C(Cl)C1
10417-94-4,O=C(O)CCCC=CCC=CCC=CCC=CCC=CCC
68506-86-5,O=C(O)CCC(N)C=C
4042-36-8,O=C(O)C1NC(=O)CC1
16694-18-1,O=C(O)C=1SC=C(Br)C1
619-05-6,O=C(O)C1=CC=C(N)C(N)=C1
6311-35-9,O=C(O)C1=CN=C(Br)C=C1
119-67-5,O=CC=1C=CC=CC1C(=O)O
6338-41-6,O=C(O)C=1OC(=CC1)CO
609-71-2,O=C(O)C1=CC=CNC1=O
6313-54-8,O=C(O)C=1C=CN=C(Cl)C1
3060-50-2,O=C(O)C(N)(C=1C=CC=CC1)C=2C=CC=CC2
68373-14-8,O=C(O)C1N2C(=O)CC2S(=O)(=O)C1(C)C
94-53-1,O=C(O)C1=CC=C2OCOC2=C1
7250-53-5,O=C(O)C1=CC=CC2=NC=CC=C21
26250-84-0,O=C(OC(C)(C)C)N1CCCCC1C(=O)O
616-79-5,O=C(O)C1=CC(=CC=C1N)N(=O)=O
635-51-8,O=C(O)CC(C(=O)O)C=1C=CC=CC1
94-75-7,O=C(O)COC1=CC=C(Cl)C=C1Cl
157-06-2,O=C(O)C(N)CCCNC(=N)N
10517-21-2,O=C(O)C1=CC=2C=C(Cl)C=CC2N1
17026-42-5,O=C(O)C(OC(=O)C=1C=CC=CC1)C(OC(=O)C=2C=CC=CC2)C(=O)O
68302-57-8,O=C(O)C1=CC=2C(=O)C3=CC(=CC=C3OC2N=C1N)C(C)C
105816-04-4,O=C(O)C(NC(=O)C1CCC(CC1)C(C)C)CC=2C=CC=CC2
29022-11-5,O=C(OCC1C=2C=CC=CC2C=3C=CC=CC31)NCC(=O)O
79-09-4,O=C(O)CC
4839-46-7,O=C(O)CC(C)(C)CC(=O)O
328-39-2,O=C(O)C(N)CC(C)C
348-67-4,O=C(O)C(N)CCSC
3405-77-4,O=C(O)C1=NOC(=C1)C
111-20-6,O=C(O)CCCCCCCCC(=O)O
4928-87-4,O=C(O)C1=NN=CN1
68837-59-2,O=C(O)C1=CC=C(Br)C=C1C
307-24-4,O=C(O)C(F)(F)C(F)(F)C(F)(F)C(F)(F)C(F)(F)F
50-30-6,O=C(O)C=1C(Cl)=CC=CC1Cl
50681-25-9,O=C(O)C=1C=NN=CC1
3177-80-8,O=C(O)C=1C=CC=C(OC)C1N
445-29-4,O=C(O)C=1C=CC=CC1F
149-87-1,O=C(O)C1NC(=O)CC1
6899-04-3,O=C(O)C(N)CCC(=O)N
6575-24-2,O=C(O)CC=1C(Cl)=CC=CC1Cl
535-80-8,O=C(O)C=1C=CC=C(Cl)C1
1075-49-6,O=C(O)C1=CC=C(C=C)C=C1
146255-66-5,O=C(O)C(N)C=1C=C(O)C=C(O)C1
1821-12-1,O=C(O)CCCC=1C=CC=CC1
89-77-0,O=C(O)C1=CC=C(Cl)C=C1N
18698-97-0,O=C(O)CC=1C=CC=CC1Br
394-31-0,O=C(O)C1=CC(O)=CC=C1N
21739-92-4,O=C(O)C1=CC(Br)=CC=C1Cl
2051-95-8,O=C(O)CCC(=O)C=1C=CC=CC1
37784-17-1,O=C(OC(C)(C)C)N1CCCC1C(=O)O
1477-50-5,O=C(O)C1=CC=2C=CC=CC2N1
5773-80-8,O=C(O)C1=CC=C2C=C(Br)C=CC2=C1
606-18-8,O=C(O)C1=CC=CC(=C1N)N(=O)=O
91-40-7,O=C(O)C=1C=CC=CC1NC=2C=CC=CC2
704-15-4,O=C(O)C1N(C(=O)CN)CCC1
6480-68-8,O=C(O)C1=CN=C2C=CC=CC2=C1
14755-02-3,O=C(O)C=CC=1C=CC=C(O)C1
4759-48-2,O=C(O)C=C(C=CC=C(C=CC1=C(C)CCCC1(C)C)C)C
52214-84-3,O=C(O)C(OC1=CC=C(C=C1)C2CC2(Cl)Cl)(C)C
32634-68-7,O=C(OC(C(=O)O)C(OC(=O)C1=CC=C(C=C1)C)C(=O)O)C2=CC=C(C=C2)C
399-76-8,O=C(O)C1=CC=2C=C(F)C=CC2N1
144689-24-7,O=C(O)C1=C(N=C(N1CC=2C=CC(=CC2)C=3C=CC=CC3C4=NN=NN4)CCC)C(O)(C)C
71989-14-5,O=C(OCC1C=2C=CC=CC2C=3C=CC=CC31)NC(C(=O)O)CC(=O)OC(C)(C)C
77-52-1,O=C(O)C12CCC(C)C(C)C2C3=CCC4C5(C)CCC(O)C(C)(C)C5CCC4(C)C3(C)CC1
2835-81-6,O=C(O)C(N)CC
5445-51-2,O=C(O)C1(C(=O)O)CCC1
1132-21-4,O=C(O)C=1C=C(OC)C=C(OC)C1
934-60-1,O=C(O)C=1N=C(C=CC1)C
3222-47-7,O=C(O)C1=CN=C(C=C1)C
617-45-8,O=C(O)CC(N)C(=O)O
2941-78-8,O=C(O)C1=CC(=CC=C1N)C
7021-09-2,O=C(O)C(OC)C=1C=CC=CC1
76006-33-2,O=C(O)C=1C=CC=C(Br)C1C
5162-82-3,O=C(O)C1=CC=C(C(Cl)=C1)C
7311-63-9,O=C(O)C=1SC(Br)=CC1
1328893-16-8,O=C(O)C1=NNC(Br)=C1
3438-16-2,O=C(O)C1=CC(Cl)=CC=C1OC
5424-01-1,O=C(O)C1=NC=CN=C1N
65-86-1,O=C1C=C(NC(=O)N1)C(=O)O
122-59-8,O=C(O)COC=1C=CC=CC1
1702-17-6,O=C(O)C1=NC(Cl)=CC=C1Cl
50890-83-0,O=C(O)C1=NN(C=2C=CC=CC12)C
585-76-2,O=C(O)C=1C=CC=C(Br)C1
1118-90-7,O=C(O)CCCC(N)C(=O)O
403-45-2,O=C(O)C1=CN=C(F)C=C1
14113-05-4,O=C(O)C=CCCCCCCCO
345-29-9,O=C(O)C1=CC=C(F)C=C1O
22818-40-2,O=C(O)C(N)C1=CC=C(O)C=C1
5334-40-7,O=C(O)C1=NNC=C1N(=O)=O
13139-16-7,O=C(OC(C)(C)C)NC(C(=O)O)C(C)CC
10312-55-7,O=C(O)C1=CC=C(C(=O)O)C(N)=C1
92-70-6,O=C(O)C1=CC=2C=CC=CC2C=C1O
614-60-8,O=C(O)C=CC=1C=CC=CC1O
1142-20-7,O=C(OCC=1C=CC=CC1)NC(C(=O)O)C
13710-19-5,O=C(O)C=1C=CC=CC1NC=2C=CC=C(Cl)C2C
20170-32-5,O=C(O)CCC=1C=C(C(O)=C(C1)C(C)(C)C)C(C)(C)C
1200-22-2,O=C(O)CCCCC1SSCC1
453-71-4,O=C(O)C1=CC=C(F)C(=C1)N(=O)=O
86-48-6,O=C(O)C=1C=CC=2C=CC=CC2C1O
59-00-7,O=C(O)C=1N=C2C(O)=CC=CC2=C(O)C1
4335-77-7,O=C(O)C(O)(C=1C=CC=CC1)C2CCCCC2
2799-07-7,O=C(O)C(N)CSC(C=1C=CC=CC1)(C=2C=CC=CC2)C=3C=CC=CC3
153-94-6,O=C(O)C(N)CC1=CNC=2C=CC=CC21
74711-43-6,O=C(O)C(C1=CC=C2SC=3C=CC=CC3C(=O)CC2=C1)C
50892-23-4,O=C(O)CSC1=NC(Cl)=CC(=N1)NC2=CC=CC(=C2C)C
21256-18-8,O=C(O)CCC1=NC(C=2C=CC=CC2)=C(O1)C=3C=CC=CC3
7303-50-6,O=C(O)C(N)CC1=CNC=2N=CC=CC21
147403-03-0,O=C(O)C1=CC=CC=2N=C(OCC)N(C21)CC=3C=CC(=CC3)C=4C=CC=CC4C5=NOC(=O)N5
79-43-6,O=C(O)C(Cl)Cl
13991-37-2,O=C(O)C=CCC
20859-02-3,O=C(O)C(N)C(C)(C)C
2756-87-8,O=C(O)C=CC(=O)OC
328-42-7,O=C(O)C(=O)CC(=O)O
25016-20-0,O=C(O)C1=NN(C=C1)C
52-52-8,O=C(O)C1(N)CCCC1
444-27-9,O=C(O)C1NCSC1
16338-48-0,O=C(O)C(N)CC=C
90-27-7,O=C(O)C(C=1C=CC=CC1)CC
373-49-9,O=C(O)CCCCCCCC=CCCCCCC
30529-70-5,O=C(O)C=1C=CC(=NC1Cl)C
38116-61-9,O=C(O)C1=CC=C(NC1=O)C
1918-77-0,O=C(O)CC=1SC=CC1
4294-95-5,O=C(O)C1=CC=C(OC)C=C1N
77-95-2,O=C(O)C1(O)CC(O)C(O)C(O)C1
6893-26-1,O=C(O)CCC(N)C(=O)O
492-38-6,O=C(O)C(=C)C=1C=CC=CC1
618-27-9,O=C(O)C1NCC(O)C1
1521-38-6,O=C(O)C=1C=CC=C(OC)C1OC
22620-27-5,O=C(O)C=1C=NC=C(Cl)C1
93-40-3,O=C(O)CC1=CC=C(OC)C(OC)=C1
58574-03-1,O=C(O)C1=CC=C(C=C1)C=2C=CC(O)=CC2
107504-08-5,O=C(O)C1=NC=C(F)C=C1
2991-28-8,O=C(O)C1=CC(F)=CC=C1F
614-75-5,O=C(O)CC=1C=CC=CC1O
321-14-2,O=C(O)C1=CC(Cl)=CC=C1O
2444-36-2,O=C(O)CC=1C=CC=CC1Cl
446-32-2,O=C(O)C1=CC=C(F)C=C1N
490-11-9,O=C(O)C=1C=NC=CC1C(=O)O
434-76-4,O=C(O)C=1C(F)=CC=CC1N
570-23-0,O=C(O)C=1C=CC=C(N)C1O
403-17-8,O=C(O)C1=CC=C(Cl)C(F)=C1
121-92-6,O=C(O)C1=CC=CC(=C1)N(=O)=O
401629-04-7,O=C(O)C1=NNC(=C1)C2CC2
61-68-7,O=C(O)C=1C=CC=CC1NC2=CC=CC(=C2C)C
157688-46-5,O=C(OC(C)(C)C)N1CCC(CC(=O)O)CC1
7304-32-7,O=C(O)C1=CC(=CC=C1F)N(=O)=O
403-21-4,O=C(O)C1=CC=C(C(F)=C1)N(=O)=O
403-24-7,O=C(O)C1=CC=C(C=C1F)N(=O)=O
2736-23-4,O=C(O)C=1C=C(C(Cl)=CC1Cl)S(=O)(=O)N
55079-83-9,O=C(O)C=C(C=CC=C(C=CC=1C(=CC(OC)=C(C1C)C)C)C)C
4726-96-9,O=C(O)C(N)COCC=1C=CC=CC1
36330-85-5,O=C(O)CCC(=O)C=1C=CC(=CC1)C=2C=CC=CC2
82717-96-2,O=C(O)C(NC(C(=O)OCC)CCC=1C=CC=CC1)C
514-10-3,O=C(O)C1(C)CCCC2(C)C3C(C=C(CC3)C(C)C)=CCC12
71989-18-9,O=C(OCC1C=2C=CC=CC2C=3C=CC=CC31)NC(C(=O)O)CCC(=O)OC(C)(C)C
85233-19-8,O=C(O)CN(C=1C=CC=CC1OCCOC=2C=CC=CC2N(CC(=O)O)CC(=O)O)CC(=O)O
1187-84-4,O=C(O)C(N)CSC
147-71-7,O=C(O)C(O)C(O)C(=O)O
638-53-9,O=C(O)CCCCCCCCCCCC
123-93-3,O=C(O)CSCC(=O)O
1501-27-5,O=C(O)CCCC(=O)OC
41716-18-1,O=C(O)C=1N=CN(C1)C
18212-21-0,O=C(O)C=1SN=NC1C
505-48-6,O=C(O)CCCCCCC(=O)O
660-88-8,O=C(O)CCCCN
924-49-2,O=C(O)CC(O)CN
2305-36-4,O=C(O)C1=CC=C(C=C1N)C
2018-61-3,O=C(O)C(NC(=O)C)CC=1C=CC=CC1
499-81-0,O=C(O)C1=CN=CC(=C1)C(=O)O
645-08-9,O=C(O)C1=CC=C(OC)C(O)=C1
96-98-0,O=C(O)C1=CC=C(C(=C1)N(=O)=O)C
99-58-1,O=C(O)C1=CC=C(OC)C(Br)=C1
637-44-5,O=C(O)C#CC=1C=CC=CC1
140-77-2,O=C(O)CCC1CCCC1
122665-97-8,O=C(O)C1CCC(F)(F)CC1
446-17-3,O=C(O)C1=CC(F)=C(F)C=C1F
455-86-7,O=C(O)C1=CC=C(F)C(F)=C1
1583-58-0,O=C(O)C1=CC=C(F)C=C1F
394-30-9,O=C(O)C1=CC(Cl)=CC=C1F
957-68-6,O=C(O)C1=C(COC(=O)C)CSC2N1C(=O)C2N
2215-77-2,O=C(O)C1=CC=C(OC=2C=CC=CC2)C=C1
614-19-7,O=C(O)CC(N)C=1C=CC=CC1
645-12-5,O=C(O)C=1OC(=CC1)N(=O)=O
138-41-0,O=C(O)C1=CC=C(C=C1)S(=O)(=O)N
2019-34-3,O=C(O)CCC1=CC=C(Cl)C=C1
5718-83-2,O=C(O)CN1C(=S)SCC1=O
87691-27-8,O=C(OC(C)(C)C)N1CC(O)CC1C(=O)O
1670-82-2,O=C(O)C=1C=CC=2C=CNC2C1
328-90-5,O=C(O)C1=CC=C(C=C1O)C(F)(F)F
161622-14-6,O=C(O)C1=CC=C(Br)C(=C1)C(F)(F)F
13739-02-1,O=C(O)C1=CC(OC(=O)C)=C2C(=O)C=3C(OC(=O)C)=CC=CC3C(=O)C2=C1
39774-28-2,O=C(O)C=1N=C(C=CC1)C=2C=CC=CC2
42017-89-0,O=C(O)C(OC1=CC=C(C=C1)C(=O)C2=CC=C(Cl)C=C2)(C)C
18942-49-9,O=C(OC(C)(C)C)NC(C(=O)O)CC=1C=CC=CC1
609-99-4,O=C(O)C=1C=C(C=C(C1O)N(=O)=O)N(=O)=O
531-81-7,O=C(O)C1=CC=2C=CC=CC2OC1=O
320-94-5,O=C(O)C1=CC=C(C=C1N(=O)=O)C(F)(F)F
144060-53-7,N#CC=1C=C(C=CC1OCC(C)C)C2=NC(=C(S2)C(=O)O)C
2130-96-3,O=C(OC(C)(C)C)NC(C(=O)O)CC1=CC=C(OCC=2C=CC=CC2)C=C1
201530-41-8,O=C(O)C1=CC=C(C=C1)N2N=C(N=C2C=3C=CC=CC3O)C=4C=CC=CC4O
96-82-2,O=C(O)C(O)C(O)C(OC1OC(CO)C(O)C(O)C1O)C(O)CO
1260-17-9,O=C(O)C1=C(O)C=C2C(=O)C3=C(O)C(O)=C(C(O)=C3C(=O)C2=C1C)C4OC(CO)C(O)C(O)C4O
600-18-0,O=C(O)C(=O)CC
28954-12-3,O=C(O)C(N)C(O)C
3400-45-1,O=C(O)C1CCCC1
1297537-45-1,O=C(O)C1=NNC(=C1)C(=O)C
5521-55-1,O=C(O)C1=NC=C(N=C1)C
16034-46-1,O=C(O)C1=CC=NN1C
505-54-4,O=C(O)CCCCCCCCCCCCCCC(=O)O
526-99-8,O=C(O)C(O)C(O)C(O)C(O)C(=O)O
1072-84-0,O=C(O)C1=CN=CN1
107496-54-8,O=C(O)C1CC(F)(F)C1
5744-56-9,O=C(O)C1=CC(=NN1C)C
89-01-0,O=C(O)C1=NC=CN=C1C(=O)O
112-86-7,O=C(O)CCCCCCCCCCCC=CCCCCCCCC
886365-43-1,O=C(O)C1=NC=C(Br)C=C1C
22921-68-2,O=C(O)C1=CC(OC)=CC=C1Br
88950-64-5,O=C(OC(C)(C)C)NC1(C(=O)O)CC1
3113-71-1,O=C(O)C1=CC=C(C(=C1)C)N(=O)=O
121-91-5,O=C(O)C1=CC=CC(=C1)C(=O)O
583-93-7,O=C(O)C(N)CCCC(N)C(=O)O
3105-95-1,O=C(O)C1NCCCC1
3235-69-6,O=C(O)CN1CCOCC1
506-26-3,O=C(O)CCCCC=CCC=CCC=CCCCCC
103-01-5,O=C(O)CNC=1C=CC=CC1
537-55-3,O=C(O)C(NC(=O)C)CC1=CC=C(O)C=C1
455-38-9,O=C(O)C=1C=CC=C(F)C1
7206-70-4,O=C(O)C=1C=C(Cl)C(N)=CC1OC
150-30-1,O=C(O)C(N)CC=1C=CC=CC1
548-93-6,O=C(O)C=1C=CC=C(O)C1N
638-23-3,O=C(O)CSCC(N)C(=O)O
1571-72-8,O=C(O)C1=CC=C(O)C(N)=C1
393-53-3,O=C(O)C=1C=CN=CC1F
4998-07-6,O=C(O)C1=CC(OC)=C(OC)C=C1N(=O)=O
1615-02-7,O=C(O)C=CC1=CC=C(Cl)C=C1
82671-06-5,O=C(O)C1=CC(F)=C(Cl)N=C1Cl
34604-60-9,O=C(O)C=1N=CC(=O)NC1
1078-61-1,O=C(O)CCC1=CC=C(O)C(O)=C1
1802-30-8,O=C(O)C1=CN=C(C=C1)C=2N=CC(=CC2)C(=O)O
320-98-9,O=C(O)C1=CC(F)=CC=C1N(=O)=O
17057-04-4,O=C(O)C1=CC=C(C=C1)N2C(=O)C=CC2=O
500-98-1,O=C(O)CNC(=O)CC=1C=CC=CC1
1877-73-2,O=C(O)CC=1C=CC=C(C1)N(=O)=O
67123-97-1,O=C(O)C1NCC=2C=CC=CC2C1
15733-89-8,O=C(O)C1=CC(=O)NC=2C=CC=CC21
149437-76-3,O=C(O)CCCC(=O)C1=CC=C(F)C=C1
1571-30-8,O=C(O)C=1N=C2C(O)=CC=CC2=CC1
58970-76-6,O=C(O)C(NC(=O)C(O)C(N)CC=1C=CC=CC1)CC(C)C
22494-42-4,O=C(O)C=1C=C(C=CC1O)C2=CC=C(F)C=C2F
41340-25-4,O=C(O)CC1(OCCC=2C=3C=CC=C(C3NC21)CC)CC
4394-00-7,O=C(O)C1=CC=CN=C1NC2=CC=CC(=C2)C(F)(F)F
76823-03-5,O=C(O)C1=CC=C2C(=C1)C(=O)OC32C4=CC=C(O)C=C4OC5=CC(O)=CC=C53
12650-69-0,O=C(O)CCCCCCCCOC(=O)C=C(C)CC1OCC(CC2OC2C(C)C(O)C)C(O)C1O
590-93-2,O=C(O)C#CC
88-09-5,O=C(O)C(CC)CC
105-43-1,O=C(O)CC(C)CC
498-36-2,O=C(O)C(O)CC(C)C
118-90-1,O=C(O)C=1C=CC=CC1C
1953-02-2,O=C(O)CNC(=O)C(S)C
20485-41-0,O=C(O)C=1SC=NC1C
622-47-9,O=C(O)CC1=CC=C(C=C1)C
51-36-5,O=C(O)C=1C=C(Cl)C=C(Cl)C1
98-73-7,O=C(O)C1=CC=C(C=C1)C(C)(C)C
7697-28-1,O=C(O)C1=CC=C(Br)C(=C1)C
18720-35-9,O=C(O)C12CCC(C(=O)OC)(CC1)CC2
4021-11-8,O=C(O)C=1C=CN=C(C1)C
586-30-1,O=C(O)C1=CC=C(C(O)=C1)C
5292-21-7,O=C(O)CC1CCCCC1
30992-29-1,O=C(OC(C)(C)C)NC(C(=O)O)(C)C
7764-95-6,O=C(OC(C)(C)C)NC(C(=O)O)C
253870-02-9,O=CC=1NC(=C(C(=O)O)C1C)C
5959-95-5,O=C(O)C(N)CCC(=O)N
5345-47-1,O=C(O)C1=CC=CN=C1N
134978-97-5,O=C(O)COCCOCCN
24242-19-1,O=C(O)C=1C=NC=C(N)C1
1929-29-9,O=C(O)CCC1=CC=C(OC)C=C1
7423-55-4,O=C1C=CC(=O)N1CCC(=O)O
66572-56-3,O=C(O)C=1C=CN=C(Br)C1
393-55-5,O=C(O)C1=CC=CN=C1F
4920-80-3,O=C(O)C=1C=CC=C(OC)C1N(=O)=O
5794-88-7,O=C(O)C1=CC(Br)=CC=C1N
5106-98-9,O=C(O)C1=CC=C(Cl)C=C1O
19621-92-2,O=C(O)C1=CC=CC(=O)N1
2252-51-9,O=C(O)C1=CC=C(F)C=C1Cl
350-29-8,O=C(O)C1=CC=C(O)C(F)=C1
53934-76-2,O=C(O)CN1C(=O)CCC1
161957-56-8,O=C(O)C=1C=CC=C(Br)C1F
2316-26-9,O=C(O)C=CC1=CC=C(OC)C(OC)=C1
1080-44-0,O=C(O)CNS(=O)(=O)C1=CC=C(C=C1)C
492-86-4,O=C(O)C(O)C1=CC=C(Cl)C=C1
39269-10-8,O=C(O)C12CC3CC(C1)CC(C(=O)O)(C3)C2
122-88-3,O=C(O)COC1=CC=C(Cl)C=C1
351-50-8,O=C(O)C(N)CC1=CN=CN1
2270-20-4,O=C(O)CCCCC=1C=CC=CC1
72934-37-3,O=C(O)C1(C2=CC=C(Cl)C=C2)CC1
89-51-0,O=C(O)C=1C=CC=CC1CC(=O)O
3622-35-3,O=C(O)C=1C=CC=2N=CSC2C1
1149-26-4,O=C(OCC=1C=CC=CC1)NC(C(=O)O)C(C)C
82159-09-9,O=C(O)CN1C(=S)SC(=CC(=CC=2C=CC=CC2)C)C1=O
884-33-3,O=C(O)CC(C(=O)O)CC=1C=CC=CC1
54006-63-2,O=C(O)C1=NNC(=C1)C=2C=CC(Cl)=CC2
870704-22-6,O=C(O)C1=NNC(=C1)C=2C=CC(F)=CC2
3978-80-1,O=C(OC(C)(C)C)NC(C(=O)O)CC1=CC=C(O)C=C1
23680-31-1,O=C(OC(C)(C)C)NC(C(=O)O)COCC=1C=CC=CC1
177036-94-1,O=C(O)C(OC=1N=C(C=C(N1)C)C)C(OC)(C=2C=CC=CC2)C=3C=CC=CC3
86060-81-3,O=C(OCC1C=2C=CC=CC2C=3C=CC=CC31)NC(C(=O)O)CSCNC(=O)C
2188-18-3,O=C(OC(C)(C)C)NC(C(=O)O)CCCNC(=N)NN(=O)=O
103478-62-2,O=C(O)C(N(C(=O)OCC1C=2C=CC=CC2C=3C=CC=CC31)C)CC(C)C
71989-35-0,O=C(OCC1C=2C=CC=CC2C=3C=CC=CC31)NC(C(=O)O)C(OC(C)(C)C)C
78110-38-0,O=C(O)C(ON=C(C(=O)NC1C(=O)N(C1C)S(=O)(=O)O)C=2N=C(SC2)N)(C)C
599-79-1,O=C(O)C1=CC(N=NC2=CC=C(C=C2)S(=O)(=O)NC3=NC=CC=C3)=CC=C1O
87333-19-5,O=C(O)C1N(C(=O)C(NC(C(=O)OCC)CCC=2C=CC=CC2)C)C3CCCC3C1
541-47-9,O=C(O)C=C(C)C
2052-01-9,O=C(O)C(Br)(C)C
304-55-2,O=C(O)C(S)C(S)C(=O)O
554-95-0,O=C(O)C=1C=C(C=C(C1)C(=O)O)C(=O)O
2510-36-3,O=C(O)C=1C(=NOC1C)C
505-52-2,O=C(O)CCCCCCCCCCCC(=O)O
59378-87-9,O=C(O)C1CNCC1
16681-70-2,O=C(O)C1=CN=NN1
1115-47-5,O=C(O)C(NC(=O)C)CCSC
6027-13-0,O=C(O)C(N)CCS
4224-70-8,O=C(O)CCCCCBr
50428-03-0,O=C(O)C(N)CC#C
499-76-3,O=C(O)C1=CC=C(O)C(=C1)C
455-40-3,O=C(O)C=1C=C(F)C=C(F)C1
99-11-6,O=C(O)C1=CC(=O)NC(O)=C1
586-38-9,O=C(O)C=1C=CC=C(OC)C1
93-25-4,O=C(O)CC=1C=CC=CC1OC
6705-03-9,O=C(O)C1=CC(OC)=CC=C1N
105596-63-2,O=C(O)C=1C=CN=C(OC)C1
147-93-3,O=C(O)C=1C=CC=CC1S
636-82-8,O=C(O)C1=CCCCC1
176969-34-9,O=C(O)C1=CN(N=C1C(F)F)C
24242-20-4,O=C(O)C1=NC=C(N)C=C1
51077-14-6,O=C(OC(C)(C)C)N1CCC1C(=O)O
1131-94-8,O=C(O)CC1=CC=C(OC)C(O)=C1
21593-77-1,O=C(O)C(N)CSCC=C
725-89-3,O=C(O)C=1C=C(C=C(C1)C(F)(F)F)C(F)(F)F
183062-96-6,O=C(OC(C)(C)C)N1CC(CC(=O)O)C1
13139-15-6,O=C(OC(C)(C)C)NC(C(=O)O)CC(C)C
2789-92-6,O=C(O)C=1C=C(Cl)C=C(Cl)C1N
586-35-6,O=C(O)C1=CC=C(C(=O)O)C(Br)=C1
77-55-4,O=C(O)C1(C=2C=CC=CC2)CCCC1
543739-84-0,O=C(O)C1=CNN=C1C(F)(F)F
131-70-4,O=C(O)C=1C=CC=CC1C(=O)OCCCC
552-30-7,O=C(O)C1=CC=C2C(=O)OC(=O)C2=C1
156-39-8,O=C(O)C(=O)CC1=CC=C(O)C=C1
1501-05-9,O=C(O)CCCC(=O)C=1C=CC=CC1
4442-54-0,O=C(O)C1=CC=C2OCCOC2=C1
16426-64-5,O=C(O)C1=CC=C(C=C1Br)N(=O)=O
37777-76-7,O=C(O)CC=1C(F)=CC=CC1Cl
135042-12-5,O=C(OC(C)(C)C)N1CC(O)CC1C(=O)O
556-02-5,O=C(O)C(N)CC1=CC=C(O)C=C1
2418-95-3,O=C(OC(C)(C)C)NCCCCC(N)C(=O)O
32634-66-5,O=C(OC(C(=O)O)C(OC(=O)C1=CC=C(C=C1)C)C(=O)O)C2=CC=C(C=C2)C
117570-53-3,O=C(O)CC=1C=CC=C2C(=O)C3=CC=C(C(=C3OC21)C)C
27975-19-5,O=C(O)C1(C)CCCC2(C)C1CCC34CC(=O)C(C)(CCC32)C4
130-85-8,O=C(O)C1=CC=2C=CC=CC2C(=C1O)CC3=C(O)C(=CC=4C=CC=CC43)C(=O)O
1155-64-2,O=C(OCC=1C=CC=CC1)NCCCCC(N)C(=O)O
71989-33-8,O=C(OCC1C=2C=CC=CC2C=3C=CC=CC31)NC(C(=O)O)COC(C)(C)C
81-23-2,O=C(O)CCC(C)C1CCC2C3C(=O)CC4CC(=O)CCC4(C)C3CC(=O)C12C
625-45-6,O=C(O)COC
2623-91-8,O=C(O)C(N)CC
4835-90-9,O=C(O)C(C)(C)CO
598-10-7,O=C(O)C1(C(=O)O)CC1
4857-42-5,O=C(O)C=1ON=C(C1)C
591-80-0,O=C(O)CCC=C
2345-34-8,O=C(O)C1=CC=C(OC(=O)C)C=C1
65-82-7,O=C(O)C(NC(=O)C)CCSC
62697-73-8,O=C(O)C(N)CCS(=O)C
535-87-5,O=C(O)C=1C=C(N)C=C(N)C1
352-97-6,O=C(O)CNC(=N)N
53293-00-8,O=C(O)CCCC#C
303-07-1,O=C(O)C=1C(O)=CC=CC1O
2834-05-1,O=C(O)CCCCCCCCCCBr
335-67-1,O=C(O)C(F)(F)C(F)(F)C(F)(F)C(F)(F)C(F)(F)C(F)(F)C(F)(F)F
621-36-3,O=C(O)CC=1C=CC=C(C1)C
2486-69-3,O=C(O)C1=CC=C(N)C(OC)=C1
7151-68-0,O=C(O)C1=CC=C(C(OC)=C1)C
4023-65-8,O=C(O)C=C(C(=O)O)CC(=O)O
120-74-1,O=C(O)C1CC2C=CC1C2
402-66-4,O=C(O)C=1C=NC=C(F)C1
27828-71-3,O=C(O)C=1C=NC=C(O)C1
322-79-2,O=C(O)C1=CC=C(C=C1OC(=O)C)C(F)(F)F
446-30-0,O=C(O)C1=CC=C(Cl)C=C1F
86-55-5,O=C(O)C1=CC=CC=2C=CC=CC21
6388-47-2,O=C(O)C=1C=CC=C(Cl)C1N
1007-16-5,O=C(O)C1=CC=C(F)C(Br)=C1
13362-28-2,O=C(O)C=1C=CN=C(N)C1
77521-29-0,O=C(O)C(N)CC=1C(=O)NOC1C
537-73-5,O=C(O)C=CC1=CC=C(OC)C(O)=C1
947-84-2,O=C(O)C=1C=CC=CC1C=2C=CC=CC2
22117-85-7,O=C(O)C1=CC(=CC=C1OC)S(=O)(=O)N
1877-72-1,N#CC1=CC=CC(=C1)C(=O)O
5462-71-5,N#CC1=CC=C(C=C1)CC(=O)O
306-23-0,O=C(O)C(O)CC1=CC=C(O)C=C1
85-38-1,O=C(O)C1=CC=CC(=C1O)N(=O)=O
573-54-6,O=C(O)C1=CC=CC(=C1Br)N(=O)=O
119-80-2,O=C(O)C=1C=CC=CC1SSC=2C=CC=CC2C(=O)O
79815-20-6,O=C(O)C1NC=2C=CC=CC2C1
115029-23-7,O=C(O)C1=CC(=CC=C1F)C(F)(F)F
141-22-0,O=C(O)CCCCCCCC=CCC(O)CCCCCC
61-78-9,O=C(O)CNC(=O)C1=CC=C(N)C=C1
1486-51-7,O=C(O)C1=CC=C(OCC=2C=CC=CC2)C=C1
114776-15-7,O=C(O)C1=CC(=C(F)C=C1Cl)N(=O)=O
775-06-4,O=C(O)C(N)CC=1C=CC=C(O)C1
1821-52-9,O=C(O)C(O)CC1=CNC=2C=CC=CC21
1676-73-9,O=C(O)C(N)CCC(=O)OCC=1C=CC=CC1
94744-50-0,O=C(OCC1C=2C=CC=CC2C=3C=CC=CC31)NC(C(=O)O)(C)C
42835-25-6,O=C(O)C1=CN2C=3C(=CC(F)=CC3CCC2C)C1=O
7536-58-5,O=C(OC(C)(C)C)NC(C(=O)O)CC(=O)OCC=1C=CC=CC1
35480-52-5,O=C(O)C1=CC(OCC(F)(F)F)=CC=C1OCC(F)(F)F
13139-14-5,O=C(OC(C)(C)C)NC(C(=O)O)CC1=CNC=2C=CC=CC21
2389-45-9,O=C(OCC=1C=CC=CC1)NCCCCC(NC(=O)OC(C)(C)C)C(=O)O
35737-10-1,O=C(OCC1C=2C=CC=CC2C=3C=CC=CC31)NCCC(=O)O
6914-76-7,O=C(O)C1(C)CC1
4026-18-0,O=C(O)C(O)C(C)C
142-62-1,O=C(O)CCCCC
111-14-8,O=C(O)CCCCCC
1113-59-3,O=C(O)C(=O)CBr
2459-05-4,O=C(O)C=CC(=O)OCC
711-02-4,O=C(O)C12CCC(C(=O)O)(CC1)CC2
1123-00-8,O=C(O)CC1CCCC1
37718-11-9,O=C(O)C=1C=NNC1
40371-51-5,O=C(O)C(O)CCN
619-84-1,O=C(O)C1=CC=C(C=C1)N(C)C
2486-70-6,O=C(O)C1=CC=C(N)C(=C1)C
7697-26-9,O=C(O)C1=CC=C(C(Br)=C1)C
7499-07-2,O=C(O)C1=CC=C(Cl)C=C1C
79669-49-1,O=C(O)C1=CC(Br)=CC=C1C
6967-82-4,O=C(O)C1=CC(=CC=C1Br)C
602-94-8,O=C(O)C=1C(F)=C(F)C(F)=C(F)C1F
3641-13-2,O=C(O)C1=NN=C(N)N1
1679-64-7,O=C(O)C1=CC=C(C=C1)C(=O)OC
99-31-0,O=C(O)C1=CC(N)=CC(=C1)C(=O)O
585-70-6,O=C(O)C=1OC(Br)=CC1
51037-30-0,O=C(O)C1=NC=C(N(=O)=C1)C
42989-85-5,O=C(OC(C)(C)C)NOCC(=O)O
3147-64-6,O=C(O)C=1C(O)=CC=CC1OC
2835-06-5,O=C(O)C(N)C=1C=CC=CC1
1723-00-8,O=C(O)C1NCCCC1
85064-61-5,O=C(O)CC1CCOCC1
62965-35-9,O=C(OC(C)(C)C)NC(C(=O)O)C(C)(C)C
16136-58-6,O=C(O)C1=CC=2C=CC=CC2N1C
1878-85-9,O=C(O)COC=1C=CC=CC1OC
134589-59-6,O=C(O)C1=CNN=C1Cl
45120-30-7,O=C(O)CCC(N)C(=O)OC(C)(C)C
405-50-5,O=C(O)CC1=CC=C(F)C=C1
25177-85-9,O=C(O)C1CC=2C=CC=CC2C1
61079-72-9,O=C(O)C1=CC=C(F)C(F)=C1F
13959-02-9,O=C(O)C=1C=CN=CC1Br
1882-69-5,O=C(O)C1=CC(OC)=CC=C1N(=O)=O
451-82-1,O=C(O)CC=1C=CC=CC1F
345-16-4,O=C(O)C1=CC(F)=CC=C1O
1006-41-3,O=C(O)C1=CC=C(F)C=C1Br
59748-90-2,O=C(O)C1=CC=C(Br)C=C1Cl
93-65-2,O=C(O)C(OC1=CC=C(Cl)C=C1C)C
482-05-3,O=C(O)C=1C=CC=CC1C=2C=CC=CC2C(=O)O
939-90-2,O=C(O)C1CC1C=2C=CC=CC2
53292-89-0,O=C(OC(C)(C)C)NC1CCC(C(=O)O)CC1
716-76-7,O=C(O)C1=CC=CC(=C1)C=2C=CC=CC2
104612-36-4,O=C(O)C1=CC(Br)=CNC1=O
172843-97-9,O=C(OC(C)(C)C)NC1(C(=O)O)CCOCC1
16712-64-4,O=C(O)C1=CC=C2C=C(O)C=CC2=C1
96-99-1,O=C(O)C1=CC=C(Cl)C(=C1)N(=O)=O
616-76-2,O=CC1=CC=C(O)C(=C1)C(=O)O
99277-71-1,O=C(O)C1=CC=C(Br)C=C1N(=O)=O
6319-40-0,O=C(O)C1=CC=C(Br)C(=C1)N(=O)=O
4242-18-6,O=C(O)C1=CC=CC2=C1CCCC2
57-66-9,O=C(O)C1=CC=C(C=C1)S(=O)(=O)N(CCC)CCC
652-37-9,O=C(O)CN1C=NC2=C1C(=O)N(C(=O)N2C)C
610-29-7,O=C(O)C1=CC=C(C(=O)O)C(=C1)N(=O)=O
2370-61-8,O=C(O)C(N)CC=1C=CC=CC1O
3984-34-7,O=C(O)CCC(=O)C1=CC=C(Cl)C=C1
458-45-7,O=C(O)CCC=1C=CC=C(F)C1
68858-21-9,O=C(O)COC1=CC=C(C=C1)CO
10463-20-4,O=C(O)CC1=CC=C(O)C(=C1)N(=O)=O
7470-38-4,O=C(O)C1=CC=C(C=C1)N2CCOCC2
28166-41-8,N#CC(=CC1=CC=C(O)C=C1)C(=O)O
79990-15-1,O=C(OCC1C=2C=CC=CC2C=3C=CC=CC31)NC(C(=O)O)C
73731-37-0,O=C(OCC1C=2C=CC=CC2C=3C=CC=CC31)NC(C(=O)O)C(O)C
77284-32-3,O=C(OCC1C=2C=CC=CC2C=3C=CC=CC31)NC(C(=O)O)CCCC
66701-25-5,O=C(O)C1OC1C(=O)NC(C(=O)NCCCCNC(=N)N)CC(C)C
138775-22-1,O=C(O)C(N(C(=O)OCC1C=2C=CC=CC2C=3C=CC=CC31)C)C(C)CC
3301-79-9,O=C(O)C1=CC=C2C(=O)OC3(C4=CC=C(O)C=C4OC5=CC(O)=CC=C53)C2=C1
510-30-5,O=C(O)C12CCC(C)(C)CC2C3=CCC4C5(C)CCC(O)C(C)(C)C5CCC4(C)C3(C)CC1O
125316-60-1,O=C(O)C=1C=CC2=CC(=CC=C2C1)C=3C=CC(O)=C(C3)C45CC6CC(CC(C6)C4)C5
4547-24-4,O=C(O)C12CCC(C)C(C)C2C3=CCC4C5(C)CC(O)C(O)C(C)(C)C5CCC4(C)C3(C)CC1
112887-68-0,O=C1N=C(NC2=CC=C(C=C12)CN(C=3SC(=CC3)C(=O)NC(C(=O)O)CCC(=O)O)C)C
721431-18-1,O=C(O)CCOCCOCCOCCOCCNC(=O)CCCCC1SCC2NC(=O)NC12
563-96-2,O=C(O)C(O)O
498-23-7,O=C(O)C=C(C(=O)O)C
109-52-4,O=C(O)CCCC
516-06-3,O=C(O)C(N)C(C)C
646-07-1,O=C(O)CCC(C)C
25503-90-6,O=C(O)C1CCN(C(=O)C)CC1
1918-79-2,O=C(O)C=1SC(=CC1)C
480-63-7,O=C(O)C=1C(=CC(=CC1C)C)C
82231-52-5,O=C(O)C1=NNC(=C1Br)C
406-93-9,O=C(O)CCC(F)(F)F
619-64-7,O=C(O)C1=CC=C(C=C1)CC
21169-71-1,O=C(O)C=1ON=CC1
23012-13-7,O=C(O)C=1N=COC1
96702-03-3,O=C(O)C1NC(=NCC1)C
1918-00-9,O=C(O)C=1C(Cl)=CC=C(Cl)C1OC
874-61-3,O=C(O)C1CCC(=O)CC1
1975-50-4,O=C(O)C1=CC=CC(=C1C)N(=O)=O
55289-06-0,O=C(O)C=1C=CC=C(OC)C1C
1975-51-5,O=C(O)C1=CC=C(C=C1C)N(=O)=O
50920-65-5,O=C(O)C1=CC(=NN1CC)C
31462-59-6,O=C(O)C=1N=CN=CC1
23351-91-9,O=C(O)C1=CC(Br)=CC(=C1)C(=O)O
22838-58-0,O=C(OC(C)(C)C)NC(C(=O)O)C(C)C
7311-64-0,O=C(O)C=1SC=CC1Br
36070-80-1,O=C(O)C=1N=CC(Cl)=NC1
25137-00-2,O=C(O)C1CNCCC1
24673-56-1,O=C(O)C=1OC=2C=CC=CC2C1C
500-05-0,O=C1OC=C(C=C1)C(=O)O
402-69-7,O=C(O)C1=NC(F)=CC=C1
37972-69-3,O=C(O)C1=NNC(=O)C=C1
120728-10-1,O=C(OC(C)(C)C)NC1(C(=O)O)CCC1
455-24-3,O=C(O)C1=CC=C(C=C1)C(F)(F)F
828-01-3,O=C(O)C(O)CC=1C=CC=CC1
20312-36-1,O=C(O)C(O)CC=1C=CC=CC1
5470-22-4,O=C(O)C1=NC=CC(Cl)=C1
6317-37-9,O=C(O)C=1SC(=CC1)N(=O)=O
89-54-3,O=C(O)C1=CC(N)=CC=C1Cl
825-22-9,O=C(O)C=1C=CC=C(F)C1N
146328-85-0,O=C(O)C1=CC(Br)=CC=C1F
30379-55-6,O=C(O)COCC=1C=CC=CC1
183673-71-4,O=C(OC(C)(C)C)N1CCC(N)(C(=O)O)CC1
46413-67-6,O=C(O)C1=NNC(=C1)C=2C=CC(=CC2)C
619-21-6,O=CC1=CC=CC(=C1)C(=O)O
331-25-9,O=C(O)CC=1C=CC=C(F)C1
943-73-7,O=C(O)C(N)CCC=1C=CC=CC1
2393-17-1,O=C(O)CCC1=CC=C(N)C=C1
66493-39-8,O=C(O)C1=CC=C(C=C1)NC(=O)OC(C)(C)C
619-17-0,O=C(O)C1=CC=C(C=C1N)N(=O)=O
614-61-9,O=C(O)COC=1C=CC=CC1Cl
203866-14-2,O=C(OC(C)(C)C)N1CC(F)CC1C(=O)O
16642-92-5,O=C(O)C=CC1=CC=C(C=C1)C(F)(F)F
1014-81-9,O=C(O)C=1C=CC=C(OC(F)(F)F)C1
2882-15-7,O=C(O)CC=1C=2C=C(OC)C=CC2NC1C
71675-87-1,O=C(O)C=1C=C(C(N)=CC1OC)S(=O)(=O)CC
4940-39-0,O=C(O)C=1OC=2C=CC=CC2C(=O)C1
456-88-2,O=C(O)C(N)CC=1C=CC=C(F)C1
68617-64-1,O=C(O)CCSSC1=NC=CC=C1
2743-38-6,O=C(O)C(OC(=O)C=1C=CC=CC1)C(OC(=O)C=2C=CC=CC2)C(=O)O
305-03-3,O=C(O)CCCC1=CC=C(C=C1)N(CCCl)CCCl
112811-72-0,O=C(O)C1=CN(C2=C(OC)C(F)=C(F)C=C2C1=O)C3CC3
1155-62-0,O=C(O)CCC(NC(=O)OCC=1C=CC=CC1)C(=O)O
215543-92-3,O=C(O)CCC1=C(C=C2C(=O)NC=3C=CC=CC32)NC=C1C
459789-99-2,O=C(O)CCC(C)C1CCC2C3C(O)C(CC)C4CC(O)CCC4(C)C3CCC12C
84793-07-7,O=C(OCC1C=2C=CC=CC2C=3C=CC=CC31)NC(C(=O)OC(C)(C)C)CCC(=O)O
35661-40-6,O=C(OCC1C=2C=CC=CC2C=3C=CC=CC31)NC(C(=O)O)CC=4C=CC=CC4
92122-45-7,O=C(OCC1C=2C=CC=CC2C=3C=CC=CC31)NC(C(=O)O)CCCCNC(=O)OC(C)(C)C
75-98-9,O=C(O)C(C)(C)C
80-59-1,O=C(O)C(=CC)C
68-11-1,O=C(O)CS
107-92-6,O=C(O)CCC
1070-83-3,O=C(O)CC(C)(C)C
600-15-7,O=C(O)C(O)CC
625-08-1,O=C(O)CC(O)(C)C
40004-69-1,O=C(O)C=1SC(=NC1)C
24830-94-2,O=C(O)C(N)C(O)C
5239-82-7,O=C(O)CC1CC1
557-59-5,O=C(O)CCCCCCCCCCCCCCCCCCCCCCC
646-30-0,O=C(O)CCCCCCCCCCCCCCCCCC
506-46-7,O=C(O)CCCCCCCCCCCCCCCCCCCCCCCCC
499-06-9,O=C(O)C=1C=C(C=C(C1)C)C
632-46-2,O=C(O)C=1C(=CC=CC1C)C
1188-37-0,O=C(O)CCC(NC(=O)C)C(=O)O
4595-61-3,O=C(O)C=1C=NC=NC1
89364-31-8,O=C(O)C1COCC1
1560-11-8,O=C(O)C1=CCCC1
610-72-0,O=C(O)C1=CC(=CC=C1C)C
1191-25-9,O=C(O)CCCCCO
1577-22-6,O=C(O)CCCC=C
3209-71-0,O=C(O)C1=NOC=C1
14292-27-4,O=C(O)CC(O)CCCCC
16225-26-6,O=C(O)C=1C=C(C=C(C1)C(C)(C)C)C(C)(C)C
21327-86-6,O=C(O)C=1C(Cl)=CC=CC1C
7697-29-2,O=C(O)C1=CC=C(Cl)C(=C1)C
18699-02-0,O=C(O)CC1=CC=C(C=C1)NC(=O)C
41059-02-3,O=C(O)CCCCCCCCBr
938-94-3,O=C(O)C(C1=CC=C(C=C1)C)C
375-95-1,O=C(O)C(F)(F)C(F)(F)C(F)(F)C(F)(F)C(F)(F)C(F)(F)C(F)(F)C(F)(F)F
134-11-2,O=C(O)C=1C=CC=CC1OCC
3057-74-7,O=C(O)C(N)CC(=O)OC(C)(C)C
99-64-9,O=C(O)C1=CC=CC(=C1)N(C)C
16948-16-6,O=C(OC(C)(C)C)N(C)C(C(=O)O)C
5437-38-7,O=C(O)C1=CC=CC(=C1N(=O)=O)C
137654-21-8,O=C(O)C=1C(F)=CC=CC1OC
88-65-3,O=C(O)C=1C=CC=CC1Br
1877-71-0,O=C(O)C1=CC=CC(=C1)C(=O)OC
3934-84-7,O=C(O)C1=CC(O)=C(O)C(OC)=C1
90536-66-6,O=C(O)CC1=CC=C(C=C1)S(=O)(=O)C
869-19-2,O=C(O)C(NC(=O)CN)CC(C)C
2419-56-9,O=C(O)C(N)CCC(=O)OC(C)(C)C
176548-70-2,O=C(O)C=1C=C(F)C=C(Br)C1
214917-68-7,O=C(O)C1=C(F)C=C(O)C=C1F
33844-21-2,O=C(O)C1=CC=C(OC)C=C1N(=O)=O
23876-15-5,O=C(O)CC=1C=CC=C(C1C)N(=O)=O
29676-71-9,O=C(O)CC=1N=C(SC1)N
41667-95-2,O=C(O)C1=CN=C(Cl)C(Cl)=C1
394-28-5,O=C(O)C1=CC(F)=CC=C1Br
2252-37-1,O=C(O)C=1C(F)=CC=CC1Br
64695-84-7,O=C(O)C1=CC(F)=C(F)C=C1Br
102940-86-3,O=C(O)C=1C=CC=C(F)C1Cl
341-27-5,O=C(O)C=1C=CC=C(F)C1O
19719-28-9,O=C(O)CC1=CC=C(Cl)C=C1Cl
59378-75-5,O=C(OC(C)(C)C)N1CCC(C(=O)O)C1
5959-52-4,O=C(O)C1=CC=2C=CC=CC2C=C1N
459-31-4,O=C(O)CCC1=CC=C(F)C=C1
1643-30-7,O=C(O)CCC1=CC=C(Br)C=C1
6624-49-3,O=C(O)C=1N=CC2=CC=CC=C2C1
80194-69-0,O=C(O)C1=NC=C(C=C1)C(F)(F)F
584-87-2,O=CC1=CC(=CC=C1O)C(=O)O
21816-08-0,O=C(O)C12CC3CC(CC(Br)(C3)C1)C2
602-00-6,O=C(O)C=1C=CC=C(O)C1N(=O)=O
203866-13-1,O=C(OC(C)(C)C)N1CC(F)CC1C(=O)O
55750-53-3,O=C1C=CC(=O)N1CCCCCC(=O)O
3339-73-9,O=C(O)CCN1C(=O)C=2C=CC=CC2C1=O
366-77-8,O=C(O)CCC(=O)C1=CC=C(F)C=C1
64951-08-2,O=C(O)C=1N=C2C=CC=CN2C1
201611-92-9,N#CC(SC(=S)C=1C=CC=CC1)(C)CCC(=O)O
3130-75-4,O=C(O)CCCN1C(=O)C=2C=CC=CC2C1=O
10009-20-8,O=C(O)C(N)CCCCNC(=O)C(F)(F)F
2922-83-0,O=C(O)C(N)CC(=O)C=1C=CC=CC1N
870196-80-8,N#CC(SC(=S)SCCCCCCCCCCCC)(C)CCC(=O)O
2304-94-1,O=C(O)CCNC(=O)OCC=1C=CC=CC1
84611-23-4,O=C(O)CSCC(=O)NC1C(=O)SCC1
89786-04-9,O=C(O)C1N2C(=O)CC2S(=O)(=O)C1(C)CN3N=NC=C3
13574-13-5,O=C(OC(C)(C)C)NC(C(=O)O)CCC(=O)OCC=1C=CC=CC1
7730-20-3,O=C(O)C(N)CC1=CNC=2C=C(F)C=CC21
71989-28-1,O=C(OCC1C=2C=CC=CC2C=3C=CC=CC31)NC(C(=O)O)CCSC
10344-94-2,O=C(O)C1OC(OC2=CC=C(C=C2)N(=O)=O)C(O)C(O)C1O
124858-35-1,O=C(O)C1=CN2C=3C(=CC(F)=C(C3CCC2C)N4CCC(O)CC4)C1=O
115550-35-1,O=C(O)C1=CN2C3=C(OCN2C)C(=C(F)C=C3C1=O)N4CCN(C)CC4
4373-41-5,O=C(O)C12CCC(C)(C)CC2C3=CCC4C5(C)CC(O)C(O)C(C)(C)C5CCC4(C)C3(C)CC1
139481-59-7,O=C(O)C1=CC=CC=2N=C(OCC)N(C21)CC=3C=CC(=CC3)C=4C=CC=CC4C5=NN=NN5
112883-43-9,O=C(OCC1C=2C=CC=CC2C=3C=CC=CC31)NC(C(=O)O)CC=4C=CC=5C=CC=CC5C4
137281-23-3,O=C1N=C(N)NC=2NC=C(C12)CCC3=CC=C(C=C3)C(=O)NC(C(=O)O)CCC(=O)O
4767-03-7,O=C(O)C(C)(CO)CO
498-21-5,O=C(O)CC(C(=O)O)C
997-55-7,O=C(O)CC(NC(=O)C)C(=O)O
57-00-1,O=C(O)CN(C(=N)N)C
142-73-4,O=C(O)CNCC(=O)O
921-01-7,O=C(O)C(N)CS
1509-35-9,O=C(O)C(N)C(C)CC
475-11-6,O=C(O)C1N(C)CCC1
556-08-1,O=C(O)C1=CC=C(C=C1)NC(=O)C
16874-33-2,O=C(O)C1OCCC1
4919-37-3,O=C(O)C=1C=C(C(O)=C(C1)C)C
1946-82-3,O=C(NC(C(=O)O)CCCCN)C
1076-97-7,O=C(O)C1CCC(C(=O)O)CC1
50-85-1,O=C(O)C1=CC=C(C=C1O)C
940-31-8,O=C(O)C(OC=1C=CC=CC1)C
321-21-1,O=C(O)C1=CC=C(F)C=C1C
506-13-8,O=C(O)CCCCCCCCCCCCCCCO
30515-28-7,O=C(O)CCCCCCBr
506-37-6,O=C(O)CCCCCCCCCCCCCC=CCCCCCCCC
32454-35-6,O=C(O)C(C1=CC=C(Br)C=C1)(C)C
1877-75-4,O=C(O)COC1=CC=C(OC)C=C1
4476-28-2,O=C(O)CC1=CC=C(C=C1)C(C)C
2935-35-5,O=C(O)C(N)C=1C=CC=CC1
25021-08-3,O=C1C=CC(=O)N1CC(=O)O
124004-31-5,O=C(O)C1=NNC(N)=C1
22252-43-3,O=C(O)C1=C(C)CSC2N1C(=O)C2N
3307-39-9,O=C(O)C(OC1=CC=C(Cl)C=C1)C
6120-95-2,O=C(O)C1(C=2C=CC=CC2)CC1
595-91-5,O=C(O)C(C=1C=CC=CC1)(C=2C=CC=CC2)C=3C=CC=CC3
34306-42-8,O=C(OC(C)(C)C)NC(C(=O)O)CC
139022-25-6,O=C(O)C=1C=CC2=NC=CN2C1
10602-00-3,O=C(O)C1=CC=C(C#C)C=C1
86873-60-1,O=C(O)C1=NC=C(Cl)C=C1
4519-39-5,O=C(O)C=1C=CC=C(F)C1F
30683-23-9,O=C(O)C1=NC=CC=C1Br
53984-36-4,O=C(O)C=1C=C(Cl)C=C(O)C1
368-16-1,O=C(O)C(N)CC1=CN=CN1C
618-88-2,O=C(O)C=1C=C(C=C(C1)N(=O)=O)C(=O)O
2457-76-3,O=C(O)C1=CC=C(N)C=C1Cl
1462-86-8,O=C(O)C1=NC=CC=C1N
2840-28-0,O=C(O)C1=CC=C(Cl)C(N)=C1
5731-10-2,O=C(O)C1=CC=C(C=C1)C=2C=CC(F)=CC2
22282-72-0,O=C(O)C=1C=CNC(=O)C1
161957-55-7,O=C(O)C=1C=CC=C(Cl)C1F
29241-65-4,O=C(O)C1=CC(Br)=CN=C1Cl
6404-29-1,O=C(OC(C)(C)C)NCCCCCC(=O)O
433-97-6,O=C(O)C=1C=CC=CC1C(F)(F)F
3153-44-4,O=C(O)CCC(=O)C1=CC=C(OC)C=C1
6212-33-5,O=C(O)C(N)C1=CC=C(Cl)C=C1
6314-28-9,O=C(O)C=1SC=2C=CC=CC2C1
86-59-9,O=C(O)C1=CC=CC2=CC=CN=C21
6307-83-1,O=C(O)C1=CC(Br)=CC(=C1)N(=O)=O
84145-28-8,O=C(O)C(N)C=1C=CC=CC1F
454-92-2,O=C(O)C1=CC=CC(=C1)C(F)(F)F
4702-13-0,O=C(O)CN1C(=O)C=2C=CC=CC2C1=O
3740-52-1,O=C(O)CC=1C=CC=CC1N(=O)=O
131747-41-6,O=C(O)C=1C=CN=C(C1)C(F)(F)F
16209-00-0,O=C(O)C1=CC=C(C=C1)N2N=CC=C2
33233-67-9,O=C(O)C1=CC=C(C=C1)CNC(=O)OC(C)(C)C
1190-49-4,O=C(N)NCCCCC(N)C(=O)O
16642-79-8,O=C(O)CCC1=CC=C(C=C1)N(=O)=O
4385-62-0,O=C(O)C=1C=CC(=CC1)C2=NC=CC=C2
1914-65-4,O=C(O)C1C=2C=CC=CC2CCC1
16732-65-3,O=C(O)C1=CC=2C=CC(Br)=CC2N1
2528-16-7,O=C(O)C=1C=CC=CC1C(=O)OCC=2C=CC=CC2
2149-70-4,O=C(O)C(N)CCCNC(=N)NN(=O)=O
134997-87-8,O=C(O)C1=CC=C2OCC(=O)NC2=C1
153559-49-0,O=C(O)C1=CC=C(C=C1)C(=C)C=2C=C3C(=CC2C)C(C)(C)CCC3(C)C
84000-07-7,O=C(O)C(N(C(=O)OCC1C=2C=CC=CC2C=3C=CC=CC31)C)C
3443-45-6,O=C(O)CCCC1=CC=C2C=CC3=CC=CC=4C=CC1=C2C34
6081-61-4,O=C(O)C(NC(=O)OCC=1C=CC=CC1)CO
84000-11-3,O=C(O)C(N(C(=O)OCC1C=2C=CC=CC2C=3C=CC=CC31)C)C(C)C
2304-96-3,O=C(OCC=1C=CC=CC1)NC(C(=O)O)CC(=O)N
55453-87-7,O=C(O)CC1=CC=C2OCC=3C=CC=CC3C(=O)C2=C1
72909-34-3,O=C(O)C=1N=C2C(=O)C(=O)C=3C=C(NC3C2=C(C1)C(=O)O)C(=O)O
1164-16-5,O=C(O)C(NC(=O)OCC=1C=CC=CC1)CC2=CC=C(O)C=C2
129460-09-9,O=C(OCC1C=2C=CC=CC2C=3C=CC=CC31)NC(C(=O)OC(C)(C)C)CC(=O)O
73724-45-5,O=C(OCC1C=2C=CC=CC2C=3C=CC=CC31)NC(C(=O)O)CO
872679-70-4,O=C(O)CCOCCOCCNC(=O)OCC1C=2C=CC=CC2C=3C=CC=CC31
27741-01-1,O=C(O)C1=COC(OC2OC(CO)C(O)C(O)C2O)C3C(=CCC13)CO
75885-59-5,O=C(O)C1CC1(C)C
1759-53-1,O=C(O)C1CC1
97-69-8,O=C(O)C(NC(=O)C)C
133-37-9,O=C(O)C(O)C(O)C(=O)O
319-78-8,O=C(O)C(N)C(C)CC
1509-34-8,O=C(O)C(N)C(C)CC
6064-63-7,O=C(O)C(O)CCCC
7782-24-3,O=C(O)C(C=1C=CC=CC1)C
53137-27-2,O=C(O)C=1SC(=NC1C)C
611-01-8,O=C(O)C1=CC=C(C=C1C)C
603-79-2,O=C(O)C1=CC=CC(=C1C)C
7314-32-1,O=C(O)C(N)CCS(=O)(=O)C
692-04-6,O=C(NCCCCC(N)C(=O)O)C
929-17-9,O=C(O)CCCCCCN
21553-46-8,O=C(O)C=1C=C(C(OC)=C(C1)C)C
51-59-2,O=C(O)C1=CC(=CC=C1O)NC(=O)C
1074-36-8,O=C(O)C1=CC=C(S)C=C1
1961-72-4,O=C(O)CC(O)CCCCCCCCCCC
66572-55-2,O=C(O)C1=CN=C(OC)C=C1
3685-23-2,O=C(O)C1CCC(N)CC1
3685-26-5,O=C(O)C1CCC(O)CC1
26893-73-2,O=C(O)C1=NC(OC)=CC=C1
1878-49-5,O=C(O)COC=1C=CC=CC1C
877-22-5,O=C(O)C=1C=CC=C(OC)C1O
3398-22-9,O=C(O)C1NCC(O)C1
91-52-1,O=C(O)C1=CC=C(OC)C=C1OC
20651-71-2,O=C(O)C1=CC=C(C=C1)CCCC
4619-20-9,O=C(O)CCC(=O)C1=CC=C(C=C1)C
128694-63-3,O=C(O)C1=CC(=NN1C)C(F)(F)F
873397-34-3,O=C(O)C1COCCC1
611-00-7,O=C(O)C1=CC=C(Br)C=C1Br
73259-81-1,O=C(OC(C)(C)C)NC(C(=O)O)CN
1643-15-8,O=C(O)COC1=CC=CC(=C1)C
156-06-9,O=C(O)C(=O)CC=1C=CC=CC1
85068-28-6,O=C(O)CC=1C(F)=CC=CC1F
183065-68-1,O=C(O)C1=C(F)C=C(Br)C=C1F
23628-31-1,O=C(O)C1=NC(N)=CC=C1
4521-28-2,O=C(O)CCCC1=CC=C(OC)C=C1
672-87-7,O=C(O)C(N)(C)CC1=CC=C(O)C=C1
155976-13-9,O=C(OC(C)(C)C)NC(C(=O)O)C1CC1
1918-02-1,O=C(O)C1=NC(Cl)=C(Cl)C(N)=C1Cl
13529-17-4,O=CC=1OC(=CC1)C(=O)O
434-75-3,O=C(O)C=1C(F)=CC=CC1Cl
209995-38-0,O=C(O)CC1=CC(F)=C(F)C=C1F
4565-31-5,O=CC=1SC(=CC1)C(=O)O
446-31-1,O=C(O)C1=CC=C(N)C=C1F
149849-92-3,O=C(O)C1=NC(Cl)=NC=C1
22468-26-4,O=C(O)C1=NC=CC(O)=C1
1200-07-3,O=C(O)C=CC1=CC=C(Br)C=C1
10516-71-9,O=C(O)CCC=1C=CC=C(OC)C1
65872-41-5,O=C(O)C(=NOC)C=1N=C(SC1)N
499-80-9,O=C(O)C1=NC=CC(=C1)C(=O)O
14338-36-4,O=C(O)CC=1C=CC=C(N)C1
5381-25-9,O=C(O)C1=CSC=2C=CC=CC21
29270-30-2,O=C(O)C(Br)C=1C=CC=CC1Cl
4382-54-1,O=C(O)C1=CC=2C=C(OC)C=CC2N1
619-19-2,O=C(O)C1=CC=C(C=C1O)N(=O)=O
616-82-0,O=C(O)C1=CC=C(O)C(=C1)N(=O)=O
131747-42-7,O=C(O)C=1N=C(C=CC1)C(F)(F)F
4771-47-5,O=C(O)C=1C=CC=C(Cl)C1N(=O)=O
131747-43-8,O=C(O)C1=CC=CN=C1C(F)(F)F
7424-00-2,O=C(O)C(N)CC1=CC=C(Cl)C=C1
402-13-1,O=C(O)C1=CC=C(C=C1N)C(F)(F)F
39226-97-6,O=C(O)C1=CC=CC(=C1Cl)C(F)(F)F
21211-22-3,O=C(O)C=1SC=2C=CC=CC2C1Cl
280566-45-2,O=C(O)C=1C=CC(=NC1Cl)C(F)(F)F
677304-69-7,O=C(O)C1=CC=CC=2C=NNC21
351-35-9,O=C(O)CC1=CC=CC(=C1)C(F)(F)F
328-80-3,O=C(O)C=1C=C(C=C(C1)C(F)(F)F)N(=O)=O
80194-68-9,O=C(O)C1=NC=C(C=C1Cl)C(F)(F)F
27144-18-9,O=C(O)CCSC(C=1C=CC=CC1)(C=2C=CC=CC2)C=3C=CC=CC3
583-08-4,O=C(O)CNC(=O)C=1C=NC=CC1
587-33-7,O=C(O)C(N)CC=1C=CC=C(O)C1
36476-87-6,O=C(O)C1CN(C1)C(C=2C=CC=CC2)C=3C=CC=CC3
6547-53-1,O=C(O)CC1=CC=C(OCC=2C=CC=CC2)C=C1
849217-48-7,O=C(O)C1(C(=O)NC2=CC=C(F)C=C2)CC1
47173-80-8,O=C(OC(C)(C)C)NC(C(=O)O)COCC=1C=CC=CC1
28047-15-6,O=C(N)CCC(NC(=O)CC=1C=CC=CC1)C(=O)O
1947-00-8,O=C(O)CCCCCNC(=O)OCC=1C=CC=CC1
497-30-3,O=C([O-])C(CC1=CNC(=S)N1)[N+](C)(C)C
89796-99-6,O=C(O)COC(=O)CC=1C=CC=CC1NC=2C(Cl)=CC=CC2Cl
35665-38-4,O=C(OCC1C=2C=CC=CC2C=3C=CC=CC31)NCC(=O)NCC(=O)O
3952-78-1,O=C(O)CN(CC(=O)O)CC1=CC=2C(=O)C=3C=CC=CC3C(=O)C2C(O)=C1O
137281-39-1,O=C(O)C1=CC=C(C=C1)CCC2=CNC=3NC(=NC(=O)C23)N
109425-55-0,O=C(OCC1C=2C=CC=CC2C=3C=CC=CC31)NC(C(=O)O)CCCNC(=O)OC(C)(C)C
133174-15-9,O=C(OCC1C=2C=CC=CC2C=3C=CC=CC31)NC(C(=O)O)CCCNC(=O)N
79-08-3,O=C(O)CBr
141-82-2,O=C(O)CC(=O)O
601-75-2,O=C(O)C(C(=O)O)CC
80-68-2,O=C(O)C(N)C(O)C
3588-17-8,O=C(O)C=CC=CC(=O)O
565-71-9,O=C(O)C(O)CN
6973-60-0,O=C(O)C1=CC=CN1C
23806-24-8,O=C(O)C=1SC=CC1C
3222-56-8,O=C(O)C1=CC=CN=C1C
2424-92-2,O=C(O)CCCCCCCCCCCCCCCCCCC(=O)O
1460-16-8,O=C(O)C1CCCCCC1
931-03-3,O=C(O)C=1C=CNC1
3226-65-1,O=C(O)C(N)CCS(=O)C
617-73-2,O=C(O)C(O)CCCCCC
5744-59-2,O=C(O)C1=NN(C(=C1)C)C
70-49-5,O=C(O)CC(S)C(=O)O
454-29-5,O=C(O)C(N)CCS
7685-44-1,O=C(O)C(N)CC=C
567-61-3,O=C(O)C=1C(O)=CC=CC1C
4021-07-2,O=C(O)C1=NC=CC=C1C
2486-75-1,O=C(O)C1=CC=C(N)C=C1C
693-57-2,O=C(O)CCCCCCCCCCCN
17696-11-6,O=C(O)CCCCCCCBr
46022-05-3,O=C(O)C1CCCCC1C(=O)O
16498-81-0,O=C(O)C1=CC=CN=C1OC
374068-01-6,O=C(O)C1=CN=C(Cl)N=C1
2237-36-7,O=C(O)C1=CC=C(OC)C=C1O
403-20-3,O=C(O)C1=CC=C(OC)C(F)=C1
85740-98-3,O=C(O)C1=CC=C(Cl)C(OC)=C1
121602-93-5,O=C(O)C1=CC(F)=C(F)C(F)=C1
35905-85-2,O=C(O)C1=CC=CN=C1Br
5096-73-1,O=C(O)C1=NN=C(Cl)C=C1
16728-01-1,O=C(O)C1(C2=CC=C(OC)C=C2)CC1
610-02-6,O=C(O)C1=CC=C(O)C(O)=C1O
7326-19-4,O=C(O)C(O)CC=1C=CC=CC1
403-16-7,O=C(O)C1=CC=C(F)C(Cl)=C1
1074-59-5,O=C(O)CCC1=CN=CN1
486424-37-7,O=C(O)C1=NC(Br)=CN=C1N
42013-20-7,O=C(O)CNC(=O)C=1C=CC=CC1C
1136-45-4,O=C(O)C=1C(=NOC1C)C=2C=CC=CC2
1189513-51-6,O=C(O)C1=NC=C(Br)C=C1Cl
1878-65-5,O=C(O)CC=1C=CC=C(Cl)C1
1878-91-7,O=C(O)COC1=CC=C(Br)C=C1
52950-18-2,O=C(O)C(O)C=1C=CC=CC1Cl
1012-05-1,O=C(O)C(N)CCC=1C=CC=CC1
610-37-7,O=C(O)C1=CC(O)=CC=C1N(=O)=O
773100-29-1,O=C(O)C1(C2=CC=C(F)C=C2)CC1
28697-17-8,O=C(OC(C)(C)C)N1CCCCC1C(=O)O
84348-37-8,O=C(OC(C)(C)C)N1CC(=O)CC1C(=O)O
10242-01-0,O=C(O)C1=CNC=2C=CC(OC)=CC21
330-12-1,O=C(O)C1=CC=C(OC(F)(F)F)C=C1
99-60-5,O=C(O)C1=CC=C(C=C1Cl)N(=O)=O
486-73-7,O=C(O)C1=NC=CC=2C=CC=CC21
16650-55-8,O=C(O)C1=CC=C(Br)C=2C=CC=CC12
161233-97-2,N#CC1=NC=CC(=C1)C(=O)O
33125-05-2,O=C(OC(C)(C)C)NC(C(=O)O)C=1C=CC=CC1
556-03-6,O=C(O)C(N)CC1=CC=C(O)C=C1
3724-19-4,O=C(O)CCC=1C=NC=CC1
1979-29-9,O=C(O)C=1C=CC=CC1OC(F)(F)F
103733-65-9,O=C(O)C1NCC=2C=CC=CC2C1
29051-44-3,O=C(O)C1=CN=C(C=C1)C=2C=CC=CC2
53473-36-2,O=C(O)CCC1=CC=C(C=C1)C(F)(F)F
17768-36-4,O=C(O)CC12CC3CC(CC(O)(C3)C1)C2
99469-99-5,O=C(OCC)C1=CC=C(C=C1OCC)CC(=O)O
14389-86-7,O=C(O)C=1C=CC=CC1OCC=2C=CC=CC2
70060-13-8,O=C(O)C=1SC=2C=CC(F)=CC2C1
58438-03-2,O=C(O)C(N)CC=1C=CC=2C=CC=CC2C1
4376-20-9,O=C(O)C=1C=CC=CC1C(=O)OCC(CC)CCCC
2519-61-1,O=C(O)CC1=CNC=2C=CC=C(Cl)C21
94497-51-5,O=C(O)C1=CC=C(C=C1)C(=O)NC2=CC=C3C(=C2)C(C)(C)CCC3(C)C
16652-64-5,O=C(O)C(N)CC1=CC=C(OCC=2C=CC=CC2)C=C1
74103-06-3,O=C(O)C1C2=CC=C(C(=O)C=3C=CC=CC3)N2CC1
83-49-8,O=C(O)CCC(C)C1CCC2C3CC(O)C4CC(O)CCC4(C)C3CCC12C
2212-75-1,O=C(OCC=1C=CC=CC1)NC(C(=O)O)CCCCN
1353016-70-2,O=C(O)CCC(=O)N1C=2C=CC=CC2C#CC=3C=CC=CC3C1
162558-25-0,O=C(OCC1C=2C=CC=CC2C=3C=CC=CC31)NC(C(=O)O)CNC(=O)OC(C)(C)C
125238-99-5,O=C(OCC1C=2C=CC=CC2C=3C=CC=CC31)NC(C(=O)O)CCNC(=O)OC(C)(C)C
53164-05-9,O=C(O)COC(=O)CC=1C=2C=C(OC)C=CC2N(C(=O)C3=CC=C(Cl)C=C3)C1C
121343-82-6,O=C(OCC1C=2C=CC=CC2C=3C=CC=CC31)NC(C(=O)O)CCC(=O)O
148928-15-8,O=C(O)C1CCN(C(=O)OCC2C=3C=CC=CC3C=4C=CC=CC42)CC1
7432-21-5,O=C(OCC=1C=CC=CC1)NC(C(=O)O)CC2=CNC=3C=CC=CC32
697761-98-1,O=C(O)C1=CN(C2=CC(OC)=C(C=C2C1=O)CC=3C=CC=C(Cl)C3F)C(CO)C(C)C
91000-69-0,O=C(OCC1C=2C=CC=CC2C=3C=CC=CC31)NC(C(=O)O)CCCNC(=N)N
146982-27-6,O=C(OCC=C)NCCCCC(NC(=O)OCC1C=2C=CC=CC2C=3C=CC=CC31)C(=O)O
381-73-7,O=C(O)C(F)F
20485-43-2,O=C(O)C1=NC=CN1C
816-66-0,O=C(O)C(=O)CC(C)C
1575-74-2,O=C(O)C(C)CC=C
2516-99-6,O=C(O)CC(F)(F)F
19764-30-8,O=C(NC(C(=O)O)CC(C)C)C
381-98-6,O=C(O)C(=C)C(F)(F)F
6914-79-0,N#CC1(C(=O)O)CC1
13205-48-6,O=C(O)C1=CC=C(SC)C=C1
1927-25-9,O=C(O)C(N)CCO
24123-14-6,O=C(O)CNCCN
644-36-0,O=C(O)CC=1C=CC=CC1C
603-80-5,O=C(O)C=1C=CC=C(O)C1C
7697-27-0,O=C(O)C1=CC=C(C=C1Br)C
33184-16-6,O=C(O)C1=CC(F)=CC=C1C
61727-33-1,O=C(O)C1=NC(=NC=C1Cl)SC
617-65-2,O=C(O)CCC(N)C(=O)O
113100-53-1,O=C(O)C1=CN(N=C1C(F)(F)F)C
169870-82-0,O=C(OC(C)(C)C)NC(C(=O)O)C(C)(C)C
787-70-2,O=C(O)C=1C=CC(=CC1)C2=CC=C(C=C2)C(=O)O
15690-25-2,O=C(O)C=CC=1SC=CC1
17257-71-5,O=C(O)C(OC)(C=1C=CC=CC1)C(F)(F)F
526-95-4,O=C(O)C(O)C(O)C(O)C(O)CO
6232-88-8,O=C(O)C1=CC=C(C=C1)CBr
39161-84-7,O=C(O)CC1=CC=C(S)C=C1
7500-53-0,O=C(O)CC=1C=CC=CC1CC(=O)O
57266-69-0,O=C(O)C1=NC=CC=C1Cl
88912-26-9,O=C(O)C1=CC(Cl)=NC=C1Cl
1141-38-4,O=C(O)C=1C=CC2=CC(=CC=C2C1)C(=O)O
1198-84-1,O=C(O)C(O)C1=CC=C(O)C=C1
65145-13-3,O=C(O)C1=CC=C(O)C=C1F
42860-10-6,O=C(O)C1=CC=C(Cl)C(Br)=C1
86522-89-6,O=C(O)C1=CC(F)=C(Cl)C=C1Cl
451-13-8,O=C(O)CC1=CC(O)=CC=C1O
19806-17-8,O=C(O)CC1=CC=CC(=C1)CC(=O)O
6940-50-7,O=C(O)C(O)C1=CC=C(Br)C=C1
663921-15-1,O=C(O)CCOCCOCCOCCOCCN
745784-04-7,O=C(O)C1=NC=C(F)C=C1F
19883-57-9,O=C(O)C(N)C1=CC=C(F)C=C1
29241-62-1,O=C(O)C1=CN=C(Cl)C(Br)=C1
30651-24-2,O=C(O)C1=NC=C(C=C1)N(=O)=O
2516-95-2,O=C(O)C1=CC(Cl)=CC=C1N(=O)=O
13509-19-8,O=C(O)C1=NC=CC(=C1)N(=O)=O
108466-89-3,O=C(OC(C)(C)C)NCCOCCOCC(=O)O
7636-26-2,O=C(O)C(N)CC1=CC=C(O)C(OC)=C1
27069-16-5,O=C(O)C1=NNC(=C1)C=2C=CC(OC)=CC2
61700-61-6,O=C(O)C=1C=CC=2NN=CC2C1
21640-48-2,O=C(O)CCC=1C=CC=C(Cl)C1
4865-84-3,O=C(O)CC1=NOC=2C=CC=CC21
124276-34-2,O=C(O)C1(C=2C=CC=C(Cl)C2)CC1
248588-33-2,O=C(O)C1(C=2C=CC=C(F)C2)CC1
72086-72-7,O=C(OC(C)(C)C)NC(C(=O)OC)CCC(=O)O
882847-13-4,O=C(OC(C)(C)C)NCCOCCOCCOCCOCCOCCOCCC(=O)O
949-99-5,O=C(O)C(N)CC1=CC=C(C=C1)N(=O)=O
585-50-2,O=C(O)CCC1=CC=CC(=C1)C(F)(F)F
621-44-3,O=C(O)C(N)CC1=CC=C(O)C(=C1)N(=O)=O
132-60-5,O=C(O)C1=CC(=NC=2C=CC=CC21)C=3C=CC=CC3
2566-22-5,O=C(O)C(NC(=O)C=1C=CC=CC1)CC=2C=CC=CC2
4727-31-5,O=C(O)C=1C=CC=CC1C(=O)NC=2C=CC(=CC2)C=3C=CC=CC3
2199-87-3,O=C(O)C1=CC=2C=C(Br)C=CC2OC1=O
30924-93-7,O=C(OC(C)(C)C)NC(C(=O)OCC=1C=CC=CC1)CCC(=O)O
30925-18-9,O=C(OC(C)(C)C)NC(C(=O)OCC=1C=CC=CC1)CC(=O)O
114360-54-2,O=C(OCC1C=2C=CC=CC2C=3C=CC=CC31)NC(C(=O)O)CC(C)C
775304-57-9,O=C(O)C1=CC=CC(=C1)C2=NOC(=N2)C=3C=CC=CC3F
905-99-7,O=C(O)C1(O)CC(O)C(OC(=O)C=CC2=CC=C(O)C(O)=C2)C(O)C1
101555-62-8,O=C(O)C1N(C(=O)OCC2C=3C=CC=CC3C=4C=CC=CC42)CCC1
198561-07-8,O=C(OCC1C=2C=CC=CC2C=3C=CC=CC31)NC(C(=O)O)CC#C
260367-12-2,O=C(OCC1C=2C=CC=CC2C=3C=CC=CC31)NCCOCC(=O)O
475-31-0,O=C(O)CNC(=O)CCC(C)C1CCC2C3C(O)CC4CC(O)CCC4(C)C3CC(O)C12C
867062-95-1,O=C(O)CCOCCOCCOCCNC(=O)OCC1C=2C=CC=CC2C=3C=CC=CC31
144120-53-6,O=C(OCC1C=2C=CC=CC2C=3C=CC=CC31)NC(C(=O)OCC=C)CC(=O)O
116649-85-5,O=C(O)CCN1C=2C=CC=CC2C3=C1CCC(NS(=O)(=O)C4=CC=C(F)C=C4)C3
2544-06-1,O=C(O)CCOC
3721-95-7,O=C(O)C1CCC1
110-99-6,O=C(O)COCC(=O)O
1917-15-3,O=C(O)C=1OC(=CC1)C
7686-77-3,O=C(O)C1CC=CC1
1124-13-6,O=C(O)C1CCC1C(=O)O
826-55-1,O=C(O)C(C=1C=CC=CC1)(C)C
636-44-2,O=C(O)C=1C=C(OC1C)C
2510-32-9,O=C(O)C=1OC=NC1C
17153-20-7,O=C(O)C1=CON=C1C
28026-96-2,O=C(O)C1=CC(O)=C(C(O)=C1)C
821-38-5,O=C(O)CCCCCCCCCCCCC(=O)O
99-04-7,O=C(O)C1=CC=CC(=C1)C
618-58-6,O=C(O)C=1C=C(Br)C=C(Br)C1
578-22-3,O=C(O)C1=CC(O)=CC=C1C
6342-60-5,O=C(O)C1=CC(=CC=C1Cl)C
23243-68-7,O=C(O)COCCOCC(=O)O
618-83-7,O=C(O)C1=CC(O)=CC(=C1)C(=O)O
940-64-7,O=C(O)COC1=CC=C(C=C1)C
98-78-2,O=C(O)C1CC(=O)CC1
53600-33-2,O=C(O)C=1C(OC)=CC=CC1N
13506-76-8,O=C(O)C=1C(=CC=CC1C)N(=O)=O
38861-88-0,O=C(O)C1=CC=C(C=C1)CC(C)C
137654-20-7,O=C(O)C=1C=CC=C(OC)C1F
4771-80-6,O=C(O)C1CC=CCC1
19771-63-2,O=C1SCC(N1)C(=O)O
843666-27-3,O=C(O)CCCCCCCCCCCCCCC(=O)OC(C)(C)C
50-79-3,O=C(O)C1=CC(Cl)=CC=C1Cl
50-45-3,O=C(O)C=1C=CC=C(Cl)C1Cl
105184-38-1,O=C(O)CC=1C=C(F)C=C(F)C1
6368-20-3,O=C(OC(C)(C)C)NC(C(=O)O)CO
1723-27-9,O=C(O)C=1SC=2C=CSC2C1
89-41-8,O=C(O)C1=CC=C(OC)C(=C1)N(=O)=O
570-22-9,O=C(O)C=1N=CNC1C(=O)O
2148-56-3,O=C(O)C=1C(Cl)=CC=CC1N
153556-42-4,O=C(O)C1=CC=C(Br)C(F)=C1
10177-29-4,O=C(O)C=1C=NC=CC1Cl
1829-32-9,O=C(O)C=1C=CC=C(Cl)C1O
40856-44-8,O=C(O)CC(N)C=1C=CC=CC1
20776-51-6,O=C(O)C=1C=CC=C(Br)C1N
67531-86-6,O=C(O)C=1C(F)=CC=CC1O
100047-36-7,O=C(O)C1=NC=CC(N)=C1
32462-30-9,O=C(O)C(N)C1=CC=C(O)C=C1
6299-87-2,O=C1N=CNC(=C1)C(=O)O
2047-49-6,O=C(O)C1=CN=CC(=C1)N(=O)=O
82795-51-5,O=C(O)C(N)CCC=1C=CC=CC1
154257-75-7,O=C(O)C1=CC=C(F)C(Cl)=C1F
87-32-1,O=C(O)C(NC(=O)C)CC1=CNC=2C=CC=CC21
13726-85-7,O=C(OC(C)(C)C)NC(C(=O)O)CCC(=O)N
164149-28-4,N#CC1=CC=C(C(=O)O)C(F)=C1
50573-74-5,O=C(O)C=1C(N)=CC=CC1N(=O)=O
394-01-4,O=C(O)C1=CC=C(F)C=C1N(=O)=O
385-02-4,O=C(O)C=1C(F)=CC=CC1N(=O)=O
101420-81-9,O=C(O)C1=CC=C(C(Br)=C1)N(=O)=O
306298-00-0,O=C(O)C1(C=2C=CC=CC2F)CC1
23979-41-1,O=C(O)C(C1=CC=C2C=C(OC)C=CC2=C1)C
88495-54-9,O=C(OC(C)(C)C)N1CCCC(C(=O)O)C1
189321-66-2,O=C(OC(C)(C)C)N1CCOC(C(=O)O)C1
87407-12-3,O=C(O)C1=NC=CC=C1C(F)(F)F
7292-71-9,O=C(O)C(N)C=1C=CC=C(Cl)C1
320-31-0,O=C(O)C1=CC=C(Br)C=C1C(F)(F)F
3054-01-1,O=C(O)C(N)CSCC=1C=CC=CC1
756525-91-4,O=C(OC(C)(C)C)NCCOCCOCCOCCOCCC(=O)O
156270-06-3,O=C(O)C1=CNC=2N=CC=CC21
39079-62-4,O=C(O)C1=COC=2C=CC=CC2C1=O
10406-06-1,O=C(O)C1=CNC=2C=CC(Br)=CC21
148332-36-9,O=C(O)C=1C=C(N=C(C1)C=2N=CC=CC2)C3=NC=CC=C3
2018-66-8,O=C(OCC=1C=CC=CC1)NC(C(=O)O)CC(C)C
374064-02-5,O=C(O)C1=NNC(=C1)C=2N=CC=CC2
330600-85-6,O=C(O)C1CC(NC(=N)N)C(C1O)C(NC(=O)C)C(CC)CC
159766-56-0,O=C(OCC1C=2C=CC=CC2C=3C=CC=CC31)NC(C(=O)O)CCCCNC(=O)C
1145-80-8,O=C(O)C(NC(=O)OCC=1C=CC=CC1)CO
2566-19-0,O=C(OCC=1C=CC=CC1)NCC(=O)NCC(=O)O
5241-64-5,O=C(OC(C)(C)C)NC(C(=O)O)CC1=CNC=2C=CC=CC21
112883-40-6,O=C(OCC1C=2C=CC=CC2C=3C=CC=CC31)NC(C(=O)O)CCSC
77128-72-4,O=C(OCC1C=2C=CC=CC2C=3C=CC=CC31)NC(C(=O)O)CC4=CC=C(OC)C=C4
165450-17-9,O=C(O)CC(NCCC(C)(C)C)C(=O)NC(C(=O)OC)CC=1C=CC=CC1
193693-64-0,O=C(O)C1CN(C(=O)OCC2C=3C=CC=CC3C=4C=CC=CC42)C1
119062-05-4,O=C(OCC1C=2C=CC=CC2C=3C=CC=CC31)NC(C(=O)O)CC(=O)O
132684-59-4,O=C(OCC1C=2C=CC=CC2C=3C=CC=CC31)NC(C(=O)O)CCC=4C=CC=CC4
120410-24-4,O=C([O-])C1=C(SC2CN3C=NC=[N+]3C2)C(C)C4N1C(=O)C4C(O)C
71989-20-3,O=C(OCC1C=2C=CC=CC2C=3C=CC=CC31)NC(C(=O)O)CCC(=O)N
91832-40-5,O=C(O)C1=C(C=C)CSC2N1C(=O)C2NC(=O)C(=NO)C=3N=C(SC3)N
360-65-6,O=C(O)CNC(=O)CCC(C)C1CCC2C3CCC4CC(O)CCC4(C)C3CC(O)C12C
557756-85-1,O=C(OCC1C=2C=CC=CC2C=3C=CC=CC31)NCCOCCOCCOCCOCCC(=O)O
464-92-6,O=C(O)C12CCC(C)C(C)C2C3=CCC4C5(C)CC(O)C(O)C(C)(CO)C5CCC4(C)C3(C)CC1
3128-06-1,O=C(O)CCCC(=O)C
107-96-0,O=C(O)CCS
2345-51-9,O=C(O)CC#C
503-49-1,O=C(O)CC(O)(C)CC(=O)O
760-78-1,O=C(O)C(N)CCC
1123-25-7,O=C(O)C1(C)CCCCC1
2013-12-9,O=C(O)C(N)CCC
16042-25-4,O=C(O)C1=NC=CN1
5194-32-1,O=C(O)C1=CN=C(N=C1)C
2490-97-3,O=C(O)C(NC(=O)C)CCC(=O)N
83249-10-9,O=C(O)C12CC(C(=O)OC)(C1)C2
32846-66-5,O=C(O)C12C3C4C2C5C1C3C45C(=O)O
1125-29-7,O=C(O)C=1C(=NN(C1C)C)C
118994-90-4,O=C(O)C=1OC=NC1
16310-13-7,O=C(O)C1SCCN1
4389-50-8,O=C(O)C=1C(N)=CC=CC1C
3946-32-5,O=C(O)CCCCCCC(=O)OC
350-28-7,O=C(O)C1=CC=C(C(F)=C1)C
7697-23-6,O=C(O)C1=CC=C(C=C1F)C
7077-05-6,O=C(O)C1CCC(CC1)C(C)C
315-31-1,O=C(O)C1=CC=CC(=C1F)C
4282-29-5,O=C(O)C1=CSC=C1C(=O)O
27493-61-4,O=C(O)C(NC(=O)C(N)C(C)C)C
40165-87-5,O=C(O)CC(O)CCCCCC
1883-13-2,O=C(O)CC(O)CCCCCCCCC
619-86-3,O=C(O)C1=CC=C(OCC)C=C1
1505-50-6,O=C(O)CCC1=CC=C(C=C1)C
3744-87-4,O=C(OC(C)(C)C)NC(C(=O)O)C
17773-30-7,O=C(O)CC(O)CCCCCCCCCCCCCCC
5267-07-2,O=C(O)CC=1C=NC=NC1
124-83-4,O=C(O)C1CCC(C(=O)O)(C)C1(C)C
2840-26-8,O=C(O)C1=CC=C(OC)C(N)=C1
117724-63-7,O=C(O)C=1SC(=NC1C(F)(F)F)C
6280-89-3,O=C(O)C1=CC(OC)=CC=C1Cl
4870-65-9,O=C(O)C(Br)C=1C=CC=CC1
53558-93-3,O=C(O)C1OC(=O)CC1
701-97-3,O=C(O)CCC1CCCCC1
6051-43-0,O=C(O)C1=CC=C(C=C1)C(=O)N
20445-31-2,O=C(O)C(OC)(C=1C=CC=CC1)C(F)(F)F
5438-19-7,O=C(O)C1=CC=C(OCCC)C=C1
45170-31-8,O=C(OC(C)(C)C)N(C)C(C(=O)O)C(C)C
99-34-3,O=C(O)C=1C=C(C=C(C1)N(=O)=O)N(=O)=O
5928-51-8,O=C(O)CCC=1SC=CC1
23688-89-3,O=C(O)C1=NC(Cl)=CN=C1
2597-56-0,O=C(O)C1=CC=C(C=C1OC)N(=O)=O
611-95-0,O=C(O)C1=CC=C(C=C1)C(=O)C=2C=CC=CC2
79598-53-1,[N-]=[N+]=NCCCCCC(=O)O
2398-81-4,O=C(O)C1=CC=CN(=O)=C1
10128-71-9,O=C(O)C=1C=CN=CC1O
93224-85-2,O=C(O)C=1C(Cl)=CC=CC1Br
27219-07-4,O=C(OC(C)(C)C)NCCCCC(=O)O
501-81-5,O=C(O)CC=1C=NC=CC1
7170-38-9,O=C(O)CCOC=1C=CC=CC1
609-85-8,O=C(O)C=1C=C(Br)C=C(Br)C1N
90600-20-7,O=C(OC(C)(C)C)NC(C(=O)O)CC=C
115951-16-1,O=C(OC(C)(C)C)NC1(C(=O)O)CCCCC1
345965-52-8,O=C(O)C1(C2=CC=C(Br)C=C2)CC1
618-84-8,O=C(O)C1=CC(N)=CC(=C1)N(=O)=O
1676-90-0,O=C(OC(C)(C)C)NC(C(=O)O)CC(=O)OC(C)(C)C
34582-32-6,O=C(OC(C)(C)C)NC(C(=O)OC(C)(C)C)CC(=O)O
189321-63-9,O=C(OC(C)(C)C)N1CCC(C(=O)O)(C)CC1
1878-84-8,O=C(O)COC1=CC=C(O)C=C1
1142-39-8,O=C(O)C1=CC=C(OCCCCCC)C=C1
26607-51-2,O=C(OCC=1C=CC=CC1)NC(C(=O)O)C
85-52-9,O=C(O)C=1C=CC=CC1C(=O)C=2C=CC=CC2
32857-62-8,O=C(O)CC1=CC=C(C=C1)C(F)(F)F
56674-87-4,O=C(O)C12CC3C(=O)C(CC(C3)C1)C2
1135-67-7,O=C(O)C1(C=2C=CC=CC2)CCCCC1
328-89-2,O=C(O)C1=CC=C(C=C1Br)C(F)(F)F
35700-40-4,O=C(O)C1=CC=CC2=C1OCC2
141179-72-8,O=C(O)C1=CC=C(F)C=C1C(F)(F)F
115754-21-7,O=C(O)C1=CC=C(C(F)=C1)C(F)(F)F
32890-94-1,O=C(O)C=1C(F)=CC=CC1C(F)(F)F
33421-39-5,O=C(O)C1=CC=CN=C1C=2C=CC=CC2
13726-84-6,O=C(OC(C)(C)C)NC(C(=O)O)CCC(=O)OC(C)(C)C
2976-75-2,O=C(O)COC1=CC=CC=2C=CC=CC12
46006-36-4,O=C(O)C1=CC=CC=2N=CNC21
68867-17-4,O=C(O)C=1C=CC=2SC=NC2C1
4315-07-5,O=C(O)CC1=CC=C(OC(F)(F)F)C=C1
10433-52-0,O=C(O)C(N)COCC=1C=CC=CC1
136818-50-3,O=C(O)C1=CC=2C=CC=NC2N1
6127-11-3,O=C(O)CC1=CC=C(Br)C=C1N(=O)=O
116153-81-2,O=C(O)C1=NNC(=C1)C=2OC=CC2
535-83-1,O=C([O-])C1=CC=C[N+](=C1)C
392-12-1,O=C(O)C(=O)CC1=CNC=2C=CC=CC21
3160-59-6,O=C(OCC=1C=CC=CC1)NC(C(=O)O)C(C)CC
139110-80-8,O=C(O)C=1OC(C(O)C(O)CO)C(NC(=O)C)C(C1)NC(=N)N
1197631-00-7,O=C(O)C1=NNC(=C1)C=2C=CC=CC2Cl
15307-86-5,O=C(O)CC=1C=CC=CC1NC=2C(Cl)=CC=CC2Cl
552-94-3,O=C(O)C=1C=CC=CC1OC(=O)C=2C=CC=CC2O
779-27-1,O=C(O)C1=CC=2C=CC(O)=CC2OC1=O
21947-98-8,O=C(OC(C)(C)C)NC(C(=O)O)CSC(C=1C=CC=CC1)(C=2C=CC=CC2)C=3C=CC=CC3
34562-97-5,O=C(O)CCCNC(=O)C=1C=NC=CC1
4271-30-1,O=C(O)CCC(NC(=O)C1=CC=C(N)C=C1)C(=O)O
77128-73-5,O=C(O)C(N(C(=O)OCC1C=2C=CC=CC2C=3C=CC=CC31)C)CC=4C=CC=CC4
3479-47-8,O=C(OCC=1C=CC=CC1)NC(C(=O)O)CC(=O)OCC=2C=CC=CC2
23110-15-8,O=C(O)C=CC=CC=CC=CC(=O)OC1CCC2(OC2)C(C1OC)C3(OC3CC=C(C)C)C
32926-43-5,O=C(O)C(NC(=O)OC(C)(C)C)CC=1N=CN(C1)C(C=2C=CC=CC2)(C=3C=CC=CC3)C=4C=CC=CC4
104091-08-9,O=C(OCC1C=2C=CC=CC2C=3C=CC=CC31)NC(C(=O)O)CCC(=O)OC(C)(C)C
100986-85-4,O=C(O)C1=CN2C3=C(OCC2C)C(=C(F)C=C3C1=O)N4CCN(C)CC4
122996-47-8,O=C(O)C1N(C(=O)OCC2C=3C=CC=CC3C=4C=CC=CC42)CC(OC(C)(C)C)C1
88574-06-5,O=C(OCC1C=2C=CC=CC2C=3C=CC=CC31)NCCCCCC(=O)O
906-33-2,O=C(O)C1(O)CC(O)C(O)C(OC(=O)C=CC2=CC=C(O)C(O)=C2)C1
169243-86-1,O=C(OCC1C=2C=CC=CC2C=3C=CC=CC31)NC(C(=O)O)CC4=CC=C(F)C=C4
1061605-21-7,O=C(O)COC1=CC=CC=2C(=O)N(C(=O)C12)C3C(=O)NC(=O)CC3
1510-21-0,O=C(O)CCC(=O)OC1CC2=CCC3C(CCC4(C)C(CCC34)C(C)CCCC(C)C)C2(C)CC1
79-31-2,O=C(O)C(C)C
107-93-7,O=C(O)C=CC
79-11-8,O=C(O)CCl
471-47-6,O=C(O)C(=O)N
3025-95-4,O=C(O)CCNC(=O)C
28562-68-7,O=C(O)C1(C)COC1
52-66-4,O=C(O)C(N)C(S)(C)C
2623-87-2,O=C(O)CCCBr
616-06-8,O=C(O)C(N)CCCC
99-15-0,O=C(NC(C(=O)O)CC(C)C)C
586-42-5,O=C(O)C1=CC=CC(=C1)C(=O)C
107873-03-0,O=C(O)C1CC1(F)F
627-91-8,O=C(O)CCCCC(=O)OC
99-14-9,O=C(O)CC(C(=O)O)CC(=O)O
277756-46-4,O=C(O)C1(CC1)C(F)(F)F
6540-33-6,O=C(O)CC1CCC1
3966-32-3,O=C(O)C(OC)C=1C=CC=CC1
52130-17-3,O=C(O)C=1C=CC=C(N)C1C
578-39-2,O=C(O)C1=CC=C(O)C=C1C
15068-35-6,O=C(O)C1=CC=CC(=C1Cl)C
505-95-3,O=C(O)CCCCCCCCCCCO
1679-53-4,O=C(O)CCCCCCCCCO
122-05-4,O=C(O)C1=NC=C(N=C1)C(=O)O
25462-85-5,O=C(O)C=1C=C(Cl)N=C(C1)C
2398-34-7,O=C(O)CC(O)CCCCCCCCCCCCC
26239-55-4,O=C(O)CN(CC(=O)O)CC(=O)N
394-42-3,O=C(O)C1=CC=C(OC)C=C1F
29082-91-5,O=C(O)C1=NC=CC(OC)=C1
28314-80-9,O=C(O)C=1C(F)=CC(F)=CC1F
830-09-1,O=C(O)C=CC1=CC=C(OC)C=C1
1421-49-4,O=C(O)C=1C=C(C(O)=C(C1)C(C)(C)C)C(C)(C)C
7170-36-7,O=C(O)C=1N=C(C=CC1)C(=O)OC
3937-96-0,O=C(O)CS(=O)(=O)C1=CC=C(C=C1)C
103-04-8,O=C(O)CSC=1C=CC=CC1
610-71-9,O=C(O)C1=CC(Br)=CC=C1Br
16534-12-6,O=C(O)C1=CC(O)=C(Br)C(O)=C1
16713-66-9,O=C(O)CC1(CC(=O)O)CCCC1
232275-51-3,O=C(O)C1=C(Cl)C=C(Br)C=C1Cl
1642-81-5,O=C(O)C1=CC=C(C=C1)CCl
94-74-6,O=C(O)COC1=CC=C(Cl)C=C1C
51146-56-6,O=C(O)C(C1=CC=C(C=C1)CC(C)C)C
1201-31-6,O=C(O)C1=CC(F)=C(F)C(F)=C1F
132715-69-6,O=C(O)C=1C=CC=C(F)C1Br
885588-12-5,O=C(O)C1=CC(Br)=NC=C1F
59433-50-0,O=C(OC(C)(C)C)N1CCCC1C(=O)O
3147-55-5,O=C(O)C=1C=C(Br)C=C(Br)C1O
658-93-5,O=C(O)CC1=CC=C(F)C(F)=C1
7292-73-1,O=C(O)C(N)C1=CC=C(F)C=C1
669066-91-5,O=C(O)C1=NC=C(Br)C=C1F
29679-58-1,O=C(O)C(C=1C=CC=C(OC=2C=CC=CC2)C1)C
145689-41-4,O=C(O)CC=1C=CC=C(F)C1F
23814-12-2,O=C(O)C=1C=CC=2N=NNC2C1
2243-42-7,O=C(O)C=1C=CC=CC1OC=2C=CC=CC2
1588-83-6,O=C(O)C1=CC=C(N)C(=C1)N(=O)=O
19163-24-7,O=C(O)C=1SC(=CC1)C=2C=CC=CC2
4837-20-1,O=C(O)C1=CC=C(OC(F)F)C=C1
1643-26-1,O=C(O)CCC=1C=CC=CC1F
16611-84-0,O=C(O)C=1C(O)=CC=CC1CCCCCCCCCCCCCCC
147266-92-0,O=C(OC(C)(C)C)N1CC(O)CC1C(=O)O
1132-68-9,O=C(O)C(N)CC1=CC=C(F)C=C1
1737-36-6,O=C(O)C1=CC=C(Cl)C(=C1)C(F)(F)F
393-06-6,O=C(O)C1=CC=C(N)C=C1C(F)(F)F
42288-26-6,N#CC1=CC=C(C=C1)NCC(=O)O
704-91-6,O=C(O)C=1C=CC=2C=NNC2C1
1632032-53-1,O=C(O)C1C2OC(CC2)C1C(=O)N3CCN(C)CC3
117-78-2,O=C(O)C1=CC=C2C(=O)C=3C=CC=CC3C(=O)C2=C1
103-40-2,O=C(O)CCC(=O)OCC=1C=CC=CC1
55715-03-2,O=C(O)C1=CC=C(C(=C1)N(=O)=O)CBr
1878-87-1,O=C(O)COC=1C=CC=CC1N(=O)=O
182181-19-7,O=C(O)C=1N=C2C=CC(Cl)=CN2C1
19728-63-3,O=C(O)C(NC(=O)OCC=1C=CC=CC1)C(O)C
38609-97-1,O=C(O)CN1C=2C=CC=CC2C(=O)C=3C=CC=CC31
69999-16-2,O=C(O)CC1=CC=C2OCCC2=C1
68767-14-6,O=C(O)C(C1=CC=C(C=C1)CC2C(=O)CCC2)C
1634-82-8,O=C(O)C=1C=CC=CC1N=NC2=CC=C(O)C=C2
84392-17-6,O=C(O)C=1C=CC=CC1C=2C=CC(=CC2)C(F)(F)F
78879-20-6,O=C(OC(C)(C)C)N1CC=2C=CC=CC2CC1C(=O)O
10242-12-3,O=C(O)C=1OC=2C=CC(=CC2C1)N(=O)=O
188011-69-0,O=C(O)CCC(=O)NC1=NC=C(Br)C=C1
52549-17-4,O=C(O)C(C1=CC=C2OC3=NC=CC=C3CC2=C1)C
143527-70-2,O=C(O)C1OC(N(C(=O)OC(C)(C)C)C1C=2C=CC=CC2)(C)C
84624-17-9,O=C(OCC1C=2C=CC=CC2C=3C=CC=CC31)NC(C(=O)O)C(C)C
100986-89-8,O=C(O)C1=CN2C3=C(OCC2C)C(F)=C(F)C=C3C1=O
1152-61-0,O=C(O)CC(NC(=O)OCC=1C=CC=CC1)C(=O)O
23135-50-4,O=C(O)CCCCNC(=O)OCC=1C=CC=CC1
6649-91-8,O=C(O)C1NCCC=2C=3C=CC=CC3NC21
91809-67-5,O=C([O-])C=1C=CC(=CC1C=2C=3C=CC(=CC3[O+]=C4C=C(C=CC42)N(C)C)N(C)C)C(=O)O
113617-63-3,O=C(O)C1=CN(C2=C(F)C(=C(F)C(F)=C2C1=O)N3CC(NC(C)C3)C)C4CC4
3705-42-8,O=C(OCC=1C=CC=CC1)NC(C(=O)OCC=2C=CC=CC2)CCC(=O)O
50264-69-2,O=C(O)C1=NN(C=2C=CC=CC12)CC3=CC=C(Cl)C=C3Cl
138797-71-4,O=C(OCC1C=2C=CC=CC2C=3C=CC=CC31)NC(C(=O)O)C(OC(C)(C)C)C
54-31-9,O=C(O)C1=CC(=C(Cl)C=C1NCC=2OC=CC2)S(=O)(=O)N
79660-72-3,O=C(O)C1=CN(C2=C(F)C(=C(F)C=C2C1=O)N3CCN(C)CC3)CCF
116821-47-7,O=C(OCC1C=2C=CC=CC2C=3C=CC=CC31)NCCCC(=O)O
86123-10-6,O=C(OCC1C=2C=CC=CC2C=3C=CC=CC31)NC(C(=O)O)CC=4C=CC=CC4
465-99-6,O=C(O)C12CCC(C)(C)CC2C3=CCC4C5(C)CCC(O)C(C)(CO)C5CCC4(C)C3(C)CC1
183673-66-7,O=C(OCC1C=2C=CC=CC2C=3C=CC=CC31)NC4(C(=O)O)CCN(C(=O)OC(C)(C)C)CC4
88050-17-3,O=C(O)C1N(C(=O)OCC2C=3C=CC=CC3C=4C=CC=CC42)CC(O)C1
35737-15-6,O=C(OCC1C=2C=CC=CC2C=3C=CC=CC31)NC(C(=O)O)CC4=CNC=5C=CC=CC54
202189-78-4,O=C(O)C(C1=CC=C(C=C1)CCN2CCC(C3=NC=4C=CC=CC4N3CCOCC)CC2)(C)C
54-62-6,O=C(O)CCC(NC(=O)C1=CC=C(C=C1)NCC=2N=C3C(=NC2)N=C(N=C3N)N)C(=O)O
373-96-6,O=C(O)C(F)(F)C
3913-67-5,O=C(O)C(NC)C
2516-97-4,O=C(O)CS(=O)(=O)C
33105-81-6,O=C(O)C(N)C(C)(C)C
4408-64-4,O=C(O)CN(C)CC(=O)O
626-51-7,O=C(O)CC(C)CC(=O)O
595-39-1,O=C(O)C(N)(C)CC
14190-59-1,O=C(O)C1=NC=CS1
542-05-2,O=C(O)CC(=O)CC(=O)O
597-43-3,O=C(O)CC(C(=O)O)(C)C
4536-23-6,O=C(O)C(C)CCCC
56842-95-6,O=C(O)C12CC(C(=O)O)(C1)C2
18822-58-7,O=C(O)C(N)COC(C)(C)C
7322-88-5,O=C(O)C(OC(=O)C)C=1C=CC=CC1
644-90-6,O=C(O)C(N)CCCCCC
1119-62-6,O=C(O)CCSSCCC(=O)O
2104-19-0,O=C(O)CCCCCCCC(=O)OC
5393-81-7,O=C(O)C(O)CCCCCCCC
53663-39-1,O=C(O)C1=CC=CC(=C1Br)C
720-73-0,O=C(O)C=1C=CC(=CC1)C2=CC=C(C=C2)C
403-15-6,O=C(O)C1=CC=C(F)C(=C1)C
24539-28-4,O=C(O)C12C3C4C2C5C1C3C45C(=O)OC
78703-53-4,O=C(O)C1=CN(N=C1C)C
2305-32-0,O=C(O)C1CCCCC1C(=O)O
1499-55-4,O=C(O)C(N)CCC(=O)OC
490-64-2,O=C(O)C1=CC(OC)=C(OC)C=C1OC
40155-42-8,O=C(O)C=1N=CC(=NC1)OC
2745-26-8,O=C(O)CC=1OC=CC1
17419-81-7,O=C(O)C1CCC(O)CC1
64096-87-3,O=C(O)C1CCS(=O)(=O)CC1
13335-71-2,O=C(O)COC=1C(=CC=CC1C)C
175476-52-5,O=C(O)CCCS(=O)(=O)N
13205-46-4,O=C(O)C1=CC=C(OC(C)C)C=C1
2164-61-6,O=C(O)C1=NN=CC=C1
2785-98-0,O=C(O)C1=CC(OC)=CC=C1OC
124655-17-0,O=C(OC(C)(C)C)NC(C(=O)O)C(C)(C)C
111128-12-2,O=C(O)C(C1=CC=C(C=C1)CBr)C
16200-53-6,O=C(O)C12CC3CC(CC1C3)C2
332-80-9,O=C(O)C(N)CC=1N=CN(C1)C
20887-95-0,O=C(OC(C)(C)C)NC(C(=O)O)CS
13794-15-5,O=C(O)C(OC1=CC=C(OC)C=C1)C
302964-02-9,O=C(O)C=1SC(=NC1)NC(=O)OC(C)(C)C
542-32-5,O=C(O)CCCC(N)C(=O)O
4385-76-6,O=C(O)C=1C=CC(=CC1)C=2C=CN=CC2
25912-50-9,O=C(O)C1CCCC(N)C1
1758-25-4,O=C(O)CC1=CC(OC)=CC=C1OC
13041-62-8,O=C(O)C1=CC=C(OC)C=2C=CC=CC12
5807-30-7,O=C(O)CC1=CC=C(Cl)C(Cl)=C1
38521-46-9,O=C(O)C1=CC=CNC1=S
3839-22-3,N#CC=1C=CC=CC1C(=O)O
5669-19-2,O=C(O)C(=C)CC=1C=CC=CC1
21739-93-5,O=C(O)C1=CC(Cl)=CC=C1Br
1498-96-0,O=C(O)C1=CC=C(OCCCC)C=C1
6230-11-1,O=C(O)C(N)CC1=CC=C(OC)C=C1
35264-09-6,O=C(OC(C)(C)C)NC1(C(=O)O)CCCC1
1955-46-0,O=C(O)C=1C=C(C=C(C1)N(=O)=O)C(=O)OC
5537-71-3,N#CC(C=1C=CC=C(C1)C(=O)O)C
938-97-6,O=C(O)C(N)C1=CC=C(O)C=C1
1989-33-9,O=C(O)C1C=2C=CC=CC2C=3C=CC=CC31
25173-72-2,O=C(O)CCC1=CC(OC)=C(OC)C(OC)=C1
86620-62-4,O=C(O)C1=CC=C(C=C1)N2CCN(C)CC2
6925-00-4,O=C(O)C1=CC=C2N=CC=NC2=C1
18389-46-3,O=C(O)CC(N)C=1SC=CC1
161660-94-2,O=C(OC(C)(C)C)NC1CCC(C(=O)O)C1
10421-85-9,O=C(O)C(O)C=1C=CC=CC1Cl
3752-25-8,O=C(O)C=CC=1C=CC=CC1Cl
85068-27-5,O=C(O)CC1=CC(F)=CC=C1F
41668-13-7,O=C(O)C1=CNC(=O)C(Br)=C1
2488-15-5,O=C(OC(C)(C)C)NC(C(=O)O)CCSC
16732-73-3,O=C(O)C1=CC=2C=CC(OC)=CC2N1
85068-33-3,O=C(O)CC=1C=C(C=C(C1)C(F)(F)F)C(F)(F)F
116668-47-4,O=C(O)C1=CC=C2C=C(N)C=CC2=C1
161622-05-5,O=C(O)C1=CC(F)=CC(=C1)C(F)(F)F
7159-36-6,O=C(O)C1=CN=CC2=CC=CC=C21
40133-07-1,O=C(O)C=1SC2=C(C1)CCCC2
2900-27-8,O=C(OC(C)(C)C)NC(C(=O)O)C=1C=CC=CC1
109183-71-3,O=C(OC(C)(C)C)NC(C(=O)O)C1CCCCC1
128019-59-0,O=C(OC(C)(C)C)N1CCNC(C(=O)O)C1
67515-55-3,O=C(O)C1=CC=C(F)C(=C1)C(F)(F)F
124276-95-5,O=C(O)C1(C=2C=CC=C(Br)C2)CC1
83673-98-7,O=C(O)C=1N=C(SC1)NC(=O)OC(C)(C)C
1205-30-7,O=C(O)C1=CC=C(Cl)C(=C1)S(=O)(=O)N
191595-63-8,O=C(O)C1=CC=C(NC1=O)C(F)(F)F
1347750-75-7,O=C(OC(C)(C)C)NCCOCCOCCOCCC(=O)O
10242-10-1,O=C(O)C=1OC=2C=CC(Cl)=CC2C1
5467-57-2,O=C(O)C=1C=C(Cl)N=C2C=CC=CC21
3093-97-8,O=C(O)C1=CC=2C=CC(F)=CC2N1
2971-31-5,O=C(O)CC1C(=O)NC=2C=CC=CC21
7423-96-3,O=C(O)C(N)CC1=CC=C(O)C(F)=C1
2483-46-7,O=C(OC(C)(C)C)NCCCCC(NC(=O)OC(C)(C)C)C(=O)O
137088-51-8,O=C(O)C1N(C(=O)OC(C)(C)C)C=2C=CC=CC2C1
22071-22-3,O=C(O)CC=1C=CC=C(C1)C(=O)C=2C=CC=CC2
123654-26-2,O=C(O)C1=CC(Cl)=C(N)C2=C1OCC2
14698-29-4,O=C(O)C1=CN(C2=CC=3OCOC3C=C2C1=O)CC
41153-30-4,O=C(OC(C)(C)C)NC(C(=O)O)CC1=CC=C(F)C=C1
70642-86-3,O=C(OC(C)(C)C)NC(C(=O)O)CC1=CC=C(O)C=C1
3468-01-7,O=C(O)C1=CC=CC=2C(=O)C(=C(OC12)C=3C=CC=CC3)C
18000-24-3,O=C(O)C=1N=C2C=C(Cl)C=CC2=C(O)C1
77128-70-2,O=C(O)CN(C(=O)OCC1C=2C=CC=CC2C=3C=CC=CC31)C
102121-60-8,O=C(O)C1=CC=C(C=C1)NC(=O)C2=CC=C3C(=C2)C(C)(C)CCC3(C)C
147923-08-8,O=C(OC(C)(C)C)NC(C(=O)O)CC=1C=CC(=CC1)C=2C=CC=CC2
5105-78-2,O=C(O)CCCNC(=O)OCC=1C=CC=CC1
35761-26-3,O=C(OCC=1C=CC=CC1)NC(C(=O)O)CN
658-79-7,O=C(O)C(NC(=O)CN)CC1=CC=C(O)C=C1
121808-62-6,O=C(O)C1N(C(=O)C2NC(=O)CC2)CSC1
1159-15-5,O=C(O)C(NS(=O)(=O)C1=CC=C(C=C1)C)CCCNC(=N)N
10314-98-4,O=C(OCC=1C=CC=CC1)N2CCC(C(=O)O)CC2
199006-54-7,O=C(OCC1C=2C=CC=CC2C=3C=CC=CC31)NC(C(=O)O)CC4=CC=C(C=C4)C
128107-47-1,O=C(OCC1C=2C=CC=CC2C=3C=CC=CC31)NC(C(=O)O)COC(C)(C)C
112883-39-3,O=C(OCC1C=2C=CC=CC2C=3C=CC=CC31)NC(C(=O)O)CC(=O)OC(C)(C)C
110871-86-8,O=C(O)C1=CN(C2=C(F)C(=C(F)C(N)=C2C1=O)N3CC(NC(C)C3)C)C4CC4
111524-95-9,O=C(OCC1C=2C=CC=CC2C=3C=CC=CC31)NC(C(=O)O)C=4C=CC=CC4
1234-35-1,O=C(OCC=1C=CC=CC1)NC(C(=O)O)CCCNC(=N)N
72040-64-3,O=C1NC2CSC(CCCCC(=O)NCCCCCC(=O)O)C2N1
92954-90-0,O=C(O)C(NC(=O)OCC1C=2C=CC=CC2C=3C=CC=CC31)CC4=CC=C(O)C=C4
496775-61-2,O=C(O)C=1C=CC=C(C1)C=2C=CC=C(NN=C3C(=O)N(N=C3C)C4=CC=C(C(=C4)C)C)C2O
161321-36-4,O=C(OCC1C=2C=CC=CC2C=3C=CC=CC31)NC(C(=O)O)C4CCCCC4
135673-97-1,O=C(OCC1C=2C=CC=CC2C=3C=CC=CC31)NC(C(=O)O)CC4CCCCC4
95753-55-2,O=C(OCC1C=2C=CC=CC2C=3C=CC=CC31)NC(C(=O)O)CC4=CC=C(C=C4)N(=O)=O
123447-62-1,O=C1OC(=C(O1)CN2CCN(C=3C=C4C(=CC3F)C(=O)C(C(=O)O)=C5SC(N54)C)CC2)C
130309-37-4,O=C(O)C1N(C(=O)OCC2C=3C=CC=CC3C=4C=CC=CC42)C5CCCCC5C1
96574-01-5,O=C(O)C(OC(=O)C=CC1=CC=C(O)C(O)=C1C=CC2=CC=C(O)C(O)=C2)CC3=CC=C(O)C(O)=C3
19436-52-3,O=C(O)C(NC(=O)C)C
44864-47-3,O=C(O)C(O)(C)C(F)(F)F
96-81-1,O=C(NC(C(=O)O)C(C)C)C
4066-41-5,O=C(O)C=1SC(=CC1)C(=O)C
506-38-7,O=C(O)CCCCCCCCCCCCCCCCCCCCCCCC
16024-56-9,O=C(O)COCCOC
58677-34-2,O=C(O)C1=NON=C1C
19485-38-2,O=C(O)C=1N=CN(C1C(=O)O)C
40052-13-9,O=C(O)CC(=O)OC(C)(C)C
6205-08-9,O=C(O)C(NC(=O)C)CCCN
103879-58-9,O=C(O)C=1N=COC1C
1852-04-6,O=C(O)CCCCCCCCCC(=O)O
31519-62-7,O=C(O)C1=NC=CC=N1
111-17-1,O=C(O)CCSCCC(=O)O
764-67-0,O=C(O)C(O)CCCCCCCCCCCCCC
626-86-8,O=C(O)CCCCC(=O)OCC
54947-74-9,O=C(O)CCC(C)CCCC
15985-39-4,O=C(O)C(N)CCS(=O)(=N)C
7499-08-3,O=C(O)C=1C=CC=C(Cl)C1C
4378-13-6,O=C(O)C(N)C(OC(C)(C)C)C
46331-50-4,O=C(O)C1=CC(OC)=CC(=C1)C(=O)O
3222-50-2,O=C(O)C=1C=NC=CC1C
90259-27-1,O=C(O)C=1C(F)=CC=CC1C
2840-04-2,O=C(O)C1=CC(N)=CC=C1C
2432-99-7,O=C(O)CCCCCCCCCCN
4282-31-9,O=C(O)C=1SC(=CC1)C(=O)O
480-64-8,O=C(O)C=1C(O)=CC(O)=CC1C
1201924-32-4,O=C(O)C1=NC(Cl)=CC=C1C
2438-05-3,O=C(O)C1=CC=C(C=C1)CCC
4670-10-4,O=C(O)CC=1C=C(OC)C=C(OC)C1
51-44-5,O=C(O)C1=CC=C(Cl)C(Cl)=C1
353-09-3,O=C(O)CCNC(=N)N
21461-84-7,O=C(O)C1OC(=O)CC1
100523-84-0,O=C(O)C1=CSC(Br)=C1
2507-61-1,O=C(O)C1NCC(F)C1
40283-41-8,O=C(O)C=1N=C(SC1)N
3088-42-4,N#CCCNCC(=O)O
5198-87-8,O=C(O)C=1N=C(Cl)SC1
6286-46-0,O=C(O)C=1C=C(OC)C(OC)=CC1Br
683239-16-9,O=C(O)CCCCCCCCCCCCCCCCCCC(=O)OC(C)(C)C
41680-34-6,O=C(O)C1=CNN=C1N
19506-87-7,O=C(O)C(N1C(=O)C=2C=CC=CC2C1=O)C
53250-83-2,O=C(O)C1=CC=C(C=C1Cl)S(=O)(=O)C
619-65-8,N#CC1=CC=C(C=C1)C(=O)O
31972-52-8,O=C(OC(C)(C)C)NCC(=O)NCC(=O)O
303752-38-7,O=C(OC(C)(C)C)NC12CC(C(=O)O)(C1)C2
89-55-4,O=C(O)C1=CC(Br)=CC=C1O
88912-27-0,O=C(O)C=1C=CN=CC1Cl
20776-48-1,O=C(O)C=1C(Br)=CC=CC1N
2252-50-8,O=C(O)C1=CC(F)=CC=C1Cl
42381-05-5,O=C(O)C1(N)C2CC3CC(C2)CC1C3
851386-31-7,O=C(O)C=1C=CN=C(F)C1F
10130-89-9,O=C(O)C1=CC=C(C=C1)S(=O)(=O)Cl
459-32-5,O=C(O)C=CC1=CC=C(F)C=C1
27317-69-7,O=C(OC(C)(C)C)NC(C(=O)NC(C(=O)O)C)C
21161-11-5,O=C(O)C1=CC=CC(C(=O)O)=C1N(=O)=O
27115-49-7,O=C(O)CNC(=O)C1=CC=CC(=C1)C
556-27-4,O=C(O)C(N)CS(=O)CC=C
1188-38-1,O=C(N)NC(C(=O)O)CCC(=O)O
6939-93-1,O=C(O)C1=CC=C(Br)C(=C1)C(=O)O
106778-43-2,O=C(O)C=1C=CC=2C=NC=CC2C1
86-68-0,O=C(O)C=1C=CN=C2C=CC(OC)=CC21
5336-90-3,O=C(O)C=1C=2C=CC=CC2N=C3C=CC=CC31
1670-83-3,O=C(O)C1=CC=CC=2C=CNC21
70491-05-3,O=C(OC(C)(C)C)NC(C(=O)O)C1CCCCC1
3038-48-0,O=C(O)CC=1C=CC=CC1C(F)(F)F
533-87-9,O=C(O)CCCCCCCC(O)C(O)CCCCCCO
24277-39-2,O=C(OC(C)(C)C)NC(C(=O)OC(C)(C)C)CCC(=O)O
6340-79-0,O=C(O)CCC(=O)C1=CC=C(Br)C=C1
588-32-9,O=C(O)COC=1C=CC=C(Cl)C1
63237-88-7,O=C(O)C1=NN2C=CC=CC2=C1
83141-10-0,O=C(O)C=1C(F)=CC=C(C1F)N(=O)=O
71441-28-6,O=C(O)C1=CC=C(C=C1)C=C(C2=CC=C3C(=C2)C(C)(C)CCC3(C)C)C
1077-94-7,O=C(O)C1=NNC=2C=CC(Br)=CC21
1204-06-4,O=C(O)C=CC1=CNC=2C=CC=CC12
2373-80-0,O=C(O)C=CC1=CC=C2OCOC2=C1
19829-79-9,O=C(O)C1=CC=C2C=CC=NC2=C1O
26171-23-3,O=C(O)CC1=CC=C(C(=O)C2=CC=C(C=C2)C)N1C
2177-63-1,O=C(O)C(N)CC(=O)OCC=1C=CC=CC1
16730-20-4,O=C(O)C1=CC=2C=C(C=CC2N1)N(=O)=O
195457-70-6,O=C(O)C1=CC=C(C=C1)C=2C=CC=C(C2)C(F)(F)F
79955-27-4,O=C(O)C1=CC=C2C(=C1)C(=O)OC32C4=CC=C(OC(=O)C)C=C4OC5=CC(OC(=O)C)=CC=C53
484-78-6,O=C(O)C(N)CC(=O)C=1C=CC=C(O)C1N
132684-60-7,O=C(OCC1C=2C=CC=CC2C=3C=CC=CC31)NC(C(=O)O)C(C)(C)C
76985-10-9,O=C(OC(C)(C)C)NC(C(=O)O)CC=1C=CC=2C=CC=CC2C1
5891-45-2,O=C(OCC=1C=CC=CC1)NC(C(=O)OC(C)(C)C)CCC(=O)O
74936-72-4,O=C(O)C1=C(NC(=C(C(=O)OC)C1C=2C=CC=C(C2)N(=O)=O)C)C
139551-74-9,O=C(OCC1C=2C=CC=CC2C=3C=CC=CC31)NC(C(=O)O)CC(C)(C)C
48208-26-0,O=C(O)C(N1C(=O)C=2C=CC=CC2C1=O)CC3=CNC=4C=CC=CC43
6160-80-1,O=C(O)C1OC(OC=2C=CC3=C(OC(=O)C=C3C)C2)C(O)C(O)C1O
71989-16-7,O=C(OCC1C=2C=CC=CC2C=3C=CC=CC31)NC(C(=O)O)CC(=O)N
86060-84-6,O=C(OCC1C=2C=CC=CC2C=3C=CC=CC31)NC(C(=O)O)CC(=O)OCC=4C=CC=CC4
177966-60-8,O=C(OCC1C=2C=CC=CC2C=3C=CC=CC31)NC(C(=O)O)CC4=CSC=5C=CC=CC54
576-19-2,O=C1NC2CSC(CCCCC(=O)NCCCCC(N)C(=O)O)C2N1
144120-54-7,O=C(OCC1C=2C=CC=CC2C=3C=CC=CC31)NC(C(=O)OCC=C)CCC(=O)O
565-63-9,O=C(O)C(=CC)C
298-12-4,O=CC(=O)O
5429-56-1,O=C(O)C(=C)NC(=O)C
625-72-9,O=C(O)CC(O)C
595-37-9,O=C(O)C(C)(C)CC
142-45-0,O=C(O)C#CC(=O)O
627-03-2,O=C(O)COCC
1577-18-0,O=C(O)CC=CCC
16386-93-9,O=C(O)C(C)(C)CC=C
106247-35-2,O=C(O)C(N)CC(C)(C)C
2731-73-9,O=C(O)C(N)CCl
35272-15-2,O=C(O)C=1N=C(SC1)C
101012-12-8,O=C(O)C=1SC(Cl)=NC1
2491-15-8,O=CNCC(=O)O
7729-30-8,O=C(O)C1NCC1
4412-96-8,O=C(O)C=1OC=CC1C
6947-94-0,O=C(O)C=1C=COC1C
2510-37-4,O=C(O)C=1OC(=NC1C)C
505-56-6,O=C(O)CCCCCCCCCCCCCCCCCCCCC(=O)O
61445-55-4,O=NN(C)CCCC(=O)O
119-68-6,O=C(O)C=1C=CC=CC1NC
71310-21-9,O=C(O)CCCCCCCCCCS
6326-83-6,O=C(O)CSC(=S)SCC(=O)O
2536-35-8,O=C(O)CCCCCCCCCCCCCCCBr
2438-04-2,O=C(O)C=1C=CC=CC1C(C)C
3719-45-7,O=C(O)C=1C=CC(=O)N(C1)C
5545-17-5,O=C(O)C(NC(=O)C)CSSCC(NC(=O)C)C(=O)O
2906-60-7,O=C(O)CCCSSCCCC(=O)O
3685-25-4,O=C(O)C1CCC(N)CC1
14438-32-5,O=C(O)C=1C=C(C=C(C1N)C)C
50593-92-5,O=C(O)C1=NC(=NC=C1Br)SC
39124-20-4,O=C(O)C1(N)CCOCC1
20776-67-4,O=C(O)C1=CC(Cl)=CC(=C1N)C
16533-71-4,O=C(O)C=1C=C(C(=C(C1)N(=O)=O)C)N(=O)=O
395-82-4,O=C(O)C1=CC=C(F)C=C1OC
13731-82-3,O=C(O)C1=CC(Br)=C(C=C1Br)C(=O)O
27398-39-6,O=C(O)C1=NC=CN=C1Cl
13429-83-9,O=C(O)C12OC(=O)C(C)(CC1)C2(C)C
2777-65-3,O=C(O)CCCCCCCCC#C
138-60-3,O=C1C=C(NC(=C1)C(=O)O)C(=O)O
51149-08-7,O=C(O)C1=CC(Cl)=NN=C1Cl
2012-74-0,O=C(O)C(C1=CC=C(Cl)C=C1)C(C)C
923-37-5,O=C(N)NC(C(=O)O)CC(=O)O
41263-74-5,O=C(O)C1=CC=C(NC)C(=C1)N(=O)=O
66916-99-2,O=C(O)CC1=CC=C(OC)C=C1Br
887591-62-0,O=C(OC(C)(C)C)N1CC(C(=O)O)(C)C1
14348-41-5,O=C(O)C1=CC=C(O)C(Br)=C1
2486-71-7,O=C(O)C1=CC=C(N)C(Cl)=C1
609-70-1,O=C(O)C=1C=NC=CC1O
3883-95-2,O=C(O)C=1C=CC=C(Br)C1O
58483-95-7,O=C(O)C1=CC(Cl)=NC=C1N
2840-29-1,O=C(O)C1=CC=C(Br)C(N)=C1
6496-89-5,O=C(O)CC1=CC=C(OC)C=C1OC
5678-45-5,O=C(O)CC(N)C1=CC=C(OC)C=C1
63039-48-5,O=C(OC(C)(C)C)NC(C(=O)O)CC#C
28314-82-1,O=C(O)C=1C=C(F)C(Br)=CC1F
866807-27-4,O=C(O)C1=NC(Cl)=CC=C1N
53363-89-6,O=C(OC(C)(C)C)N(C)C(C(=O)O)CC(C)C
53234-55-2,N#CC1=CN=C(C=C1)C(=O)O
70165-31-0,N#CC1=NC=C(C=C1)C(=O)O
38076-80-1,O=C(O)C1=CC(Cl)=CNC1=O
2124-55-2,O=C(O)C=1C=CC=C2NC=CC21
20372-63-8,O=C(O)C1=CC(F)=C(F)C=C1N(=O)=O
51-65-0,O=C(O)C(N)CC1=CC=C(F)C=C1
4025-64-3,O=C(O)C1=CC=CC(=C1)S(=O)(=O)Cl
82-07-5,O=C(O)C1C=2C=CC=CC2OC=3C=CC=CC31
35656-89-4,O=C(O)CCCC1=CC=C(Br)C=C1
2976-74-1,O=C(O)COC=1C=CC=C(Cl)C1Cl
116465-48-6,O=C(O)C1=CC(F)=C(C=C1F)N(=O)=O
20029-52-1,O=C(O)C1=CC=C(C=C1)C2CCCCC2
656-46-2,O=C(O)C1=CC=C2OC(F)(F)OC2=C1
1134-50-5,O=C(O)C=1C=NN(C1)C=2C=CC=CC2
14442-12-7,O=C(O)C=1ON=C(C1)C=2C=CC=CC2
16205-46-2,O=C(O)C=1C=NN2C=CC=CC12
4385-77-7,O=C(O)C=1C=CC=C(C1)C2=CN=CC=C2
749849-14-7,O=C(O)C=1N=C2C=CC(Br)=CN2C1
487-54-7,O=C(O)CNC(=O)C=1C=CC=CC1O
100564-78-1,O=C(OC(C)(C)C)NC(C(=O)O)CCC=1C=CC=CC1
85-56-3,O=C(O)C=1C=CC=CC1C(=O)C2=CC=C(Cl)C=C2
93-85-6,O=C(O)C=1C=CC=2N=C(SC2C1)N
10242-11-2,O=C(O)C=1OC=2C=CC(Br)=CC2C1
50654-94-9,O=C(OC(C)(C)C)NC(C(=O)O)CC1=CN=CN1
779-89-5,O=C(O)C=CC1=CC=CC(=C1)C(F)(F)F
4091-99-0,O=C(O)C=1C=CC=CC1C2C3=CC(Cl)=C(OC(=O)C)C=C3OC4=CC(OC(=O)C)=C(Cl)C=C42
2513-33-9,O=C(O)C=1C=CC=CC1C(=O)C2=CC=C(O)C=C2O
40432-84-6,O=C(O)CC1=CNC=2C=CC(Br)=CC21
51484-06-1,O=C(O)C=1OC2=CC=C(Br)C=C2C(=O)C1
63610-08-2,O=C(O)C(C1=CC=C(C=C1)N2C(=O)C=3C=CC=CC3C2)CC
53267-93-9,O=C(OC(C)(C)C)NC(C(=O)O)CC1=CC=C(OC)C=C1
135112-27-5,O=C(OCC1C=2C=CC=CC2C=3C=CC=CC31)NC(C(=O)O)CC
64506-49-6,O=C(O)COC1=CC(OCC=C(C)C)=CC=C1C(=O)C=CC2=CC=C(OCC=C(C)C)C=C2
3886-08-6,O=C(OCC=1C=CC=CC1)NC(C(=O)O)CCC(=O)OC(C)(C)C
53902-12-8,O=C(O)C=1C=CC=CC1NC(=O)C=CC2=CC=C(OC)C(OC)=C2
6404-31-5,O=C(O)C1N(C(=O)OCC=2C=CC=CC2)CCC1
62893-24-7,O=C(O)C(NC(=O)N1C(=O)C(=O)N(CC)CC1)C2=CC=C(O)C=C2
114457-94-2,O=C(O)C(NC(=O)C1=NC=CN=C1)CC=2C=CC=CC2
13504-85-3,O=C(O)C1N(C(=O)OCC=2C=CC=CC2)CC(O)C1
885101-89-3,O=C(O)CCC1=CC=C(C=C1)NCC=2C=CC=C(OC=3C=CC=CC3)C2
4651-67-6,O=C(O)CCC(C)C1CCC2C3C(=O)CC4CC(O)CCC4(C)C3CCC12C
138774-94-4,O=C(OCC1C=2C=CC=CC2C=3C=CC=CC31)NC(C(=O)O)CC=4C=CC=5C=CC=CC5C4
130309-35-2,O=C(OCC1C=2C=CC=CC2C=3C=CC=CC31)NC(C(=O)O)CC=4SC=CC4
211914-51-1,O=C(O)CCN(C(=O)C=1C=CC2=C(N=C(N2C)CNC3=CC=C(C=C3)C(=N)N)C1)C4=NC=CC=C4
63812-15-7,O=C(O)C(F)(C)C
595-46-0,O=C(O)C(C(=O)O)(C)C
7211-57-6,O=C(NC(C(=O)O)CC)C
1460-34-0,O=C(O)C(=O)C(C)CC
13748-90-8,O=C(O)C(O)CC(C)C
42856-71-3,O=C(O)C1(NCCC1)C
57-08-9,O=C(O)CCCCCNC(=O)C
7782-26-5,O=C(O)C(C=1C=CC=CC1)C
23012-17-1,O=C(O)C=1N=C(OC1)C
1188-02-9,O=C(O)C(C)CCCCC
6051-66-7,O=C(O)C=1C=C(C(=CC1C)C(=O)O)C
2067-33-6,O=C(O)CCCCBr
16024-58-1,O=C(O)COCCOCCOC
27876-94-4,O=C(O)C(=CC=CC(=CC=CC=C(C=CC=C(C(=O)O)C)C)C)C
699-90-1,O=C(O)C=1C=CC=C(F)C1C
601-84-3,O=C(O)C=1C(Br)=CC=CC1Br
4052-30-6,O=C(O)C1=CC=C(C=C1)S(=O)(=O)C
610-16-2,O=C(O)C=1C=CC=CC1N(C)C
50-43-1,O=C(O)C=1C(Cl)=CC(Cl)=CC1Cl
3685-22-1,O=C(O)C1CCC(O)CC1
770-08-1,O=C(O)C1=NC=C(C=C1)CC
67003-50-3,O=C(O)C1=CC=C(C=C1)COC
30981-98-7,O=C(O)CC=1C=CC=C(C1C)C
73219-91-7,O=C(O)C=1C(OC)=C(Cl)C=C(Cl)C1OC
957129-38-3,O=C(O)C1=NNC(=C1C)CC
74003-63-7,O=C(O)C1=NC=2C=CC=CC2N=C1C
82846-18-2,O=C(O)C1=CC=C(F)C(OC)=C1
6161-65-5,O=C(O)C=1C(OC)=CC=CC1C
654663-32-8,O=C(O)C=1C=CN=CC1OC
13799-90-1,O=C(O)C1=CC(Cl)=C(C=C1Cl)C(=O)O
51673-83-7,O=C(O)C1OCCCC1
59614-95-8,O=C(O)C=1SC=C(Cl)C1
19789-59-4,O=C(O)C(N)C1=CC=C(OC)C=C1
119083-00-0,O=C(O)C=1C=NN(C1C(F)(F)F)C
59337-89-2,O=C(O)C=1SC=CC1Cl
16727-43-8,O=C(O)C1=CC=C(N=C1OC)OC
7418-65-7,O=C(O)C=1C=NC=CC1N
21080-92-2,O=C(O)C(C(=O)O)C1=CSC=C1
18999-45-6,O=C(O)CCN1C=NC=C1
42860-02-6,O=C(O)C=1C=C(Cl)C=C(Br)C1
27115-50-0,O=C(O)CNC(=O)C1=CC=C(C=C1)C
83506-93-8,O=C(O)C1=CC(F)=C(F)C=C1N
1666-28-0,O=C(O)C1=CC=C(Br)C=C1O
455-87-8,O=C(O)C1=CC=C(N)C(F)=C1
152126-31-3,O=C(O)C1=NC=CC=C1F
56961-30-9,O=C(O)C1=CC(O)=CC=C1Cl
27372-38-9,O=C(O)C1=NNC(=O)CC1
262423-77-8,O=C(O)C=1C(Cl)=NC=CC1Cl
870997-85-6,O=C(O)C1=NC=C(Br)C=C1N
929000-66-8,O=C(O)C1=NC(Cl)=CC=C1Br
171178-43-1,O=C(O)C1=CC(F)=NC=C1N
7536-55-2,O=C(OC(C)(C)C)NC(C(=O)O)CC(=O)N
90-50-6,O=C(O)C=CC1=CC(OC)=C(OC)C(OC)=C1
21643-38-9,O=C(O)C1=CC=C(C=C1)CCCCCC
345637-71-0,O=C(O)CN1N=C(C=C1C)C(F)(F)F
24821-22-5,O=C(O)C=1C(=CC=CC1C(F)(F)F)C(F)(F)F
71079-03-3,O=C(O)C(N)C1=CC=C(Br)C=C1
38025-90-0,O=C1C=CC(C(=O)O)=C(Cl)N1
405-79-8,O=C(O)COC1=CC=C(F)C=C1
10601-99-7,O=C(O)C=1C=CC=C(C#C)C1
13189-98-5,O=C(O)C(N)CSCCCO
6515-58-8,O=C(O)C1=CC=CC(=C1)CBr
29678-81-7,O=C(O)C(O)CCC=1C=CC=CC1
5241-66-7,O=C(OC(C)(C)C)NC(C(=O)O)CCSC
103260-65-7,O=C(O)C1=CC=2C(OC)=CC=CC2N1
21606-04-2,O=C(O)C=1C(=CC=CC1N(=O)=O)C(=O)OC
17119-15-2,O=C(O)C(O)C=1C=CC=C(O)C1
328-67-6,O=C(O)C1=CC(Br)=CC(=C1)C(F)(F)F
573-03-5,O=C(O)C1=CC=C(F)C=2C=CC=CC12
610-36-6,O=C(O)C1=CC=C(N)C=C1N(=O)=O
1866-38-2,O=C(O)C=CC=1C=CC=C(Cl)C1
77095-51-3,O=C(O)C=1C=CC=2C=COC2C1
22090-24-0,O=C(O)C1=CC=C(C=C1)N2CCCCC2
19947-39-8,O=C(O)CC(N)C1=CC=C(Cl)C=C1
142994-09-0,O=C(O)C1=CC=C(Cl)C=C1C(F)(F)F
33005-95-7,O=C(O)C(C=1SC(=CC1)C(=O)C=2C=CC=CC2)C
3471-31-6,O=C(O)CC1=CNC=2C=CC(OC)=CC21
3440-28-6,O=C(O)CCNC(=O)C=1C=CC=CC1
14441-90-8,O=C(O)C1=NOC(=C1)C=2C=CC=CC2
1878-71-3,N#CC1=CC=CC(=C1)CC(=O)O
1078-30-4,O=C(O)C1=CC=C2C=CC=NC2=C1
55240-51-2,O=C(O)C=1C=CN=C(C1)C=2C=CC=CC2
505084-58-2,O=C(O)C1=CC(Cl)=NC=C1C(F)(F)F
187227-45-8,O=C(O)C1=CC(OC(CC)CC)C(NC(=O)C)C(N)C1
25940-35-6,O=C(O)C=1C=NN2C=CC=NC12
77716-11-1,O=C(O)C1=CC(=CN1C)NC(=O)OC(C)(C)C
152628-03-0,O=C(O)C=1C=C2NC(=NC2=C(C1)C)CCC
106562-32-7,O=C1OC=2C=C(N)C=CC2C(=C1CC(=O)O)C
71066-00-7,O=C(OC(C)(C)C)NC1(C(=O)O)CC=2C=CC=CC2C1
17057-07-7,O=C(O)C1=CC=CC(=C1)N2C(=O)C=CC2=O
13505-32-3,O=C(O)C(NS(=O)(=O)C1=CC=C(C=C1)C)CC=2C=CC=CC2
10315-07-8,O=C(O)C1CCN(CC=2C=CC=CC2)CC1
1664-57-9,O=C(O)CCC=1C=CC=C(C1)N(=O)=O
177952-39-5,O=C(O)CC1=CC=C(C=C1C(F)(F)F)C(F)(F)F
50995-74-9,O=C(O)C1=CC=2C=CC(=CC2OC1=O)N(CC)CC
203302-97-0,O=C(O)CC=1C=CC=C(OC(F)(F)F)C1
31795-93-4,O=C(O)C1N(CC=2C=CC=CC2)CCC1
584-85-0,O=C(O)C(NC(=O)CCN)CC1=CN=CN1C
3321-03-7,O=C(O)C(NC(=O)CN)CC=1C=CC=CC1
62642-62-0,O=C(O)C1=CC=C(C=C1)CN2CCOCC2
72120-71-9,O=C(O)C(N)CC1=CSC=2C=CC=CC21
112665-43-7,O=C(O)CCCCCC(C=1C=CC=CC1)C=2C(=O)C(=C(C(=O)C2C)C)C
189005-44-5,O=C(O)CC1=C(N=C2C=CC(=CN21)C)C3=CC=C(C=C3)C
33305-77-0,O=C(OC(C)(C)C)NC(C(=O)O)CC1=CC=C(C=C1)N(=O)=O
51186-58-4,O=C(OC(C)(C)C)NC(C(=O)O)CC(=O)OCC=1C=CC=CC1
1113-83-3,O=C(O)C(=O)CC(O)C(NC(=O)CO)C(O)C(O)C(O)CO
42438-90-4,O=C(O)C1NCC=2NC=3C=CC=CC3C2C1
17609-52-8,O=C(O)C(NC(=O)OCC=1C=CC=CC1)C=2C=CC=CC2
93107-30-3,O=C(O)C1=CN(C2=CC(F)=C(F)C=C2C1=O)C3CC3
2389-60-8,O=C(OCC=1C=CC=CC1)NC(C(=O)O)CCCCNC(=O)OC(C)(C)C
67436-13-9,O=C(OCC1C=2C=CC=CC2C=3C=CC=CC31)NC(C(=O)O)CSC(C)(C)C
763114-26-7,O=C(O)C1=CC(=CC=C1F)CC2=NNC(=O)C=3C=CC=CC32
202592-23-2,O=C(O)CC1N=C(C=2C=CC(Cl)=CC2)C3=C(SC(=C3C)C)N4C(=NN=C41)C
1263045-16-4,O=C(O)CCOCCOCCOCCOCCNC(=O)CCN1C(=O)C=CC1=O
405-39-0,O=C(OCC=1C=CC=CC1)NCCCCC(NC(=O)OCC=2C=CC=CC2)C(=O)O
169555-95-7,O=C(O)C(NC(=O)OCC1C=2C=CC=CC2C=3C=CC=CC31)CC=4C=CN=CC4
197632-76-1,O=C(OC(C)(C)C)NCCCCC(C(=O)O)N(C(=O)OCC1C=2C=CC=CC2C=3C=CC=CC31)C
96402-49-2,O=C(OCC1C=2C=CC=CC2C=3C=CC=CC31)NC(C(=O)O)CC4=CC=CC=5C=CC=CC54
86123-11-7,O=C(OCC1C=2C=CC=CC2C=3C=CC=CC31)NC(C(=O)O)CC4=CNC=5C=CC=CC54
6034-46-4,O=C(O)C(OC(=O)C)C
137081-41-5,O=C(O)C1(F)CC1
261904-39-6,O=C(O)C(O)(C)CBr
3059-97-0,O=C(O)C(N)(C)CC
24435-45-8,O=C(O)C(O)(C)C(F)(F)F
372-09-8,N#CCC(=O)O
1119-72-8,O=C(O)C=CC=CC(=O)O
473-81-4,O=C(O)C(O)CO
3077-46-1,O=C(NC(C(=O)O)C(C)CC)C
146038-53-1,O=C(O)C12CC(F)(C1)C2
1871-67-6,O=C(O)C=CCCCCC
40003-41-6,O=C(O)C=1SC(Br)=NC1C
1460-18-0,O=C(O)CCCCCCCCCCCCCC(=O)O
1119-46-6,O=C(O)CCCCCl
15026-17-2,O=C(O)CCC(=O)OC(C)(C)C
58530-13-5,O=C(O)C1=CC(Br)=CC(=C1)C
6027-21-0,O=C(O)C(N)CCO
822-82-2,O=C(O)C=1C=NSC1
87600-98-4,O=C(O)C=1C(Cl)=NC=NC1Cl
4593-90-2,O=C(O)CC(C=1C=CC=CC1)C
612-19-1,O=C(O)C=1C=CC=CC1CC
4021-08-3,O=C(O)C1=NC=CC(=C1)C
4408-60-0,O=C(O)CC=1C(=CC(=CC1C)C)C
14670-94-1,O=C(O)C12CC3CC(C)(C1)CC(C)(C3)C2
6113-61-7,O=CNC(C(=O)O)CC(C)C
20737-42-2,O=C(O)C1=NC=CNC1=O
66909-30-6,O=C(O)C1=CC(=CN=C1Cl)C
503555-50-8,O=C(O)C1=CN=C(Cl)C=C1C
30964-00-2,O=C(O)CCCCC#C
28711-29-7,O=C(O)CN1N=CN=C1
3167-50-8,O=C(O)C1=CN=C(N=C1)N
6245-57-4,O=C(O)C1=CC=C(OC)C=C1C
37908-96-6,O=C(O)C1=CC=C(OC)C(Cl)=C1
31786-45-5,O=C(O)C=1C(Br)=CC=CC1OC
573-11-5,O=C(O)C1=CC=C(OC)C(OC)=C1OC
102849-49-0,O=C(O)C(N1C(=O)CCC1)CC
234082-00-9,O=C(O)CCCCCCCCCCCCC(=O)OC(C)(C)C
7325-46-4,O=C(O)CC1=CC=C(C=C1)CC(=O)O
3337-62-0,O=C(O)C1=CC(Br)=C(O)C(Br)=C1
653-21-4,O=C(O)CC=1C(F)=C(F)C(F)=C(F)C1F
32431-84-8,O=C(O)C=1SC=CC1F
40155-43-9,O=C(O)C=1N=CC(=NC1)N
186129-25-9,O=C(O)C=1C=CC2=C(C=CN2C)C1
3401-80-7,O=C(O)C=1C(Cl)=CC=C(Cl)C1O
16636-51-4,O=C(O)C1CCCC(N)C1
59782-85-3,O=C(O)C1=CC(Cl)=CN=C1Cl
439114-13-3,O=C(O)CCOCCOCCOCCOCCOCCC(=O)O
51146-57-7,O=C(O)C(C1=CC=C(C=C1)CC(C)C)C
6342-77-4,O=C(O)CCC=1C=CC=CC1OC
3964-58-7,O=C(O)C1=CC=C(O)C(Cl)=C1
402-65-3,O=C(O)C=1C=CN=C(F)C1
5988-19-2,O=C1NC(=O)CC(N1)C(=O)O
936-08-3,O=C(O)C1=CC=C(Cl)C=C1Br
51446-31-2,O=C(O)C1=CC=C(F)C(O)=C1
73401-74-8,O=C(O)CC1=CC=C(C=C1)CO
2592-18-9,O=C(OC(C)(C)C)NC(C(=O)O)C(O)C
616-75-1,O=C(O)C(C(=O)O)CC=1C=CC=CC1
140148-70-5,O=C(OC(C)(C)C)N1CCC(C(=O)O)C1
41088-86-2,O=C(OC(C)(C)C)NC(C(=O)O)CCO
905954-28-1,O=C(O)CCOCCOCCOCCOCCOCCOCCN
65754-04-3,O=C(O)C1=CN=CNC1=O
533-48-2,O=C1NC(C)C(N1)CCCCCC(=O)O
50446-44-1,O=C(O)C=1C=CC(=CC1)C2=CC(=CC(=C2)C=3C=CC(=CC3)C(=O)O)C=4C=CC(=CC4)C(=O)O
133081-24-0,O=C(O)C=1C=CC(=NN)NC1
4433-01-6,O=C(O)C1=CC=CN=C1C=2N=CC=CC2C(=O)O
67684-64-4,O=C(O)C1CCC(N)(C(=O)O)C1
52950-19-3,O=C(O)C(O)C=1C=CC=CC1Cl
110256-15-0,O=C(O)C1=NOC(=C1)C2CC2
54127-63-8,O=C(O)C1=CNC(=O)C(Cl)=C1
1260092-44-1,O=C(OC(C)(C)C)NCCOCCC(=O)O
588-22-7,O=C(O)COC1=CC=C(Cl)C(Cl)=C1
943-14-6,O=C(O)C1=CC(=CC=C1Br)N(=O)=O
317-46-4,O=C(O)C1=CC=CC(=C1F)N(=O)=O
29886-62-2,O=C(O)C=1C=CC(=CC1)C=2SC=CC2
122143-19-5,O=C(O)C1(C=2C=CC=CC2Cl)CC1
3601-66-9,O=C(OC(C)(C)C)NC(C(=O)O)C=1C=CC=CC1
91-48-5,O=C(O)C(=CC=1C=CC=CC1)C=2C=CC=CC2
115029-24-8,O=C(O)C1=CC=C(C=C1F)C(F)(F)F
7021-11-6,O=C(O)CCCC1=CC=C(O)C=C1
1365655-91-9,O=C(OC(C)(C)C)NCCOCCOCCC(=O)O
2482-25-9,O=C(O)CNC(=O)C1=CC=C(O)C=C1
261635-77-2,O=C(O)C1=CN=C(Cl)C=C1C(F)(F)F
45214-91-3,O=C(OC(C)(C)C)NC(C(=O)O)CCC(=O)OC
189153-10-4,O=C(OC(C)(C)C)NC1CCC(CC(=O)O)CC1
5852-78-8,O=C(O)C=1C=CC(O)=C2N=CC=CC21
35271-74-0,O=C(O)CC(C1=CC=C(Cl)C=C1)CC(=O)O
40197-20-4,O=C(O)C1=NC=2C=C(Br)C=CC2N1
886366-13-8,O=C(O)C1(C2=CC=C(C=C2)C(F)(F)F)CC1
951-55-3,O=C(O)C(N)CC1=CNC=2C=CC(=CC21)C
1147417-27-3,O=C(O)C1=NNC(=C1)C=2C=CC=C(OC)C2
51939-71-0,O=C(O)C1OC=2C=CC=CC2CC1
23967-57-9,O=C(O)C=1SC=2C=CC=C(Cl)C2C1
1026201-45-5,O=C(O)C=1N=C2C(Br)=CC=CN2C1
76985-09-6,O=C(O)C(N)CC=1C=CC=2C=CC=CC2C1
28862-79-5,O=C(OCC=1C=CC=CC1)NC(C(=O)O)CC(C)C
76824-99-2,O=C(O)C1NCC2=CC=C(O)C=C2C1
68090-88-0,O=C(OC(C)(C)C)NC(C(=O)O)CC1=CC=C(Cl)C=C1
115962-35-1,O=C(OC(C)(C)C)N1CC=2C=CC=CC2CC1C(=O)O
69026-14-8,O=C(O)C=1C=CC=C(OCC=2C=CC=CC2)C1
376592-93-7,O=C(O)C=1C=CC=C(C1)C=2C=CC=C(N)C2O
24209-38-9,O=C(O)C1=C(CSC2=NN=NN2C)CSC3N1C(=O)C3N
15260-10-3,O=C(OC(C)(C)C)NC(C(=O)O)C(OCC=1C=CC=CC1)C
47375-34-8,O=C(OC(C)(C)C)NC(C(=O)O)CC1=CC=C(OC(C)(C)C)C=C1
6349-98-0,O=C(O)CCC(C(=O)O)N1C(=O)C=2C=CC=CC2C1=O
132201-33-3,O=C(O)C(O)C(NC(=O)C=1C=CC=CC1)C=2C=CC=CC2
53990-33-3,O=C(O)C(NC(=O)OCC=1C=CC=CC1)C=2C=CC=CC2
157355-81-2,O=C(OCC1C=2C=CC=CC2C=3C=CC=CC31)NC(C(=O)O)C(O)C
135944-05-7,O=C(OCC1C=2C=CC=CC2C=3C=CC=CC31)NC(C(=O)O)(C)CC=4C=CC=CC4
162401-62-9,O=C(O)C1=CC=C(OC(F)F)C(OCC2CC2)=C1
4481-62-3,O=C(O)C12CCC(C(=C)C)C2C3CCC4C5(C)CCC(=O)C(C)(C)C5CCC4(C)C3(C)CC1
74011-58-8,O=C(O)C1=CN(C2=NC(=C(F)C=C2C1=O)N3CCNCC3)CC
22255-40-9,O=C(O)C1=COC(OC2OC(CO)C(O)C(O)C2O)C3C1CC(O)C3C
252206-28-3,O=C(O)C1=NC(=CN1C)NC(=O)OCC2C=3C=CC=CC3C=4C=CC=CC42
67879-58-7,O=C(O)C(O)C(OC(=O)C=CC1=CC=C(O)C(O)=C1)C(=O)O
214750-76-2,O=C(OCC1C=2C=CC=CC2C=3C=CC=CC31)NC(C(=O)O)CC4CC4
86069-86-5,O=C(O)C1N(C(=O)OCC2C=3C=CC=CC3C=4C=CC=CC42)CCCC1
89889-51-0,O=C1NC2CSC(CCCCC(=O)NCCCCCC(=O)NCCCCCC(=O)O)C2N1
144701-25-7,O=C(OCC1C=2C=CC=CC2C=3C=CC=CC31)NC(C(=O)O)CC4CCCCC4
437655-95-3,O=C(OCC1C=2C=CC=CC2C=3C=CC=CC31)NCCOCCOCCOCCOCC(=O)O
3775-73-3,O=C(O)CC(N)C
889940-13-0,O=C(O)C(C)(C)C(F)(F)F
5424-29-3,O=C(O)C(N)(C)CO
374-35-6,O=C(O)C(O)(C)C(F)(F)F
3025-96-5,O=C(O)CCCNC(=O)C
625-38-7,O=C(O)CC=C
13419-69-7,O=C(O)C=CCCC
2433-96-7,O=C(O)CCCCCCCCCCCCCCCCCCCCCC
2363-71-5,O=C(O)CCCCCCCCCCCCCCCCCCCC
68947-43-3,O=C(O)C1CCN(C)CC1
114012-41-8,O=C(O)C1COC1
22287-28-1,O=C(O)C12CC(C1)C2
113020-21-6,O=C(O)C1(C(=O)OC)CC1
5025-82-1,O=C(O)C1N(C(=O)C)CSC1
7338-27-4,O=C(O)C(=C)CC(=O)OC
2516-93-0,O=C(O)COCCCC
49606-99-7,O=C(O)C(N)C1CC1
3222-49-9,O=C(O)C1=CN=CC(=C1)C
488-11-9,O=CC(Br)=C(Br)C(=O)O
13110-96-8,O=C(O)C1=CC(=CC=C1O)C(=O)C
1948-31-8,O=C(O)C(NC(=O)C(N)C)C
5963-14-4,O=C(O)CCCCCCC(C)C
923-06-8,O=C(O)CC(Br)C(=O)O
2756-85-6,O=C(O)C1(N)CCCCC1
336-08-3,O=C(O)C(F)(F)C(F)(F)C(F)(F)C(F)(F)C(=O)O
7013-07-2,O=C(O)CC(O)CN
10271-85-9,O=C(O)C=1SN=CC1
6436-62-0,O=C(O)C=1C=NOC1
26164-26-1,O=C(O)C(OC)C=1C=CC=CC1
89-56-5,O=C(O)C1=CC(=CC=C1O)C
137129-98-7,O=C(O)C1=CC=C(Cl)N=C1C
67367-33-3,O=C(O)C1=CN=C(C=C1O)C
4073-35-2,O=C(O)C1=CC(Br)=C(OC)C(Br)=C1
4027-59-2,O=C(O)C1=NNC(=C1)CC
168899-58-9,O=C(O)C=1C=CC=C(OC(=O)C)C1C
277756-45-3,O=C(O)C1(CCC1)C(F)(F)F
157893-14-6,O=C(O)C=1C=C(Br)C=C(OC)C1
39828-47-2,O=C(O)C1=CNC(=O)N1
3113-72-2,O=C(O)C1=CC(=CC=C1N(=O)=O)C
2476-35-9,O=C(O)C1=CC(Br)=CC=C1OC
6341-72-6,O=C(O)C(C=1C=CC(=CC1)C=2C=CC=CC2)C
54916-66-4,O=C(O)C1=CC(Br)=CN=C1OC
383-70-0,O=C(O)CNC(=O)C(F)(F)F
1260897-05-9,O=C(O)C1CCC(F)(F)C1
4521-22-6,O=C(O)CCCC1=CC=C(C=C1)C
923-32-0,O=C(O)C(N)CSSCC(N)C(=O)O
3336-41-2,O=C(O)C1=CC(Cl)=C(O)C(Cl)=C1
360-03-2,O=C(O)C(F)(F)C=1C=CC=CC1
20924-05-4,O=C1NC(=O)N(C=C1C)CC(=O)O
7148-03-0,O=C(O)C=1C=CC=CC1C=2C=CC(=CC2)C
3751-48-2,O=C(O)CCC=1C=CC=C(C1)C
76387-70-7,O=C(OC(C)(C)C)NC(C(=O)O)CN
133427-08-4,O=C(O)C1=CC=CN2C=CN=C12
530-75-6,O=C(O)C=1C=CC=CC1OC(=O)C=2C=CC=CC2OC(=O)C
104-98-3,O=C(O)C=CC1=CN=CN1
5337-79-1,O=C(O)C=CC=1C=CN=CC1
4355-11-7,O=C(O)CC1(CC(=O)O)CCCCC1
944-43-4,O=C(O)C1=C(F)C(F)=C(N)C(F)=C1F
606488-94-2,O=C(O)C1CCCC(O)C1
13485-59-1,O=C(O)C1N(C(=O)C(N)C)CCC1
101-10-0,O=C(O)C(OC=1C=CC=C(Cl)C1)C
5081-36-7,O=C(O)C1=CC=C(C(OC)=C1)N(=O)=O
3112-31-0,O=C(O)C1=NNC(=C1)C(=O)O
13737-36-5,O=C(O)CC1=CC=C(C=C1)CBr
3480-87-3,O=C(O)CC(O)C=1C=CC=CC1
25118-59-6,O=C(O)C1=CC=C(Br)C(Cl)=C1
110877-64-0,O=C(O)C1=CC(F)=C(F)C=C1Cl
14348-38-0,O=C(O)C1=CC=C(Br)C(O)=C1
209991-63-9,O=C(O)CC=1C(F)=CC(F)=CC1F
14737-89-4,O=C(O)C=CC1=CC=C(OC)C(OC)=C1
83730-53-4,O=C(O)C(N)CCS(=O)(=N)CCCC
738606-46-7,O=C(O)C(C)(C)CCCCCC(O)CCCCCC(C(=O)O)(C)C
93939-74-3,O=C(O)C(N)C1=CC=C(F)C=C1
10236-60-9,O=C(O)CC=1C=CC=C(Cl)C1Cl
27473-62-7,O=C(O)C1(N)CC=2C=CC=CC2C1
67336-19-0,O=C(O)C(N)C1=CC=C(Cl)C=C1
53292-90-3,O=C(OC(C)(C)C)NC1CCC(C(=O)O)CC1
614731-04-3,O=C(OC(C)(C)C)N1CCC(F)(C(=O)O)CC1
108282-38-8,O=C(O)C=1C=C(Cl)C(N)=CC1OCC
4998-57-6,O=C(O)C(N)CC1=CN=CN1
501-89-3,O=C(O)C1=CC=C(C=C1)CC(=O)O
126674-78-0,O=C(O)C=1C=C(F)C=C(F)C1N
156478-71-6,O=C(OC(C)(C)C)N1CCN(CC(=O)O)CC1
53100-44-0,O=C(OC(C)(C)C)N1C(=O)CCC1C(=O)O
10242-08-7,O=C(O)C=1OC=2C=CC(OC)=CC2C1
1736-21-6,O=C(O)C=1C(=NOC1C)C=2C=CC(F)=CC2
112897-97-9,O=C(O)C=CC1=CC=C(F)C(F)=C1
10177-12-5,O=C(O)C=1C=NC=C(C1)C=2C=CC=CC2
1000339-51-4,O=C(O)C=1C=CC=C(F)C1N(=O)=O
194154-91-1,O=C(OC(C)(C)C)N1CCCC1CC(=O)O
128-97-2,O=C(O)C1=CC=C(C(=O)O)C=2C(=CC=C(C(=O)O)C12)C(=O)O
943-80-6,O=C(O)C(N)CC1=CC=C(N)C=C1
53440-12-3,O=C(O)C1CC=2C=CC=CC2CC1
14091-15-7,O=C(O)C(N)CC1=CC=C(Br)C=C1
17616-04-5,O=C(O)C1=CC=C(C=C1)N2C=NC=C2
16273-37-3,O=C(O)C(O)C=1C=CC=C(Cl)C1
34114-12-0,O=C(O)C=1C=CC(=CC1)C2=NN=NN2
18125-46-7,O=C(O)C(N)CC1=CC=C(F)C=C1
55144-92-8,O=C(O)CCC1=CC=C(Cl)C=C1Cl
325-89-3,O=C(O)CC(N)C1=CC=C(F)C=C1
34993-02-7,O=C(O)C(N)CCCC=1C=CC=CC1
907545-47-5,O=C(O)C1=CC(Cl)=NC=C1N(=O)=O
40828-46-4,O=C(O)C(C1=CC=C(C=C1)C(=O)C=2SC=CC2)C
101537-64-8,O=C(O)C=1SC=CC1NC(=O)OC(C)(C)C
5796-17-8,O=C(O)C(N)CC1=CC=C(O)C(O)=C1
7113-10-2,O=C(O)C=1N=C(SC1)C=2C=CC=CC2
40204-26-0,O=C(O)CC(=O)OCC=1C=CC=CC1
754214-42-1,O=C(O)C=1C=NC=2NC=CC2C1
6854-07-5,O=C(O)C1=CC(=CNC1=O)N(=O)=O
61563-43-7,O=C(O)C=1C=CC=C2C=CN=CC21
6836-22-2,O=C(O)CC1=CC=CC2=CC=C(OC)C=C21
156-86-5,O=C(O)C(N)CCCCNC(=N)N
120-23-0,O=C(O)COC=1C=CC=2C=CC=CC2C1
6223-83-2,O=C(O)C1=CC=CC=2C(=O)C=3C=CC=CC3C12
321674-73-1,O=C(O)C=1C=CC=CC1NC(=O)C=C(C=2C=CC=3C=CC=CC3C2)C
5445-44-3,O=C(O)C(N)COCC=1C=CC=CC1
62247-21-6,O=C(O)CC(N)C=1C=NC=CC1
74444-77-2,O=C(O)C1(N)CC=2C=CC=CC2CC1
77112-53-9,O=C(O)C=1N=C2C=NC=CN2C1
13721-01-2,O=C(O)C1=CNC=2C=CC=CC2C1=O
29953-71-7,O=C(O)C=CC1=CNC=2C=CC=CC12
2437-17-4,O=C(O)C1=CC=CC2=CC(O)=CC=C21
7312-10-9,O=C(O)C=1SC=2C=CC(Br)=CC2C1
1077-96-9,O=C(O)C1=NNC=2C=CC(F)=CC21
116965-16-3,O=C(O)C1=CC=C(C(=C1)N(=O)=O)C(F)(F)F
849068-61-7,O=C(O)C1=CNC=2N=CC(Br)=CC21
443-75-4,O=C(O)CC1=CNC=2C=C(F)C=CC21
5809-23-4,O=C(O)C=1C=CC=CC1C(=O)C2=CC=C(C=C2O)N(CC)CC
153-61-7,O=C(O)C1=C(COC(=O)C)CSC2N1C(=O)C2NC(=O)CC=3SC=CC3
2901-76-0,O=C(O)C(NC(=O)C=1C=CC=CC1)CC=2C=CC=CC2
1676-75-1,O=C(OCC=1C=CC=CC1)NC(C(=O)O)COC(C)(C)C
98534-81-7,O=C(O)C=1C=NN(C=2C=CC=CC2)C1C(F)(F)F
82571-53-7,O=C(O)C=CC1=CC=C(C=C1)CN2C=NC=C2
471-80-7,O=C(O)C1(C)CCCC2(C)C1CCC34CC(=C)C(O)(CCC32)C4
135112-28-6,O=C(OCC1C=2C=CC=CC2C=3C=CC=CC31)NC(C(=O)O)CCC
132388-68-2,O=C(OC(C)(C)C)NC(C(=O)O)CC(=O)NC(C=1C=CC=CC1)(C=2C=CC=CC2)C=3C=CC=CC3
13433-09-5,O=C(O)CC(N)C(=O)NC(C(=O)O)CC=1C=CC=CC1
87512-31-0,O=C(OCC1C=2C=CC=CC2C=3C=CC=CC31)NC(C(=O)NC(C(=O)O)C)C
69-53-4,O=C(O)C1N2C(=O)C(NC(=O)C(N)C=3C=CC=CC3)C2SC1(C)C
102410-65-1,O=C(OCC1C=2C=CC=CC2C=3C=CC=CC31)NC(C(=O)O)C=4C=CC=CC4
135248-89-4,O=C(OCC1C=2C=CC=CC2C=3C=CC=CC31)NC(C(=O)O)CS
200616-40-6,O=C(OCC1C=2C=CC=CC2C=3C=CC=CC31)N(C)C(C(=O)O)CCC(=O)OC(C)(C)C
64480-66-6,O=C(O)CNC(=O)CCC(C)C1CCC2C3C(O)CC4CC(O)CCC4(C)C3CCC12C
83792-48-7,O=C(OCC1C=2C=CC=CC2C=3C=CC=CC31)NC(C(=O)O)COCC=4C=CC=CC4
684270-46-0,[N-]=[N+]=NCC(NC(=O)OCC1C=2C=CC=CC2C=3C=CC=CC31)C(=O)O
139338-72-0,O=C(O)COCCOCCOCCNC(=O)OCC1C=2C=CC=CC2C=3C=CC=CC31
218600-44-3,N#CC1=CC2(C3=CC(=O)C4C5CC(C)(C)CCC5(C(=O)O)CCC4(C)C3(C)CCC2C(C1=O)(C)C)C
133464-46-7,O=C(OCC1C=2C=CC=CC2C=3C=CC=CC31)NC(C(=O)O)CCC(=O)OCC=C
189279-58-1,O=C(O)C1=CN(C2=NC(N)=C(F)C=C2F)C3=C(Cl)C(=C(F)C=C3C1=O)N4CC(O)C4
979-92-0,O=C(O)C(N)CCSCC1OC(N2C=NC=3C(=NC=NC32)N)C(O)C1O
79-10-7,O=C(O)C=C
17994-25-1,O=C(O)C1(O)CC1
627-01-0,O=C(O)CNCC
503-66-2,O=C(O)CCO
19794-53-7,O=C(O)C(N)COC
15537-71-0,O=C(O)C(NC(=O)C)C(S)(C)C
443-79-8,O=C(O)C(N)C(C)CC
557-24-4,O=C(O)C=CC(=O)N
4331-54-8,O=C(O)C1CCC(C)CC1
13991-36-1,O=C(O)C=CCBr
233276-38-5,O=C(O)C1(C)CCOCC1
528-90-5,O=C(O)C=1C=C(C(=CC1C)C)C
54221-93-1,O=C(O)C=1C=C(N=C(C1)C)C
16841-19-3,O=C(O)C1(O)CCCC1
926-77-2,O=C(O)C(NC(=O)CN)C
110099-94-0,O=C(O)C1=CN=C(N=C1)SC
6250-70-0,O=C(O)CCCCCCCCCCCCCCCCCC(=O)O
1596-84-5,O=C(O)CCC(=O)NN(C)C
3724-10-5,O=C(O)C=1C=CC=CC1SC
23235-01-0,O=C(O)C(N)CC#C
321-12-0,O=C(O)C1=CC(=CC=C1F)C
90259-31-7,O=C(O)C=1C(Br)=CC=CC1C
55314-30-2,O=C(O)C=1C(=NC=CC1C)C
3130-87-8,O=C(O)C(N)CC(=O)N
2058-58-4,O=C(O)C(N)CC(=O)N
162515-68-6,O=C(O)CC1(CS)CC1
102735-53-5,O=C(O)C(N)CC1CC1
71830-08-5,O=C(O)C1CCC(N)C1
15177-67-0,O=C(O)C1CCC(C(=O)OC)CC1
6384-08-3,O=C(O)CCC(N)C(=O)OC
10172-89-1,O=C(O)C(NC(=O)C)CC=1C=CC=CC1
50670-83-2,O=C(O)C1=CC(=CC=C1N)NC(=O)C
1963-21-9,O=C(O)C(NC(=O)CN)C(C)C
13602-12-5,O=C(O)C1=CC=N(=O)C=C1
13612-34-5,O=C(O)CC1=CC(=CC=C1C)C
56074-20-5,O=C(O)CN(C(=O)OC(C)(C)C)CC(=O)O
162537-11-3,O=C(OC)NC(C(=O)O)C(C)(C)C
13958-93-5,O=C(O)C=1C(Cl)=CN=CC1Cl
4289-98-9,O=CNC(C(=O)O)CCSC
19914-38-6,O=C(OC(C)(C)C)N(C)C(C(=O)O)C
21971-21-1,O=C(O)C1=CC=C(OC)C=C1Cl
560-09-8,O=C(O)C1CCC(C(=O)O)(C)C1(C)C
33234-36-5,O=C(O)C=1C=CC=C(OC)C1Cl
610-92-4,O=C(O)C1=CC(O)=C(C=C1O)C(=O)O
2438-57-5,O=C(O)C1NCC(F)C1
903522-29-2,O=C(O)C=1C(F)=CN=CC1F
1553-60-2,O=C(O)CC1=CC=C(C=C1)CC(C)C
3029-79-6,O=C(O)C=CC1=CC=CC(=C1)C
883-62-5,O=C(O)C1=CC=2C=CC=CC2C=C1OC
15855-06-8,O=C(O)C=1C=C(Cl)N=C(OC)C1
99-32-1,O=C(O)C=1OC(=CC(=O)C1)C(=O)O
3813-52-3,O=C(O)C1C2C=CC(C2)C1C(=O)O
349-46-2,O=C(O)C(N)CSSCC(N)C(=O)O
4298-08-2,O=C(O)C1NCCC1O
59045-82-8,O=C(O)C1CNCCC1
14903-90-3,O=C(O)C=1OC=CC1Br
686-50-0,O=C(O)CNC(=O)C(N)CC(C)C
6099-03-2,O=C(O)C=CC=1C=CC=CC1OC
25140-86-7,O=C(O)C(OC=1C=CC=CC1Cl)C
20576-82-3,O=C(O)C1=CC=C(C=C1)C(=O)OC(C)(C)C
178974-97-5,O=C(O)C1=CC=C(F)C(OC)=C1F
158619-46-6,O=C(O)C=1C=CC=C(C1)C=2C=CC=C(C2)C
1043903-19-0,O=C(O)C=1C=CC2=NC=NN2C1
884494-85-3,O=C(O)C1=CN=C(OC)C(Cl)=C1
356-02-5,O=C(O)CCC(F)(F)C(F)(F)C(F)(F)F
784105-33-5,O=C(O)CCOCCOCCOCCN
25026-64-6,O=C(O)C=1C=C(F)C=C(Cl)C1
312736-49-5,O=C(O)C1=NC=C(Cl)N=C1Cl
889944-57-4,O=C(O)C1CC2(CC(=O)C2)C1
99799-09-4,O=C(O)CC1CCC(O)CC1
88038-94-2,O=C(O)C=1C=CC(=CC1)C2=CC=C(C=C2)CCC
65322-85-2,O=C(O)CCC1=CC=C(C=C1)CC(C)C
2215-89-6,O=C(O)C1=CC=C(OC2=CC=C(C=C2)C(=O)O)C=C1
52833-94-0,O=C(O)C1=CC(Br)=CN=C1N
6311-37-1,O=C(O)C1=CC=C(N)C(Br)=C1
40932-60-3,O=C(O)C=1C(Cl)=C(Cl)C=C(Cl)C1O
306960-77-0,O=C(O)C1=CN=C(N=C1)C(F)(F)F
60256-21-5,O=C(O)C(N)C12CC3CC(CC(C3)C1)C2
4740-24-3,O=C(O)C1=CC=C(C=C1)NCCCC
91138-00-0,O=C(O)C=1C=NN(C=2C=CC=CC2)C1C
75647-01-7,O=C(OC(C)(C)C)NC(C(=O)O)CC(=O)N
18474-60-7,O=C(O)C1=CC=2C=CC=C(C2N1)C
5653-46-3,O=C(O)C1=CC=C(OC)C(OC)=C1O
7400-08-0,O=C(O)C=CC1=CC=C(O)C=C1
19246-18-5,O=C(O)CNC(=O)C(N)CS
606-83-7,O=C(O)CC(C=1C=CC=CC1)C=2C=CC=CC2
20448-79-7,O=C(O)C1(N)CC2CCC1C2
57078-98-5,O=C1C=CC(=O)N1CCCC(=O)O
40851-65-8,O=C(O)CC=1C=CC=CC1CN
60142-89-4,O=C(OC(C)(C)C)NCCCCCCC(=O)O
10436-25-6,O=C(OC(C)(C)C)NCCCCCCCCCCC(=O)O
157069-48-2,O=C(O)C1=CC=C(C=C1)N2C=NN=C2
461642-78-4,O=C(O)C(SC(=S)SCCCCCCCCCCCC)(C)C
258273-31-3,N#CC1=CC(=CC=C1OC(C)C)C(=O)O
637-84-3,O=C(O)CNC(=O)CNC(=O)CNC(=O)CN
613-08-1,O=C(O)C=1C=CC2=CC=3C=CC=CC3C=C2C1
146328-87-2,N#CC1=CC=C(F)C(=C1)C(=O)O
99189-60-3,O=C(O)CC1(CC(=O)N)CCCCC1
550363-85-4,O=CC1=CC=C(F)C(=C1)C(=O)O
2493-84-7,O=C(O)C1=CC=C(OCCCCCCCC)C=C1
2312-15-4,O=C(O)C1=CC=C(OCCCCCCCCCCCC)C=C1
204688-61-9,O=C(OC(C)(C)C)N1CCC(CC(=O)O)C1
24250-84-8,O=C(O)C(N)CC1=CC=C(Br)C=C1
4442-53-9,O=C(O)C=1C=CC=C2OCCOC21
749875-16-9,O=C(O)C1=CC(=NC=C1Br)C(F)(F)F
203866-15-3,O=C(OC(C)(C)C)N1CC(F)(F)CC1C(=O)O
106719-44-2,O=C(OC(C)(C)C)NC(C(=O)O)CCCCN
27810-64-6,O=C(O)C1=CC=CC=2C=NC=CC21
22649-28-1,O=C(O)C1=CC=2C=CC=CC2OC1
154235-77-5,O=C(O)C=1C=CC=2N=COC2C1
37098-75-2,O=C(O)C1=CC(=CC=C1F)S(=O)(=O)Cl
5689-33-8,N#CCC=1C=CC=C(C1)C(=O)O
1060810-66-3,O=C(O)C1=CN=C(C=C1Cl)C(F)(F)F
154775-43-6,O=C(OC(C)(C)C)N1CCC(CCC(=O)O)CC1
534602-47-6,O=C(OC(C)(C)C)N1CCCC(C(=O)O)(C)C1
113231-05-3,O=C(O)CN(CC(=O)O)C(C(=O)O)CCCCN
1685-33-2,O=C(OCC=1C=CC=CC1)NC(C(=O)O)C(C)C
3243-42-3,O=C(O)CCC1=CC=CC=2C=CC=CC21
378211-85-9,O=C(O)C1=NN2C=CC=NC2=C1
34576-94-8,O=C(O)C=1SC=2C=C(Cl)C=CC2C1Cl
182415-24-3,O=C(O)C1=NNC(=C1)C=2SC=CC2
1261814-91-8,O=C(O)CCC=1C=CC=C(Br)C1F
82732-07-8,O=C(OC(C)(C)C)NC(C(=O)O)CCC=1C=CC=CC1
89336-46-9,O=C(OC(C)(C)C)NC1=NC(=CS1)CC(=O)O
1257063-35-6,[N-]=[N+]=NCCOCCOCCOCCOCCC(=O)O
16732-75-5,O=C(O)C1=CC=2C=CC(Cl)=CC2N1
101774-27-0,O=C(O)C1=CNC=2C=C(Br)C=CC21
126120-85-2,O=C(O)C=1C=CC=C2OC(F)(F)OC21
37553-65-4,O=C(OC(C)(C)C)N(C)C(C(=O)O)CC=1C=CC=CC1
5470-37-1,O=C(O)C1NC(C=2NC=3C=CC=CC3C2C1)C
68077-26-9,O=C(O)C1=CN(C2=CC(Cl)=C(F)C=C2C1=O)CC
62935-72-2,O=C1OC=2C=C(OC)C=CC2C(=C1)CC(=O)O
175204-90-7,O=C(O)C1=CN=C(OCC(F)(F)F)C=C1
56538-57-9,O=C(O)C(O)NC(=O)OCC=1C=CC=CC1
53242-76-5,O=C(O)C=1C=CC=CC1C(=O)CC2=CC=C(Cl)C=C2
71239-85-5,O=C(OC(C)(C)C)NC(C(=O)O)CC1=NC=CC=C1
486460-00-8,O=C(OC(C)(C)C)NC(CC(=O)O)CC1=CC(F)=C(F)C=C1F
356068-93-4,O=C(O)C1=C(NC(C=C2C(=O)NC3=CC=C(F)C=C32)=C1C)C
19741-14-1,O=C(O)C1=CC=C(C=C1)N(C)CC=2N=C3C(=NC2)N=C(N=C3N)N
1557038-82-0,O=C(O)C1=NNC(=C1)C=2C=CC=C(C2)N(=O)=O
7451-76-5,O=C(O)C(NC(=O)CNC(=O)CN)CC1=CN=CN1
2480-93-5,O=C(OCC=1C=CC=CC1)NCCCC(NC(=O)OC(C)(C)C)C(=O)O
193887-44-4,O=C(OCC1C=2C=CC=CC2C=3C=CC=CC31)NC(CC(=O)O)CC(C)C
65706-99-2,O=C(OCC=1C=CC=CC1)NC(C(=O)OCC=2C=CC=CC2)CCC(=O)O
59880-97-6,O=CNC(C(=O)NC(C(=O)NC(C(=O)O)CC=1C=CC=CC1)CC(C)C)CCSC
180675-08-5,O=C(OCC1C=2C=CC=CC2C=3C=CC=CC31)NC(C(=O)O)CC(=O)OC(C)(CC)CC
117322-30-2,O=C(OCC1C=2C=CC=CC2C=3C=CC=CC31)NC4(C(=O)O)CCCC4
146549-21-5,O=C(OCC1C=2C=CC=CC2C=3C=CC=CC31)NC(C(=O)O)CC=C
159610-89-6,[N-]=[N+]=NCCCCC(NC(=O)OCC1C=2C=CC=CC2C=3C=CC=CC31)C(=O)O
125602-71-3,O=C(O)CCCN1CCC(OC(C2=NC=CC=C2)C3=CC=C(Cl)C=C3)CC1
120225-54-9,O=C(O)CCC1=CC=C(C=C1)CCNC=2N=C(N)C=3N=CN(C3N2)C4OC(C(=O)NCC)C(O)C4O
10326-41-7,O=C(O)C(O)C
3142-72-1,O=C(O)C(=CCC)C
759-05-7,O=C(O)C(=O)C(C)C
80-58-0,O=C(O)C(Br)CC
32936-76-8,O=C(O)C1(C)CCC1
1457-58-5,O=C(O)C1=CN=C(N1)C
53940-83-3,O=C(O)C(N)(C)C(C)C
506-48-9,O=C(O)CCCCCCCCCCCCCCCCCCCCCCCCCCC
18999-28-5,O=C(O)C=CCCCC
502-47-6,O=C(O)CC(C)CCC=C(C)C
17463-43-3,O=C(O)C(N)C(F)(F)F
3058-01-3,O=C(O)CCC(C)CC(=O)O
82231-51-4,O=C(O)C1=NNC=C1C
87392-05-0,O=C(O)C1OCCC1
5618-03-1,O=C(O)CCC1CC1
13293-59-9,O=C(O)C1CCCC(C)C1
54594-06-8,O=C(O)C(N)CC=C
7499-06-1,O=C(O)C1=CC(Cl)=CC=C1C
100707-39-9,O=C(O)C1=NC(=NC=C1Br)C
1010-93-1,O=C(O)CN1C(=CN=C1C)N(=O)=O
2510-27-2,O=C(O)CC=1C(=NOC1C)C
2901-75-9,O=C(O)C(NC(=O)C)CC=1C=CC=CC1
29082-92-6,O=C(O)C1=NC=C(OC)C=C1
618-30-4,O=C(O)C=1OC(Cl)=CC1
61040-81-1,O=C(O)C1=CC(OC)=C(C(OC)=C1)C
24005-61-6,O=C(O)C1=NC(OC)=CN=C1
2486-80-8,O=C(O)C1=CC=C(N)C=C1OC
13091-43-5,O=C(O)C1=CC(=CC(Br)=C1N)C
585-84-2,O=C(O)C=C(C(=O)O)CC(=O)O
234081-98-2,O=C(O)CCCCCCCCCCC(=O)OC(C)(C)C
68208-18-4,O=C(O)CC(N)C1=CC=C(C=C1)C
1186194-46-6,O=C(O)C1=CN=C(OC)C(Br)=C1
652-18-6,O=C(O)C=1C(F)=C(F)C=C(F)C1F
53935-71-0,O=C(O)C=1C=CSC1Cl
40724-67-2,O=C(O)C12C(=O)CC(CC1)C2(C)C
6200-60-8,O=C(O)C1=CN=C2C=CC=CN21
717-94-2,O=C(O)CCC=1C=C(OC)C=C(OC)C1
102507-13-1,O=C(OC(C)(C)C)NC(C(=O)O)C(O)(C)C
648423-85-2,O=C(O)C=1C=CN2C=CN=C2C1
159002-17-2,O=C(OC(C)(C)C)NC(C(=O)O)CN
19545-95-0,O=C(O)COC=1C=C(C(Cl)=C(C1)C)C
935-13-7,O=C(O)CCC=1OC=CC1
88912-25-8,O=C(O)C1=NC(Cl)=CC(Cl)=C1
38289-29-1,O=C(O)C1CCC(CCCCC)CC1
2088-24-6,O=C(O)COC=1C=CC=C(OC)C1
228857-58-7,O=C(OC(C)(C)C)N1CCC1C(=O)O
2100-31-4,O=C(O)C=1C=CC=CC1OCCC
1643-16-9,O=C(O)COC1=CC=C(C=C1)C(C)C
609768-49-2,O=C(OC(C)(C)C)NC(C(=O)O)C1CC1
944896-42-8,O=C(O)C1=CN=C2C=CC(Br)=CN21
462-20-4,O=C(O)CCCCC(S)CCS
17136-36-6,O=C(O)CNCC=1C=CC=CC1
5748-41-4,O=C(O)C1=CC=C(C=C1)C=2C=CC(Cl)=CC2
2365-85-7,O=C(O)C1=CC=C(F)C(N)=C1
213598-09-5,O=C(O)C1=CC=C(OC)C(=C1)C(F)(F)F
739364-95-5,O=C(O)C=1C=NC2=CC(=NN2C1)C
636-94-2,O=C(O)C1=CC=C(C(=O)O)C(O)=C1
35404-50-3,O=C(O)CN1C(=NCC1)N
113942-30-6,O=C(O)C=1N=CN2C(=O)N(N=NC12)C
194804-91-6,O=C(O)C1=CC=C(Br)C(F)=C1F
116751-24-7,O=C(O)C1=CC(F)=C(F)C(O)=C1F
28314-83-2,O=C(O)C1=CC(Br)=C(F)C=C1F
133081-25-1,O=C(O)C1=CN=C(C=C1)NNC(=O)OC(C)(C)C
2419-94-5,O=C(OC(C)(C)C)NC(C(=O)O)CCC(=O)O
612-87-3,O=C(O)C=1C=CC=C(C1)C=2C=CC=C(C2)C(=O)O
129768-28-1,O=C(O)C1=NNC(=C1)C(F)(F)F
122773-97-1,O=C(O)C1=CN=C(N=C1)C=2C=CC=CC2
181073-82-5,N#CC1=CC(F)=C(C(=O)O)C(F)=C1
4132-86-9,O=C(OCC=1C=CC=CC1)NC(C(=O)O)C
61348-28-5,O=C(OC(C)(C)C)NC(C(=O)O)CCC(=O)N
109183-72-4,O=C(OC(C)(C)C)NC(C(=O)O)C1CCCC1
1001754-59-1,O=C(OC(C)(C)C)N1CCC(F)(C(=O)O)C1
862372-66-5,O=C(OC(C)(C)C)N1CCC(N)(C(=O)O)C1
6402-36-4,O=C(O)C=CCCCCCCCCC(=O)O
495-78-3,O=C(O)CCC=1C=CC=CC1O
2849-93-6,O=C(O)C1=NC=2C=CC=CC2N1
5581-75-9,O=C(O)CCCCCC=1C=CC=CC1
118-97-8,O=C(O)C=1C=C(C(Cl)=C(C1)N(=O)=O)N(=O)=O
458-09-3,O=C(O)CC1=CC=C(O)C(F)=C1
25173-68-6,O=C(O)CCC1=CC=C(Cl)C(Cl)=C1
194019-11-9,O=C(O)CC1=CC=C(F)C(Br)=C1
705-79-3,O=C(O)CC1=CC=C(F)C(Cl)=C1
150812-32-1,O=C(O)C1=CC(Cl)=C(Br)C=C1N
75893-75-3,O=C(O)C1=CN=C(C=C1)C2CC2
22161-81-5,O=C(O)C(C=1C=CC=C(C1)C(=O)C=2C=CC=CC2)C
18822-59-8,O=C(O)C(N)CC1=CC=C(OC(C)(C)C)C=C1
212650-43-6,O=C(OC(C)(C)C)N1CCOCC1C(=O)O
56353-15-2,O=C(O)C(NC(=O)CCNC(=O)C)CC1=CN=CN1
14173-39-8,O=C(O)C(N)CC1=CC=C(Cl)C=C1
15118-60-2,O=C(O)CCCC1=CC=C(N)C=C1
1914-60-9,O=C(O)C1OC=2C=CC=CC2C1
5768-39-8,O=C(O)C=1C=CC=C2OCOC21
313-12-2,O=C(O)C1=CC=CC(=C1N)C(F)(F)F
871727-05-8,O=C(OC(C)(C)C)N1CCC2(CC1)CC2C(=O)O
13570-08-6,O=C(O)CC1=NC=2C=CC=CC2N1
886510-09-4,O=C(O)C=1C=CN=C(C1F)C(F)(F)F
1211596-19-8,O=C(O)C=1C=NN2C=C(Br)C=CC12
111331-82-9,O=C(O)C=1C=CC=C(C1)NC(=O)OC(C)(C)C
27687-14-5,O=C(OC(C)(C)C)NCC1CCC(C(=O)O)CC1
462100-06-7,O=C(OC(C)(C)C)NCCOCCOCCOCC(=O)O
4144-64-3,O=C(O)CN1N=NC=2C=CC=CC21
35620-71-4,O=C(O)C1=CC=CN=C1OC=2C=CC=CC2
10540-39-3,O=C(O)C=1C=CC=C(C1)C=2C=CC(F)=CC2
197775-45-4,O=C(O)C1=NNC(=C1)C=2C=CN=CC2
920966-03-6,O=C(O)C=1C=NC=2NC=CC2C1Cl
109523-13-9,O=C(OC(C)(C)C)N1C(C(=O)O)CC2CCCCC12
3919-74-2,O=C(O)C=1C(=NOC1C)C=2C(F)=CC=CC2Cl
1289942-66-0,O=C(NC)C1=CC=C(C=C1F)NC(C(=O)O)(C)C
41019-45-8,O=C(O)C=1OC(=CC1)C=2C=CC(Cl)=CC2
25395-22-6,O=C(O)COC=1C=CC=CC1C(=O)N
175278-22-5,O=C(O)C1=CC=C(N)C(OC(F)(F)F)=C1
117391-50-1,O=C(O)CC(N)C=1C=CC=C(Br)C1
7423-93-0,O=C(O)C(N)CC1=CC=C(O)C(Cl)=C1
23249-97-0,O=C(O)CCC1=NC=2C=CC=CC2N1
25947-11-9,O=C(O)CC1=NNC(=O)C=2C=CC=CC21
6456-78-6,O=C(O)C1=CC(Cl)=CC2=CC=CN=C21
104173-41-3,O=C(O)C1(C=2C=CC=C(C2)C(F)(F)F)CC1
1245-13-2,O=C(O)C1=CC(=NC=2C=CC=CC21)C=3N=C4C=CC=CC4=C(C3)C(=O)O
862574-88-7,O=C(O)C1(C2=CC=C3OC(F)(F)OC3=C2)CC1
64987-82-2,O=C1C=CC(=O)N1CC2CCC(C(=O)O)CC2
129042-60-0,O=C(O)CC(N)C1=CC=C2OCOC2=C1
138774-92-2,O=C(O)C(N(C(=O)OCC1C=2C=CC=CC2C=3C=CC=CC31)C)C
17969-20-9,O=C(O)CC=1N=C(SC1)C=2C=CC(Cl)=CC2
5545-52-8,O=C(OCC=1C=CC=CC1)NC(C(=O)O)CC(=O)OC(C)(C)C
851784-82-2,O=C(O)C1=C(Cl)C=C2C(=C1Cl)CCN(C(=O)OC(C)(C)C)C2
96187-53-0,O=C(O)C=1C=2C=C(F)C=CC2N=C(C=3C=CC(=CC3)C=4C=CC=CC4F)C1C
63422-71-9,O=C(O)C(NC(=O)N1C(=O)C(=O)N(CC)CC1)C=2C=CC=CC2
90614-48-5,O=C(O)C(NC(=O)C1N(C(=O)C(N)C(C)CC)CCC1)C(C)CC
124750-92-1,O=C(O)C1=C(Cl)N=C(N1CC=2C=CC(=CC2)C=3C=CC=CC3C4=NN=NN4)CCCC
6640-09-1,O=C(O)C1=CC=2C=C(OCC=3C=CC=CC3)C=CC2N1
5680-86-4,O=C(OCC=1C=CC=CC1)NC(C(=O)O)CCC(=O)OCC=2C=CC=CC2
117106-20-4,O=C(O)C(N(C(=O)OCC1C=2C=CC=CC2C=3C=CC=CC31)C)C(OC(C)(C)C)C
54613-99-9,O=C(OCC=1C=CC=CC1Cl)NCCCCC(NC(=O)OC(C)(C)C)C(=O)O
14997-58-1,O=C(O)C(NC(=O)OCC=1C=CC=CC1)CC2=CN=CN2
161420-87-7,O=C(OCC1C=2C=CC=CC2C=3C=CC=CC31)NC(C(=O)O)CCN
878672-00-5,O=C(O)CSC1=NN=C(Br)N1C=2C=CC(=C3C=CC=CC32)C4CC4
108321-39-7,O=C(OCC1C=2C=CC=CC2C=3C=CC=CC31)NC(C(=O)O)CC(=O)N
127582-76-7,O=C(OCC1C=2C=CC=CC2C=3C=CC=CC31)NCCCCCCC(=O)O
105047-45-8,O=C(OCC1C=2C=CC=CC2C=3C=CC=CC31)NC(C(=O)O)CCCCN
199110-64-0,O=C(OCC1C=2C=CC=CC2C=3C=CC=CC31)NC(C(=O)O)CC=4C=CC(=CC4)C=5C=CC=CC5
936727-05-8,O=C(O)C1=CC=CC(=C1)C2=NC(=CC=C2C)NC(=O)C3(C4=CC=C5OC(F)(F)OC5=C4)CC3
175453-07-3,O=C(O)C(NC(=O)OCC1C=2C=CC=CC2C=3C=CC=CC31)CC=4C=NC=CC4
201532-42-5,O=C(OCC1C=2C=CC=CC2C=3C=CC=CC31)NC(C(=O)O)CC=4SC=CC4
81379-52-4,O=C(OCC1C=2C=CC=CC2C=3C=CC=CC31)NC(C(=O)O)CC=4N=CN(C4)C(=O)OC(C)(C)C
134-35-0,O=C1N=C(N)NC=2NCC(N(C12)C)CNC3=CC=C(C=C3)C(=O)NC(C(=O)O)CCC(=O)O
16957-70-3,O=C(O)C(=CCC)C
565-74-2,O=C(O)C(Br)C(C)C
4324-38-3,O=C(O)CCOCC
18725-37-6,O=C(SCC(NC(=O)C)C(=O)O)C
78071-30-4,O=C(O)C1=CSC=C1C
504-88-1,O=C(O)CCN(=O)=O
57338-76-8,O=C(O)C=1C=C(NC1C)C
120237-76-5,O=C(O)C=1N=CSC1C
157335-92-7,O=C(O)C=1C=NC=NC1C
4100-13-4,O=C(O)C=1N=NSC1
194788-10-8,O=C(O)C1CC(O)C1
15962-46-6,O=C(O)C(NC(=O)C)C=1C=CC=CC1
34252-44-3,O=C(O)C1=C2C=CC=CC2=NN1C
10541-83-0,O=C(O)C1=CC=C(C=C1)NC
5521-61-9,O=C(O)C=1N=C(C=NC1)C
1009-67-2,O=C(O)C(C)CC=1C=CC=CC1
4021-12-9,O=C(O)C=1C=CN=CC1C
23229-72-3,O=C(O)C=1SC(=CC1)CC
67319-28-2,O=C(O)CCOCCOCCOCCOC
144163-65-5,O=C(O)CCC1=NC=CS1
52320-59-9,O=C(O)C1=NOC(=C1)CC
103204-69-9,O=C(O)C1=CC=C(C=C1C)NC(=O)C
1120-12-3,O=C(O)CCCCCCCCN
3788-56-5,O=C(O)CCCCCCCCO
825-99-0,O=C(O)C=1C=CC=C(SC)C1
20826-03-3,O=C(O)C=1C=NC=C(OC)C1
5156-01-4,O=C(O)C1=CC=C(C(=O)O)C(=C1)C
2373-76-4,O=C(O)C=CC=1C=CC=CC1C
23239-35-2,O=C(O)C(N)(C)CC=1C=CC=CC1
55480-45-0,O=C(O)CCN1CCN(C)CC1
4125-93-3,O=C(O)CC(N)C(=O)OC(C)(C)C
88982-82-5,O=C(O)C1=NC(Br)=CS1
83846-66-6,O=C(O)C1(C2=CC=C(C=C2)C)CC1
1126-44-9,O=C(O)C1=NC(=NC=C1)SC
1196151-51-5,O=C(O)C1=NC=C(F)C=N1
487-79-6,O=C(O)CC1C(NCC1C(=C)C)C(=O)O
32857-63-9,O=C(O)CC1=CC=C(C=C1)C(C)(C)C
57479-70-6,O=C(O)C1=CC=C(Cl)C=C1OC
1119-33-1,O=C(O)C(N)CCC(=O)OCC
725-14-4,O=C(O)C1=CC=C(C=C1)C=2C=CC(OC)=CC2
56256-14-5,O=C(O)C1=CC=C(Br)C(OC)=C1
56518-42-4,O=C(O)C1=CC(OC)=C(Br)C(OC)=C1
106428-05-1,O=C(O)C=1C=CC=C(F)C1OC
1242157-23-8,O=C(O)C=1C(F)=CC(Br)=CC1C
54232-43-8,O=C(O)C1=NC(Br)=C(OC)C=C1
14328-51-9,O=C(O)C(N)C1CCCCC1
7311-70-8,O=C(O)C=1C=C(Br)SC1Br
37478-58-3,O=C(O)CN1CCNCC1
706789-07-3,O=C(O)C=1N=C(Cl)OC1
129765-95-3,O=C(OC(C)(C)C)NC(C)(C)CC(=O)O
261952-01-6,O=C(O)C1=CC=C(C(=C1)C(F)(F)F)C
7151-76-0,O=C(O)C1=CC=C(C=C1)NS(=O)(=O)C
14436-32-9,O=C(O)CCCCCCCC=C
786616-54-4,O=C(O)C=1C=C(F)C=C(N)C1
35969-54-1,O=C(O)C1=CC=CN=C1OCC
13334-49-1,O=C(O)COC1=CC=C(C=C1C)C
32194-76-6,O=C(O)C1=CC=CC(=C1)COC
88-97-1,O=C(O)C=1C=CC=CC1C(=O)N
7620-28-2,O=C(O)CCCC(N)C(=O)O
13726-67-5,O=C(OC(C)(C)C)NC(C(=O)O)CC(=O)O
14486-03-4,O=C(O)CNC(=O)C(N)CCSC
17874-79-2,O=C(O)C1=NC=C(C=C1)C(=O)OC
774-81-2,O=C(O)CC1=CC=C(OC)C(Br)=C1
1208-64-6,O=C(O)CCC1=CC=C(C=C1)C(C)(C)C
452-14-2,O=C(O)CC1=CC=C(OC)C(F)=C1
107650-20-4,O=C(O)C1=CC(Br)=CC(=C1C)N(=O)=O
62642-59-5,O=C(O)C1=CC=C(C=C1)CN(CC)CC
150-39-0,O=C(O)CN(CC(=O)O)CCN(CC(=O)O)CCO
56741-33-4,O=C(O)C1=CC(N)=CC=C1F
133261-33-3,O=C(O)C1CCC(CC1)C(F)(F)F
886371-78-4,O=C(O)C1=NC=CC(F)=C1
29241-66-5,O=C(O)C1=CC(Br)=CN=C1F
69422-72-6,O=C(O)C=1C(Cl)=NC(Cl)=CC1Cl
153203-80-6,O=CC1=C(Cl)C=C(C=C1Cl)C(=O)O
956317-36-5,O=C(O)C1=CC(=CC=C1N2N=CC=N2)C
634-38-8,O=C(O)C1=CC(=NC=2C=CC=CC21)C
2373-79-7,O=C(O)C=CC1=CC=C(OCC)C=C1
19746-37-3,O=C(OC(C)(C)C)NC(C(=O)O)CSCNC(=O)C
72925-16-7,O=C(OC(C)(C)C)N1CCC(C(=O)O)C1
395-33-5,O=C(O)C(O)C1=CC=C(F)C=C1
2901-80-6,O=C(O)C(NC(=O)C=1C=CC=CC1)C(C)C
38186-88-8,O=C(O)C1=CC(F)=CN=C1Cl
142929-49-5,O=C(OC(C)(C)C)NCCOCC(=O)O
19155-88-5,O=C(O)C=1C=CC2=NON=C2C1
17745-04-9,O=C(O)CC1=CN=C2C=CC=CN21
102082-89-3,O=C(O)C=CC=1C(F)=CC=CC1F
63039-46-3,O=C(OC(C)(C)C)NC(C(=O)O)CC#C
50921-37-4,O=C(O)C1(C2=CC=C(OC)C=C2)CCC1
15872-41-0,O=C(O)C1=CC=C(OCCCCC)C=C1
252720-31-3,O=C(OC(C)(C)C)NC1(C(=O)O)CCNCC1
575-89-3,O=C(O)COC=1C(Cl)=CC(Cl)=CC1Cl
39891-13-9,O=C(O)CC1=CN=C(Cl)C=C1
38235-71-1,O=C(O)C=1C=CC=C(C1)NN
26537-68-8,O=C(O)C1=COC=2C=CC=CC21
126674-77-9,O=C(O)C=1C(F)=CC(F)=CC1N
10538-48-4,O=C(O)CCC=1C=CC=C(OC)C1OC
3622-04-6,O=C(O)C1=NC=2C=CC=CC2S1
15115-58-9,O=C(O)CCC=1C=CC=CC1Br
619-12-5,O=CC1=CC=C(C=C1O)C(=O)O
27912-85-2,O=C(O)CCOCC=1C=CC=CC1
114897-92-6,O=C(O)CC1=CC=C(Br)C=C1F
5344-49-0,O=C(O)C=1C(Cl)=CC=CC1N(=O)=O
640296-19-1,N#CC=1C=CN=C(C1)C(=O)O
15030-72-5,O=C(OCC=1C=CC=CC1)NC(C(=O)O)(C)C
159622-10-3,O=C(OC(C)(C)C)NC1(C(=O)O)CC1C=C
84348-38-9,O=C(OC(C)(C)C)N1CC(=C)CC1C(=O)O
21752-36-3,O=C(O)C=1C=CC=CC1C(=O)NC(C=2C=CC=CC2)C
4790-08-3,O=C(O)C1=CC=2C=C(O)C(O)=CC2N1
1711-24-6,O=C(O)C1=CC=C(OCCO)C=C1
1729-99-3,O=C(O)C1=CC=CC=2C=CC=C(Br)C21
195457-71-7,O=C(O)C=1C=CC(=CC1)C2=CC=C(C=C2)C(F)(F)F
4385-78-8,O=C(O)C1=CC=CC(=C1)C=2C=CN=CC2
6635-31-0,O=C(O)C1=CNC(=O)C(=C1)N(=O)=O
110117-83-4,O=C(O)C(N)CC1=CN(C=2C=CC=CC21)C
106261-48-7,O=C(O)C1=CC=C(C=C1)CN2CCN(C)CC2
1798-11-4,O=C(O)COC1=CC=C(C=C1)N(=O)=O
172531-37-2,[N-]=[N+]=NCCOCCOCCOCC(=O)O
20300-59-8,O=C(O)C1=CC=2C=CC(OC)=CC2OC1=O
25128-35-2,O=C(O)C1=CC=CC=2C(=O)C(=O)NC12
64951-10-6,O=C(O)C=1N=C2N=CC=CN2C1
29640-98-0,O=C(O)CC1=CC(F)=CC=C1N(=O)=O
549506-47-0,O=C(OC(C)(C)C)N1CC(=O)N(CC(=O)O)CC1
1335210-23-5,O=C(O)C1=CN(C(C(=O)OC)=C(OC)C1=O)CC(OC)OC
85031-59-0,O=C(O)C(C)C1CCC(C)C2CCC(=CC12)C
16534-24-0,O=C(O)CNC(=O)C=CC=1C=CC=CC1
1013-83-8,O=C(O)C=1C=CC=2C(Br)=CC=CC2C1
320-37-6,O=C(O)C1=CC=C(C=C1C(F)(F)F)N(=O)=O
2003-79-4,O=C(O)C1=CC=2C=CC=CC2NC1=O
41177-72-4,O=C(O)C1=CC(Br)=CC2=C1OCC2
115933-30-7,O=C(O)C=1SC(=CC1)C=2C=CC(F)=CC2
194943-83-4,O=C(O)CC1=CC=CC(=C1F)C(F)(F)F
1026201-52-4,O=C(O)C=1N=C2C=CC=C(Br)N2C1
4958-02-5,O=C(O)C1CC(OCC=2C=CC=CC2)C1
16441-28-4,O=C(O)CC=1N=C(SC1)C=2C=CC=CC2
55533-24-9,O=C(OC(C)(C)C)NC(C(=O)O)CC1=CC=C(N)C=C1
4443-26-9,O=C(O)CCCCCN1C(=O)C=2C=CC=CC2C1=O
6960-45-8,O=C(O)C1=CC=2C=CC=C(C2N1)N(=O)=O
199528-28-4,O=C(O)C=1C=CC=C(C1)C=2C=CC(=CC2)C(F)(F)F
683-10-3,O=C([O-])C[N+](C)(C)CCCCCCCCCCCC
13030-09-6,O=C(O)CCC(N)C(=O)OCC=1C=CC=CC1
149353-75-3,O=C(O)C1=CC=C(C=C1)C2CCN(C(=O)OC(C)(C)C)CC2
215057-28-6,O=C(O)CCC1=CC=C2OCCC2=C1
5733-86-8,O=C(O)C1CC(=O)N(CC=2C=CC=CC2)C1
1143516-05-5,O=C(O)COCCOCCNC(=O)COCCOCCN
340736-76-7,O=C(O)C=1C=CC(=CC1)C2=NOC(=N2)C(F)(F)F
595610-50-7,O=C(O)C1=NNC(=C1)C=2C=CC=C(Cl)C2
58438-04-3,O=C(OC(C)(C)C)NC(C(=O)O)CC=1C=CC=2C=CC=CC2C1
1740-19-8,O=C(O)C1(C)CCCC2(C3=CC=C(C=C3CCC12)C(C)C)C
57564-91-7,O=NSCC(NC(=O)CCC(N)C(=O)O)C(=O)NCC(=O)O
96036-03-2,O=C(O)C1=C(SC2CNC(C(=O)N(C)C)C2)C(C)C3N1C(=O)C3C(O)C
252916-29-3,O=C(O)CCC1=C(NC(C=C2C(=O)NC=3C=CC=CC32)=C1C)C
312624-65-0,O=C(OCC1C=2C=CC=CC2C=3C=CC=CC31)NC(C(=O)O)(C)CC(C)C
143688-83-9,O=C(OCC1C=2C=CC=CC2C=3C=CC=CC31)NC(C(=O)O)C(C)CC
195387-29-2,O=C(O)C1=CC(=CN1C)NC(=O)OCC2C=3C=CC=CC3C=4C=CC=CC42
20187-55-7,O=C(O)COC1=NN(C=2C=CC=CC12)CC=3C=CC=CC3
34404-32-5,O=C(OCC=1C=CC=CC1)NCCCCC(N)C(=O)O
78190-11-1,O=C(OCC=1C=CC=CC1)N2CCCC(C(=O)O)C2
288617-73-2,O=C(OCC1C=2C=CC=CC2C=3C=CC=CC31)NC(C(=O)O)(C)CCCC=C
164470-64-8,O=C(O)C1=CC=C(C=C1)CNC(=O)OCC2C=3C=CC=CC3C=4C=CC=CC42
70831-56-0,O=C(OC(C(=O)O)C(OC(=O)C=CC1=CC=C(O)C(O)=C1)C(=O)O)C=CC2=CC=C(O)C(O)=C2
136552-06-2,O=C(O)C1N(C(=O)OCC2C=3C=CC=CC3C=4C=CC=CC42)CC1
98079-51-7,O=C(O)C1=CN(C2=C(F)C(=C(F)C=C2C1=O)N3CCNC(C)C3)CC
203854-49-3,O=C(OCC1C=2C=CC=CC2C=3C=CC=CC31)NC(CC(=O)O)CCC(=O)OC(C)(C)C
1956-25-8,O=C(O)C(N)CC1=CNC=2C=CC(OCC=3C=CC=CC3)=CC21
193954-28-8,O=C(O)CC(NC(=O)OCC1C=2C=CC=CC2C=3C=CC=CC31)CC=4C=CC=CC4
220497-98-3,O=C(OCC1C=2C=CC=CC2C=3C=CC=CC31)NC(C(=O)O)CC#C
81846-19-7,O=C(O)COC1=CC=CC2=C1CC3CC(O)C(CCC(O)CCCCC)C3C2
84624-27-1,O=C(OCC1C=2C=CC=CC2C=3C=CC=CC31)NCCCCC(NC(=O)OC(C)(C)C)C(=O)O
136030-33-6,O=C(O)C1N(C(=O)OCC2C=3C=CC=CC3C=4C=CC=CC42)CC=5C=CC=CC5C1
95753-56-3,O=C(OCC1C=2C=CC=CC2C=3C=CC=CC31)NC(C(=O)O)CC4=CC=C(N)C=C4
101555-63-9,O=C(O)C1N(C(=O)OCC2C=3C=CC=CC3C=4C=CC=CC42)CCCC1
185379-40-2,O=C(O)C(NC(=O)OCC1C=2C=CC=CC2C=3C=CC=CC31)CC4=NC=CC=C4
51059-44-0,O=C(O)C1OC(OC2=CC(O)=C3C(=O)C=C(OC3=C2OC)C=4C=CC=CC4)C(O)C(O)C1O
31690-09-2,O=C1N=C(N)NC=2NCC(N(C12)C)CNC3=CC=C(C=C3)C(=O)NC(C(=O)O)CCC(=O)O
79-41-4,O=C(O)C(=C)C
1730-91-2,O=C(O)C(C)CC
815-17-8,O=C(O)C(=O)C(C)(C)C
29555-02-0,O=C(O)C1CC1C
51568-18-4,O=C(O)CCC(=O)CC(=O)C
2679-14-3,O=C(O)CCNC
157335-93-8,O=C(O)C=1C(=NC=NC1C)C
41806-40-0,O=C(O)C1=CN=CN1C
15926-18-8,O=C(O)CNC(=O)C(C)C
19156-50-4,O=C(O)C1=CSC(=C1)C
377-38-8,O=C(O)C(F)(F)C(F)(F)C(=O)O
3695-73-6,O=C(O)C(NC(=O)CN)C
149577-05-9,O=C(O)CCOCCOC
261350-46-3,O=C(O)C=1ON=CC1C
33996-33-7,O=C(O)C1N(C(=O)C)CC(O)C1
51019-43-3,O=C(O)C(OC(=O)C)C=1C=CC=CC1
67-21-0,O=C(O)C(N)CCSCC
54699-92-2,O=C(O)CN1CCN(C)CC1
5860-71-9,O=C(O)C1=CC=C(N=C1C)C
37386-15-5,O=C(O)CN1CCCC1
818-88-2,O=C(O)CCCCCCCCC(=O)OC
32466-54-9,O=C(O)C=CCCCCCCCCC
4617-33-8,O=C(O)CCCCCCCCCCCCCCO
15959-93-0,O=C(O)C(N)CC(F)(F)F
436096-96-7,O=C(O)C=1C=NN(C1)C(C)C
886365-02-2,O=C(O)C1=NC=C(Br)C(=C1)C
324028-95-7,O=C(O)C1=NC(Cl)=CC(=C1)C
141046-52-8,O=C(O)C12CCC(C(=O)OC)(C1)C2
28715-21-1,O=C(O)CC(O)CCCCCCCCCCC
38289-27-9,O=C(O)C1CCC(CCC)CC1
16034-48-3,O=C(O)CN1N=CC=C1
50419-58-4,O=C(O)C1=CC=C(C(=C1N)C)C
5438-07-3,O=C(O)C(N)(C=1C=CC=CC1)CC
66621-73-6,O=C(O)CC1=NC=CC=N1
633-12-5,O=C(O)C=1C(Br)=CC(Br)=CC1Br
91702-98-6,O=C(O)C(CSC(=O)C)CC=1C=CC=CC1
394-04-7,O=C(O)C1=CC(F)=CC=C1OC
3403-47-2,O=C(O)C1=CC(N)=CC=C1OC
82846-28-4,O=C(O)C1=CN=C(C=C1)N(C)C
183741-91-5,O=C(O)C1=CC(=NC=C1N)OC
51719-65-4,O=C(O)CC=1C=C(Cl)C=C(Cl)C1
143832-52-4,O=C(O)CC1=NN=C(N)N1
10502-44-0,O=C(O)C(O)C1=CC=C(OC)C=C1
1205-02-3,O=C(O)C(NC(=O)C=1C=CC=CC1)C
149794-10-5,O=C(OC(C)(C)C)N(CC(=O)O)CC
716362-10-6,O=C(O)C1=CN=C(Cl)C=C1OC
2613-89-0,O=C(O)C(C(=O)O)C=1C=CC=CC1
2358-29-4,O=C(O)C=1C(F)=CC=C(F)C1F
84547-87-5,O=C(O)C1=NNC=C1Cl
506-21-8,O=C(O)CCCCCCCC=CCC=CCCCCC
124072-61-3,O=C(OC(C)(C)C)N(C)CCC(=O)O
2935-63-9,O=C(O)COC1=CC=CC(=C1C)C
253120-47-7,O=C(O)C1=CC=CC(C(=O)OC)=C1N
603-81-6,O=C(O)C=1C=CC=C(N)C1N
652-34-6,O=C(O)C1=C(F)C(F)=C(O)C(F)=C1F
204376-48-7,O=C(OC(C)(C)C)NCC1(C(=O)O)CC1
7569-62-2,O=C(O)CC1=CC(Cl)=CC=C1OC
605-70-9,O=C(O)C1=CC=C(C(=O)O)C=2C=CC=CC12
6286-30-2,O=C(O)C(Br)C(Br)C=1C=CC=CC1
81719-53-1,O=C(O)C1=NC=C(Cl)C=C1Cl
1052714-46-1,O=C(O)C1=NC(Br)=C(F)C=C1
22540-50-7,O=C1NCC(C(=O)O)CC1
536-69-6,O=C(O)C1=NC=C(C=C1)CCCC
6099-04-3,O=C(O)C=CC=1C=CC=C(OC)C1
6941-28-2,O=C(O)C=1C=CC=2N=C(SC2C1)C
65813-55-0,O=C(O)C(C1=CC=C(C=C1)C(=O)C(C)C)C
191664-14-9,O=C(OC(C)(C)C)NCC(C(=O)O)C(C)C
16937-99-8,O=C(OC(C)(C)C)NC(C(=O)O)CC(C)C
627-76-9,O=C(O)CCCCC(N)C(=O)O
110964-79-9,O=C(O)C1=CC=C(C=C1N(=O)=O)S(=O)(=O)C
51293-47-1,O=C(OC(C)(C)C)NC(C(=O)O)COC
37828-19-6,O=C(O)C1(C=2C=CC=CC2)CCC1
40357-96-8,O=C(O)C1=CSC(=C1)N(=O)=O
5930-93-8,O=C(O)C1=CC(=CN1)N(=O)=O
884494-76-2,O=C(O)C1=NC(Cl)=CC=C1F
178306-52-0,O=C(O)C(O)C(OC)(C=1C=CC=CC1)C=2C=CC=CC2
80445-78-9,O=C(OC(C)(C)C)NC(C(=O)O)CCN
127926-24-3,O=C(OC(C)(C)C)N1CC2CC1(C(=O)O)C2
130309-46-5,O=C(OC(C)(C)C)NC1CCC(C(=O)O)CC1
261165-05-3,O=C(OC(C)(C)C)NC1CCC(C(=O)O)C1
451-69-4,O=C(O)C=CC=1C=CC=CC1F
131747-40-5,O=C(O)C1=CN=CC(=C1)C(F)(F)F
129623-61-6,O=C(O)C1=CC=C(OC2=CC=C(F)C=C2)C=C1
50681-26-0,O=C(O)C1=CC(Cl)=NNC1=O
929022-76-4,O=C(O)C1=C(F)C=CN=C1Cl
98045-03-5,O=C(OC(C)(C)C)NC(C(=O)OC)CC(=O)O
245115-25-7,O=C(OC(C)(C)C)NC1CCCC1C(=O)O
90417-53-1,O=C(O)C1=NNC=2C=CC(OC)=CC12
151907-79-8,O=C(OC(C)(C)C)NC1C=CC(C(=O)O)C1
56-88-2,O=C(O)C(N)CSCCC(N)C(=O)O
1078-21-3,O=C(O)CC(C=1C=CC=CC1)CN
19337-97-4,O=C(O)C=CC=1C=NC=CC1
1643-28-3,O=C(O)CCC=1C=CC=CC1Cl
4479-74-7,O=C(O)C=1N=C(C=CC1)C=2N=C(C=CC2)C(=O)O
52938-97-3,O=C(O)C=1OC(=CC1)C=2C=CC=CC2
20595-45-3,O=C(O)C=CC1=CC=C(Cl)C=C1Cl
115029-22-6,O=C(O)C1=CC=CC(=C1F)C(F)(F)F
199678-12-1,O=C(O)C=1C=CC(=CC1)C2=NC=CC=N2
56502-01-3,O=C(OC(C)(C)C)N1CCCC1CC(=O)O
364750-81-2,O=C(OC(C)(C)C)N1CC(C)CC1C(=O)O
884512-77-0,O=C(OC(C)(C)C)N1CCOC(C(=O)O)C1
101555-60-6,O=C(OC(C)(C)C)N1CCCC1CC(=O)O
7200-25-1,O=C(O)C(N)CCCNC(=N)N
619-89-6,O=C(O)C=CC1=CC=C(C=C1)N(=O)=O
14381-42-1,O=C(O)C1C=2C=CC=CC2CC1
90721-27-0,O=C(O)C=1C=CC=2OC=CC2C1
3987-53-9,O=C(O)CN(CC(=O)O)CC=1C=CC=CC1
2060-64-2,O=C(O)C=1C=CC=2SC=CC2C1
83265-53-6,O=C(O)C1=CC(=CC=C1N)C(F)(F)F
13333-86-3,O=C(O)COC=1C=CC(=CC1)C=2C=CC=CC2
654-99-9,O=C(O)C1=CC(F)=CC=C1C(F)(F)F
153-91-3,O=C(O)C(N)(C)CC1=CNC=2C=CC=CC21
222530-33-8,O=C(OC(C)(C)C)NC1CCCC(C(=O)O)C1
1087798-38-6,O=C(OC(C)(C)C)NC1CC2(C1)CC(C(=O)O)C2
891782-63-1,O=C(O)C=1N=CC(=NC1)NC(=O)OC(C)(C)C
20717-79-7,O=C(O)C=1C=CC=2C=CC=CC2C1Br
59020-44-9,O=C(O)C1=NC(=CS1)C=2C=CC=CC2
677304-83-5,O=C(O)C1=CC=CC=2N=CSC21
474432-62-7,O=C(O)C1=CC=CC2=CC=NN21
71420-92-3,O=C(OC(C)(C)C)NCC1=CC=C(C=C1)CC(=O)O
13450-77-6,O=C(O)CNC(=O)C1=CC=C(Cl)C=C1
21278-86-4,O=C(O)C=1N=C(SC1)C=2C=CN=CC2
128293-64-1,O=C(O)C1=NC(=CN1C)NC(=O)OC(C)(C)C
41034-52-0,O=C(O)C1NCCC=2C=CC=CC21
5728-43-8,O=C(O)C=1C=CC(=CC1)C2=CC=CC(Cl)=C2
29886-63-3,O=C(O)C1=CC=CC(=C1)C=2SC=CC2
142247-38-9,O=C(OC(C)(C)C)N1CCC(CC1)CCCC(=O)O
5852-10-8,O=C1OC=2C=C(O)C=CC2C(=C1CC(=O)O)C
19883-77-3,O=C(O)C(N)CC=1C=CC=C(F)C1
19075-58-2,O=C(O)C=1SC=2C=C(Br)C=CC2C1
16732-64-2,O=C(O)C1=CC=2C(Br)=CC=CC2N1
16555-60-5,O=C(O)CNC(=O)C=1C=CC=CC1Cl
798545-30-9,O=C(O)C1=CN=C2C=CC(Br)=CC2=C1
80286-58-4,O=C(O)C(=C)C1CCC(C)C2CCC(=CC12)C
119434-75-2,O=C(OC(C)(C)C)NC(C(=O)O)CC=1N=CSC1
55516-54-6,O=C(O)C(N)CC1=CC=CC=2C=CC=CC21
34576-92-6,O=C(O)C=1SC=2C=C(F)C=CC2C1Cl
110931-77-6,O=C(O)CCC(=O)C1=CC=C(F)C=C1F
892874-49-6,O=C(O)C1=CN=C2C=C(Cl)C=CC2=C1
138907-81-0,O=C(O)C=1C=NN(C1)C2=CC=C(F)C=C2
116293-90-4,O=C(O)C1=CN=C2C=CC(F)=CC2=C1
1374666-32-6,O=C(O)CCOCCOCCN1C(=O)C=CC1=O
33282-24-5,O=C(O)C1=NOC(=C1)C=2C=CC(F)=CC2
6501-72-0,O=C(O)CC1ON=C(C=2C=CC=CC2)C1
859155-87-6,O=C(O)C1=NNC(=C1)C=2C=CC=CC2F
1141-23-7,O=C(O)CC(C1=CC=C(Cl)C=C1)CC(=O)N
170097-67-3,O=C(O)C1=CC=C2C(=C1)CCN(C(=O)OC(C)(C)C)C2
149353-95-7,O=C(O)C1=CC=C2C(=C1)CN(C(=O)OC(C)(C)C)CC2
82009-34-5,O=C(O)C(=CCCCCSCC(N)C(=O)O)NC(=O)C1CC1(C)C
84677-06-5,O=C(OCC=1C=CC=CC1)NC2(C(=O)O)CC2
361442-00-4,O=C(OC(C)(C)C)NC(C(=O)O)C12CC3CC(CC(O)(C3)C1)C2
114873-01-7,O=C(OC(C)(C)C)NC(C(=O)O)CC=1C=CC=C(F)C1
123853-39-4,O=C(O)C1=C(NC(=C(C(=O)OC)C1C=2C=CC=C(Cl)C2Cl)C)C
132-66-1,O=C(O)C=1C=CC=CC1C(=O)NC2=CC=CC=3C=CC=CC32
116-43-8,O=C(O)CCC(=O)NC1=CC=C(C=C1)S(=O)(=O)NC2=NC=CS2
65710-57-8,O=C(OCC=1C=CC=CC1)NCC(NC(=O)OC(C)(C)C)C(=O)O
1374516-07-0,O=C(O)CCC1=CC=C(OCC2=CC(F)=CC=C2C=3C=CC(=CC3)C)C=C1
4474-86-6,O=C(OCC=1C=CC=CC1)NC(C(=O)O)CC(=O)N
156897-06-2,O=C(O)CC1=C(C=2C=CC(Cl)=CC2)C(C=3C=CC=CC3)=C4N1CC(C)(C)C4
2650-64-8,O=C(OCC=1C=CC=CC1)NC(C(=O)O)CCC(=O)N
180414-94-2,O=C(OCC1C=2C=CC=CC2C=3C=CC=CC31)NC(C(=O)O)CCC(C)C
104239-97-6,O=C1C=CC2(C)C(N1)CCC3C2CCC4(C)C(C(=O)O)CCC34
251316-98-0,O=C(OCC1C=2C=CC=CC2C=3C=CC=CC31)NC(C(=O)O)C(C)CC
167275-47-0,O=C(O)C1(N(C(=O)OCC2C=3C=CC=CC3C=4C=CC=CC42)CCC1)C
551-11-1,O=C(O)CCCC=CCC1C(O)CC(O)C1C=CC(O)CCCCC
95809-78-2,O=C(O)CCCCC(SCC=1C=CC=CC1)CCSCC=2C=CC=CC2
197632-77-2,O=C(O)C(N(C(=O)OCC1C=2C=CC=CC2C=3C=CC=CC31)C)COC(C)(C)C
172732-68-2,O=C(N)C(=O)C=1C=2C(OCC(=O)O)=CC=CC2N(C1CC)CC=3C=CC=CC3
152548-66-8,O=C(OCC1C=2C=CC=CC2C=3C=CC=CC31)N(C)C(C(=O)O)CC(=O)OC(C)(C)C
136083-57-3,O=C(OCC1C=2C=CC=CC2C=3C=CC=CC31)NC(C(=O)O)CC(=O)O
133373-24-7,O=C(O)C(N(C(=O)OCC1C=2C=CC=CC2C=3C=CC=CC31)C)CC4=CC=C(OC(C)(C)C)C=C4
1009820-21-6,O=C(O)C=1C=CC2=C(N=C(NC=3C=CC=C(Cl)C3)C=4C=CN=CC24)C1
162648-54-6,O=C(OCC1C=2C=CC=CC2C=3C=CC=CC31)NC4(C(=O)O)CCCCC4
170642-28-1,O=C(OCC1C=2C=CC=CC2C=3C=CC=CC31)NC(C(=O)O)CC=C
78919-13-8,O=C(O)CCCC=C1CC2CC(O)C(C=CC(O)C(C)CC#CC)C2C1
181128-48-3,O=C(OCC1C=2C=CC=CC2C=3C=CC=CC31)NC(C(=O)O)CC(F)(F)F
49557-75-7,O=C(O)C(NC(=O)C(NC(=O)CN)CC1=CN=CN1)CCCCN
220497-61-0,O=C(OCC1C=2C=CC=CC2C=3C=CC=CC31)NC(C(=O)O)C4CCCC4
285996-72-7,O=C(OCC1C=2C=CC=CC2C=3C=CC=CC31)NC4(C(=O)O)CCOCC4
205528-32-1,O=C(O)C(NC(=O)OCC1C=2C=CC=CC2C=3C=CC=CC31)CC=4N=CSC4
130752-32-8,O=C(OCC1C=2C=CC=CC2C=3C=CC=CC31)NC(C(=O)O)CCCNC(=N)N
188970-92-5,O=C(OCC=C)NCC(NC(=O)OCC1C=2C=CC=CC2C=3C=CC=CC31)C(=O)O
1115-69-1,O=C(O)C(NC(=O)C)C
2566-34-9,O=C(O)C(NC)(C)C
3347-90-8,O=C(O)C(O)CC
4249-19-8,O=C(O)C(C)CN
23953-00-6,O=C(O)C(OC)C
56970-78-6,O=C(O)C(C)CBr
646-01-5,O=C(O)CCSC
595-40-4,O=C(O)C(N)(C)CC
601-79-6,O=C(O)C(C(=O)O)C(C)C
25055-86-1,O=C(O)CCC1(N=N1)C
41459-42-1,O=C(O)C(CBr)CBr
67776-06-1,O=NSC(C)(C)C(NC(=O)C)C(=O)O
6853-87-8,O=C(O)C(N)CS(=O)C
4144-02-9,O=C(O)C(N)C(OC)C
412281-11-9,O=C(O)C1CN(C)CC1
583-91-5,O=C(O)C(O)CCSC
499-49-0,O=C(O)C=1C=C(C=C(C1)C)C(=O)O
40283-46-3,O=C(O)C=1SC(=NC1)N
31872-98-7,O=C(O)C(N)CCC(C)C
108-81-6,O=C(O)C(CC)CC(C)C
188937-16-8,O=C(O)CC1=NC=CS1
681-57-2,O=C(O)CCC(C(=O)O)(C)C
67973-32-4,O=C(O)C1=CC(Br)=C(C(Br)=C1)C
138650-24-5,O=C(O)C1(N)COC1
84547-86-4,O=C(O)C1=NN(C=C1Br)C
183237-86-7,O=C(O)C1=CC(F)=C(F)C=C1C
5657-17-0,O=C(O)CNCCNCC(=O)O
56523-59-2,O=C(O)CCCCCCCCCCCCCCBr
2016-99-1,O=C(O)C=1C=C(Br)N=C(Br)C1
15785-52-1,O=C(O)C(N)CC1CC1
593-39-5,O=C(O)CCCCC=CCCCCCCCCCCC
943-45-3,O=C(O)C(OC=1C=CC=CC1)(C)C
74761-42-5,O=C(OC)NC(C(=O)O)C(C)C
400755-43-3,O=C(O)C1=CC=NN1CC
13227-01-5,O=C(O)C(N)C1=CC=C(C=C1)C
52916-16-2,O=C(O)C1CCOC(C)(C)C1
2305-26-2,O=C(O)C1CC=CCC1C(=O)O
34272-64-5,O=C(O)CC=1SC(=S)NC1C
74470-23-8,O=C(O)C1=CC=CN=C1SC
2434-00-6,O=C(O)CC1OCCC1
3095-38-3,O=C(O)C=1C=C(C(=C(C1)C)N(=O)=O)C
2521-84-8,O=C(O)C(N)C1CCCC1
78350-50-2,O=C(O)C1=NON=C1N
15579-00-7,O=C(O)CCSSCCN
16034-49-4,O=C(O)CN1N=C(C=C1C)C
4488-40-8,O=C(O)C1=CC=C(C=2C=CC=CC12)C
74317-85-4,O=C(O)C1=CC=C(OC)C=C1Br
5651-47-8,O=C(O)C1=CC=CC(=C1)C(C)C
101084-39-3,O=C(O)C=1C=CC=C(Br)C1OC
1467-70-5,O=C(O)C(=O)C=1OC=CC1
5708-19-0,O=C(O)C1CC=CCC1
88912-23-6,O=C(O)C=1C=C(F)N=C(F)C1
943-89-5,O=C(O)C=CC1=CC=C(OC)C=C1
38289-28-0,O=C(O)C1CCC(CCCC)CC1
175277-11-9,O=C(O)C1=CC(=NN1C)C(C)(C)C
180181-02-6,O=C(OC(C)(C)C)NCC(C(=O)O)(C)C
261635-93-2,O=C(O)C1=CC=C(N=C1C)C(F)(F)F
60032-95-3,O=C(O)C=1C=C(OC)C(OC)=CC1Cl
43153-07-7,O=CC1=CC=C(C=C1)C(C(=O)O)C
56491-86-2,O=C(O)CN1CCN(CC(=O)O)CCN(CC(=O)O)CC1
24287-95-4,O=C(O)C=1C=CSC1Br
158851-30-0,O=C(OC(C)(C)C)NC(C)CC(=O)O
97455-65-7,O=C(O)C1=CN=C(OCC)C=C1
162870-29-3,O=C(O)C(N)C=1C=C(O)C=C(O)C1
140472-69-1,O=C(O)C=1C=C(Br)C=C(O)C1
791028-27-8,O=C(O)CCOCCOCCN
500577-99-1,O=C(O)C1=CC(F)=C(N)C(F)=C1
60772-67-0,O=C(O)C=1C=CC=C(OC(C)C)C1
103440-95-5,O=C(O)C1=CC=C(C(=C1)N(=O)=O)CC
80353-93-1,O=C(O)C=1N=C2C=CC(=CN2C1)C
883531-28-0,O=C(O)CC1=CC=C(OC)C=C1F
19542-77-9,O=C(O)C(NC(=O)C)CSCC=1C=CC=CC1
27527-05-5,O=C(O)C(N)CC1CCCCC1
13921-90-9,O=C(O)CC(N)C=1C=CC=CC1
7164-43-4,O=C(O)C=1NC(=O)NC(=O)C1N
1798-82-9,O=C(O)C1=CC=C(C=C1)C2CC2
58584-92-2,O=C(O)C1=CC=C(Cl)N=C1N
132741-31-2,O=C(O)C(O)C=1C=C(F)C=C(F)C1
886365-31-7,O=C(O)C1=CC(Cl)=NC=C1Br
914223-43-1,O=C(O)C=1C=CC=C(N)C1F
955372-86-8,O=C(O)C=1C(F)=CN=CC1Br
1060808-92-5,O=C(O)C1=CN=C(Br)C=C1Cl
741683-19-2,O=C(O)C=1C=CN=C(F)C1Cl
1256834-13-5,O=C(O)C1=CN=C(Cl)C=C1Br
1060805-66-4,O=C(O)C1=NC(Cl)=CC(Br)=C1
56205-88-0,O=C(O)CC1=CC=C(C=C1)NS(=O)(=O)C
1019021-93-2,O=C(O)C1=CN=C2C=C(Br)C=CN21
3106-85-2,O=C(O)CCC(NC(=O)C(NC(=O)C)CC(=O)O)C(=O)O
126-00-1,O=C(O)CCC(C1=CC=C(O)C=C1)(C2=CC=C(O)C=C2)C
586-91-4,O=C(O)C1=CC=C(N=NC2=CC=C(C=C2)C(=O)O)C=C1
4653-11-6,O=C(O)CCCC=1SC=CC1
25691-37-6,O=C(OC(C)(C)C)NC(C(=O)O)CCN
39891-12-8,O=C(O)CC=1C=NC=C(Br)C1
192642-85-6,O=C(O)CC1=NC=C(Br)C=C1
59662-46-3,O=C(O)C=1C=CC(=CC1)C2=CC=C(C=C2)CCCC
887579-62-6,N#CC1=CN=CC(=C1)C(=O)O
180340-69-6,O=C(O)C1=CN=C(N)C(Br)=C1
88751-06-8,O=C(O)C=1N=C2C=CC=C(N2C1)C
168618-44-8,O=C(O)C1=CC=CC(=C1)C=2C=CC=CC2C
884494-74-0,O=C(O)C1=CC(Cl)=NC=C1F
30100-16-4,O=C(OC(C)(C)C)NCCCCCCCC(=O)O
173435-78-4,O=C(OC(C)(C)C)NCCCCCCCCC(=O)O
48068-25-3,O=C(OC(C)(C)C)NC(C(=O)O)C(OC)C
142994-06-7,O=C(O)C1=CC=C(C=C1S(=O)(=O)C)C(F)(F)F
2393-20-6,O=C(O)C1=CC=CC(=C1)CN
632-24-6,O=C(O)C=1C=CC=CC1S(=O)(=O)N
2298-36-4,O=C(O)COC1=CC=C(N)C=C1
6924-66-9,O=C(O)C=1C=CC=C2N=CC=NC21
14027-75-9,O=C(O)C1=CC(F)=CC(=C1)N(=O)=O
6404-26-8,O=C(OC(C)(C)C)NC(C(=O)O)CCCCNC(=O)C
13734-40-2,O=C(OC(C)(C)C)NC(C(=O)O)C(OC(C)(C)C)C
4790-79-8,O=C(O)C=1OC=2C(OC)=CC=CC2C1
197142-34-0,O=C(OC(C)(C)C)N1C(C(=O)O)CC2CC12
143679-80-5,O=C(OC(C)(C)C)NC1CCCC1C(=O)O
197142-36-2,O=C(OC(C)(C)C)N1C(C(=O)O)CC2CC12
34841-09-3,O=C(O)CC(N)C1=CC=C(OC)C(OC)=C1
136315-70-3,O=C(OC(C)(C)C)NC1CCCC1C(=O)O
90924-43-9,O=C(O)C1=CNC=2C=C(OC)C=CC21
532391-89-2,O=C(O)C1=CC=C2C(OCCN2C)=C1
175201-94-2,O=C(O)C=1C=NC2=C(C1Cl)C(=NN2C)C
159532-59-9,O=C(OC(C)(C)C)N1CCNCC1C(=O)O
6280-88-2,O=C(O)C1=CC=C(Cl)C=C1N(=O)=O
6328-74-1,O=C(O)CC1=CC=C(OC=2C=CC=CC2)C=C1
330-17-6,O=C(O)C1=CC=C(SC(F)(F)F)C=C1
22090-27-3,O=C(O)C1=CC=C(C=C1)N2CCCC2
81682-38-4,O=C(O)CC1=CC(Cl)=CC=C1Br
942282-40-8,O=C(O)CC1=CC=C(Br)C(F)=C1
166599-84-4,O=C(O)C=1C=CC=C2OC=CC21
845885-90-7,O=CC1=CC(=CC=C1F)C(=O)O
1013-04-3,O=C(O)C1=CC=C(Cl)C=2C=CC=CC12
351367-77-6,O=C(O)C1=CC(Cl)=C(F)C=C1N
5519-23-3,O=C(O)C1=CC=C(OCCCCCCCCCC)C=C1
15872-42-1,O=C(O)C1=CC=C(OCCCCCCC)C=C1
204688-60-8,O=C(OC(C)(C)C)N1CCC(CC(=O)O)C1
175526-97-3,O=C(OC(C)(C)C)N1CCC(CC(=O)O)C1
132622-66-3,O=C(OC(C)(C)C)N1CC(N)CC1C(=O)O
20766-85-2,O=C(O)CCCCCNC(=O)C=C
6284-80-6,O=C(O)CC1C=2C=CC=CC2C=3C=CC=CC31
588702-62-9,O=C(O)C1=NC=CC(=C1)C(F)(F)F
6049-54-3,O=C(O)CC(N)C1=CC=C(O)C=C1
479553-01-0,O=C(O)C=1C=CN=C2NC=CC21
151157-49-2,O=C(O)C1(C2=CC=C(Br)C=C2)CCC1
61471-45-2,O=C(O)C1=CC=CC(=C1)N2C=CC=C2
240409-02-3,O=C(O)C(N)C1=CC=C(F)C=C1F
76822-21-4,O=C(O)C(O)CC1=CC=C(O)C(O)=C1
55335-06-3,O=C(O)COC1=NC(Cl)=C(Cl)C=C1Cl
21373-30-8,O=C(O)C(N)CC1=CC(O)=C(O)C=C1O
1227-49-2,O=C(O)C=1C=CC=C(SSC2=CC=CC(=C2)C(=O)O)C1
64175-51-5,O=C(O)CC1=COC=2C=CC=CC21
677306-38-6,O=C(O)C=1C=CC=C2NN=CC21
106809-14-7,O=C(O)C1=CC(F)=C(Cl)C(=C1Cl)N(=O)=O
97611-60-4,O=C(O)C(N)C1=CC=CC=2C=CC=CC21
834868-54-1,O=C(O)C1=NNC(=C1)C=2C=CC=CC2OC
52809-07-1,O=C1ON(C(=O)N1)CC(N)C(=O)O
4192-31-8,O=C(O)CCC(=O)C=1C=NC=CC1
3972-36-9,O=C(O)CC(C(=O)O)CC=1C=CC=CC1
183483-09-2,O=C(OC(C)(C)C)N1CCCC(CC(=O)O)C1
59944-76-2,O=C(O)C=1SC=2N=CC=CC2C1
14714-24-0,O=C(O)C=1N=C2C=CC(Cl)=NN2C1
37742-98-6,O=C(O)C(C=1C=CC=CC1)(C=2C=CC=CC2)CCBr
766539-28-0,O=C(OC(C)(C)C)N1CCOC(CC(=O)O)C1
7312-24-5,O=C(O)C1=CSC=2C=CC(Br)=CC21
859155-89-8,O=C(OC(C)(C)C)N1CCOCC1CC(=O)O
1486-53-9,O=C(O)C1=CC=C(OCC=2C=CC=CC2)C(OC)=C1
115822-57-6,O=C(O)C1COC=2C=CC=CC2C1
1077-95-8,O=C(O)C1=NNC=2C=CC(Cl)=CC21
763109-71-3,O=C(O)C1=NOC(=C1)C=2SC=CC2
90407-16-2,O=C(O)C=1SC=2C(Cl)=CC=CC2C1
3086-91-7,O=C(O)C1=CC(=C(Cl)C=C1N)S(=O)(=O)N
28052-84-8,O=C(O)C(N)CC1=CNC=2C=CC(OC)=CC21
215309-00-5,O=C(O)C1=CC=CC(=C1)N2CCOCC2
7377-08-4,O=C(O)CCNC(=O)C1=CC=C(N)C=C1
4668-42-2,O=C(OCC=1C=CC=CC1)NC(C(=O)OC)CC(=O)O
3929-61-1,O=C(O)CCC(N)C(=O)NC(C(=O)O)CCC(=O)O
7362-93-8,O=C(O)CC(N)C(=O)OCC=1C=CC=CC1
39067-29-3,O=C(O)C=1N=C(SC1)C=2C=NC=CC2
5006-45-1,O=C(O)C=1OC2=CC=C(Cl)C=C2C(=O)C1
78155-76-7,O=C(O)C1=NNC=2C=CC(=CC12)N(=O)=O
1735-91-7,O=C(O)CC1=CC=C(C=C1N(=O)=O)C(F)(F)F
39143-25-4,O=C(O)C1(N)CCN(CC=2C=CC=CC2)CC1
162046-66-4,O=C(O)C1=CC=C(C=C1)N2CCN(C(=O)OC(C)(C)C)CC2
5068-28-0,O=C(OC(C)(C)C)NC(C(=O)O)CSCC=1C=CC=CC1
117142-26-4,O=C(OC(C)(C)C)NC(C(=O)O)CC=1C=NC=CC1
198474-90-7,O=C(OC(C)(C)C)NC(C(=O)O)CC1=CC=C(F)C(F)=C1
166591-85-1,O=C(OC(C)(C)C)N1CCC=2C=CC=CC2C1C(=O)O
34404-30-3,O=C(OC(C)(C)C)NC(C(=O)OCC=1C=CC=CC1)CCC(=O)O
30131-16-9,O=C(O)C1=CC=C(OCCCCC=2C=CC=CC2)C=C1
154-08-5,O=C(O)C(N)CC1=CNC=2C=CC(F)=CC21
33468-35-8,O=C(O)C(N)CC1=CNC=2C=C(Cl)C=CC21
63648-73-7,O=C(O)CCC(NC(=O)OCC=1C=CC=CC1)C(=O)O
172695-33-9,O=C(OCC1C=2C=CC=CC2C=3C=CC=CC31)NC(CC(=O)O)C(C)C
23911-26-4,O=C(O)CN(CCN1CC(=O)OC(=O)C1)CCN2CC(=O)OC(=O)C2
94695-52-0,O=C(O)C1=CN(C2=C(F)C(F)=C(F)C=C2C1=O)C3CC3
2640-58-6,O=C(OCC=1C=CC=CC1)NC(C(=O)O)CCCN
112883-42-8,O=C(O)C(N(C(=O)OCC1C=2C=CC=CC2C=3C=CC=CC31)C)CCCC
32159-21-0,O=C(OCC=1C=CC=CC1)N2C(=O)CCC2C(=O)O
4779-31-1,O=C(OCC=1C=CC=CC1)NC(C(=O)OCC=2C=CC=CC2)CC(=O)O
35607-66-0,O=C(OCC1=C(C(=O)O)N2C(=O)C(OC)(NC(=O)CC=3SC=CC3)C2SC1)N
100361-18-0,O=C(O)C1=CN(C2=NC(Cl)=C(F)C=C2C1=O)C3CC3
201481-37-0,O=C(OCC1C=2C=CC=CC2C=3C=CC=CC31)NC(C(=O)O)C(OC(C)(C)C)C
203854-51-7,O=C(OCC1C=2C=CC=CC2C=3C=CC=CC31)NC(COC(C)(C)C)CC(=O)O
123622-48-0,O=C(OCC1C=2C=CC=CC2C=3C=CC=CC31)NCCCCC(=O)O
159751-47-0,O=C(OCC1C=2C=CC=CC2C=3C=CC=CC31)NC(C(=O)O)CCCC(=O)OC(C)(C)C
126631-93-4,O=C(OCC1C=2C=CC=CC2C=3C=CC=CC31)NCCCCCCCC(=O)O
368866-07-3,O=C(OC(C)(C)C)NC1(C(=O)O)CCN(C(=O)OCC2C=3C=CC=CC3C=4C=CC=CC42)CC1
176486-63-8,O=C(OCC1C=2C=CC=CC2C=3C=CC=CC31)NC4CN(C(=O)OC(C)(C)C)C(C(=O)O)C4
1202003-49-3,O=C(OCC1C=2C=CC=CC2C=3C=CC=CC31)NC(C(=O)O)(C)CCCCNC(=O)OC(C)(C)C
193693-60-6,O=C(O)CC1N(C(=O)OCC2C=3C=CC=CC3C=4C=CC=CC42)CCC1
193693-68-4,O=C(O)C1CN(C(=O)OCC2C=3C=CC=CC3C=4C=CC=CC42)CCC1
151096-09-2,O=C(O)C1=CN(C2=C(OC)C(=C(F)C=C2C1=O)N3CC4NCCCC4C3)C5CC5
942518-20-9,[N-]=[N+]=NCCC(NC(=O)OCC1C=2C=CC=CC2C=3C=CC=CC31)C(=O)O
86060-83-5,O=C(OCC1C=2C=CC=CC2C=3C=CC=CC31)NC(C(=O)OCC=4C=CC=CC4)CC(=O)O
185379-39-9,O=C(O)C(NC(=O)OCC1C=2C=CC=CC2C=3C=CC=CC31)CC4=NC=CC=C4
87679-37-6,O=C(O)C1N(C(=O)C(NC(C(=O)OCC)CCC=2C=CC=CC2)C)C3CCCCC3C1
129223-22-9,O=C(OCC1C=2C=CC=CC2C=3C=CC=CC31)N4CCCC4C(=O)N5CCCC5C(=O)O
76265-69-5,O=C(OCC1C=2C=CC=CC2C=3C=CC=CC31)NC(C(=O)O)CCCCNC(=O)C(F)(F)F
27740-01-8,O=C(O)C1OC(OC=2C=C3OC(=CC(=O)C3=C(O)C2O)C=4C=CC(O)=CC4)C(O)C(O)C1O
22688-79-5,O=C(O)C1OC(OC=2C(=O)C=3C(O)=CC(O)=CC3OC2C=4C=CC(O)=C(O)C4)C(O)C(O)C1O
471-25-0,O=C(O)C#C
600-21-5,O=C(O)C(NC)C
10321-71-8,O=C(O)C=CC(C)C
10276-09-2,O=C(O)C(C=C)(C)C
625-05-8,O=C(O)CC(N)(C)C
22426-30-8,N#CC(C(=O)O)(C)C
3739-30-8,O=C(O)C(O)(C)CC
33445-07-7,O=C(O)COC(C)C
2480-23-1,O=C(O)C(NC)C(C)C
3374-22-9,O=C(O)C(N)CS
68-95-1,O=C(O)C1N(C(=O)C)CCC1
327-56-0,O=C(O)C(N)CCCC
929-10-2,O=C(O)CCCCC(C)C
68078-09-1,O=C(O)C1N(C)CCC1
14542-16-6,O=C(O)C1=NC(=CS1)C
24463-41-0,O=C(O)C1(C)CCC(=O)CC1
720706-28-5,O=C(O)CC1=NN=C(N1)C
127892-62-0,O=C(O)C1=C(Cl)C(=NN1C)CC
42288-46-0,O=C(O)CC=1C=C(C=C(C1)C)C
113808-86-9,O=C(O)C=1C(=NNC1C)C
1457-59-6,O=C(O)C=1NC=NC1C
72580-54-2,O=C(O)C1CNCC1
88598-08-7,O=C(O)C1=NON=C1
820-10-0,O=C(O)C(N)CCS(=O)(=O)C
4434-13-3,O=C(O)C1=NC=C(C=C1)C
42346-68-9,O=C(O)C1CC(=O)N(C)C1
652-32-4,O=C(O)C1=C(F)C(F)=C(C(F)=C1F)C
38239-45-1,O=C(O)C=1SC(Br)=CC1C
876-05-1,O=C(O)C1CCC(C(=O)O)C1
89489-53-2,O=C(O)C1CCSCC1
16404-94-7,O=C(O)C1NC(=O)C1
4576-90-3,O=C(O)C1=NSC=C1
943-29-3,O=C(O)C1CCC(CC1)C(C)(C)C
14387-10-1,O=C(O)CC1=CC=C(C=C1)CC
20873-58-9,O=C(O)C=1SC(SC)=CC1
74892-81-2,O=C(O)C1NCCC(C)C1
1092286-30-0,O=C(O)C1=CC(Cl)=CN=C1C
50530-12-6,O=C(O)CCCCCCCCCBr
73367-80-3,O=C(O)CCCCCCCCCCCBr
3235-67-4,O=C(O)CN1CCCCC1
6567-35-7,O=C(O)C=1ON=C(Br)C1
125218-55-5,O=C(O)C1(N)COCC1
63128-51-8,O=C(O)CCCC(=O)OC(C)(C)C
33018-91-6,O=C(O)CCCCCC(=O)OCC
37908-97-7,O=C(O)C1=CC(Cl)=C(OC)C(Cl)=C1
1093647-41-6,O=C(O)CCOCCOCCOCCOCCOCCOCCOCCOC
54221-95-3,O=C(O)C=1C=CN=C(C1)NC(=O)C
462-88-4,O=C(N)NCCC(=O)O
16188-55-9,O=C(O)CC1=CC=C(SC)C=C1
82477-67-6,O=C(O)C=1C=C(Cl)C=C(OC)C1
138498-97-2,O=C(O)CC1COCC1
4314-22-1,O=C(O)CN1N=NC=C1
17078-28-3,O=C(O)CC1=CC=C(C=C1)N(C)C
704-45-0,O=C(O)C1=CC=C(C=C1OC)C
72135-36-5,O=C(O)C1=CC=C(Br)C=C1OC
5731-13-5,O=C(O)C=1C=CC(=CC1)C2=CC=C(C=C2)CC
13205-47-5,O=C(O)C1=CC=C(OC(C)(C)C)C=C1
4598-86-1,O=C(O)C1=NN(C=C1N(=O)=O)C
194804-90-5,O=C(O)C1=CC=C(Br)C(=C1F)C
3971-31-1,O=C(O)C1CCCC(C(=O)O)C1
37631-92-8,O=C(O)CC1(N)CCCCC1
5345-27-7,O=C(O)C1=CC=CC(=C1)S(=O)(=O)C
161796-10-7,O=C(O)C1=CC(Br)=CC(=C1)C(=O)OC
884494-82-0,O=C(O)C1=CC(F)=CN=C1OC
56961-25-2,O=C(O)C1=CC(Cl)=C(N)C(Cl)=C1
102696-71-9,O=C(O)C=CC1=CSC=C1
1583-65-9,O=C(O)C1=CC=CC(C(=O)O)=C1F
2306-33-4,O=C(O)C=1C=CC=CC1C(=O)OCC
82-82-6,O=C(O)C1=C(O)C(=NC=C1CO)C
6422-36-2,O=C(O)C(NC(=O)C1NCCC1)C
621-51-2,O=C(O)C=1C=CC=C(OCC)C1
2206-43-1,O=C(O)C1=CC=C(OC)C(=C1)C(=O)O
247569-56-8,O=C(O)C1=CC(=CC=C1F)S(=O)(=O)C
773873-26-0,O=C(O)C1=C(F)C(F)=CC=C1OC
886362-90-9,O=C(O)CCOCCOCCC(=O)OCC
16378-06-6,O=C(O)CCC1=CSC=C1
31127-85-2,O=C(O)CCOCCOCCOCCOCCC(=O)O
53284-84-7,O=C(O)C(N)C1CCOCC1
17685-04-0,O=C(O)C1OC(OCC)C(O)C(O)C1O
26311-45-5,O=C(O)C1=CC=C(C=C1)CCCCC
5409-31-4,O=C(O)C1=CC=C(OCC)C(OCC)=C1
202745-73-1,O=C(O)C=1C=CC=2C=CN(C2C1)C
7017-48-3,O=C(O)CC1=CC(Br)=CC=C1OC
147404-69-1,O=C(O)C=1C=CC=C(C1)C=2C=CC(=CC2)C
479028-72-3,O=C(O)C1=CC=CC2=NC=CN21
2251-76-5,O=C(O)C(=O)C1=CC=C(F)C=C1
3959-23-7,O=C(O)CS(=O)(=O)C=1C=CC=CC1
34622-39-4,O=C1NC(C(=O)O)CCC1
5730-78-9,O=C(O)C1=CC=C(C=C1)C=2C=CC(N)=CC2
34113-69-4,O=C(O)C1=CC=C(Cl)C(O)=C1
5731-11-3,O=C(O)C1=CC=C(C=C1)C=2C=CC(Br)=CC2
38160-63-3,O=C(O)C1=CC=C(O)C=C1N
2840-02-0,O=C(O)C1=CC(N)=CC=C1Br
1912-48-7,O=C(O)CC1=CN(C=2C=CC=CC21)C
60728-41-8,O=C(O)C1=CC=C(C(=O)OC)C(N)=C1
55674-67-4,O=C(OC(C)(C)C)NC(C(=O)O)C(O)C
73219-89-3,O=C(O)C=1C(OC)=CC=C(Br)C1OC
18474-59-4,O=C(O)C1=CC=2C=CC(=CC2N1)C
39794-77-9,O=C(O)COS(=O)(=O)C1=CC=C(C=C1)C
127817-85-0,O=C(O)C1=CC=C(OC)C=C1C(F)(F)F
3133-16-2,O=C(O)C(=C)CC(=O)OCCCCCCCC
3575-31-3,O=C(O)C1=CC=C(C=C1)CCCCCCCC
25522-33-2,O=C(O)C=CC1=CC=C(OC)C(O)=C1
1912-43-2,O=C(O)CC=1C=2C=CC=CC2NC1C
635-80-3,O=C(O)C=1C=CC=2N=C(C=CC2C1)C
756526-04-2,O=C(O)CCOCCOCCOCCOCCOCCOCCOCCOCCN
170899-08-8,O=C(OC(C)(C)C)NC(C(=O)O)CC=C
101513-77-3,O=C(O)C1=CC(F)=C(F)C(Cl)=C1F
130025-33-1,O=C(O)C1=CC(Cl)=C(F)C=C1F
114152-23-7,O=C(O)CC=1C(F)=CC=C(F)C1F
80353-94-2,O=C(O)C=1N=C2C=C(C=CN2C1)C
52833-93-9,O=C(O)C1=CC(Cl)=CN=C1N
28860-95-9,O=C(O)C(NN)(C)CC1=CC=C(O)C(O)=C1
10538-51-9,O=C(O)C=CC1=CC(OC)=CC=C1OC
863304-76-1,O=C(OC(C)(C)C)NC12CCC(C(=O)O)(CC1)CC2
49855-03-0,O=C(O)CCOC=1C=CC=C(OC)C1
3585-49-7,O=C(O)C(C1=CC=C(C=C1)CCCC)C
710-11-2,O=C(O)C(=O)CCC=1C=CC=CC1
528-45-0,O=C(O)C1=CC=C(C(=C1)N(=O)=O)N(=O)=O
7345-79-1,O=C(O)C=CC=1C=CC=CC1Br
4165-96-2,O=C(O)CC(C=1C=CC=CC1)CC(=O)O
3906-87-4,O=C(O)C1=CC=C(C(=O)O)C(F)=C1
52062-92-7,O=C(O)C1=CC=C(C=C1)CCBr
119433-80-6,O=C(O)C(N)CC=1N=CSC1
5932-32-1,O=C(O)C1=NNC2=C1CCC2
1211526-53-2,O=C(OC(C)(C)C)N1CC2(C1)CC(C(=O)O)C2
35092-89-8,O=C(O)C1=CC=C(C(=O)OC)C(=C1)N(=O)=O
22174-29-4,O=C(O)CCC1=CC=C(OC)C=C1OC
1416013-62-1,O=C(O)C1=CC=C(Br)C(F)=C1N
176508-81-9,N#CC1=CC=C(C=C1F)C(=O)O
328-69-8,O=C(O)C1=CC(O)=CC(=C1)C(F)(F)F
739336-26-6,O=C(O)CC1=CC(F)=CC=C1Br
197520-71-1,O=C(O)C=1C=C(C(F)=C(F)C1F)N(=O)=O
1129634-44-1,O=C(OC(C)(C)C)N1CC2(CC2)CC1C(=O)O
869681-70-9,O=C(OC(C)(C)C)N1CCOCC1C(=O)O
31519-22-9,O=C(O)C=1C=C(O)C=2C=CC=CC2C1O
589-06-0,O=C(O)CCCC1=CC=C(F)C=C1
42959-38-6,O=C(O)C1=CC(=CN=C1Cl)N(=O)=O
125483-00-3,O=C(O)C1=CC=C(C(N)=C1)C(F)(F)F
436799-36-9,O=C(O)C1=CC(Br)=CN=C1C(F)(F)F
23598-72-3,O=C(O)C=1C(=NOC1C)C=2C=CC=CC2Cl
5300-03-8,O=C(O)C=C(C=CC=C(C=CC1=C(C)CCCC1(C)C)C)C
24297-59-4,O=C(O)CN1C=CC=2C=CC=CC21
3148-72-9,O=C(O)CN(CC(=O)O)CC(O)CN(CC(=O)O)CC(=O)O
85559-46-2,O=C(O)C1=CC=C(C=C1)C2(N=N2)C(F)(F)F
3900-93-4,O=C(O)C(C=1C=CC=CC1)C2CCCC2
197507-59-8,O=C(O)C1=NC=2C=CN=CC2C=C1
38628-51-2,O=C(O)C1=CC=C(C=C1)CCC(=O)O
99924-18-2,O=C(O)C=1N=COC1C=2C=CC=CC2
16309-45-8,O=C(O)C1=CC=C(OC2=CC=C(C=C2)N(=O)=O)C=C1
505084-59-3,O=C(O)C1=CC(=CN=C1Cl)C(F)(F)F
952182-02-4,O=C(O)C=1C=NC=2NN=CC2C1
933708-92-0,O=C(O)C=1C=CC2=NN=CN2C1
796090-23-8,O=C(O)C=1C=C(Cl)N=C(C1)C(F)(F)F
138891-51-7,O=C(O)C=1N=CN2C=CC=CC12
796090-24-9,O=C(O)C1=NC(Cl)=CC=C1C(F)(F)F
62965-10-0,O=C(OCC=1C=CC=CC1)NC(C(=O)O)C(C)(C)C
5464-44-8,O=C(O)C(N1C(=O)C=2C=CC=CC2C1=O)CCSC
368866-17-5,O=C(OC(C)(C)C)N1CCCC(N)(C(=O)O)C1
17737-65-4,O=C(O)C1=CC=CN=C1NC=2C=CC=C(Cl)C2C
161024-80-2,O=C(OC(C)(C)C)NC(C=1C=CC=CC1)CC(=O)O
72548-79-9,O=C(O)C1=CC=CC(=C1)N2CCCC2
1018678-39-1,O=C(O)C1=C(Cl)C=CN=C1C(F)(F)F
885521-80-2,O=C(O)C1=NNC=2C=CC=C(Br)C21
69308-37-8,O=C(O)CC(C1=CC=C(Cl)C=C1)CN
21598-06-1,O=C(O)C1=CC=2C=C(O)C=CC2N1
77837-08-2,O=C(O)C=1C=CC(=O)N(C1)C=2C=CC=CC2
37535-57-2,O=C(OC(C)(C)C)NC(C(=O)O)CC=1C=CN=CC1
189321-65-1,O=C(OC(C)(C)C)NC1(C(=O)O)CCN(C(=O)OC(C)(C)C)CC1
36151-44-7,O=C(O)C1=CC=C(C=C1)N2C(=O)CCC2
1152-62-1,O=C(OCC=1C=CC=CC1)NC(C(=O)O)CCSC
51871-62-6,O=C(OC(C)(C)C)NC(CC(=O)O)CC=1C=CC=CC1
3588-60-1,O=C(OCC=1C=CC=CC1)NC(C(=O)O)CC(C)C
50583-51-2,O=C(OC(C(=O)O)C(OC(=O)C1=CC=C(OC)C=C1)C(=O)O)C2=CC=C(OC)C=C2
948-60-7,O=C(O)C=1N=C2C(=O)N=C(N=C2NC1)N
131123-76-7,O=C(O)C=1N=C2C=C(Cl)C=C(Cl)C2=C(O)C1
31842-01-0,O=C(O)C(C1=CC=C(C=C1)N2C(=O)C=3C=CC=CC3C2)C
69907-67-1,O=C1C=CC(=O)N1CC2CCC(C(=O)O)CC2
374064-01-4,O=C(O)C1=NNC(=C1)C=2C=NC=CC2
3061-91-4,O=C(O)C(NC(=O)C(N)C(C)C)CC1=CC=C(O)C=C1
165947-48-8,O=C(O)C=1SC2=C(C1)CN(C(=O)OC(C)(C)C)CC2
28917-43-3,O=C(O)C=1C=C(OCC=2C=CC=CC2)C=C(OCC=3C=CC=CC3)C1
98266-33-2,O=C(OC(C)(C)C)NC(C(=O)O)CC=1C=NC=CC1
55447-00-2,O=C(OC(C)(C)C)NC(C(=O)O)CC1=CC=CC=2C=CC=CC21
69355-99-3,O=C(OC(C)(C)C)NC(C(=O)O)C(OCC=1C=CC=CC1)C
31792-47-9,O=C(O)C=1C=C(N=C2C=CC=CC21)C=3SC=CC3
14228-23-0,O=C(O)C=1C=C(N=C2C=CC=CC21)C=3C=CN=CC3
146645-63-8,O=C(O)C(N)CC1=CN(C(=O)OC(C)(C)C)C=2C=CC=CC21
78663-07-7,O=C(O)CC(NC(=O)OCC=1C=CC=CC1)C(=O)O
169566-81-8,O=C(OCC1C=2C=CC=CC2C=3C=CC=CC31)NC(C(=O)O)(C)C(C)C
103478-58-6,O=C(O)C(N(C(=O)OCC1C=2C=CC=CC2C=3C=CC=CC31)C)C(C)C
2577-40-4,O=C(O)C(NC(=O)C(N)CC=1C=CC=CC1)CC=2C=CC=CC2
3588-57-6,O=C(O)C(NC(=O)OCC=1C=CC=CC1)CC=2C=CC=CC2
73945-46-7,O=C(O)C(N)CC1=CNC=2C(Cl)=CC=CC12
19562-30-2,O=C(O)C1=CN(C2=NC(=NC=C2C1=O)N3CCCC3)CC
641569-94-0,O=C(O)C1=CC=C(C(=C1)NC=2N=CC=C(N2)C3=CN=CC=C3)C
252049-05-1,O=C(O)C(N(C(=O)OCC1C=2C=CC=CC2C=3C=CC=CC31)C)CCC
223387-75-5,O=C(O)CNC(=O)C1=NC(Cl)=C2C=CC=CC2=C1O
188527-21-1,O=C(O)C1CN(C(=O)OCC=2C=CC=CC2)CC1
116747-54-7,O=C(OCC1C=2C=CC=CC2C=3C=CC=CC31)NC(C(=O)NCC(=O)O)C
501919-59-1,O=C(O)C1=CC=C(C=C1O)NC(=O)COS(=O)(=O)C2=CC=C(C=C2)C
3304-51-6,O=C(OCC=1C=CC=CC1)NCCCC(N)C(=O)O
444344-91-6,O=C(OCC=1C=CC=CC1)NC23CCC(C(=O)O)(CC2)CC3
145038-50-2,O=C(OCC1C=2C=CC=CC2C=3C=CC=CC31)NC(C(=O)O)CCC(=O)OC
211637-74-0,O=C(OCC1C=2C=CC=CC2C=3C=CC=CC31)NC(C(=O)O)CC=4C=CC=C(C4)C
123106-21-8,O=C(OCC1C=2C=CC=CC2C=3C=CC=CC31)NOCC(=O)O
1078166-57-0,O=C(O)C1(COC2=CC=C3C=C(OC)C=CC3=C2)CN(C(=O)C4=CC=C(F)C=C4)C1
209252-17-5,O=C(OCC1C=2C=CC=CC2C=3C=CC=CC31)NC(CC(=O)O)CC(=O)OC(C)(C)C
82508-31-4,O=C(O)C(=CC=CC1(OC(=O)C23CC=C(C(=O)OC)CCC3(OC(=O)C)C1CC2)C)C
206060-54-0,O=C(OCC1C=2C=CC=CC2C=3C=CC=CC31)NC(C(=O)O)CC=4C(=CC(O)=CC4C)C
17990-42-0,O=C(O)C12CCC(C)(C)CC2C3=CCC4C5(C)CCC(=O)C(C)(C)C5CCC4(C)C3(C)CC1
118414-82-7,O=C(O)C(C)(C)CC1=C(SC(C)(C)C)C=2C=C(C=CC2N1CC3=CC=C(Cl)C=C3)C(C)C
631-69-6,O=C(O)C1(C)C(O)CCC2(C)C3CC=C4C5C(C)C(C)CCC5(C)CCC4(C)C3(C)CCC12
170941-79-4,O=C(OCC1C=2C=CC=CC2C=3C=CC=CC31)NCC(=O)NCC(=O)NCC(=O)O
128917-74-8,O=C(OCC1C=2C=CC=CC2C=3C=CC=CC31)NCCCCCCCCCCCC(=O)O
852288-18-7,O=C(OCC1C=2C=CC=CC2C=3C=CC=CC31)NC(C(=O)O)CC4=CC=C5OC(OC5=C4)(C)C
359586-64-4,O=C(OCC1C=2C=CC=CC2C=3C=CC=CC31)NC4CCCC4C(=O)O
1654740-73-4,O=C(OCC1C=2C=CC=CC2C=3C=CC=CC31)NCCOCCC(=O)O
221352-74-5,O=C(OC(C)(C)C)NC1CN(C(=O)OCC2C=3C=CC=CC3C=4C=CC=CC42)C(C(=O)O)C1
38101-59-6,O=C(O)CCC(N)C(=O)NC(C(=O)O)CC1=CNC=2C=CC=CC21
951695-85-5,O=C(OCC1C=2C=CC=CC2C=3C=CC=CC31)NC(C(=O)O)CCCCN(C(=O)OC(C)(C)C)C
167690-53-1,O=C(OCC1C=2C=CC=CC2C=3C=CC=CC31)NCC4CCC(C(=O)O)CC4
159611-02-6,O=C(OCC1C=2C=CC=CC2C=3C=CC=CC31)NC(C(=O)O)CC=4OC=CC4
173963-93-4,N#CC1=CC=C(C=C1)CC(NC(=O)OCC2C=3C=CC=CC3C=4C=CC=CC42)C(=O)O
177966-59-5,O=C(OCC1C=2C=CC=CC2C=3C=CC=CC31)NC(C(=O)O)CC4=CC=C(Cl)C(Cl)=C4
317318-84-6,O=C(O)COC1=CC=C(SCC=2SC(=NC2C)C=3C=CC(=C(F)C3)C(F)(F)F)C=C1C
146982-24-3,O=C(OCC1C=2C=CC=CC2C=3C=CC=CC31)NC(C(=O)O)CC(=O)OCC=C
79350-37-1,O=C(O)C1=C(C=C)CSC2N1C(=O)C2NC(=O)C(=NOCC(=O)O)C=3N=C(SC3)N
58-05-9,O=CN1C=2C(=O)N=C(N)NC2NCC1CNC3=CC=C(C=C3)C(=O)NC(C(=O)O)CCC(=O)O
3775-72-2,O=C(O)CC(N)C
14287-61-7,O=C(O)C(C)C(C)C
15641-58-4,O=C(O)C1C(C)(C)C1(C)C
80-69-3,O=C(O)C(O)C(=O)O
13211-32-0,O=C(O)COC(C)(C)C
16820-18-1,O=C(O)C(N)(C)CO
10237-77-1,O=C(O)CC(O)CC
628-46-6,O=C(O)CCCC(C)C
2812-32-0,O=C(O)C(N(C)C)C(C)C
35842-45-6,O=C(NCC(=O)O)C(=CC)C
781658-23-9,O=C(O)C(N)C(C)C(O)C
41110-28-5,O=C(O)C1=NC=CN=C1C
2812-28-4,O=C(O)C(NC)C(O)C
7218-52-2,O=C(O)C#CCO
534-59-8,O=C(O)C(C(=O)O)CCCC
62391-99-5,O=C(O)C(CCC)C(C)C
92534-69-5,O=C(O)C1=C(C=NN1C)N(=O)=O
3653-34-7,O=C(O)CC(N)CC(C)C
53578-15-7,O=C(O)C12C3C4C5C3C2C5C41
13073-35-3,O=C(O)C(N)CCSCC
13627-49-1,O=C(O)C1=NC(=NC=C1)C
7697-32-7,O=C(O)C=1C=C(C(Br)=C(C1)C)C
619-82-9,O=C(O)C1CCC(C(=O)O)CC1
505-47-5,O=C(O)CCNCCC(=O)O
5835-28-9,O=C(O)CNCCO
5961-83-1,O=C(O)CCOCCC(=O)O
334-49-6,O=C(O)C=CCCCCCCC
1070-62-8,O=C(O)CCCC(=O)OCC
185517-21-9,O=C(O)C(CCC)CCCCCC
16024-60-5,O=C(O)COCCOCCOCCOC
40155-47-3,O=C(O)C1=NC=CN=C1OC
779344-30-8,O=C(O)C=1N=C(C=CC1Br)C
77628-51-4,O=C(O)C1=C(N=C2SC=CN21)C
121786-39-8,O=C(O)C(N)CC1CC1
5561-99-9,O=C(O)CCCCCCCCCC=CCCCCCCCC
37149-18-1,O.O.C.C.C.C.C
1010-48-6,O=C(O)CC(C=1C=CC=CC1)(C)C
75908-73-5,O=C(O)C(C1=CC=C(F)C=C1)C
400858-54-0,O=C(O)C=1C=NN(C1)CC
16024-66-1,O=C(O)COCCOCCOCCOCCOC
56434-28-7,O=C(O)C1=NN=C(OC)C=C1
112822-85-2,O=C(O)C1=CC(F)=C(F)C(=C1F)C
100047-66-3,O=C(O)C1=NN(C(=O)C=C1)C
21801-79-6,O=C(O)C1=C(N=C2C=CC=CN21)C
66990-32-7,O=C(O)CCCCCCCCC#CC#CCCCCCCCCCCCC
1776-53-0,O=C(O)C1CCC(N)CC1
62774-90-7,O=C(O)C=1C(Cl)=NC(Cl)=CC1C
16478-52-7,O=C(O)C1=NC=CC=C1OC
22084-89-5,O=C(O)CCC=1C=CC=CC1C
61227-25-6,O=C(O)C1=CC(O)=CC=C1OC
124480-95-1,O=C(O)C=1C=C(OCC)C=C(OCC)C1
113100-56-4,O=C(O)C1=CN(N=C1OC)C
1142191-66-9,O=C(O)C1=NC=C(Br)C=C1OC
129833-28-9,O=C(O)C1=CC=C(F)C(=C1N)C
59290-81-2,O=C(O)C1=CC(=CN=C1C)N(=O)=O
652-36-8,O=C(O)C1=C(F)C(F)=C(C(=O)O)C(F)=C1F
16694-17-0,O=C(O)C1=CSC=C1Br
14328-52-0,O=C(O)C(N)C1CCCCC1
36157-42-3,O=C(O)C1=CSC(Cl)=C1
13626-60-3,O=C(O)C=1ONC(=O)C1
155-84-0,O=C(O)C(NC(=O)C)CCCNC(=N)N
7298-84-2,O=C(O)C(NC(=O)C(N)CC(C)C)C
713-57-5,O=C(O)C1=CC=C(C=C1)C(=O)OCC
19910-33-9,O=C(O)C(C1=CC=C(C=C1)N(=O)=O)C
1991-87-3,O=C(O)C(N)CC1=CC=C(C=C1)C
53949-53-4,O=C(O)C(C1=CC=C(C=C1)C(O)C(C)C)C
13055-63-5,O=C(O)C1=CC(=CC=C1C)C(F)(F)F
503000-87-1,O=C(O)C=1C=CC(=NC1Cl)OC
108035-45-6,O=C(O)C=1C=CC(=CC1)C2=NC=CN2
88912-21-4,O=C(O)C1=NC(Cl)=CC(OC)=C1
539-47-9,O=C(O)C=CC=1OC=CC1
701-54-2,O=C(O)C1CCC(CN)CC1
162102-81-0,O=C(O)C=1N=C(C=C(Br)C1)C(=O)O
106825-81-4,O=C(O)C1NCCOC1
16948-10-0,O=C(OC(C)(C)C)NCC(C(=O)O)C
79775-07-8,O=C(O)C1NCC(OC(C)(C)C)C1
190897-47-3,O=C(OC(C)(C)C)NCC(C(=O)O)C
134978-99-7,O=C(O)COCCOCCOCCN
20737-41-1,O=C(O)C=1C=NC=NC1N
63088-78-8,O=C(O)C1NCC(O)CC1
184416-84-0,O=C(O)C=1C=CN=C(Cl)C1Cl
15366-62-8,O=C(O)C=1C=NC=CC1Br
658-48-0,O=C(O)C(N)(C)CC1=CC=C(O)C=C1
97-78-9,O=C(O)CN(C(=O)CCCCCCCCCCC)C
22744-12-3,O=C(OC)C1=CC=C(C=C1)CC(=O)O
159749-28-7,O=C(OC(C)(C)C)N1CCC1C(=O)O
635-79-0,O=C(O)C1=CC=2C=CC=CC2N=C1C
169045-04-9,O=C(O)C1=CC(Br)=C(OC)C=C1N
5728-33-6,O=C(O)C1=CC=C(C=C1)C=2C=CC=C(C2)C
91940-86-2,O=C(O)C=1C=CN=C(OCC)C1
223127-05-7,O=C(O)C1=CN=C(OC(C)C)C=C1
194804-92-7,O=C(O)C1=CC=C(Br)C(OC)=C1F
92933-48-7,O=C(O)C1=NNC(=C1)CCCC
703-95-7,O=C1NC(=O)C(F)=C(N1)C(=O)O
155-54-4,O=C1NC(=O)CC(N1)C(=O)O
7099-88-9,O=C(O)C(=O)C1=CC=C(Cl)C=C1
4441-63-8,O=C(O)CCCC1CCCCC1
612-20-4,O=C(O)C=1C=CC=CC1CO
6318-43-0,O=C(O)CCC=1C=CN=CC1
95233-30-0,O=C(O)C1CCC(CC1)C(F)(F)F
56961-31-0,O=C(O)C=1C(Cl)=CC=CC1O
915030-40-9,O=C(O)CC1CCC(F)(F)CC1
72002-30-3,O=C1NC(C(=O)O)CCC1
959578-03-1,O=C(O)C1=NC=CC(Cl)=C1Cl
1060815-67-9,O=C(O)C=1C=CC(Br)=NC1Cl
530156-90-2,O=C(O)C1=CC(Br)=NC=C1Cl
10241-97-1,O=C(O)C1=CC=2C=C(C=CC2N1)C
947-62-6,O=C(O)C1=C(OC)C=CC=2C=CC=CC21
90-53-9,O=C(O)CC=1C=CC=C(OC)C1OC
94994-39-5,O=C(OC(C)(C)C)N(C)CCCC(=O)O
24195-03-7,O=C(O)C1=NC=CC(=C1)C(=O)OC
210346-16-0,O=C(OC(C)(C)C)NCC(C(=O)O)C(C)C
19715-19-6,O=C(O)C=1C=C(C=C(C1O)C(C)(C)C)C(C)(C)C
320-72-9,O=C(O)C=1C=C(Cl)C=C(Cl)C1O
2089-89-6,O=C(O)C1=CC=C2C=CC(=CC2=C1)C(=O)O
53308-95-5,O=C(OC(C)(C)C)NC(C(=O)O)CCC
20099-90-5,O=C(O)C1=CC=C(C=C1)C(=O)CBr
65898-38-6,O=C(O)C1=CC=C2C(=C1)CCC2
5728-32-5,O=C(O)C=1C=CC(=CC1)C=2C=CC=CC2OC
207994-08-9,O=C(O)C1=NC=C(Cl)C=C1F
21282-08-6,O=C(O)C(NC(=O)C1NC(=O)CC1)C
937188-59-5,O=C(O)CCOCCOCCOCCOCCO
2215-21-6,O=C(O)C=1C=C(C=C(C1O)C(C)C)C(C)C
173606-50-3,O=C(OC(C)(C)C)NCCCCCCCCCC(=O)O
33130-03-9,O=C(O)C=CC1=CC=C(OC)C(OC)=C1OC
37509-21-0,O=C(O)C1=CC(=NC=2C=CC(Br)=CC21)C
1251012-82-4,O=C(OC(C)(C)C)N1CC2(C1)CC2C(=O)O
2578-57-6,O=C(O)CNC(=O)C1NCCC1
39793-31-2,O=C(O)C1=CC=2SC=CC2N1
74230-08-3,O=C(O)C1=CC=C(O)C=C1N(=O)=O
38186-86-6,O=C(O)C1=CN=C(Cl)C(F)=C1
151734-02-0,O=C(O)C1=CNN=C1C(F)F
124276-87-5,O=C(O)C1(C=2C=CC=CC2Br)CC1
851386-32-8,O=C(O)C1=CN=C(F)C(F)=C1Cl
860296-21-5,O=C(O)C1=NC=CC(Cl)=C1F
39608-31-6,O=C(O)CN(C(=O)OCC=1C=CC=CC1)C
103336-06-7,O=C(OC(C)(C)C)N1CCCC1(C(=O)O)C
3919-76-4,O=C(O)C=1C(=NOC1C)C=2C(Cl)=CC=CC2Cl
1001353-87-2,O=C(OC(C)(C)C)N1CC(C)(C)CC1C(=O)O
193085-24-4,O=C(O)C=C1CCN(C(=O)OC(C)(C)C)CC1
518990-36-8,O=C(O)C1=NNC=2C=C(OC)C=CC12
696641-73-3,O=C(O)CC(N)C1=CC=C(OC)C(OC)=C1
128717-77-1,O=C(O)C1=CNC=2C(OC)=CC=CC12
14922-36-2,O=C(O)C(=O)C1=CC=C(C=C1)N(=O)=O
171050-06-9,N#CC1=CC(=CC=C1F)C(=O)O
5631-68-5,O=C(O)CCC1=CC=C(O)C=C1O
28691-47-6,O=C(O)C1=NOC=2C=CC=CC21
41198-02-1,O=C(O)C=1C=C(Cl)C=C(Br)C1N
581813-17-4,O=C(O)C1=CC=C(C(Br)=C1)C(F)(F)F
61494-55-1,O=C(O)CC1=CC=CN=C1Cl
4785-52-8,O=CC1=CC=C(Br)C=C1C(=O)O
883514-21-4,O=C(O)CC1=CC(Br)=CC=C1F
60875-16-3,O=C(O)C1=CC=C(C=C1)N2N=C(C)CC2=O
19350-66-4,O=C(OCC)C1=C(NC(=C(C(=O)OCC)C1C(=O)O)C)C
681128-51-8,O=C(OC(C)(C)C)N1CC(F)CC1C(=O)O
900158-99-8,O=C(OC(C)(C)C)N1C(C(=O)O)CCC1(C)C
4385-75-5,O=C(O)C1=CC=C(C=C1)C2=CN=CC=C2
4619-18-5,O=C(O)CCCC1=CC=C(Cl)C=C1
2494-79-3,O=C(O)C1=CC=C(Cl)C(=C1)S(=O)(=O)Cl
55775-97-8,O=C(O)C=1C(Cl)=CC=C(C1Cl)N(=O)=O
153775-33-8,O=C(O)C=1C=C(C(F)=CC1F)N(=O)=O
400-76-0,O=C(O)C1=CC=C(N)C(=C1)C(F)(F)F
79422-73-4,O=C(O)C(N)C=1C=CC=C(Br)C1
39773-47-2,O=C(O)CC(N)C1=CC=C(Br)C=C1
151911-23-8,O=C(O)CC(N)C1=CC=C(F)C=C1
177420-63-2,O=C(O)C1=CC=CC(=C1Br)C(F)(F)F
51543-39-6,O=C(O)C(C=1C=CC(=C(F)C1)C=2C=CC=CC2)C
59662-49-6,O=C(O)C=1C=CC(=CC1)C2=CC=C(C=C2)CCCCCCCC
39091-01-5,O=C(O)C=1SC(=NC1C)C=2C=NC=CC2
198646-60-5,O=C(OC(C)(C)C)N1CCC(=O)CC1C(=O)O
711017-85-5,O=C(OC(C)(C)C)NC(C(=O)O)C1CCOCC1
13026-12-5,O=C(O)C=CC1=CC=CC=2C=CC=CC21
50921-39-6,O=C(O)C1(C2=CC=C(Cl)C=C2)CCC1
16726-66-2,O=C(O)C1=CC(Br)=CC=2C=CC=CC21
151157-46-9,O=C(O)C1(C2=CC=C(F)C=C2)CCC1
117528-58-2,N#CC=1C(Cl)=C(F)C=C(C(=O)O)C1Cl
526-31-8,O=C(O)C(NC)CC1=CNC=2C=CC=CC21
81196-09-0,O=C(OC(C)(C)C)NC1=CC=C(C=C1)CC(=O)O
161948-70-5,O=C(OC(C)(C)C)N1CCC(OCC(=O)O)CC1
28027-16-9,O=C(O)C1=CN=C2C=CC(OC)=CC2=C1O
182570-26-9,O=C(O)C1COC2=CC=C(OC)C=C2C1
57543-62-1,O=C(O)C1=CC=2C=C(OC)C=CC2OC1
1233323-61-9,O=C(OC(C)(C)C)N1C2COCC1CC(C(=O)O)C2
37736-82-6,O=C(OC(C)(C)C)NC(C(=O)O)CC1CCCCC1
1477-49-2,O=C(O)C(=O)C1=CNC=2C=CC=CC21
3894-09-5,O=C(O)C(C=1C=CC=CC1)C2CCCCC2
155760-02-4,O=C(O)C(N)CC=1C=CC(=CC1)C=2C=CC=CC2
3588-63-4,O=C(OCC=1C=CC=CC1)NC(C(=O)O)C(C)C
163839-73-4,O=C(O)COC1=CC=C(C=C1)C(F)(F)F
101861-63-6,O=C(O)C1=CC=2C(Cl)=CC(Cl)=CC2N1
102771-66-4,O=C(O)C1=NC=C(OC(F)(F)F)C=C1
51077-01-1,O=C(O)C1N(CCC1)S(=O)(=O)C2=CC=C(C=C2)C
3562-99-0,O=C(O)CCC(=O)C1=CC=C(OC)C=2C=CC=CC21
1772-76-5,O=C(O)C=CC1=CC=CC(=C1)N(=O)=O
5600-62-4,O=C(O)CCCC1=CC=C(C=C1)N(=O)=O
56613-60-6,O=C(O)CNC(=O)CCC=1C=CC=CC1
220227-47-4,O=C(O)CC1=CC=C(F)C(=C1)C(F)(F)F
65148-10-9,O=C(O)C=1N=C2C=CC(Br)=CC2=CC1
20426-80-6,O=C(O)C1C=2C=CC=CC2OCC1
142329-23-5,O=C(O)C=1SC=2C=C(F)C=CC2C1
892874-34-9,O=C(O)C1=CN=C2C=C(Br)C=CC2=C1
550998-59-9,O=C(O)C=1OC=2C(Br)=CC=CC2C1
85466-66-6,O=C(OC(C)(C)C)N(C)C(C(=O)O)CC=1C=CC=CC1
118791-14-3,O=C(O)C1=CN=C2C=CC(Cl)=CC2=C1
13726-76-6,O=C(OC(C)(C)C)NC(C(=O)O)CCCNC(=N)N
221352-46-1,O=C(O)C1C=2C=CC=CC2CN1C(=O)OC(C)(C)C
189619-55-4,O=C(OC(C)(C)C)NCC(C(=O)O)CC=1C=CC=CC1
138731-14-3,O=C(O)C=1C=CC=2NC(=CC2C1)C(=O)OCC
343-65-7,O=C(O)C(N)CC(=O)C=1C=CC=CC1N
128502-56-7,O=C(O)C1NCC2=CC(O)=CC=C2C1
443-73-2,O=C(O)CC1=CNC=2C=CC(F)=CC21
99199-59-4,O=C(O)C=1OC2=CC=C(F)C=C2C(=O)C1
120205-50-7,O=C(OC(C)(C)C)N1CCCC1C(OC)C(C(=O)O)C
885281-30-1,O=C(O)C=1N=C2N(C1)CCN(C(=O)OC(C)(C)C)C2
60547-92-4,O=C(O)C1=CC(OC)=C(OCC=2C=CC=CC2)C=C1N(=O)=O
13599-22-9,O=C(O)C1=NN(C=2C=CC=CC2)C(=C1)C=3C=CC=CC3
22892-96-2,O=C(O)C=1C=C(C(Cl)=C(C1)S(=O)(=O)N)N(=O)=O
214139-26-1,O=C(OC(C)(C)C)NC1(C(=O)O)C=2C=CC=CC2CC1
872001-50-8,O=C(O)C1=CC=CC2=C1CCN(C(=O)OC(C)(C)C)C2
518044-42-3,O=C(O)CCOCCOCCOCCOCCOCCOCCN1C(=O)C=CC1=O
97628-92-7,O=C(O)C1CN(C(=O)OCC=2C=CC=CC2)C1
6052-68-2,O=C(O)C1NCC=2NC=3C=CC=CC3C2C1
61925-77-7,O=C(OC(C)(C)C)NC(C(=O)O)CSCC1=CC=C(C=C1)C
154902-51-9,O=C(OC(C)(C)C)NC(C(=O)O)CC1=CSC=2C=CC=CC21
6548-09-0,O=C(O)C(N)CC1=CNC=2C=CC(Br)=CC21
119736-16-2,O=C(O)C=1OC=CC(=O)C1OCC=2C=CC=CC2
112883-41-7,O=C(OCC1C=2C=CC=CC2C=3C=CC=CC31)NC(C(=O)O)CCCC
251565-85-2,O=C(O)C(OCC)CC1=CC=C(OCCC2=CC=C(OS(=O)(=O)C)C=C2)C=C1
145038-53-5,O=C(OCC1C=2C=CC=CC2C=3C=CC=CC31)NC(C(=O)O)CC(=O)OC
103478-63-3,O=C(O)C(N(C(=O)OCC1C=2C=CC=CC2C=3C=CC=CC31)C)CC(C)C
84000-12-4,O=C(O)C(N(C(=O)OCC1C=2C=CC=CC2C=3C=CC=CC31)C)CCSC
160706-62-7,O=C(OCC=1C=CC=CC1)N2CCCC(C(=O)O)C2
756525-98-1,O=C(O)CCOCCOCCNC(=O)CCN1C(=O)C=CC1=O
26787-78-0,O=C(O)C1N2C(=O)C(NC(=O)C(N)C3=CC=C(O)C=C3)C2SC1(C)C
144599-95-1,O=C(OC(C)(C)C)NC(C(=O)O)CC1=CN(C(=O)OC(C)(C)C)C=2C=CC=CC21
55804-65-4,O=C(O)C1=CC=2C=C3C4=C(C2OC1=O)CCCN4CCC3
87848-99-5,O=C(O)C=CC=1N=C(C=CC1)C(=CCN2CCCC2)C3=CC=C(C=C3)C
149709-62-6,O=C(O)CCC(=O)NC(CC=1C=CC(=CC1)C=2C=CC=CC2)CC(C(=O)OCC)C
1170-76-9,O=C(OCC=1C=CC=CC1)NCC(=O)NC(C(=O)O)CC=2C=CC=CC2
35899-43-5,O=C(OC(C)(C)C)NC(C(=O)O)CC=1N=CN(C1)S(=O)(=O)C2=CC=C(C=C2)C
202920-22-7,O=C(O)C(NC(=O)OCC1C=2C=CC=CC2C=3C=CC=CC31)CC=4N=CN(C4)C
1160-54-9,O=C(OCC=1C=CC=CC1)NCC(=O)N2CCCC2C(=O)O
172169-88-9,O=C(OCC1C=2C=CC=CC2C=3C=CC=CC31)NC(C(=O)O)CCBr
220498-02-2,O=C(O)CC(NC(=O)OCC1C=2C=CC=CC2C=3C=CC=CC31)C=4C=CC=CC4
209252-16-4,O=C(O)CC(NC(=O)OCC1C=2C=CC=CC2C=3C=CC=CC31)CC=4C=CC=CC4
220497-66-5,O=C(OCC1C=2C=CC=CC2C=3C=CC=CC31)NC4CCC(C(=O)O)C4
118476-89-4,O=C(OCC1C=2C=CC=CC2C=3C=CC=CC31)NC(C(=O)O)CCCNC(=O)OC(C)(C)C
175453-08-4,O=C(OCC1C=2C=CC=CC2C=3C=CC=CC31)NC(C(=O)O)CC4=CC=C(Cl)C=C4
2279-15-4,O=C(OCC=1C=CC=CC1)NC(C(=O)O)CC2=CNC=3C=CC=CC32
205526-38-1,O=C(OCC1C=2C=CC=CC2C=3C=CC=CC31)NC(C(=O)O)CC=4C=CC(=CC4)C=5C=CC=CC5
127294-70-6,O=C(O)C1=CN(C2=C(OC)C(=C(F)C=C2C1=O)N3CCCC(NC)C3)C4CC4
205526-30-3,O=C(OCC1C=2C=CC=CC2C=3C=CC=CC31)NC(C(=O)O)CC4=CC(F)=C(F)C(F)=C4
138774-93-3,O=C(OCC1C=2C=CC=CC2C=3C=CC=CC31)NC(C(=O)O)CC4=CC=CC=5C=CC=CC54
151213-15-9,O=C(O)C1=CN(C2=C(F)C(=C(F)C=C2C1=O)N3CC4NCCCC4C3)C5CC5
17407-56-6,O=C(O)C(O)C(C)C
76-04-0,O=C(O)C(F)(F)Cl
70631-93-5,O=C(O)C1=NC=C(N1)C
57252-83-2,O=C(O)C1CC(C)C1
3067-19-4,O=C(NC(C(=O)O)C(C)C)C
1113-41-3,O=C(O)C(N)C(S)(C)C
57224-50-7,O=C(O)C(N)CC(C)(C)C
21709-90-0,O=C(O)CNC(=O)CC
41248-13-9,O=C(O)C1(O)CCC1
14282-78-1,O=C(O)C=1SC=C(C1)C
864373-47-7,O=C(O)C1OCC1
49640-66-6,O=C(O)C1(CO)CC1
3302-10-1,O=C(O)CC(C)CC(C)(C)C
39652-34-1,O=C(O)C1=CC(Cl)=C(C(Cl)=C1)C
2424-90-0,O=C(O)CCCCCCCCCCCCCCCC(=O)O
72580-53-1,O=C(O)C1CNCC1
66838-42-4,O=C(O)C1COCC1
99-67-2,O=C(O)C(CC=C)CC=C
515-30-0,O=C(O)C(O)(C=1C=CC=CC1)C
16633-50-4,O=C(O)C=1C(=CC(F)=CC1C)C
4224-62-8,O=C(O)CCCCCCl
15441-10-8,O=C(O)CCS(=O)(=O)N
1086399-13-4,O=C(O)C1CCC2(CC1)CC2
27610-92-0,O=C(O)C(CCCC)CCCCCC
5451-55-8,O=C(O)C1CCC(CC1)C(C)(C)C
22047-86-5,O=C(O)C1=CN=C(C=C1C)C
956364-44-6,O=C(O)CN1N=CC(=C1)C
1190862-72-6,O=C(O)C1=CN=C(C(Br)=C1)C
5469-45-4,O=C(O)C(=CC=1C=CC=CC1)NC(=O)C
1878-81-5,O=C(O)COC1=CC=C(C=C1)C(=O)C
610-09-3,O=C(O)C1CCCCC1C(=O)O
37131-87-6,O=C(O)C1=NC=C(Br)C=N1
71830-07-4,O=C(O)C1CCC(N)C1
5669-14-7,O=C(O)C(C)(C)CC=1C=CC=CC1
45019-28-1,O=C(O)CCC(C)CCCCC
13626-59-0,O=C(O)C=1ON=C(OC)C1
103877-80-1,O=C(O)C1=CC(F)=C(C=C1F)C
179555-11-4,O=C(O)C1=CN=C(N)C=C1C
65169-64-4,O=C(O)C=1C=C(N=C(C1)C)N
1119-60-4,O=C(O)CCCCC=C
619-20-5,O=C(O)C1=CC=CC(=C1)CC
17350-84-4,O=C(O)C(N)(C)CC=1C=CC=CC1
50-82-8,O=C(O)C1=CC(Cl)=C(Cl)C=C1Cl
28114-87-6,O=C(O)C1CC2(CCC2)C1
42858-60-6,O=C(O)C1CC(=O)CC(=O)C1
15448-77-8,O=C(O)C12CCC(C(=O)OC)(CC1)C2
31166-29-7,O=C(O)C=1SC(Cl)=C(Cl)C1
38275-61-5,O=C(O)C1=NC=C(Cl)C=N1
7498-54-6,O=C(O)C1=CC=CC(=C1)C(C)(C)C
26308-42-9,O=C(O)C1=CC(=NN1C)CC
3260-89-7,O=C(O)C=1C(Cl)=CC=CC1OC
2967-70-6,O=C(O)C(OC1=CC=C(F)C=C1)C
2903-48-2,O=C(O)C(=O)NC=1C(=CC=CC1C)C
24667-09-2,O=C(O)C=1C(=O)NC(=CC1C)C
425702-18-7,O=C(O)C1=CC(F)=C(F)C=C1OC
38233-47-5,O=C(O)C1=CC(OC)=C(F)C(F)=C1F
83-30-7,O=C(O)C=1C(O)=CC(O)=CC1O
4344-84-7,O=C(O)C1OC(=O)CC1
15897-81-1,O=C(O)C1C2CC3CC(C2)CC1C3
51052-78-9,O=C(O)CC1CCNCC1
16490-02-1,O=C(O)C1=NC=NC(=C1)C(=O)O
14246-53-8,O=C(O)CNC(=O)CCCCCCC
3303-34-2,O=C(O)C(NC(=O)C(N)C)CC(C)C
13335-73-4,O=C(O)COC1=CC=C(C(=C1)C)C
541-14-0,O=C([O-])CC(O)C[N+](C)(C)C
76045-71-1,O=C(O)C=1C=C(O)C=C(N)C1
16492-28-7,O=C(O)C=1N=C(Cl)N=C(Cl)C1
196194-58-8,O=C(O)C1=C(F)C=C(Cl)C=C1F
1783-84-2,O=C(O)CCCCCCC=CCC=CCC=CCCCCC
1011-54-7,O=C(O)C=CC=1C=CC=CC1OC
132696-45-8,O=C(OC(C)(C)C)NCC(C(=O)O)C
7356-41-4,O=C(O)COC1=CC(=CC=C1C)C
25456-76-2,O=C(O)CCC(N)C(=O)OC(C)(C)C
964-68-1,O=C(O)C1=CC=C(C=C1)C(=O)C2=CC=C(C=C2)C(=O)O
140914-89-2,O=C(O)CC1=NC=CN=C1
76686-84-5,O=C(O)CCN1N=CN=C1
37131-91-2,O=C(O)C=1N=CN=C(Cl)C1
64224-60-8,O=C(O)C=1N=CN=CC1Br
61830-40-8,O=C(O)C1=NC=C(Br)C=C1Br
120-36-5,O=C(O)C(OC1=CC=C(Cl)C=C1Cl)C
103946-54-9,O=C(O)C=1C=CN=C(C1)C=2N=CC=C(C2)C
17874-76-9,O=C(O)C1=CN=C(C=C1)C(=O)OC
1008773-79-2,O=C(OC(C)(C)C)NC1CC(C(=O)O)C1
24202-74-2,O=C(O)C=1C=NC=CC1C(=O)OC
10351-19-6,O=C(O)CSC=1C=CN=CC1
56363-84-9,O=C(O)C1=CC=C(O)C=C1Cl
3770-22-7,O=C1NC(C(=O)O)CCC1
58717-02-5,O=C(O)C(N)CC1CCCCC1
171178-50-0,O=C(O)C1=CC=C(F)N=C1F
51446-30-1,O=C(O)C1=CC(O)=CC=C1F
4878-36-8,O=C(O)C1=NC(Cl)=C(N=C1N)N
51786-10-8,O=C(O)C=1C=CC=C(O)C1Cl
212197-74-5,N#CC=1OC(=CC1)C(=O)O
91658-92-3,O=C(O)C=1C=CC=C(O)C1F
1211589-43-3,O=C(O)C1=NC(F)=CC=C1Br
1211530-89-0,O=C(O)C=1C=CN=C(Br)C1F
851386-43-1,O=C(O)C1=CC(F)=CN=C1F
555-30-6,O=C(O)C(N)(C)CC1=CC=C(O)C(O)=C1
13452-14-7,O=C(O)C=1C=CC=2N=C(OC2C1)C
10199-57-2,O=C(O)C1=NN(C=2C=CC=CC2)C(=C1)C
21577-57-1,O=C(O)C=1C(OC)=CC(OC)=CC1N
1031417-77-2,O=C(O)C=1C=CC=2C=NN(C2C1)C
903129-78-2,O=C(O)C1=CC(Br)=CN2C=CN=C12
3240-10-6,O=C(O)C#CC1=CC=C(Cl)C=C1
118996-38-6,O=C(O)C1=CC=C(C=C1)N(C2=CC=C(C=C2)C(=O)O)C3=CC=C(C=C3)C(=O)O
22106-33-8,O=C(O)C1=CC=C(C=C1)N2C=CC=C2
575-90-6,O=C(O)COC=1C(Cl)=CC=CC1Cl
4481-28-1,O=C(O)C1=CC=CC(=C1)C(=O)N
18735-74-5,O=C(O)C=1N=C(OC1C)C=2C=CC=CC2
38464-04-9,O=C(O)CC1=CC=C(OCC)C(OCC)=C1
128009-32-5,O=C(O)C=1SC(=CC1)C(F)(F)F
94010-78-3,O=C(O)C(F)(F)C1=CC=C(F)C=C1
154012-18-7,O=C(O)C1=CN=C(Cl)C(F)=C1Cl
50451-84-8,O=C(O)C=1SC=2C=CC(Cl)=CC2C1C
38324-83-3,O=C(O)C=1C=NC(=O)NC1
14440-94-9,O=C(O)C1=NC=CC=C1OCCC
862821-16-7,O=C(O)C1(C2=CC=C(OC)C(OC)=C2)CC1
168618-45-9,O=C(O)C1=CC=CC(=C1)C2=CC=CC(OC)=C2
851386-33-9,O=C(O)C1=CN=C(F)C(F)=C1
53636-68-3,O=C(O)C1=NC=C(Cl)C=C1N
725-05-3,O=C(O)C=1C=CC=C(C1)C=2C=CC(OC)=CC2
15785-54-3,O=C(O)C1=CC(OC)=C(O)C(=C1)N(=O)=O
5442-91-1,O=C(O)C=1NC(=C(C(=O)OCC)C1C)C
90349-23-8,O=C(O)C=1C=NN2C1N=C(C=C2C)C
5803-22-5,O=C(O)CC1=CC=C(C(OC)=C1)N(=O)=O
2552-55-8,O=C(O)C(N)C=1ONC(=O)C1
1967-31-3,O=C(O)C1=CC=C(C(=O)O)C(Cl)=C1
37868-26-1,O=C(O)CC1CC=2C=CC=CC2C1
194240-75-0,O=C(O)CC1=CC=C(Cl)C=C1F
475301-73-6,O=C(O)C(F)(F)C1=CC=C(Cl)C=C1
83141-11-1,O=C(O)C=1C(F)=CC=C(N)C1F
183065-72-7,O=C(O)C1=C(F)C(F)=CC=C1Br
158580-94-0,O=C(O)C1=CC=C(F)C(F)=C1N
166170-15-6,O=C(OC(C)(C)C)N1CCCC1(C(=O)O)C
203869-80-1,O=C(OC(C)(C)C)N1CCCC1(C(=O)O)C
364077-84-9,O=C(OC(C)(C)C)N1CC(=O)CC1C(=O)O
58089-25-1,O=C(O)C1=CC=C2NC(=S)NC2=C1
16726-67-3,O=C(O)C1=CC=CC=2C(Br)=CC=CC12
15197-75-8,O=C(O)CCC1=NC=CC=C1
34317-61-8,O=C(O)C(N)CSC=1C=CC=CC1
57078-99-6,O=C1C=CC(=O)N1CCCCC(=O)O
874784-14-2,O=C(O)C1=CC(Br)=CC(F)=C1N
52864-56-9,O=C(O)CC1=CC=C(Cl)C=C1Br
177480-81-8,O=C(O)C=1C=C(F)C(Br)=CC1Cl
21293-29-8,O=C(O)C=C(C=CC1(O)C(=CC(=O)CC1(C)C)C)C
491-72-5,O=C(O)C=1C(O)=CC(O)=CC1CCCCC
187039-57-2,O=C(OC(C)(C)C)N1CCC(O)C1C(=O)O
848482-93-9,O=C(OC(C)(C)C)N1CCNC(C(=O)O)C1
128453-98-5,O=C(OC(C)(C)C)N1CCSCC1C(=O)O
488703-60-2,O=C(OC(C)(C)C)NC1CCCCC1C(=O)O
3333-15-1,O=C(O)C(C=1C=CC=CC1)CC=2C=CC=CC2
4144-62-1,O=C(O)CCCCC(=O)C=1C=CC=CC1
320-32-1,O=C(O)C1=CC=C(O)C=C1C(F)(F)F
590371-38-3,O=C(O)C=1C=CN=CC1C(F)(F)F
182491-21-0,O=C(O)C1(C=2C=CC=CC2)CCOCC1
131690-60-3,O=C(O)CC(N)C1=CC=C(Cl)C=C1
654-97-7,O=C(O)C1=CC(Br)=CC=C1C(F)(F)F
954240-89-2,O=C(O)C1=NC=C(Br)C=C1N(=O)=O
4703-38-2,O=C(O)C(NC(=O)C=1C=CC=CC1)CCSC
222530-34-9,O=C(OC(C)(C)C)NC1CCCC(C(=O)O)C1
182287-49-6,O=C(OC(C)(C)C)NC(C(=O)O)C1CCOCC1
27914-60-9,O=C(O)C1=CC=C(OCC=C)C=C1
76429-73-7,O=C(O)C1=CC=C2OCCC2=C1
17768-28-4,O=C(O)CC12CC3CC(C1)CC(CC(=O)O)(C3)C2
42287-90-1,O=C(O)CCC=1C=CC=C(Br)C1
42287-94-5,N#CC1=CC=C(C=C1)CCC(=O)O
7025-19-6,O=C(O)CCN1C(=S)SCC1=O
3284-79-5,O=C(O)CCOC1=CC=C(Cl)C=C1
62119-70-4,O=C(O)CC=1OC=2C=CC=CC2C1
7477-10-3,O=C(O)C1=CN=C(Cl)C(=C1)N(=O)=O
15861-30-0,O=C(O)C1=CC=C2NCCC2=C1
168619-06-5,O=C(O)C1=CC=CC(=C1)C2=CC=CC(Cl)=C2
117391-57-8,O=C(O)CC(N)C1=CC=C(Cl)C(Cl)=C1
162046-58-4,O=C(OC(C)(C)C)NCC1CCC(C(=O)O)CC1
23651-95-8,O=C(O)C(N)C(O)C1=CC=C(O)C(O)=C1
103365-47-5,O=C(OC(C)(C)C)NC(C=1C=CC=CC1)CC(=O)O
45234-13-7,O=C(OC(C)(C)C)NC(C(=O)O)CCCNC(=O)N
4837-19-8,O=C(O)C=1C=CC=C(OC(F)F)C1
144059-86-9,O=C(O)C=1SC(=NC1C)C=2C=CC(=CC2)C(F)(F)F
1020717-99-0,O=C(O)C1=CC(F)=C(Br)C=C1N(=O)=O
2001-32-3,O=C(O)CCC=1C=CC=CC1N(=O)=O
85977-52-2,O=C(O)C1C=2C=CC=CC2CCC1
104468-87-3,O=C(O)C=1C=CN2N=CC=C2C1
307313-03-7,O=C(O)C1=NN2C(=C1)CCCC2
1255666-86-4,O=C(OC(C)(C)C)N1CC(C(=O)O)CC(F)(F)C1
1086375-50-9,O=C(O)C1=NC2=CC=NN2C=C1
1250993-43-1,O=C(OC(C)(C)C)N1CC2CCC2(C(=O)O)C1
14296-92-5,O=C(OC(C)(C)C)NCC(=O)N1CCCC1C(=O)O
1779-11-9,O=C(O)C=1C=C2C=C(Br)C=CC2=CC1O
58880-37-8,O=C(O)C1(C2=CC=C(Cl)C=C2)CCCCC1
186432-20-2,O=C(O)C1=CC=2C=C(F)C=C(F)C2N1
70639-78-0,O=C(O)C=1C=CC=2NC(=O)C=CC2C1
129931-45-9,O=C(O)C1=CC(=CC(Cl)=C1F)C(F)(F)F
186517-41-9,O=C(O)C1=C(F)C(Cl)=CC=C1C(F)(F)F
1041481-59-7,O=C(O)C=1C=CC=2NN=CC2C1F
57672-33-0,O=C(O)C1=CC=2OCCOC2C=C1N(=O)=O
1878-88-2,O=C(O)COC1=CC=CC(=C1)N(=O)=O
5678-48-8,O=C(O)CC(N)C=1C=CC=CC1N(=O)=O
19741-30-1,O=C(O)CC=1N=C2C=CC=CN2C1
7170-50-5,O=C(O)CCOC=1C=CC=C(Cl)C1
800401-84-7,O=C(O)C1=CC=2C=C(Cl)C=NC2N1
849996-80-1,O=C(O)C=1C=CC2=NC(Cl)=CC=C2C1
1306605-84-4,O=C(O)C1=CC(F)=CC2=CC=CN=C21
28862-80-8,O=C(OCC=1C=CC=CC1)NC(C(=O)O)CCSC
352004-58-1,O=C(OC(C)(C)C)N1CCCC(C1)CCC(=O)O
6295-57-4,O=C(O)CSC1=NC=2C=CC=CC2S1
198205-79-7,O=C(O)C1=CC=C(C=C1)C=2C=CC=CC2C(F)(F)F
5731-18-0,O=C(O)C1CN(CC=2C=CC=CC2)CC1
3160-47-2,O=C(OCC=1C=CC=CC1)NC(C(=O)O)CC(=O)OC
111969-64-3,O=C(OC1CC(C)CCC1C(C)C)C(O)O
4652-65-7,O=C(OCC=1C=CC=CC1)NC(C(=O)O)CCC(=O)OC
15686-71-2,O=C(O)C1=C(C)CSC2N1C(=O)C2NC(=O)C(N)C=3C=CC=CC3
1860-58-8,O=C(O)CC=1C=CC=C(OCC=2C=CC=CC2)C1
6270-74-2,O=C(O)CC1SC=2C=CC=CC2NC1=O
10252-82-1,O=C(O)C1=CC=C(C=C1)S(=O)(=O)N2CCOCC2
3348-03-6,O=C(O)C1=CC=C2C(=O)OC3(C4=CC=C(OC(=O)C)C=C4OC5=CC(OC(=O)C)=CC=C53)C2=C1
131724-45-3,N#CC1=CC=C(C=C1)CC(NC(=O)OC(C)(C)C)C(=O)O
4767-00-4,O=C(O)CCSC1=NC=2C=CC=CC2S1
170642-27-0,O=C(OCC1C=2C=CC=CC2C=3C=CC=CC31)NC(C(=O)O)CC
142335-42-0,O=C(O)C1N(C(=O)OC(C)(C)C)CC2=CC(O)=CC=C2C1
154212-61-0,O=C(O)C(NC(=O)N(C)CC=1N=C(SC1)C(C)C)C(C)C
201864-71-3,O=C(OCC1C=2C=CC=CC2C=3C=CC=CC31)NC(C)CC(=O)O
214630-00-9,O=C(O)C1N(C(=O)OC(C)(C)C)CC2=CC(O)=CC=C2C1
17794-48-8,O=C(O)CNC(=O)C1=CC=CC(=C1)C(F)(F)F
82419-35-0,O=C(O)C1=CN2C3=C(OCC2C)C(F)=C(F)C=C3C1=O
500011-86-9,O=C(O)C1=CC(Br)=NN1C2=NC=CC=C2Cl
2448-45-5,O=C(O)C(NC(=O)OCC=1C=CC=CC1)CC=2C=CC=CC2
6234-26-0,O=C(O)C(NC(=O)CNC(=O)CN)CC=1C=CC=CC1
85-73-4,O=C(O)C=1C=CC=CC1C(=O)NC2=CC=C(C=C2)S(=O)(=O)NC3=NC=CS3
173212-86-7,O=C(OCC1C=2C=CC=CC2C=3C=CC=CC31)NC(C(=O)O)CCOC
85-54-1,O=C(O)C=1C=CC=CC1C(=O)C2=CC=C(Cl)C(=C2)N(=O)=O
36701-89-0,O=C(O)C1=CC=CN=C1OC2=CC=CC(=C2)C(F)(F)F
192214-00-9,O=C(O)C1CN(C(=O)OCC=2C=CC=CC2)CC1
192214-06-5,O=C(O)C1CN(C(=O)OCC=2C=CC=CC2)CC1
163437-14-7,O=C(OCC1C=2C=CC=CC2C=3C=CC=CC31)NC(C(=O)O)CCS(=O)(=O)C
126937-41-5,O=C(OCC=1C=CC=CC1)N2CCN(C(=O)OC(C)(C)C)CC2C(=O)O
70671-54-4,O=C(OCC=1C=CC=CC1)NC(C(=O)O)CCCCN
165454-06-8,O=C(O)COCCOCCNC(=O)OCC=1C=CC=CC1
53994-73-3,O=C(O)C1=C(Cl)CSC2N1C(=O)C2NC(=O)C(N)C=3C=CC=CC3
126705-22-4,O=C(OCC1C=2C=CC=CC2C=3C=CC=CC31)NC4(C(=O)O)CC4
150256-42-1,O=C(O)C=1C=CC=CC1NC(=O)OCC2C=3C=CC=CC3C=4C=CC=CC42
73724-43-3,O=C(OCC1C=2C=CC=CC2C=3C=CC=CC31)NC(C(=O)O)CSSC(C)(C)C
127373-66-4,O=C(O)CNC(=O)C=1C=CC=CC1NS(=O)(=O)C2=CC=C(OC(=O)C(C)(C)C)C=C2
756526-00-8,O=C(O)CCOCCOCCOCCOCCNC(=O)OCC=1C=CC=CC1
187794-49-6,O=C(OC(C)(C)C)NCC(=O)NCC(=O)NC(C(=O)NCC(=O)O)CC=1C=CC=CC1
945212-26-0,O=C(OCC1C=2C=CC=CC2C=3C=CC=CC31)NC(C(=O)O)(C)CCCCCCC=C
374791-02-3,O=C(O)C1N(C(=O)OCC2C=3C=CC=CC3C=4C=CC=CC42)CC1
135837-63-7,O=C(O)C1C=CCN1C(=O)OCC2C=3C=CC=CC3C=4C=CC=CC42
911-40-0,O=C(O)CCC(C)C1CCC2C3C(=O)CC4CC(O)CCC4(C)C3CC(O)C12C
87269-97-4,O=C(O)C(NC(C(=O)N1C(C(=O)O)CC2CCCC12)C)CCC=3C=CC=CC3
68401-81-0,O=C(O)C1=CCSC2N1C(=O)C2NC(=O)C(=NOC)C=3N=C(SC3)N
851909-08-5,O=C(OCC1C=2C=CC=CC2C=3C=CC=CC31)NC(C(=O)O)CCC=C
194718-17-7,O=C(OCC1C=2C=CC=CC2C=3C=CC=CC31)NC(C(=O)O)CCCCCNC(=O)OC(C)(C)C
203866-19-7,O=C(OCC1C=2C=CC=CC2C=3C=CC=CC31)N4CC(F)CC4C(=O)O
186046-78-6,O=C(O)CN1C=CC(=NC1=O)NC(=O)OC(C=2C=CC=CC2)C=3C=CC=CC3
214852-45-6,O=C(O)C1N(C(=O)OCC2C=3C=CC=CC3C=4C=CC=CC42)CC(O)C1
203854-47-1,O=C(OCC1C=2C=CC=CC2C=3C=CC=CC31)NC(CC(=O)O)CCCCNC(=O)OC(C)(C)C
169624-67-3,O=C(OCC1C=2C=CC=CC2C=3C=CC=CC31)NC(C(=O)NCC(=O)O)CC=4C=CC=CC4
856412-22-1,O=C(OCC1C=2C=CC=CC2C=3C=CC=CC31)NC(C(=O)O)CCCC=C
