SMILES,pka_value,canonical_smiles,MW,logP,TPSA,HBA,HBD,rotatable_bonds,aromatic_rings,FractionCSP3,formal_charge,acid_type,acid_group_count,local_heteroatom_count,nearest_heteroatom_distance,local_conjugation,error
Br/C=C/C(=O)O,3.71,O=C(O)/C=C/Br,150.959,0.9796,37.3,1,1,1,0,0.0,0,0,1,1,2,1,
BrC1=C(C=CC=C1)/C=C/C(=O)O,4.23,O=C(O)/C=C/c1ccccc1Br,227.057,2.5469,37.3,1,1,2,1,0.0,0,0,1,1,2,1,
Br\C=C/C(=O)O,3.32,O=C(O)/C=C\Br,150.959,0.9796,37.3,1,1,1,0,0.0,0,0,1,1,2,1,
C#CC#CC#CC(=O)O,1.67,C#CC#CC#CC(=O)O,118.091,-0.289,37.3,1,1,0,0,0.0,0,0,1,1,2,1,
C#CC(=O)O,1.8635,C#CC(=O)O,70.047,-0.2958,37.3,1,1,0,0,0.0,0,0,1,1,2,1,
C#CCC(=O)O,3.32,C#CCC(=O)O,84.074,0.0943,37.3,1,1,1,0,0.25,0,0,1,1,2,1,
C#CCCC(=O)O,4.2,C#CCCC(=O)O,98.101,0.4844,37.3,1,1,2,0,0.4,0,0,1,1,2,1,
C#CCCCC(=O)O,4.59,C#CCCCC(=O)O,112.128,0.8745,37.3,1,1,3,0,0.5,0,0,1,1,2,1,
C#CCCCCC(=O)O,4.57,C#CCCCCC(=O)O,126.155,1.2646,37.3,1,1,4,0,0.571429,0,0,1,1,2,1,
C(C)(=O)NC1=CC=C(C=C1)[C@H]1[C@@H](C1)C(=O)O,4.57,CC(=O)Nc1ccc([C@@H]2C[C@H]2C(=O)O)cc1,219.24,1.8331,66.4,2,2,3,1,0.333333,0,0,1,1,2,1,
C(\C=C/CC)(=O)O,4.7,CC/C=C\C(=O)O,100.117,1.0372,37.3,1,1,2,0,0.4,0,0,1,1,2,1,
C(\C=C/CCC)(=O)O,4.63,CCC/C=C\C(=O)O,114.144,1.4273,37.3,1,1,3,0,0.5,0,0,1,1,2,1,
C(\C=C/CCCC)(=O)O,4.12,CCCC/C=C\C(=O)O,128.171,1.8174,37.3,1,1,4,0,0.571429,0,0,1,1,2,1,
C(\C=C\C#C)(=O)O,3.75,C#C/C=C/C(=O)O,96.085,0.2604,37.3,1,1,1,0,0.0,0,0,1,1,2,1,
C(\C=C\C#CC)(=O)O,4.2,CC#C/C=C/C(=O)O,110.112,0.6505,37.3,1,1,1,0,0.166667,0,0,1,1,2,1,
C(\C=C\CC)(=O)O,4.74,CC/C=C/C(=O)O,100.117,1.0372,37.3,1,1,2,0,0.4,0,0,1,1,2,1,
C(\C=C\CCCC)(=O)O,4.88,CCCC/C=C/C(=O)O,128.171,1.8174,37.3,1,1,4,0,0.571429,0,0,1,1,2,1,
C/C(=C/C(=O)O)C(=O)O,2.2,C/C(=C/C(=O)O)C(=O)O,130.099,0.1019,74.6,2,2,2,0,0.2,0,0,2,2,4,2,
C/C(Cl)=C/C(=O)O,4.0075,C/C(Cl)=C/C(=O)O,120.535,1.2136,37.3,1,1,1,0,0.25,0,0,1,1,2,1,
C/C=C/C(=O)O,4.720000000000001,C/C=C/C(=O)O,86.09,0.6471,37.3,1,1,1,0,0.25,0,0,1,1,2,1,
C/C=C\C(=O)O,4.5600000000000005,C/C=C\C(=O)O,86.09,0.6471,37.3,1,1,1,0,0.25,0,0,1,1,2,1,
C1(=CC=CC=C1)/C=C/C(=O)O,4.46,O=C(O)/C=C/c1ccccc1,148.161,1.7844,37.3,1,1,2,1,0.0,0,0,1,1,2,1,
C1(=CC=CC=C1)[C@H]1[C@@H](C1)C(=O)O,4.57,O=C(O)[C@@H]1C[C@H]1c1ccccc1,162.188,1.8747,37.3,1,1,2,1,0.3,0,0,1,1,2,1,
C1(=CC=CC=C1)\C=C/C(=O)O,3.93,O=C(O)/C=C\c1ccccc1,148.161,1.7844,37.3,1,1,2,1,0.0,0,0,1,1,2,1,
C1[C@H]([C@@H](CC2=CC=CC=C12)N(CC(=O)O)CC(=O)O)N(CC(=O)O)CC(=O)O,2.2,O=C(O)CN(CC(=O)O)[C@@H]1Cc2ccccc2C[C@H]1N(CC(=O)O)CC(=O)O,394.38,-0.5352,155.68,6,4,10,1,0.444444,0,0,4,4,8,4,
C=C(C)c1ccc(C(=O)O)cc1,4.04,C=C(C)c1ccc(C(=O)O)cc1,162.188,2.4179,37.3,1,1,2,1,0.1,0,0,1,1,2,1,
C=C(CC(=O)O)C(=O)O,3.6545,C=C(CC(=O)O)C(=O)O,130.099,0.1019,74.6,2,2,3,0,0.2,0,0,2,2,4,2,
C=C=CC(=O)O,3.69,C=C=CC(=O)O,84.074,0.4121,37.3,1,1,1,0,0.0,0,0,1,1,2,1,
C=CC#CCC(=O)O,3.39,C=CC#CCC(=O)O,110.112,0.6505,37.3,1,1,1,0,0.166667,0,0,1,1,2,1,
C=CC(=O)O,4.2485,C=CC(=O)O,72.063,0.257,37.3,1,1,1,0,0.0,0,0,1,1,2,1,
C=CCCCSCC(=O)O,3.739,C=CCCCSCC(=O)O,160.238,1.7704,37.3,2,1,6,0,0.571429,0,0,1,1,2,1,
C=CCCSCC(=O)O,3.717,C=CCCSCC(=O)O,146.211,1.3803,37.3,2,1,5,0,0.5,0,0,1,1,2,1,
C=CCN(CC(=O)O)CC(=O)O,9.28,C=CCN(CC(=O)O)CC(=O)O,173.168,-0.3564,77.84,3,2,6,0,0.428571,0,0,2,2,4,2,
C=CCSCC(=O)O,3.683,C=CCSCC(=O)O,132.184,0.9902,37.3,2,1,4,0,0.4,0,0,1,1,2,1,
C=CCc1ccc(C(=O)O)cc1,4.34,C=CCc1ccc(C(=O)O)cc1,162.188,2.1133,37.3,1,1,3,1,0.1,0,0,1,1,2,1,
C=CCc1cccc(C(=O)O)c1,4.32,C=CCc1cccc(C(=O)O)c1,162.188,2.1133,37.3,1,1,3,1,0.1,0,0,1,1,2,1,
CC#CC#CC(=O)O,1.94,CC#CC#CC(=O)O,108.096,0.0977,37.3,1,1,0,0,0.166667,0,0,1,1,2,1,
CC#CC#CCC(=O)O,3.23,CC#CC#CCC(=O)O,122.123,0.4878,37.3,1,1,1,0,0.285714,0,0,1,1,2,1,
CC#CC(=O)O,2.603,CC#CC(=O)O,84.074,0.0943,37.3,1,1,0,0,0.25,0,0,1,1,2,1,
CC#CCC(=O)O,3.59,CC#CCC(=O)O,98.101,0.4844,37.3,1,1,1,0,0.4,0,0,1,1,2,1,
CC(=O)/C=C/C(=O)O,3.24,CC(=O)/C=C/C(=O)O,114.1,0.2162,54.37,2,1,2,0,0.2,0,0,1,1,2,1,
CC(=O)C(=O)O,2.365,CC(=O)C(=O)O,88.062,-0.34,54.37,2,1,1,0,0.333333,0,0,1,1,2,1,
CC(=O)C(CC(=O)O)C(=O)O,2.86,CC(=O)C(CC(=O)O)C(=O)O,160.125,-0.2491,91.67,3,2,4,0,0.5,0,0,2,2,4,2,
CC(=O)CC(=O)O,3.6,CC(=O)CC(=O)O,102.089,0.0501,54.37,2,1,2,0,0.5,0,0,1,1,2,1,
CC(=O)CCC(=O)O,4.6,CC(=O)CCC(=O)O,116.116,0.4402,54.37,2,1,3,0,0.6,0,0,1,1,2,1,
CC(=O)CCCC(=O)O,4.8,CC(=O)CCCC(=O)O,130.143,0.8303,54.37,2,1,4,0,0.666667,0,0,1,1,2,1,
CC(=O)NC(CC([N+](=O)[O-])([N+](=O)[O-])[N+](=O)[O-])C(=O)O,3.43,CC(=O)NC(CC([N+](=O)[O-])([N+](=O)[O-])[N+](=O)[O-])C(=O)O,280.149,-1.5503,195.82,8,2,7,0,0.666667,0,0,1,1,2,1,
CC(=O)NC(Cc1cc(I)c(O)c(I)c1)C(=O)O,7.12,CC(=O)NC(Cc1cc(I)c(O)c(I)c1)C(=O)O,475.02,1.7332,86.63,3,3,4,1,0.272727,0,0,1,1,2,1,
CC(=O)NC(Cc1ccc(O)c(I)c1)C(=O)O,8.83,CC(=O)NC(Cc1ccc(O)c(I)c1)C(=O)O,349.124,1.1286,86.63,3,3,4,1,0.272727,0,0,1,1,2,1,
CC(=O)NCC(=O)NC(Cc1c[nH]cn1)C(=O)NCC(=O)O,6.86,CC(=O)NCC(=O)NC(Cc1c[nH]cn1)C(=O)NCC(=O)O,311.298,-2.2261,153.28,5,5,8,1,0.416667,0,0,1,1,2,1,
CC(=O)NCC(=O)NC(Cc1cn(Cc2ccccc2)cn1)C(=O)NCC(=O)O,6.37,CC(=O)NCC(=O)NC(Cc1cn(Cc2ccccc2)cn1)C(=O)NCC(=O)O,401.423,-0.7044,142.42,5,4,10,2,0.315789,0,0,1,1,2,1,
CC(=O)NCC(=O)NCC(=O)NC(Cc1c[nH]cn1)C(=O)O,7.18,CC(=O)NCC(=O)NCC(=O)NC(Cc1c[nH]cn1)C(=O)O,311.298,-2.2261,153.28,5,5,8,1,0.416667,0,0,1,1,2,1,
CC(=O)NCC(=O)NCC(=O)NCC(=O)NC(Cc1c[nH]cn1)C(=O)O,7.21,CC(=O)NCC(=O)NCC(=O)NCC(=O)NC(Cc1c[nH]cn1)C(=O)O,368.35,-3.1099,182.38,6,6,10,1,0.428571,0,0,1,1,2,1,
CC(=O)NCC(=O)NCC(=O)N[C@@H](Cc1cnc[nH]1)C(=O)NCC(=O)O,6.9,CC(=O)NCC(=O)NCC(=O)N[C@@H](Cc1cnc[nH]1)C(=O)NCC(=O)O,368.35,-3.1099,182.38,6,6,10,1,0.428571,0,0,1,1,2,1,
CC(=O)NCC(=O)NCC(=O)N[C@@H](Cc1cnc[nH]1)C(=O)O,7.18,CC(=O)NCC(=O)NCC(=O)N[C@@H](Cc1cnc[nH]1)C(=O)O,311.298,-2.2261,153.28,5,5,8,1,0.416667,0,0,1,1,2,1,
CC(=O)NCC(=O)N[C@@H](Cc1c[nH]cn1)C(=O)O,7.11,CC(=O)NCC(=O)N[C@@H](Cc1c[nH]cn1)C(=O)O,254.246,-1.3423,124.18,4,4,6,1,0.4,0,0,1,1,2,1,
CC(=O)N[C@@H](Cc1c[nH]cn1)C(=O)O,7.08,CC(=O)N[C@@H](Cc1c[nH]cn1)C(=O)O,197.194,-0.4585,95.08,3,3,4,1,0.375,0,0,1,1,2,1,
CC(=O)N[C@@H](Cc1ccc(O)cc1)C(=O)O,10.11,CC(=O)N[C@@H](Cc1ccc(O)cc1)C(=O)O,223.228,0.524,86.63,3,3,4,1,0.272727,0,0,1,1,2,1,
CC(=O)Nc1cccc(C(=O)O)c1,4.03,CC(=O)Nc1cccc(C(=O)O)c1,179.175,1.3432,66.4,2,2,2,1,0.111111,0,0,1,1,2,1,
CC(=O)O,4.645133333333334,CC(=O)O,60.052,0.0909,37.3,1,1,0,0,0.5,0,0,1,1,2,1,
CC(=O)OC(C(=O)O)C(C)([N+](=O)[O-])[N+](=O)[O-],1.85,CC(=O)OC(C(=O)O)C(C)([N+](=O)[O-])[N+](=O)[O-],236.136,-0.7277,149.88,7,1,5,0,0.666667,0,0,1,1,2,1,
CC(=O)OC(CC(=O)O)C[N+](C)(C)C.[Cl-],3.6,CC(=O)OC(CC(=O)O)C[N+](C)(C)C.[Cl-],239.699,-2.897,63.6,3,1,5,0,0.777778,0,0,1,1,2,1,
CC(=O)OC(CC([N+](=O)[O-])([N+](=O)[O-])[N+](=O)[O-])C(=O)O,2.02,CC(=O)OC(CC([N+](=O)[O-])([N+](=O)[O-])[N+](=O)[O-])C(=O)O,281.133,-1.1233,193.02,9,1,7,0,0.666667,0,0,1,1,2,1,
CC(=O)Oc1ccc(C(=O)O)cc1,3.92,CC(=O)Oc1ccc(C(=O)O)cc1,180.159,1.3101,63.6,3,1,2,1,0.111111,0,0,1,1,2,1,
CC(=O)Oc1ccccc1C(=O)O,3.38,CC(=O)Oc1ccccc1C(=O)O,180.159,1.3101,63.6,3,1,2,1,0.111111,0,0,1,1,2,1,
CC(=O)SCC(=O)O,3.23,CC(=O)SCC(=O)O,134.156,0.3507,54.37,3,1,2,0,0.5,0,0,1,1,2,1,
CC(=O)c1ccc(C(=O)O)cc1,3.7,CC(=O)c1ccc(C(=O)O)cc1,164.16,1.5874,54.37,2,1,2,1,0.111111,0,0,1,1,2,1,
CC(=O)c1ccc(CC(=O)O)s1,3.76,CC(=O)c1ccc(CC(=O)O)s1,184.216,1.5778,54.37,3,1,3,1,0.25,0,0,1,1,2,1,
CC(=O)c1ccc(OCC(=O)O)cc1,2.81,CC(=O)c1ccc(OCC(=O)O)cc1,194.186,1.3526,63.6,3,1,4,1,0.2,0,0,1,1,2,1,
CC(=O)c1cccc(C(=O)O)c1,3.827,CC(=O)c1cccc(C(=O)O)c1,164.16,1.5874,54.37,2,1,2,1,0.111111,0,0,1,1,2,1,
CC(=O)c1cccc(NCC(=O)O)c1,3.93,CC(=O)c1cccc(NCC(=O)O)c1,193.202,1.3857,66.4,3,2,4,1,0.2,0,0,1,1,2,1,
CC(=O)c1ccccc1C(=O)O,4.123,CC(=O)c1ccccc1C(=O)O,164.16,1.5874,54.37,2,1,2,1,0.111111,0,0,1,1,2,1,
CC(=S)SCC(=O)O,2.9450000000000003,CC(=S)SCC(=O)O,150.224,1.1515,37.3,3,1,2,0,0.5,0,0,1,1,2,1,
CC(Br)=CC(=O)O,3.86,CC(Br)=CC(=O)O,164.986,1.3697,37.3,1,1,1,0,0.25,0,0,1,1,2,1,
CC(Br)C(=O)O,3.01,CC(Br)C(=O)O,152.975,0.8544,37.3,1,1,1,0,0.666667,0,0,1,1,2,1,
CC(C(=O)O)C(=O)O,3.05,CC(C(=O)O)C(=O)O,118.088,-0.2083,74.6,2,2,2,0,0.5,0,0,2,2,4,2,
CC(C(=O)O)c1ccccc1,4.3,CC(C(=O)O)c1ccccc1,150.177,1.8747,37.3,1,1,2,1,0.222222,0,0,1,1,2,1,
CC(C(O)C(=O)O)([N+](=O)[O-])[N+](=O)[O-],2.37,CC(C(O)C(=O)O)([N+](=O)[O-])[N+](=O)[O-],194.099,-1.2985,143.81,6,2,4,0,0.75,0,0,1,1,2,1,
CC(C)(C#N)C(=O)O,2.422,CC(C)(C#N)C(=O)O,113.116,0.62078,61.09,2,1,1,0,0.6,0,0,1,1,2,1,
CC(C)(C(=O)O)C(=O)C(=O)O,1.77,CC(C)(C(=O)O)C(=O)C(=O)O,160.125,-0.2491,91.67,3,2,3,0,0.5,0,0,2,2,4,2,
CC(C)(C(=O)O)C(=O)O,3.03,CC(C)(C(=O)O)C(=O)O,132.115,0.1818,74.6,2,2,2,0,0.6,0,0,2,2,4,2,
CC(C)(C(=O)O)C(C)(C)C(=O)O,3.88,CC(C)(C(=O)O)C(C)(C)C(=O)O,174.196,1.208,74.6,2,2,3,0,0.75,0,0,2,2,4,2,
CC(C)(C)C#CC(=O)O,2.66,CC(C)(C)C#CC(=O)O,126.155,1.1205,37.3,1,1,0,0,0.571429,0,0,1,1,2,1,
CC(C)(C)C(=O)O,5.1555,CC(C)(C)C(=O)O,102.133,1.1171,37.3,1,1,0,0,0.8,0,0,1,1,2,1,
CC(C)(C)C(C(=O)O)C(=O)O,2.92,CC(C)(C)C(C(=O)O)C(=O)O,160.169,0.8179,74.6,2,2,2,0,0.714286,0,0,2,2,4,2,
CC(C)(C)C(C(=O)O)C(C(=O)O)C(C)(C)C,2.4850000000000003,CC(C)(C)C(C(=O)O)C(C(=O)O)C(C)(C)C,230.304,2.4802,74.6,2,2,3,0,0.833333,0,0,2,2,4,2,
CC(C)(C)C(C)(CC(=O)O)CC(=O)O,3.61,CC(C)(C)C(C)(CC(=O)O)CC(=O)O,202.25,1.9882,74.6,2,2,4,0,0.8,0,0,2,2,4,2,
CC(C)(C)C1CCC(C(=O)O)C(C(=O)O)C1,4.29,CC(C)(C)C1CCC(C(=O)O)C(C(=O)O)C1,228.288,2.2342,74.6,2,2,2,0,0.833333,0,0,2,2,4,2,
CC(C)(C)CC#CC(=O)O,2.53,CC(C)(C)CC#CC(=O)O,140.182,1.5106,37.3,1,1,0,0,0.625,0,0,1,1,2,1,
CC(C)(C)c1ccc(C(=O)O)cc1,4.382,CC(C)(C)c1ccc(C(=O)O)cc1,178.231,2.6823,37.3,1,1,1,1,0.363636,0,0,1,1,2,1,
CC(C)(C)c1ccc(S(=O)(=O)CC(=O)O)cc1,2.598,CC(C)(C)c1ccc(S(=O)(=O)CC(=O)O)cc1,256.323,1.8424,71.44,3,1,3,1,0.416667,0,0,1,1,2,1,
CC(C)(C)c1ccc(S(=O)CC(=O)O)cc1,2.773,CC(C)(C)c1ccc(S(=O)CC(=O)O)cc1,240.324,2.1763,54.37,2,1,3,1,0.416667,0,0,1,1,2,1,
CC(C)(C)c1ccc(SCC(=O)O)cc1,3.758,CC(C)(C)c1ccc(SCC(=O)O)cc1,224.325,3.1608,37.3,2,1,3,1,0.416667,0,0,1,1,2,1,
CC(C)(C)c1cccc(C(=O)O)c1,4.204,CC(C)(C)c1cccc(C(=O)O)c1,178.231,2.6823,37.3,1,1,1,1,0.363636,0,0,1,1,2,1,
CC(C)(CC(=O)O)CC(=O)O,3.79,CC(C)(CC(=O)O)CC(=O)O,160.169,0.962,74.6,2,2,4,0,0.714286,0,0,2,2,4,2,
CC(C)(CCC(=O)O)N(F)F,4.35,CC(C)(CCC(=O)O)N(F)F,167.155,1.7008,40.54,2,1,4,0,0.833333,0,0,1,1,2,1,
CC(C)(N)C(=O)O,10.2125,CC(C)(N)C(=O)O,103.121,-0.1917,63.32,2,2,1,0,0.75,0,0,1,1,2,1,
CC(C)(O)C(=O)O,3.784,CC(C)(O)C(=O)O,104.105,-0.1581,57.53,2,2,1,0,0.75,0,0,1,1,2,1,
CC(C)(OCC(=O)O)C(=O)O,3.44,CC(C)(OCC(=O)O)C(=O)O,162.141,-0.0492,83.83,3,2,4,0,0.666667,0,0,2,2,4,2,
CC(C)(SCC(=O)O)C(=O)O,3.74,CC(C)(SCC(=O)O)C(=O)O,178.209,0.6674,74.6,3,2,4,0,0.666667,0,0,2,2,4,2,
CC(C)=CC(=O)O,5.12,CC(C)=CC(=O)O,100.117,1.0372,37.3,1,1,1,0,0.4,0,0,1,1,2,1,
CC(C)C(=O)O,4.619,CC(C)C(=O)O,88.106,0.727,37.3,1,1,1,0,0.75,0,0,1,1,2,1,
CC(C)C(C#N)(C(=O)O)C(C)C,2.556,CC(C)C(C#N)(C(=O)O)C(C)C,169.224,1.89298,61.09,2,1,3,0,0.777778,0,0,1,1,2,1,
CC(C)C(C#N)C(=O)O,2.014,CC(C)C(C#N)C(=O)O,127.143,0.86678,61.09,2,1,2,0,0.666667,0,0,1,1,2,1,
CC(C)C(C(=O)O)(C(=O)O)C(C)C,2.152,CC(C)C(C(=O)O)(C(=O)O)C(C)C,188.223,1.454,74.6,2,2,4,0,0.777778,0,0,2,2,4,2,
CC(C)C(C(=O)O)C(=O)O,3.0966666666666662,CC(C)C(C(=O)O)C(=O)O,146.142,0.4278,74.6,2,2,3,0,0.666667,0,0,2,2,4,2,
CC(C)C(C)(CC(=O)O)CC(=O)O,3.78,CC(C)C(C)(CC(=O)O)CC(=O)O,188.223,1.5981,74.6,2,2,5,0,0.777778,0,0,2,2,4,2,
CC(C)C(CC(=O)O)(CC(=O)O)C(C)C,3.63,CC(C)C(CC(=O)O)(CC(=O)O)C(C)C,216.277,2.2342,74.6,2,2,6,0,0.818182,0,0,2,2,4,2,
CC(C)C(CC(=O)O)CC(=O)O,4.28,CC(C)C(CC(=O)O)CC(=O)O,174.196,1.208,74.6,2,2,5,0,0.75,0,0,2,2,4,2,
CC(C)CNCC(=O)O,10.12,CC(C)CNCC(=O)O,131.175,0.3166,49.33,2,2,4,0,0.833333,0,0,1,1,2,1,
CC(C)C[C@H](N)C(=O)NCC(=O)NCC(=O)O,7.835,CC(C)C[C@H](N)C(=O)NCC(=O)NCC(=O)O,245.279,-1.3232,121.52,4,4,7,0,0.7,0,0,1,1,2,1,
CC(C)C[C@H](N)C(=O)NCC(=O)O,8.015,CC(C)C[C@H](N)C(=O)NCC(=O)O,188.227,-0.4394,92.42,3,3,5,0,0.75,0,0,1,1,2,1,
CC(C)C[C@H](N)C(=O)O,9.6888,CC(C)C[C@H](N)C(=O)O,131.175,0.4444,63.32,2,2,3,0,0.833333,0,0,1,1,2,1,
CC(C)C[C@H](NC(=O)[C@@H](N)CO)C(=O)O,7.45,CC(C)C[C@H](NC(=O)[C@@H](N)CO)C(=O)O,218.253,-1.0785,112.65,4,4,6,0,0.777778,0,0,1,1,2,1,
CC(C)NCC(=O)O,10.06,CC(C)NCC(=O)O,117.148,0.069,49.33,2,2,3,0,0.8,0,0,1,1,2,1,
CC(C)[C@H](N)C(=O)NCC(=O)O,7.775,CC(C)[C@H](N)C(=O)NCC(=O)O,174.2,-0.8295,92.42,3,3,4,0,0.714286,0,0,1,1,2,1,
CC(C)[C@H](N)C(=O)O,9.634166666666667,CC(C)[C@H](N)C(=O)O,117.148,0.0543,63.32,2,2,2,0,0.8,0,0,1,1,2,1,
CC(C)[C@H](NC(=O)CN)C(=O)O,8.223333333333334,CC(C)[C@H](NC(=O)CN)C(=O)O,174.2,-0.8295,92.42,3,3,4,0,0.714286,0,0,1,1,2,1,
CC(C)c1ccc(C(=O)O)cc1,4.36,CC(C)c1ccc(C(=O)O)cc1,164.204,2.5082,37.3,1,1,2,1,0.3,0,0,1,1,2,1,
CC(C)c1ccc(C(O)C(=O)O)cc1,3.64,CC(C)c1ccc(C(O)C(=O)O)cc1,194.23,1.928,57.53,2,2,3,1,0.363636,0,0,1,1,2,1,
CC(C)c1cccc(C(=O)O)c1O,2.76,CC(C)c1cccc(C(=O)O)c1O,180.203,2.2138,57.53,2,2,2,1,0.3,0,0,1,1,2,1,
CC(C)c1csc(C(=O)O)c1,3.66,CC(C)c1csc(C(=O)O)c1,170.233,2.5697,37.3,2,1,2,1,0.375,0,0,1,1,2,1,
CC(CC(=O)O)(CC(=O)O)c1ccccc1,4.12,CC(CC(=O)O)(CC(=O)O)c1ccccc1,222.24,1.8937,74.6,2,2,5,1,0.333333,0,0,2,2,4,2,
CC(CC(=O)O)C(=O)O,3.94,CC(CC(=O)O)C(=O)O,132.115,0.1818,74.6,2,2,3,0,0.6,0,0,2,2,4,2,
CC(CC(=O)O)C1(C)N=N1,4.5,CC(CC(=O)O)C1(C)N=N1,142.158,1.2792,62.02,3,1,3,0,0.833333,0,0,1,1,2,1,
CC(CC(=O)O)CC(=O)O,4.31,CC(CC(=O)O)CC(=O)O,146.142,0.5719,74.6,2,2,4,0,0.666667,0,0,2,2,4,2,
CC(CC(=O)O)c1ccccc1,4.4,CC(CC(=O)O)c1ccccc1,164.204,2.2648,37.3,1,1,3,1,0.3,0,0,1,1,2,1,
CC(CCC(=O)O)(N(F)F)N(F)F,4.01,CC(CCC(=O)O)(N(F)F)N(F)F,204.123,1.7094,43.78,3,1,5,0,0.8,0,0,1,1,2,1,
CC(CCC(=O)O)([N+](=O)[O-])[N+](=O)[O-],3.98,CC(CCC(=O)O)([N+](=O)[O-])[N+](=O)[O-],192.127,0.1208,123.58,5,1,5,0,0.8,0,0,1,1,2,1,
CC(CCC(=O)O)C(=O)O,4.36,CC(CCC(=O)O)C(=O)O,146.142,0.5719,74.6,2,2,4,0,0.666667,0,0,2,2,4,2,
CC(CCC(=O)O)c1ccccc1,4.7,CC(CCC(=O)O)c1ccccc1,178.231,2.6549,37.3,1,1,4,1,0.363636,0,0,1,1,2,1,
CC(CCCC(=O)O)(N(F)F)N(F)F,4.62,CC(CCCC(=O)O)(N(F)F)N(F)F,218.15,2.0995,43.78,3,1,6,0,0.833333,0,0,1,1,2,1,
CC(CCCC(=O)O)c1ccccc1,4.8,CC(CCCC(=O)O)c1ccccc1,192.258,3.045,37.3,1,1,5,1,0.416667,0,0,1,1,2,1,
CC(CO)(CO)C(=O)O,4.5,CC(CO)(CO)C(=O)O,134.131,-0.9381,77.76,3,3,3,0,0.8,0,0,1,1,2,1,
CC(C[C@H](N)C(=O)O)C(F)(F)F,8.947,CC(C[C@H](N)C(=O)O)C(F)(F)F,185.145,0.9868,63.32,2,2,3,0,0.833333,0,0,1,1,2,1,
CC(Cl)C(=O)O,2.89,CC(Cl)C(=O)O,108.524,0.6983,37.3,1,1,1,0,0.666667,0,0,1,1,2,1,
CC(Cl)CC(=O)O,4.2,CC(Cl)CC(=O)O,122.551,1.0884,37.3,1,1,2,0,0.75,0,0,1,1,2,1,
CC(Cl)CCC(=O)O,4.4,CC(Cl)CCC(=O)O,136.578,1.4785,37.3,1,1,3,0,0.8,0,0,1,1,2,1,
CC(Cl)CCCC(=O)O,4.6,CC(Cl)CCCC(=O)O,150.605,1.8686,37.3,1,1,4,0,0.833333,0,0,1,1,2,1,
CC(I)=CC(=O)O,3.835,CC(I)=CC(=O)O,211.986,1.4098,37.3,1,1,1,0,0.25,0,0,1,1,2,1,
CC(N)C(=O)O,9.906,CC(N)C(=O)O,89.094,-0.5818,63.32,2,2,1,0,0.666667,0,0,1,1,2,1,
CC(N)CC(=O)O,10.19,CC(N)CC(=O)O,103.121,-0.1917,63.32,2,2,2,0,0.75,0,0,1,1,2,1,
CC(N)CCC(=O)O,10.46,CC(N)CCC(=O)O,117.148,0.1984,63.32,2,2,3,0,0.8,0,0,1,1,2,1,
CC(NC(=O)CN)C(=O)O,8.225000000000001,CC(NC(=O)CN)C(=O)O,146.146,-1.4656,92.42,3,3,3,0,0.6,0,0,1,1,2,1,
CC(O)(CC(=O)C(=O)O)C(=O)O,1.73,CC(O)(CC(=O)C(=O)O)C(=O)O,176.124,-1.1342,111.9,4,3,4,0,0.5,0,0,2,2,4,2,
CC(O)C(N)C(=O)O,9.03,CC(O)C(N)C(=O)O,119.12,-1.2209,83.55,3,3,2,0,0.75,0,0,1,1,2,1,
CC(OC(C)(C)C(=O)O)C(=O)O,3.32,CC(OC(C)(C)C(=O)O)C(=O)O,176.168,0.3393,83.83,3,2,4,0,0.714286,0,0,2,2,4,2,
CC(OCC(=O)O)C(=O)O,3.03,CC(OCC(=O)O)C(=O)O,148.114,-0.4393,83.83,3,2,4,0,0.6,0,0,2,2,4,2,
CC(SC(C(=O)O)c1ccccc1)C(=O)O,2.94,CC(SC(C(=O)O)c1ccccc1)C(=O)O,240.28,2.0186,74.6,3,2,5,1,0.272727,0,0,2,2,4,2,
CC(SC(C)(C)C(=O)O)C(=O)O,3.6,CC(SC(C)(C)C(=O)O)C(=O)O,192.236,1.0559,74.6,3,2,4,0,0.714286,0,0,2,2,4,2,
CC(SC(C)C(=O)O)C(=O)O,3.4,CC(SC(C)C(=O)O)C(=O)O,178.209,0.6658,74.6,3,2,4,0,0.666667,0,0,2,2,4,2,
CC(SCC(=O)O)C(=O)O,3.38,CC(SCC(=O)O)C(=O)O,164.182,0.2773,74.6,3,2,4,0,0.6,0,0,2,2,4,2,
CC([C@H](N)C(=O)O)C(F)(F)F,8.102,CC([C@H](N)C(=O)O)C(F)(F)F,171.118,0.5967,63.32,2,2,2,0,0.8,0,0,1,1,2,1,
CC1(C)SCNC1C(=O)O,5.98,CC1(C)SCNC1C(=O)O,161.226,0.5121,49.33,3,2,1,0,0.833333,0,0,1,1,2,1,
CC1(C)S[C@@H]2[C@H](N)C(=O)N2[C@H]1C(=O)O,4.9,CC1(C)S[C@@H]2[C@H](N)C(=O)N2[C@H]1C(=O)O,216.262,-0.5394,83.63,4,2,1,0,0.75,0,0,1,1,2,1,
CC1(C)S[C@@H]2[C@H](NC(=O)[C@H](N)c3ccccc3)C(=O)N2[C@H]1C(=O)O,7.24,CC1(C)S[C@@H]2[C@H](NC(=O)[C@H](N)c3ccccc3)C(=O)N2[C@H]1C(=O)O,349.412,0.3181,112.73,5,3,4,1,0.4375,0,0,1,1,2,1,
CC1(C)[C@H](C(=O)O)[C@@H]1C(=O)O,2.5733333333333333,CC1(C)[C@H](C(=O)O)[C@@H]1C(=O)O,158.153,0.4278,74.6,2,2,2,0,0.714286,0,0,2,2,4,2,
CC1(CC(=O)O)N=N1,3.9,CC1(CC(=O)O)N=N1,114.104,0.6431,62.02,3,1,2,0,0.75,0,0,1,1,2,1,
CC1(CC(C(=O)O)c2ccccc2)N=N1,3.9,CC1(CC(C(=O)O)c2ccccc2)N=N1,204.229,2.4269,62.02,3,1,4,1,0.363636,0,0,1,1,2,1,
CC1(CCC(=O)O)N=N1,4.4,CC1(CCC(=O)O)N=N1,128.131,1.0332,62.02,3,1,3,0,0.8,0,0,1,1,2,1,
CC1(CCCCC(=O)O)N=N1,4.7,CC1(CCCCC(=O)O)N=N1,156.185,1.8134,62.02,3,1,5,0,0.857143,0,0,1,1,2,1,
CC=CC#CC(=O)O,2.67,CC=CC#CC(=O)O,110.112,0.6505,37.3,1,1,0,0,0.166667,0,0,1,1,2,1,
CC=Cc1ccc(C(=O)O)cc1,4.49,CC=Cc1ccc(C(=O)O)cc1,162.188,2.4179,37.3,1,1,2,1,0.1,0,0,1,1,2,1,
CC=Cc1cccc(C(=O)O)c1,4.25,CC=Cc1cccc(C(=O)O)c1,162.188,2.4179,37.3,1,1,2,1,0.1,0,0,1,1,2,1,
CCC#CC#CC(=O)O,1.9,CCC#CC#CC(=O)O,122.123,0.4878,37.3,1,1,0,0,0.285714,0,0,1,1,2,1,
CCC#CC(=O)O,2.61,CCC#CC(=O)O,98.101,0.4844,37.3,1,1,0,0,0.4,0,0,1,1,2,1,
CCC(=O)C(=O)O,2.5,CCC(=O)C(=O)O,102.089,0.0501,54.37,2,1,2,0,0.5,0,0,1,1,2,1,
CCC(=O)O,4.7335,CCC(=O)O,74.079,0.481,37.3,1,1,1,0,0.666667,0,0,1,1,2,1,
CCC(C(=O)O)(C(=O)O)C(C)C,2.19,CCC(C(=O)O)(C(=O)O)C(C)C,174.196,1.208,74.6,2,2,4,0,0.75,0,0,2,2,4,2,
CCC(C(=O)O)(C(=O)O)c1ccccc1,1.9,CCC(C(=O)O)(C(=O)O)c1ccccc1,208.213,1.5036,74.6,2,2,4,1,0.272727,0,0,2,2,4,2,
CCC(C(=O)O)C(=O)O,2.975,CCC(C(=O)O)C(=O)O,132.115,0.1818,74.6,2,2,3,0,0.6,0,0,2,2,4,2,
CCC(C)(C)C(=O)O,4.93,CCC(C)(C)C(=O)O,116.16,1.5072,37.3,1,1,2,0,0.833333,0,0,1,1,2,1,
CCC(C)(O)C(=O)O,3.73,CCC(C)(O)C(=O)O,118.132,0.232,57.53,2,2,2,0,0.8,0,0,1,1,2,1,
CCC(C)C(=O)O,4.761,CCC(C)C(=O)O,102.133,1.1171,37.3,1,1,2,0,0.8,0,0,1,1,2,1,
CCC(C)CC(=O)O,4.766,CCC(C)CC(=O)O,116.16,1.5072,37.3,1,1,3,0,0.833333,0,0,1,1,2,1,
CCC(C)SCC(=O)O,3.768,CCC(C)SCC(=O)O,148.227,1.6027,37.3,2,1,4,0,0.833333,0,0,1,1,2,1,
CCC(CC(=O)O)(CC(=O)O)c1ccccc1,3.89,CCC(CC(=O)O)(CC(=O)O)c1ccccc1,236.267,2.2838,74.6,2,2,6,1,0.384615,0,0,2,2,4,2,
CCC(CC)(C(=O)O)C(=O)O,2.2342,CCC(CC)(C(=O)O)C(=O)O,160.169,0.962,74.6,2,2,4,0,0.714286,0,0,2,2,4,2,
CCC(CC)(C(=O)O)C(CC)(CC)C(=O)O,3.84,CCC(CC)(C(=O)O)C(CC)(CC)C(=O)O,230.304,2.7684,74.6,2,2,7,0,0.833333,0,0,2,2,4,2,
CCC(CC)(C(=O)O)C(CC)(CC)C(=O)OC,5.34,CCC(CC)(C(=O)O)C(CC)(CC)C(=O)OC,244.331,2.8568,63.6,3,1,7,0,0.846154,0,0,1,1,2,1,
CCC(CC)(CC(=O)O)CC(=O)O,3.67,CCC(CC)(CC(=O)O)CC(=O)O,188.223,1.7422,74.6,2,2,6,0,0.777778,0,0,2,2,4,2,
CCC(CC)C(CC)(C(=O)O)C(=O)O,2.15,CCC(CC)C(CC)(C(=O)O)C(=O)O,202.25,1.9882,74.6,2,2,6,0,0.8,0,0,2,2,4,2,
CCC(N)C(=O)O,9.708666666666668,CCC(N)C(=O)O,103.121,-0.1917,63.32,2,2,2,0,0.75,0,0,1,1,2,1,
CCCC(=O)O,4.8175,CCCC(=O)O,88.106,0.8711,37.3,1,1,2,0,0.75,0,0,1,1,2,1,
CCCC(=O)OC(CC(=O)O)C[N+](C)(C)C.[Cl-],3.56,CCCC(=O)OC(CC(=O)O)C[N+](C)(C)C.[Cl-],267.753,-2.1168,63.6,3,1,7,0,0.818182,0,0,1,1,2,1,
CCCC(=O)c1ccccc1C(=O)O,4.45,CCCC(=O)c1ccccc1C(=O)O,192.214,2.3676,54.37,2,1,4,1,0.272727,0,0,1,1,2,1,
CCCC(C(=O)O)C(=O)O,3.0,CCCC(C(=O)O)C(=O)O,146.142,0.5719,74.6,2,2,4,0,0.666667,0,0,2,2,4,2,
CCCC(C)(C)C(=O)O,4.969,CCCC(C)(C)C(=O)O,130.187,1.8973,37.3,1,1,3,0,0.857143,0,0,1,1,2,1,
CCCC(C)C(=O)O,4.782,CCCC(C)C(=O)O,116.16,1.5072,37.3,1,1,3,0,0.833333,0,0,1,1,2,1,
CCCC(CC(=O)O)(CC(=O)O)c1ccccc1,3.88,CCCC(CC(=O)O)(CC(=O)O)c1ccccc1,250.294,2.6739,74.6,2,2,7,1,0.428571,0,0,2,2,4,2,
CCCC(CC(=O)O)CC(=O)O,4.32,CCCC(CC(=O)O)CC(=O)O,174.196,1.3521,74.6,2,2,6,0,0.75,0,0,2,2,4,2,
CCCC(CCC)(C(=O)O)C(=O)O,1.9433333333333331,CCCC(CCC)(C(=O)O)C(=O)O,188.223,1.7422,74.6,2,2,6,0,0.777778,0,0,2,2,4,2,
CCCC(CCC)(CC(=O)O)CC(=O)O,3.65,CCCC(CCC)(CC(=O)O)CC(=O)O,216.277,2.5224,74.6,2,2,8,0,0.818182,0,0,2,2,4,2,
CCCC(O)C(=O)O,3.59,CCCC(O)C(=O)O,118.132,0.232,57.53,2,2,3,0,0.8,0,0,1,1,2,1,
CCCCC#CC#CC(=O)O,1.89,CCCCC#CC#CC(=O)O,150.177,1.268,37.3,1,1,2,0,0.444444,0,0,1,1,2,1,
CCCCC#CC(=O)O,2.6,CCCCC#CC(=O)O,126.155,1.2646,37.3,1,1,2,0,0.571429,0,0,1,1,2,1,
CCCCC(=O)O,4.8,CCCCC(=O)O,102.133,1.2612,37.3,1,1,3,0,0.8,0,0,1,1,2,1,
CCCCC(CC)(C(=O)O)C(=O)O,2.15,CCCCC(CC)(C(=O)O)C(=O)O,188.223,1.7422,74.6,2,2,6,0,0.777778,0,0,2,2,4,2,
CCCCC(CCCC)(C(=O)O)C(=O)O,2.175,CCCCC(CCCC)(C(=O)O)C(=O)O,216.277,2.5224,74.6,2,2,8,0,0.818182,0,0,2,2,4,2,
CCCCCC(=O)O,4.8,CCCCCC(=O)O,116.16,1.6513,37.3,1,1,4,0,0.833333,0,0,1,1,2,1,
CCCCCC=CCC=CCCCCCCCC(=O)O,4.77,CCCCCC=CCC=CCCCCCCCC(=O)O,280.452,5.8845,37.3,1,1,14,0,0.722222,0,0,1,1,2,1,
CCCCCCC(=O)O,4.8,CCCCCCC(=O)O,130.187,2.0414,37.3,1,1,5,0,0.857143,0,0,1,1,2,1,
CCCCCCCC(=O)OC(CC(=O)O)C[N+](C)(C)C.[Cl-],3.6,CCCCCCCC(=O)OC(CC(=O)O)C[N+](C)(C)C.[Cl-],323.861,-0.5564,63.6,3,1,11,0,0.866667,0,0,1,1,2,1,
CCCCCCCCCC(=O)OC(CC(=O)O)C[N+](C)(C)C.[Cl-],3.65,CCCCCCCCCC(=O)OC(CC(=O)O)C[N+](C)(C)C.[Cl-],351.915,0.2238,63.6,3,1,13,0,0.882353,0,0,1,1,2,1,
CCCCCCCCCC[N+](C)(C)C(C)C(=O)O.[Br-],1.75,CCCCCCCCCC[N+](C)(C)C(C)C(=O)O.[Br-],338.33,0.6806,37.3,1,1,11,0,0.933333,0,0,1,1,2,1,
CCCCCCSCC(=O)O,3.758,CCCCCCSCC(=O)O,176.281,2.3845,37.3,2,1,7,0,0.875,0,0,1,1,2,1,
CCCCCSCC(=O)O,3.753,CCCCCSCC(=O)O,162.254,1.9944,37.3,2,1,6,0,0.857143,0,0,1,1,2,1,
CCCCNCC(=O)O,10.16,CCCCNCC(=O)O,131.175,0.4607,49.33,2,2,5,0,0.833333,0,0,1,1,2,1,
CCCCOP(=O)(CC(=O)O)OCCCC,3.58,CCCCOP(=O)(CC(=O)O)OCCCC,252.247,2.8975,72.83,4,1,10,0,0.9,0,0,1,1,2,1,
CCCCP(=O)(CCCC)C(C)(O)C(=O)O,2.94,CCCCP(=O)(CCCC)C(C)(O)C(=O)O,250.275,2.7428,74.6,3,2,8,0,0.909091,0,0,1,1,2,1,
CCCCSCC(=O)O,3.739,CCCCSCC(=O)O,148.227,1.6043,37.3,2,1,5,0,0.833333,0,0,1,1,2,1,
CCCC[C@H](N)C(=O)O,9.844333333333331,CCCC[C@H](N)C(=O)O,131.175,0.5885,63.32,2,2,4,0,0.833333,0,0,1,1,2,1,
CCCC[P+](CCCC)(CCCC)CC(=O)O.[Cl-],2.34,CCCC[P+](CCCC)(CCCC)CC(=O)O.[Cl-],296.819,1.4929,37.3,1,1,11,0,0.928571,0,0,1,1,2,1,
CCCCc1ccc(C(O)C(=O)O)cc1,3.58,CCCCc1ccc(C(O)C(=O)O)cc1,208.257,2.1472,57.53,2,2,5,1,0.416667,0,0,1,1,2,1,
CCCN(CC(=O)O)CC(=O)O,2.44,CCCN(CC(=O)O)CC(=O)O,175.184,-0.1324,77.84,3,2,6,0,0.714286,0,0,2,2,4,2,
CCCNCC(=O)O,10.11,CCCNCC(=O)O,117.148,0.0706,49.33,2,2,4,0,0.8,0,0,1,1,2,1,
CCCN[C@@H](C)C(=O)O,10.19,CCCN[C@@H](C)C(=O)O,131.175,0.4591,49.33,2,2,4,0,0.833333,0,0,1,1,2,1,
CCCSCC(=O)O,3.729,CCCSCC(=O)O,134.2,1.2142,37.3,2,1,4,0,0.8,0,0,1,1,2,1,
CCC[C@H](N)C(=O)O,9.819,CCC[C@H](N)C(=O)O,117.148,0.1984,63.32,2,2,3,0,0.8,0,0,1,1,2,1,
CCN(CC)CC(=O)O,10.483333333333334,CCN(CC)CC(=O)O,131.175,0.4128,40.54,2,1,4,0,0.833333,0,0,1,1,2,1,
CCNCC(=O)O,10.165,CCNCC(=O)O,103.121,-0.3195,49.33,2,2,3,0,0.75,0,0,1,1,2,1,
CCN[C@@H](C)C(=O)O,10.22,CCN[C@@H](C)C(=O)O,117.148,0.069,49.33,2,2,3,0,0.8,0,0,1,1,2,1,
CCOC(=O)C(C)(C)C(=O)O,3.49,CCOC(=O)C(C)(C)C(=O)O,160.169,0.6603,63.6,3,1,3,0,0.714286,0,0,1,1,2,1,
CCOC(=O)C(C)SC(C)C(=O)O,3.76,CCOC(=O)C(C)SC(C)C(=O)O,206.263,1.1443,63.6,4,1,5,0,0.75,0,0,1,1,2,1,
CCOC(=O)C(C)SCC(=O)O,3.77,CCOC(=O)C(C)SCC(=O)O,192.236,0.7558,63.6,4,1,5,0,0.714286,0,0,1,1,2,1,
CCOC(=O)C(CC)(C(=O)O)C(C)C,4.07,CCOC(=O)C(CC)(C(=O)O)C(C)C,202.25,1.6865,63.6,3,1,5,0,0.8,0,0,1,1,2,1,
CCOC(=O)C(CC)(CC)C(=O)O,3.790000000000001,CCOC(=O)C(CC)(CC)C(=O)O,188.223,1.4405,63.6,3,1,5,0,0.777778,0,0,1,1,2,1,
CCOC(=O)C(CC)C(=O)O,3.665,CCOC(=O)C(CC)C(=O)O,160.169,0.6603,63.6,3,1,4,0,0.714286,0,0,1,1,2,1,
CCOC(=O)CC(=O)O,3.533333333333333,CCOC(=O)CC(=O)O,132.115,0.0242,63.6,3,1,3,0,0.6,0,0,1,1,2,1,
CCOC(=O)CC[C@H](N)C(=O)O,9.19,CCOC(=O)CC[C@H](N)C(=O)O,175.184,-0.2584,89.62,4,2,5,0,0.714286,0,0,1,1,2,1,
CCOC(=O)CNc1ccc(C(=O)O)cc1,4.88,CCOC(=O)CNc1ccc(C(=O)O)cc1,223.228,1.3598,75.63,4,2,5,1,0.272727,0,0,1,1,2,1,
CCOC(=O)CNc1cccc(C(=O)O)c1,4.3,CCOC(=O)CNc1cccc(C(=O)O)c1,223.228,1.3598,75.63,4,2,5,1,0.272727,0,0,1,1,2,1,
CCOC(=O)CSC(C)(C)C(=O)O,4.59,CCOC(=O)CSC(C)(C)C(=O)O,206.263,1.1459,63.6,4,1,5,0,0.75,0,0,1,1,2,1,
CCOC(=O)CSC(C)C(=O)O,3.71,CCOC(=O)CSC(C)C(=O)O,192.236,0.7558,63.6,4,1,5,0,0.714286,0,0,1,1,2,1,
CCOC(=O)CSCC(=O)O,3.66,CCOC(=O)CSCC(=O)O,178.209,0.3673,63.6,4,1,5,0,0.666667,0,0,1,1,2,1,
CCOC(=O)[C@@H](N)CCC(=O)O,7.838,CCOC(=O)[C@@H](N)CCC(=O)O,175.184,-0.2584,89.62,4,2,5,0,0.714286,0,0,1,1,2,1,
CCOC(=O)c1cc(=O)cc(C(=O)O)o1,1.28,CCOC(=O)c1cc(=O)cc(C(=O)O)o1,212.157,0.5147,93.81,5,1,3,1,0.222222,0,0,1,1,2,1,
CCOC(=S)SCC(=O)O,3.08,CCOC(=S)SCC(=O)O,180.25,1.1256,46.53,4,1,3,0,0.6,0,0,1,1,2,1,
CCOCC(=O)O,3.84,CCOCC(=O)O,104.105,0.1075,46.53,2,1,3,0,0.75,0,0,1,1,2,1,
CCOP(=O)(CC(=O)O)OCC,3.3,CCOP(=O)(CC(=O)O)OCC,196.139,1.3371,72.83,4,1,6,0,0.833333,0,0,1,1,2,1,
CCOP(=O)(OCC)c1ccc(C(=O)O)cc1,3.63,CCOP(=O)(OCC)c1ccc(C(=O)O)cc1,258.21,2.2762,72.83,4,1,6,1,0.363636,0,0,1,1,2,1,
CCOP(=O)(OCC)c1cccc(C(=O)O)c1,3.73,CCOP(=O)(OCC)c1cccc(C(=O)O)c1,258.21,2.2762,72.83,4,1,6,1,0.363636,0,0,1,1,2,1,
CCOc1ccc(C(=O)O)c(C(=O)O)c1,2.74,CCOc1ccc(C(=O)O)c(C(=O)O)c1,210.185,1.4817,83.83,3,2,4,1,0.2,0,0,2,2,4,2,
CCOc1ccc(C(=O)O)c(O)c1,3.2,CCOc1ccc(C(=O)O)c(O)c1,182.175,1.4891,66.76,3,2,3,1,0.222222,0,0,1,1,2,1,
CCOc1nc(NCC(=O)O)c(N)c(C(=O)O)n1,7.33,CCOc1nc(NCC(=O)O)c(N)c(C(=O)O)n1,256.218,-0.3478,147.66,7,4,6,1,0.333333,0,0,2,2,4,2,
CCOc1nc2c(c(C(=O)O)n1)N=C(O)CN2,5.31,CCOc1nc2c(c(C(=O)O)n1)N=C(O)CN2,238.203,0.587,116.93,6,3,3,1,0.333333,0,0,1,1,2,1,
CCSC(=S)SCC(=O)O,2.9400000000000004,CCSC(=S)SCC(=O)O,196.318,1.8422,37.3,4,1,3,0,0.6,0,0,1,1,2,1,
CCSCC(=O)O,3.911000000000001,CCSCC(=O)O,120.173,0.8241,37.3,2,1,3,0,0.75,0,0,1,1,2,1,
CCSCCC(N)C(=O)O,9.02,CCSCCC(N)C(=O)O,163.242,0.5415,63.32,3,2,5,0,0.833333,0,0,1,1,2,1,
CCSc1nc(=O)c(C(=O)O)c[nH]1,6.01,CCSc1nc(=O)c(C(=O)O)c[nH]1,200.219,0.5801,83.05,4,2,3,1,0.285714,0,0,1,1,2,1,
CC[C@H](C)[C@H](N)C(=O)O,9.74575,CC[C@H](C)[C@H](N)C(=O)O,131.175,0.4444,63.32,2,2,3,0,0.833333,0,0,1,1,2,1,
CC[C@H](C)[C@H](NC(=O)CN)C(=O)O,8.0,CC[C@H](C)[C@H](NC(=O)CN)C(=O)O,188.227,-0.4394,92.42,3,3,5,0,0.75,0,0,1,1,2,1,
CCc1ccc(C(=O)O)s1,3.7,CCc1ccc(C(=O)O)s1,156.206,2.0087,37.3,2,1,2,1,0.285714,0,0,1,1,2,1,
CCc1ccc(C(O)C(=O)O)cc1,3.55,CCc1ccc(C(O)C(=O)O)cc1,180.203,1.367,57.53,2,2,3,1,0.3,0,0,1,1,2,1,
CN(C)C(=O)OCC(=O)O,3.01,CN(C)C(=O)OCC(=O)O,147.13,-0.2308,66.84,3,1,2,0,0.6,0,0,1,1,2,1,
CN(C)C(=O)SCC(=O)O,3.52,CN(C)C(=O)SCC(=O)O,163.198,0.4858,57.61,3,1,2,0,0.6,0,0,1,1,2,1,
CN(C)C(=S)NCC(=O)O,3.71,CN(C)C(=S)NCC(=O)O,162.214,-0.4929,52.57,2,2,2,0,0.6,0,0,1,1,2,1,
CN(C)C(=S)OCC(=O)O,2.87,CN(C)C(=S)OCC(=O)O,163.198,-0.0659,49.77,3,1,2,0,0.6,0,0,1,1,2,1,
CN(C)C(=S)SCC(=O)O,3.35,CN(C)C(=S)SCC(=O)O,179.266,0.6507,40.54,3,1,2,0,0.6,0,0,1,1,2,1,
CN(C)C12CCC(C(=O)O)(CC1)C2,3.716,CN(C)C12CCC(C(=O)O)(CC1)C2,183.251,1.3355,40.54,2,1,2,0,0.9,0,0,1,1,2,1,
CN(C)C12CCC(C(=O)O)(CC1)CC2,4.083,CN(C)C12CCC(C(=O)O)(CC1)CC2,197.278,1.7256,40.54,2,1,2,0,0.909091,0,0,1,1,2,1,
CN(C)CC(=O)NCC(=O)O,8.09,CN(C)CC(=O)NCC(=O)O,160.173,-1.2512,69.64,3,2,4,0,0.666667,0,0,1,1,2,1,
CN(C)CC(=O)O,9.848,CN(C)CC(=O)O,103.121,-0.3674,40.54,2,1,2,0,0.75,0,0,1,1,2,1,
CN(C)CC(O)CC(=O)O,3.81,CN(C)CC(O)CC(=O)O,147.174,-0.6164,60.77,3,2,4,0,0.833333,0,0,1,1,2,1,
CN(C)CCC(=O)O,9.85,CN(C)CCC(=O)O,117.148,0.0227,40.54,2,1,3,0,0.8,0,0,1,1,2,1,
CN(C)c1ccc(/N=N/c2ccccc2C(=O)O)cc1,4.82,CN(C)c1ccc(/N=N/c2ccccc2C(=O)O)cc1,269.304,3.8662,65.26,4,1,4,2,0.133333,0,0,1,1,2,1,
CN(C)c1ccc(C(=O)O)cc1,5.03,CN(C)c1ccc(C(=O)O)cc1,165.192,1.4508,40.54,2,1,2,1,0.222222,0,0,1,1,2,1,
CN(C)c1cccc(C(=O)O)c1,5.1,CN(C)c1cccc(C(=O)O)c1,165.192,1.4508,40.54,2,1,2,1,0.222222,0,0,1,1,2,1,
CN(C)c1ccccc1C(=O)O,8.5,CN(C)c1ccccc1C(=O)O,165.192,1.4508,40.54,2,1,2,1,0.222222,0,0,1,1,2,1,
CN(C)c1nc(NCC(=O)O)c(N)c(C(=O)O)n1,9.81,CN(C)c1nc(NCC(=O)O)c(N)c(C(=O)O)n1,255.234,-0.6805,141.67,7,4,5,1,0.333333,0,0,2,2,4,2,
CN(C)c1nc2c(c(C(=O)O)n1)N=C(O)CN2,7.31,CN(C)c1nc2c(c(C(=O)O)n1)N=C(O)CN2,237.219,0.2543,110.94,6,3,2,1,0.333333,0,0,1,1,2,1,
CN(CC(=O)O)C(=O)CN,8.666666666666666,CN(CC(=O)O)C(=O)CN,146.146,-1.5119,83.63,3,2,3,0,0.6,0,0,1,1,2,1,
CN(CC(=O)O)C(=O)CNC(=O)CN,8.4,CN(CC(=O)O)C(=O)CNC(=O)CN,203.198,-2.3957,112.73,4,3,5,0,0.571429,0,0,1,1,2,1,
CN(CC(=O)O)C1CCCCC1,10.71,CN(CC(=O)O)C1CCCCC1,171.24,1.3355,40.54,2,1,3,0,0.888889,0,0,1,1,2,1,
CN1C2CCC1[C@H](C(=O)O)[C@@H](O)C2,9.7,CN1C2CCC1[C@H](C(=O)O)[C@@H](O)C2,185.223,-0.0854,60.77,3,2,1,0,0.888889,0,0,1,1,2,1,
CN1CCC=C(C(=O)O)C1,9.07,CN1CCC=C(C(=O)O)C1,141.17,0.3329,40.54,2,1,1,0,0.571429,0,0,1,1,2,1,
CN1[C@H]2CC[C@@H]1[C@@H](C(=O)O)[C@@H](O)C2,11.03,CN1[C@H]2CC[C@@H]1[C@@H](C(=O)O)[C@@H](O)C2,185.223,-0.0854,60.77,3,2,1,0,0.888889,0,0,1,1,2,1,
CN1[C@H]2CC[C@@H]1[C@@H](C(=O)O)[C@@H](OC(=O)c1ccccc1)C2,11.8,CN1[C@H]2CC[C@@H]1[C@@H](C(=O)O)[C@@H](OC(=O)c1ccccc1)C2,289.331,1.7793,66.84,4,1,3,1,0.5,0,0,1,1,2,1,
CNCC(=O)O,10.058333333333332,CNCC(=O)O,89.094,-0.7096,49.33,2,2,2,0,0.666667,0,0,1,1,2,1,
CN[C@@H](C)C(=O)O,10.19,CN[C@@H](C)C(=O)O,103.121,-0.3211,49.33,2,2,2,0,0.75,0,0,1,1,2,1,
CNc1ccc(C(=O)O)cc1,5.04,CNc1ccc(C(=O)O)cc1,151.165,1.4265,49.33,2,2,2,1,0.125,0,0,1,1,2,1,
CNc1cccc(C(=O)O)c1,5.1,CNc1cccc(C(=O)O)c1,151.165,1.4265,49.33,2,2,2,1,0.125,0,0,1,1,2,1,
CNc1ccccc1C(=O)O,5.34,CNc1ccccc1C(=O)O,151.165,1.4265,49.33,2,2,2,1,0.125,0,0,1,1,2,1,
CO/C=C/C(=O)O,4.85,CO/C=C/C(=O)O,102.089,0.2311,46.53,2,1,2,0,0.25,0,0,1,1,2,1,
COC(=O)C(C(C(=O)O)C(C)(C)C)C(C)(C)C,5.57,COC(=O)C(C(C(=O)O)C(C)(C)C)C(C)(C)C,244.331,2.5686,63.6,3,1,3,0,0.846154,0,0,1,1,2,1,
COC(=O)C(C)(C)C(C)(C)C(=O)O,5.23,COC(=O)C(C)(C)C(C)(C)C(=O)O,188.223,1.2964,63.6,3,1,3,0,0.777778,0,0,1,1,2,1,
COC(=O)C12CCC(C(=O)O)(CC1)C2,4.494,COC(=O)C12CCC(C(=O)O)(CC1)C2,198.218,1.1945,63.6,3,1,2,0,0.8,0,0,1,1,2,1,
COC(=O)C1=C(C(=O)O)C2C=CC1C2,3.02,COC(=O)C1=C(C(=O)O)C2C=CC1C2,194.186,0.7465,63.6,3,1,2,0,0.4,0,0,1,1,2,1,
COC(=O)C1=C(C(=O)O)C2CCC1C2,3.19,COC(=O)C1=C(C(=O)O)C2CCC1C2,196.202,0.9705,63.6,3,1,2,0,0.6,0,0,1,1,2,1,
COC(=O)C1=C(C(=O)O)CC1,3.19,COC(=O)C1=C(C(=O)O)CC1,156.137,0.3344,63.6,3,1,2,0,0.428571,0,0,1,1,2,1,
COC(=O)C1=C(C(=O)O)CCC1,2.94,COC(=O)C1=C(C(=O)O)CCC1,170.164,0.7245,63.6,3,1,2,0,0.5,0,0,1,1,2,1,
COC(=O)C1C(C(=O)O)C1(c1ccccc1)c1ccccc1,5.17,COC(=O)C1C(C(=O)O)C1(c1ccccc1)c1ccccc1,296.322,2.4763,63.6,3,1,4,2,0.222222,0,0,1,1,2,1,
COC(=O)C[C@H](N)C(=O)O,8.62,COC(=O)C[C@H](N)C(=O)O,147.13,-1.0386,89.62,4,2,3,0,0.6,0,0,1,1,2,1,
COC(=O)[C@@H]1CC[C@H](CC1)C(=O)O,4.66,COC(=O)[C@H]1CC[C@H](C(=O)O)CC1,186.207,1.0504,63.6,3,1,2,0,0.777778,0,0,1,1,2,1,
COC(=O)c1ccc(C(=O)O)nc1,3.62,COC(=O)c1ccc(C(=O)O)nc1,181.147,0.5664,76.49,4,1,2,1,0.125,0,0,1,1,2,1,
COC(=O)c1cccc(C(=O)O)n1,2.65,COC(=O)c1cccc(C(=O)O)n1,181.147,0.5664,76.49,4,1,2,1,0.125,0,0,1,1,2,1,
COC(=O)c1ccnc(C(=O)O)c1,3.71,COC(=O)c1ccnc(C(=O)O)c1,181.147,0.5664,76.49,4,1,2,1,0.125,0,0,1,1,2,1,
COC(=O)c1cocc1C(=O)O,3.75,COC(=O)c1cocc1C(=O)O,170.12,0.7644,76.74,4,1,2,1,0.142857,0,0,1,1,2,1,
COC1=C(C=CC(=C1)OC)/C=C/C(=O)O,4.8,COc1ccc(/C=C/C(=O)O)c(OC)c1,208.213,1.8016,55.76,3,1,4,1,0.181818,0,0,1,1,2,1,
COC1=C(C=CC=C1OC)/C=C/C(=O)O,4.37,COc1cccc(/C=C/C(=O)O)c1OC,208.213,1.8016,55.76,3,1,4,1,0.181818,0,0,1,1,2,1,
COC=1C=C(C=C(C1)OC)/C=C/C(=O)O,4.36,COc1cc(/C=C/C(=O)O)cc(OC)c1,208.213,1.8016,55.76,3,1,4,1,0.181818,0,0,1,1,2,1,
COC=1C=C(C=CC1OC)/C=C/C(=O)O,4.53,COc1ccc(/C=C/C(=O)O)cc1OC,208.213,1.8016,55.76,3,1,4,1,0.181818,0,0,1,1,2,1,
COCC(=O)O,3.513333333333333,COCC(=O)O,90.078,-0.2826,46.53,2,1,2,0,0.666667,0,0,1,1,2,1,
COCCN(CCOC)CC(=O)O,8.3,COCCN(CCOC)CC(=O)O,191.227,-0.3342,59.0,4,1,8,0,0.875,0,0,1,1,2,1,
COP(=O)(OC)c1ccc(C(=O)O)cc1,3.61,COP(=O)(OC)c1ccc(C(=O)O)cc1,230.156,1.496,72.83,4,1,4,1,0.222222,0,0,1,1,2,1,
COP(=O)(OC)c1cccc(C(=O)O)c1,3.74,COP(=O)(OC)c1cccc(C(=O)O)c1,230.156,1.496,72.83,4,1,4,1,0.222222,0,0,1,1,2,1,
CO[C@@H](C)[C@H](N)C(=O)O,8.9,CO[C@@H](C)[C@H](N)C(=O)O,133.147,-0.5668,72.55,3,2,3,0,0.8,0,0,1,1,2,1,
CO[C@@H]1CC[C@H](CC1)C(=O)O,4.66,CO[C@H]1CC[C@H](C(=O)O)CC1,158.197,1.2762,46.53,2,1,2,0,0.875,0,0,1,1,2,1,
COc1cc(/C=C/C(=O)O)ccc1O,4.55,COc1cc(/C=C/C(=O)O)ccc1O,194.186,1.4986,66.76,3,2,3,1,0.1,0,0,1,1,2,1,
COc1cc(C(=O)O)cc(OC)c1O,4.34,COc1cc(C(=O)O)cc(OC)c1O,198.174,1.1076,75.99,4,2,3,1,0.222222,0,0,1,1,2,1,
COc1cc(C(=O)O)cc(OC)c1OC,4.166666666666667,COc1cc(C(=O)O)cc(OC)c1OC,212.201,1.4106,64.99,4,1,4,1,0.3,0,0,1,1,2,1,
COc1cc(C(=O)O)cc([N+](=O)[O-])c1O,4.12,COc1cc(C(=O)O)cc([N+](=O)[O-])c1O,213.145,1.0072,109.9,5,2,3,1,0.125,0,0,1,1,2,1,
COc1cc(C(=O)O)ccc1O,4.49,COc1cc(C(=O)O)ccc1O,168.148,1.099,66.76,3,2,2,1,0.125,0,0,1,1,2,1,
COc1cc(CC(=O)O)ccc1O,4.41,COc1cc(CC(=O)O)ccc1O,182.175,1.0279,66.76,3,2,3,1,0.222222,0,0,1,1,2,1,
COc1cc(OC)cc(C(=O)O)c1,3.97,COc1cc(OC)cc(C(=O)O)c1,182.175,1.402,55.76,3,1,3,1,0.222222,0,0,1,1,2,1,
COc1cc([N+](=O)[O-])cc(C(=O)O)c1O,2.58,COc1cc([N+](=O)[O-])cc(C(=O)O)c1O,213.145,1.0072,109.9,5,2,3,1,0.125,0,0,1,1,2,1,
COc1cc2ccccc2cc1C(=O)O,3.8,COc1cc2ccccc2cc1C(=O)O,202.209,2.5466,46.53,2,1,2,2,0.083333,0,0,1,1,2,1,
COc1ccc(C(=O)O)c(C(=O)O)c1,2.67,COc1ccc(C(=O)O)c(C(=O)O)c1,196.158,1.0916,83.83,3,2,3,1,0.111111,0,0,2,2,4,2,
COc1ccc(C(=O)O)c(N)c1,4.88,COc1ccc(C(=O)O)c(N)c1,167.164,0.9756,72.55,3,2,2,1,0.125,0,0,1,1,2,1,
COc1ccc(C(=O)O)c(O)c1,3.31,COc1ccc(C(=O)O)c(O)c1,168.148,1.099,66.76,3,2,2,1,0.125,0,0,1,1,2,1,
COc1ccc(C(=O)O)c(OC)c1,4.36,COc1ccc(C(=O)O)c(OC)c1,182.175,1.402,55.76,3,1,3,1,0.222222,0,0,1,1,2,1,
COc1ccc(C(=O)O)c2ccccc12,4.31,COc1ccc(C(=O)O)c2ccccc12,202.209,2.5466,46.53,2,1,2,2,0.083333,0,0,1,1,2,1,
COc1ccc(C(=O)O)cc1,4.2783750000000005,COc1ccc(C(=O)O)cc1,152.149,1.3934,46.53,2,1,2,1,0.125,0,0,1,1,2,1,
COc1ccc(C(=O)O)cc1O,4.47,COc1ccc(C(=O)O)cc1O,168.148,1.099,66.76,3,2,2,1,0.125,0,0,1,1,2,1,
COc1ccc(C(=O)O)cc1OC,4.395,COc1ccc(C(=O)O)cc1OC,182.175,1.402,55.76,3,1,3,1,0.222222,0,0,1,1,2,1,
COc1ccc(C(=O)O)s1,3.8,COc1ccc(C(=O)O)s1,158.178,1.4549,46.53,3,1,2,1,0.166667,0,0,1,1,2,1,
COc1ccc(C(O)C(=O)O)cc1,3.42,COc1ccc(C(O)C(=O)O)cc1,182.175,0.8132,66.76,3,2,3,1,0.222222,0,0,1,1,2,1,
COc1ccc(C2CC2C(=O)O)cc1,4.62,COc1ccc(C2CC2C(=O)O)cc1,192.214,1.8833,46.53,2,1,3,1,0.363636,0,0,1,1,2,1,
COc1ccc(C=O)c(C(=O)O)c1OC,3.065,COc1ccc(C=O)c(C(=O)O)c1OC,210.185,1.2145,72.83,4,1,4,1,0.2,0,0,1,1,2,1,
COc1ccc(CC(=O)O)cc1,4.07,COc1ccc(CC(=O)O)cc1,166.176,1.3223,46.53,2,1,3,1,0.222222,0,0,1,1,2,1,
COc1ccc(CCC(=O)O)cc1,4.71,COc1ccc(CCC(=O)O)cc1,180.203,1.7124,46.53,2,1,4,1,0.3,0,0,1,1,2,1,
COc1ccc(C[C@H](N)C(=O)O)cc1,9.31,COc1ccc(C[C@H](N)C(=O)O)cc1,195.218,0.6496,72.55,3,2,4,1,0.3,0,0,1,1,2,1,
COc1ccc(N)c(C(=O)O)c1,5.57,COc1ccc(N)c(C(=O)O)c1,167.164,0.9756,72.55,3,2,2,1,0.125,0,0,1,1,2,1,
COc1ccc(NCC(=O)O)cc1,5.096,COc1ccc(NCC(=O)O)cc1,181.191,1.1917,58.56,3,2,4,1,0.222222,0,0,1,1,2,1,
COc1ccc(O)c(C(=O)O)c1,2.94,COc1ccc(O)c(C(=O)O)c1,168.148,1.099,66.76,3,2,2,1,0.125,0,0,1,1,2,1,
COc1ccc(S(=O)(=O)CC(=O)O)cc1,2.602,COc1ccc(S(=O)(=O)CC(=O)O)cc1,230.241,0.5535,80.67,4,1,4,1,0.222222,0,0,1,1,2,1,
COc1ccc(S(=O)CC(=O)O)cc1,2.754,COc1ccc(S(=O)CC(=O)O)cc1,214.242,0.8874,63.6,3,1,4,1,0.222222,0,0,1,1,2,1,
COc1ccc(SCC(=O)O)cc1,3.7,COc1ccc(SCC(=O)O)cc1,198.243,1.8719,46.53,3,1,4,1,0.222222,0,0,1,1,2,1,
COc1ccc2c(CC(N)C(=O)O)c[nH]c2c1,16.7,COc1ccc2c(CC(N)C(=O)O)c[nH]c2c1,234.255,1.1309,88.34,3,3,4,2,0.25,0,0,1,1,2,1,
COc1cccc(C(=O)O)c1,3.8745,COc1cccc(C(=O)O)c1,152.149,1.3934,46.53,2,1,2,1,0.125,0,0,1,1,2,1,
COc1cccc(C(=O)O)c1OC,3.98,COc1cccc(C(=O)O)c1OC,182.175,1.402,55.76,3,1,3,1,0.222222,0,0,1,1,2,1,
COc1cccc(NCC(=O)O)c1,4.135,COc1cccc(NCC(=O)O)c1,181.191,1.1917,58.56,3,2,4,1,0.222222,0,0,1,1,2,1,
COc1cccc(OC)c1C(=O)O,3.44,COc1cccc(OC)c1C(=O)O,182.175,1.402,55.76,3,1,3,1,0.222222,0,0,1,1,2,1,
COc1cccc(S(=O)(=O)CC(=O)O)c1,2.588,COc1cccc(S(=O)(=O)CC(=O)O)c1,230.241,0.5535,80.67,4,1,4,1,0.222222,0,0,1,1,2,1,
COc1cccc(SCC(=O)O)c1,3.546,COc1cccc(SCC(=O)O)c1,198.243,1.8719,46.53,3,1,4,1,0.222222,0,0,1,1,2,1,
COc1ccccc1C(=O)O,3.9,COc1ccccc1C(=O)O,152.149,1.3934,46.53,2,1,2,1,0.125,0,0,1,1,2,1,
COc1ccccc1C(O)C(=O)O,3.64,COc1ccccc1C(O)C(=O)O,182.175,0.8132,66.76,3,2,3,1,0.222222,0,0,1,1,2,1,
COc1coc(C(=O)O)cc1=O,1.53,COc1coc(C(=O)O)cc1=O,170.12,0.3466,76.74,4,1,2,1,0.142857,0,0,1,1,2,1,
CS(=O)(=O)c1ccc(OCC(=O)O)cc1,2.85,CS(=O)(=O)c1ccc(OCC(=O)O)cc1,230.241,0.5535,80.67,4,1,4,1,0.222222,0,0,1,1,2,1,
CSC(=S)N(C)CC(=O)O,2.9850000000000003,CSC(=S)N(C)CC(=O)O,179.266,0.6507,40.54,3,1,2,0,0.6,0,0,1,1,2,1,
CSC(=S)NCC(=O)O,3.19,CSC(=S)NCC(=O)O,165.239,0.3085,49.33,3,2,2,0,0.5,0,0,1,1,2,1,
CSCC(=O)O,3.655,CSCC(=O)O,106.146,0.434,37.3,2,1,2,0,0.666667,0,0,1,1,2,1,
CSCCC(NC(=O)CN)C(=O)O,8.51,CSCCC(NC(=O)CN)C(=O)O,206.267,-0.7324,92.42,4,3,6,0,0.714286,0,0,1,1,2,1,
CSCC[C@H](N)C(=O)O,9.194,CSCC[C@H](N)C(=O)O,149.215,0.1514,63.32,3,2,4,0,0.8,0,0,1,1,2,1,
CSC[C@H](N)C(=O)O,8.816666666666668,CSC[C@H](N)C(=O)O,135.188,-0.2387,63.32,3,2,3,0,0.75,0,0,1,1,2,1,
CSC[C@H](NC(=O)CC[C@H](N)C(=O)O)C(=O)NCC(=O)O,9.2,CSC[C@H](NC(=O)CC[C@H](N)C(=O)O)C(=O)NCC(=O)O,321.355,-1.7729,158.82,6,5,10,0,0.636364,0,0,2,2,4,2,
CSc1cccc(SCC(=O)O)c1,3.468,CSc1cccc(SCC(=O)O)c1,214.311,2.5852,37.3,3,1,4,1,0.222222,0,0,1,1,2,1,
C[C@@H](N)C(=O)N1CCC[C@H]1C(=O)O,8.38,C[C@@H](N)C(=O)N1CCC[C@H]1C(=O)O,186.211,-0.5908,83.63,3,2,2,0,0.75,0,0,1,1,2,1,
C[C@@H](O)[C@H](N)C(=O)O,9.05,C[C@@H](O)[C@H](N)C(=O)O,119.12,-1.2209,83.55,3,3,2,0,0.75,0,0,1,1,2,1,
C[C@@H]1[C@@H](C1)C(=O)O,5.02,C[C@H]1C[C@H]1C(=O)O,100.117,0.727,37.3,1,1,1,0,0.8,0,0,1,1,2,1,
C[C@H](N)C(=O)NCC(=O)NCC(=O)O,8.05,C[C@H](N)C(=O)NCC(=O)NCC(=O)O,203.198,-2.3494,121.52,4,4,5,0,0.571429,0,0,1,1,2,1,
C[C@H](N)C(=O)NCC(=O)O,8.114,C[C@H](N)C(=O)NCC(=O)O,146.146,-1.4656,92.42,3,3,3,0,0.6,0,0,1,1,2,1,
C[C@H](N)C(=O)N[C@@H](C)C(=O)N[C@@H](C)C(=O)N[C@@H](C)C(=O)O,7.9625,C[C@H](N)C(=O)N[C@@H](C)C(=O)N[C@@H](C)C(=O)N[C@@H](C)C(=O)O,302.331,-2.0677,150.62,5,5,7,0,0.666667,0,0,1,1,2,1,
C[C@H](N)C(=O)N[C@@H](C)C(=O)N[C@@H](C)C(=O)O,8.065999999999999,C[C@H](N)C(=O)N[C@@H](C)C(=O)N[C@@H](C)C(=O)O,231.252,-1.5724,121.52,4,4,5,0,0.666667,0,0,1,1,2,1,
C[C@H](N)C(=O)N[C@@H](C)C(=O)O,8.286000000000001,C[C@H](N)C(=O)N[C@@H](C)C(=O)O,160.173,-1.0771,92.42,3,3,3,0,0.666667,0,0,1,1,2,1,
C[C@H](N)C(=O)N[C@@H](CCCCN)C(=O)N[C@@H](C)C(=O)O,10.533333333333331,C[C@H](N)C(=O)N[C@@H](CCCCN)C(=O)N[C@@H](C)C(=O)O,288.348,-1.4633,147.54,5,5,9,0,0.75,0,0,1,1,2,1,
C[C@H](N)C(=O)O,9.847428571428573,C[C@H](N)C(=O)O,89.094,-0.5818,63.32,2,2,1,0,0.666667,0,0,1,1,2,1,
C[C@H](NC(=O)CN)C(=O)NCC(=O)O,8.08,C[C@H](NC(=O)CN)C(=O)NCC(=O)O,203.198,-2.3494,121.52,4,4,5,0,0.571429,0,0,1,1,2,1,
C[C@H](NC(=O)CN)C(=O)O,8.2275,C[C@H](NC(=O)CN)C(=O)O,146.146,-1.4656,92.42,3,3,3,0,0.6,0,0,1,1,2,1,
C[C@H](NC(=O)CNC(=O)CN)C(=O)O,8.02,C[C@H](NC(=O)CNC(=O)CN)C(=O)O,203.198,-2.3494,121.52,4,4,5,0,0.571429,0,0,1,1,2,1,
C[C@H](NC(=O)[C@@H](N)CCCCN)C(=O)O,10.7,C[C@H](NC(=O)[C@@H](N)CCCCN)C(=O)O,217.269,-0.968,118.44,4,4,7,0,0.777778,0,0,1,1,2,1,
C[C@H](NC(=O)[C@H](C)NC(=O)CN)C(=O)O,8.135,C[C@H](NC(=O)[C@H](C)NC(=O)CN)C(=O)O,217.225,-1.9609,121.52,4,4,5,0,0.625,0,0,1,1,2,1,
C[C@H](NCc1ccccc1)C(=O)NCC(=O)O,7.05,C[C@H](NCc1ccccc1)C(=O)NCC(=O)O,236.271,0.3655,78.43,3,3,6,1,0.333333,0,0,1,1,2,1,
C[C@H](O)[C@H](N)C(=O)O,9.053,C[C@H](O)[C@H](N)C(=O)O,119.12,-1.2209,83.55,3,3,2,0,0.75,0,0,1,1,2,1,
C[C@H]1[C@@H](C1)C(=O)O,5.0,C[C@@H]1C[C@H]1C(=O)O,100.117,0.727,37.3,1,1,1,0,0.8,0,0,1,1,2,1,
C[N+](C)(C)CC(O)CC(=O)O.[Cl-],3.8,C[N+](C)(C)CC(O)CC(=O)O.[Cl-],197.662,-3.4678,57.53,2,2,4,0,0.857143,0,0,1,1,2,1,
C[N+](C)(C)CCCC(=O)O.[Cl-],4.02,C[N+](C)(C)CCCC(=O)O.[Cl-],181.663,-2.4386,37.3,1,1,4,0,0.857143,0,0,1,1,2,1,
C[N+](C)(C)c1ccc(CC(=O)O)cc1.[I-],3.75,C[N+](C)(C)c1ccc(CC(=O)O)cc1.[I-],321.158,-1.4856,37.3,1,1,3,1,0.363636,0,0,1,1,2,1,
C[N+](C)(C)c1ccc(CCC(=O)O)cc1.[I-],4.22,C[N+](C)(C)c1ccc(CCC(=O)O)cc1.[I-],335.185,-1.0955,37.3,1,1,4,1,0.416667,0,0,1,1,2,1,
C[N+](C)(C)c1cccc(CC(=O)O)c1.[I-],3.66,C[N+](C)(C)c1cccc(CC(=O)O)c1.[I-],321.158,-1.4856,37.3,1,1,3,1,0.363636,0,0,1,1,2,1,
C[N+](C)(C)c1cccc(CCC(=O)O)c1.[I-],4.17,C[N+](C)(C)c1cccc(CCC(=O)O)c1.[I-],335.185,-1.0955,37.3,1,1,4,1,0.416667,0,0,1,1,2,1,
C[S+](C)c1ccc(C(=O)O)cc1,3.3,C[S+](C)c1ccc(C(=O)O)cc1,183.252,1.6216,37.3,1,1,2,1,0.222222,1,0,1,1,2,1,
C[S+](C)c1cccc(C(=O)O)c1,3.2,C[S+](C)c1cccc(C(=O)O)c1,183.252,1.6216,37.3,1,1,2,1,0.222222,1,0,1,1,2,1,
C[Si](C)(C)c1ccc(C(=O)O)cc1,4.234,C[Si](C)(C)c1ccc(C(=O)O)cc1,194.306,1.93,37.3,1,1,2,1,0.3,0,0,1,1,2,1,
C[Si](C)(C)c1cccc(C(=O)O)c1,4.1645,C[Si](C)(C)c1cccc(C(=O)O)c1,194.306,1.93,37.3,1,1,2,1,0.3,0,0,1,1,2,1,
Cc1c(C(=O)O)nnn1-c1ccccc1,3.73,Cc1c(C(=O)O)nnn1-c1ccccc1,203.201,1.27392,68.01,3,1,2,2,0.1,0,0,1,1,2,1,
Cc1c(F)c(F)c(C(=O)O)c(F)c1F,2.0,Cc1c(F)c(F)c(C(=O)O)c(F)c1F,208.11,2.24962,37.3,1,1,1,1,0.125,0,0,1,1,2,1,
Cc1cc(=O)c(C(=O)O)c(C)o1,3.36,Cc1cc(=O)c(C(=O)O)c(C)o1,168.148,0.95484,67.51,3,1,1,1,0.25,0,0,1,1,2,1,
Cc1cc(C(=O)O)c2ccccc2c1,3.72,Cc1cc(C(=O)O)c2ccccc2c1,186.21,2.84642,37.3,1,1,1,2,0.083333,0,0,1,1,2,1,
Cc1cc(C(=O)O)cc(C)c1C,4.52,Cc1cc(C(=O)O)cc(C)c1C,164.204,2.31006,37.3,1,1,1,1,0.3,0,0,1,1,2,1,
Cc1cc(C)c(C(=O)O)c(C)c1,3.498,Cc1cc(C)c(C(=O)O)c(C)c1,164.204,2.31006,37.3,1,1,1,1,0.3,0,0,1,1,2,1,
Cc1cc(C)c(C(=O)O)cc1C,4.38,Cc1cc(C)c(C(=O)O)cc1C,164.204,2.31006,37.3,1,1,1,1,0.3,0,0,1,1,2,1,
Cc1cc(C)c(C)c(C(=O)O)c1,4.01,Cc1cc(C)c(C)c(C(=O)O)c1,164.204,2.31006,37.3,1,1,1,1,0.3,0,0,1,1,2,1,
Cc1cc(C)c(C)c(C(=O)O)c1C,3.416,Cc1cc(C)c(C)c(C(=O)O)c1C,178.231,2.61848,37.3,1,1,1,1,0.363636,0,0,1,1,2,1,
Cc1cc(C)cc(C(=O)O)c1,4.343999999999999,Cc1cc(C)cc(C(=O)O)c1,150.177,2.00164,37.3,1,1,1,1,0.222222,0,0,1,1,2,1,
Cc1cc(C)cc(OCC(=O)O)c1,3.2,Cc1cc(C)cc(OCC(=O)O)c1,180.203,1.76684,46.53,2,1,3,1,0.3,0,0,1,1,2,1,
Cc1cc(C)n(CC(=O)O)n1,3.9,Cc1cc(C)n(CC(=O)O)n1,154.169,0.58454,55.12,2,1,2,1,0.428571,0,0,1,1,2,1,
Cc1cc(Cl)ccc1OCC(=O)O,3.107,Cc1cc(Cl)ccc1OCC(=O)O,200.621,2.11182,46.53,2,1,3,1,0.222222,0,0,1,1,2,1,
Cc1cc([N+](=O)[O-])c(C)c(C(=O)O)c1O,2.78,Cc1cc([N+](=O)[O-])c(C)c(C(=O)O)c1O,211.173,1.61544,100.67,4,2,2,1,0.222222,0,0,1,1,2,1,
Cc1cc2ccccc2c(C(=O)O)c1C,2.831,Cc1cc2ccccc2c(C(=O)O)c1C,200.237,3.15484,37.3,1,1,1,2,0.153846,0,0,1,1,2,1,
Cc1ccc(C(=O)O)[nH]1,4.88,Cc1ccc(C(=O)O)[nH]1,125.127,1.02132,53.09,1,2,1,1,0.166667,0,0,1,1,2,1,
Cc1ccc(C(=O)O)[se]1,3.82,Cc1ccc(C(=O)O)[se]1,189.072,0.75022,37.3,1,1,1,1,0.166667,0,0,1,1,2,1,
Cc1ccc(C(=O)O)c(C)c1,4.2595,Cc1ccc(C(=O)O)c(C)c1,150.177,2.00164,37.3,1,1,1,1,0.222222,0,0,1,1,2,1,
Cc1ccc(C(=O)O)c(C)c1C,4.06,Cc1ccc(C(=O)O)c(C)c1C,164.204,2.31006,37.3,1,1,1,1,0.3,0,0,1,1,2,1,
Cc1ccc(C(=O)O)c(N)c1,5.07,Cc1ccc(C(=O)O)c(N)c1,151.165,1.27542,63.32,2,2,1,1,0.125,0,0,1,1,2,1,
Cc1ccc(C(=O)O)c(O)c1,3.1630000000000003,Cc1ccc(C(=O)O)c(O)c1,152.149,1.39882,57.53,2,2,1,1,0.125,0,0,1,1,2,1,
Cc1ccc(C(=O)O)cc1,4.383333333333334,Cc1ccc(C(=O)O)cc1,136.15,1.69322,37.3,1,1,1,1,0.125,0,0,1,1,2,1,
Cc1ccc(C(=O)O)cc1C,4.5,Cc1ccc(C(=O)O)cc1C,150.177,2.00164,37.3,1,1,1,1,0.222222,0,0,1,1,2,1,
Cc1ccc(C(=O)O)s1,3.73,Cc1ccc(C(=O)O)s1,142.179,1.75472,37.3,2,1,1,1,0.166667,0,0,1,1,2,1,
Cc1ccc(C(=O)c2ccccc2C(=O)O)cc1,3.644,Cc1ccc(C(=O)c2ccccc2C(=O)O)cc1,240.258,2.92422,54.37,2,1,3,2,0.066667,0,0,1,1,2,1,
Cc1ccc(C)c(C(=O)O)c1,4.0205,Cc1ccc(C)c(C(=O)O)c1,150.177,2.00164,37.3,1,1,1,1,0.222222,0,0,1,1,2,1,
Cc1ccc(C)c(C(=O)O)c1C,3.34,Cc1ccc(C)c(C(=O)O)c1C,164.204,2.31006,37.3,1,1,1,1,0.3,0,0,1,1,2,1,
Cc1ccc(C)c(C(=O)O)c1O,3.23,Cc1ccc(C)c(C(=O)O)c1O,166.176,1.70724,57.53,2,2,1,1,0.222222,0,0,1,1,2,1,
Cc1ccc(C)c(C(O)C(=O)O)c1,3.57,Cc1ccc(C)c(C(O)C(=O)O)c1,180.203,1.42144,57.53,2,2,2,1,0.3,0,0,1,1,2,1,
Cc1ccc(C2CC2C(=O)O)cc1,4.6,Cc1ccc(C2CC2C(=O)O)cc1,176.215,2.18312,37.3,1,1,2,1,0.363636,0,0,1,1,2,1,
Cc1ccc(CC(=O)O)cc1,4.07025,Cc1ccc(CC(=O)O)cc1,150.177,1.62212,37.3,1,1,2,1,0.222222,0,0,1,1,2,1,
Cc1ccc(CCC(=O)O)cc1,4.74,Cc1ccc(CCC(=O)O)cc1,164.204,2.01222,37.3,1,1,3,1,0.3,0,0,1,1,2,1,
Cc1ccc(N)c(C(=O)O)c1,5.13,Cc1ccc(N)c(C(=O)O)c1,151.165,1.27542,63.32,2,2,1,1,0.125,0,0,1,1,2,1,
Cc1ccc(NCC(=O)O)cc1,4.85,Cc1ccc(NCC(=O)O)cc1,165.192,1.49152,49.33,2,2,3,1,0.222222,0,0,1,1,2,1,
Cc1ccc(O)c(C(=O)O)c1,3.026666666666667,Cc1ccc(O)c(C(=O)O)c1,152.149,1.39882,57.53,2,2,1,1,0.125,0,0,1,1,2,1,
Cc1ccc(S(=O)(=O)CC(=O)O)cc1,2.542,Cc1ccc(S(=O)(=O)CC(=O)O)cc1,214.242,0.85332,71.44,3,1,3,1,0.222222,0,0,1,1,2,1,
Cc1ccc(S(=O)CC(=O)O)cc1,2.74,Cc1ccc(S(=O)CC(=O)O)cc1,198.243,1.18722,54.37,2,1,3,1,0.222222,0,0,1,1,2,1,
Cc1ccc(SCC(=O)O)cc1,3.689,Cc1ccc(SCC(=O)O)cc1,182.244,2.17172,37.3,2,1,3,1,0.222222,0,0,1,1,2,1,
Cc1ccc2ccccc2c1C(=O)O,3.034,Cc1ccc2ccccc2c1C(=O)O,186.21,2.84642,37.3,1,1,1,2,0.083333,0,0,1,1,2,1,
Cc1cccc(=O)c(O)c1C(=O)O,2.48,Cc1cccc(=O)c(O)c1C(=O)O,180.159,0.75902,74.6,3,2,1,1,0.111111,0,0,1,1,2,1,
Cc1cccc(C(=O)O)c1,4.272666666666667,Cc1cccc(C(=O)O)c1,136.15,1.69322,37.3,1,1,1,1,0.125,0,0,1,1,2,1,
Cc1cccc(C(=O)O)c1C,3.758,Cc1cccc(C(=O)O)c1C,150.177,2.00164,37.3,1,1,1,1,0.222222,0,0,1,1,2,1,
Cc1cccc(C(=O)O)c1O,2.971,Cc1cccc(C(=O)O)c1O,152.149,1.39882,57.53,2,2,1,1,0.125,0,0,1,1,2,1,
Cc1cccc(C(=O)O)n1,5.83,Cc1cccc(C(=O)O)n1,137.138,1.08822,50.19,2,1,1,1,0.142857,0,0,1,1,2,1,
Cc1cccc(C)c1C(=O)O,3.307,Cc1cccc(C)c1C(=O)O,150.177,2.00164,37.3,1,1,1,1,0.222222,0,0,1,1,2,1,
Cc1cccc(NCC(=O)O)c1,4.6,Cc1cccc(NCC(=O)O)c1,165.192,1.49152,49.33,2,2,3,1,0.222222,0,0,1,1,2,1,
Cc1cccc(O)c(=O)c1C(=O)O,3.15,Cc1cccc(O)c(=O)c1C(=O)O,180.159,0.75902,74.6,3,2,1,1,0.111111,0,0,1,1,2,1,
Cc1cccc(O)c1C(=O)O,3.24,Cc1cccc(O)c1C(=O)O,152.149,1.39882,57.53,2,2,1,1,0.125,0,0,1,1,2,1,
Cc1cccc(S(=O)(=O)CC(=O)O)c1,2.567,Cc1cccc(S(=O)(=O)CC(=O)O)c1,214.242,0.85332,71.44,3,1,3,1,0.222222,0,0,1,1,2,1,
Cc1cccc(S(=O)CC(=O)O)c1,2.756,Cc1cccc(S(=O)CC(=O)O)c1,198.243,1.18722,54.37,2,1,3,1,0.222222,0,0,1,1,2,1,
Cc1cccc(SCC(=O)O)c1,3.604,Cc1cccc(SCC(=O)O)c1,182.244,2.17172,37.3,2,1,3,1,0.222222,0,0,1,1,2,1,
Cc1cccc2[nH]cc(CC(N)C(=O)O)c12,16.9,Cc1cccc2[nH]cc(CC(N)C(=O)O)c12,218.256,1.43072,79.11,2,3,3,2,0.25,0,0,1,1,2,1,
Cc1cccc2c1[C@H](C(=O)O)[C@@]13CC(=O)[C@@](C)(CC[C@H]21)C3,4.24,Cc1cccc2c1[C@H](C(=O)O)[C@@]13CC(=O)[C@@](C)(CC[C@H]21)C3,284.355,3.40982,54.37,2,1,1,1,0.555556,0,0,1,1,2,1,
Cc1ccccc1C(=O)O,3.914,Cc1ccccc1C(=O)O,136.15,1.69322,37.3,1,1,1,1,0.125,0,0,1,1,2,1,
Cc1csc(C(=O)O)c1,3.6366666666666663,Cc1csc(C(=O)O)c1,142.179,1.75472,37.3,2,1,1,1,0.166667,0,0,1,1,2,1,
Cc1csc(C(=O)O)n1,3.18,Cc1csc(C(=O)O)n1,143.167,1.14972,50.19,3,1,1,1,0.2,0,0,1,1,2,1,
Cc1nc(C)c(C(=O)O)cc1C(=O)O,2.81,Cc1nc(C)c(C(=O)O)cc1C(=O)O,195.174,1.09484,87.49,3,2,2,1,0.222222,0,0,2,2,4,2,
Cc1nc[nH]c1C(=O)O,7.01,Cc1nc[nH]c1C(=O)O,126.115,0.41632,65.98,2,2,1,1,0.2,0,0,1,1,2,1,
Cc1ncc(CO)c(C=NC(C(=O)O)C(C)OP(=O)(O)O)c1O,10.48,Cc1ncc(CO)c(C=NC(C(=O)O)C(C)OP(=O)(O)O)c1O,348.248,-0.04218,169.77,7,5,7,1,0.416667,0,0,1,1,2,1,
Cc1ncc(CO)c(C=N[C@H](C(=O)O)[C@@H](C)O)c1O,9.89,Cc1ncc(CO)c(C=N[C@H](C(=O)O)[C@@H](C)O)c1O,268.269,-0.15918,123.24,6,4,5,1,0.416667,0,0,1,1,2,1,
Cc1ncoc1C(=O)O,2.88,Cc1ncoc1C(=O)O,127.099,0.68122,63.33,3,1,1,1,0.2,0,0,1,1,2,1,
Cl/C=C/C(=O)O,3.79,O=C(O)/C=C/Cl,106.508,0.8235,37.3,1,1,1,0,0.0,0,0,1,1,2,1,
ClC1=CC=C(C=C1)[C@H]1[C@@H](C1)C(=O)O,4.53,O=C(O)[C@@H]1C[C@H]1c1ccc(Cl)cc1,196.633,2.5281,37.3,1,1,2,1,0.3,0,0,1,1,2,1,
ClC=1C=C(C=CC1)[C@H]1[C@@H](C1)C(=O)O,4.51,O=C(O)[C@@H]1C[C@H]1c1cccc(Cl)c1,196.633,2.5281,37.3,1,1,2,1,0.3,0,0,1,1,2,1,
Cl[C@@H]1CC[C@H](CC1)C(=O)O,4.58,O=C(O)[C@H]1CC[C@H](Cl)CC1,162.616,1.8686,37.3,1,1,1,0,0.857143,0,0,1,1,2,1,
Cl\C=C/C(=O)O,3.45,O=C(O)/C=C\Cl,106.508,0.8235,37.3,1,1,1,0,0.0,0,0,1,1,2,1,
Cn1ccnc1C(=O)O,7.25,Cn1ccnc1C(=O)O,126.115,0.1183,55.12,2,1,1,1,0.2,0,0,1,1,2,1,
Cn1cnc(C[C@H](NC(=O)CCN)C(=O)O)c1,9.49,Cn1cnc(C[C@H](NC(=O)CCN)C(=O)O)c1,240.263,-1.1192,110.24,4,3,6,1,0.5,0,0,1,1,2,1,
FC1=C(C=CC=C1)/C=C/C(=O)O,4.28,O=C(O)/C=C/c1ccccc1F,166.151,1.9235,37.3,1,1,2,1,0.0,0,0,1,1,2,1,
F[B-](F)(F)F.N#[N+]c1ccc(CC(=O)O)cc1,3.24,F[B-](F)(F)F.N#[N+]c1ccc(CC(=O)O)cc1,249.96,3.09828,65.45,2,1,2,1,0.125,0,0,1,1,2,1,
I/C=C/C(=O)O,3.74,O=C(O)/C=C/I,197.959,1.0197,37.3,1,1,1,0,0.0,0,0,1,1,2,1,
I\C=C/C(=O)O,3.42,O=C(O)/C=C\I,197.959,1.0197,37.3,1,1,1,0,0.0,0,0,1,1,2,1,
N#CC12CCC(C(=O)O)(CC1)C2,4.227,N#CC12CCC(C(=O)O)(CC1)C2,165.192,1.54508,61.09,2,1,1,0,0.777778,0,0,1,1,2,1,
N#CC12CCC(C(=O)O)(CC1)CC2,4.545,N#CC12CCC(C(=O)O)(CC1)CC2,179.219,1.93518,61.09,2,1,1,0,0.8,0,0,1,1,2,1,
N#CC1CCC(C(=O)O)CC1,4.48,N#CC1CCC(C(=O)O)CC1,153.181,1.40098,61.09,2,1,1,0,0.75,0,0,1,1,2,1,
N#CCC(=O)O,2.56025,N#CCC(=O)O,85.062,-0.01532,61.09,2,1,1,0,0.333333,0,0,1,1,2,1,
N#Cc1ccc(C(=O)O)c(O)c1,2.35,N#Cc1ccc(C(=O)O)c(O)c1,163.132,0.96208,81.32,3,2,1,1,0.0,0,0,1,1,2,1,
N#Cc1ccc(O)c(C(=O)O)c1,2.38,N#Cc1ccc(O)c(C(=O)O)c1,163.132,0.96208,81.32,3,2,1,1,0.0,0,0,1,1,2,1,
N#Cc1ccc(OCC(=O)O)cc1,2.87,N#Cc1ccc(OCC(=O)O)cc1,177.159,1.02168,70.32,3,1,3,1,0.111111,0,0,1,1,2,1,
N#Cc1cccc(NCC(=O)O)c1,3.78,N#Cc1cccc(NCC(=O)O)c1,176.175,1.05478,73.12,3,2,3,1,0.111111,0,0,1,1,2,1,
N=C(N)NCCC[C@@H](NC(=O)[C@H](N)Cc1ccc(O)cc1)C(=O)O,9.58,N=C(N)NCCC[C@@H](NC(=O)[C@H](N)Cc1ccc(O)cc1)C(=O)O,337.38,-0.90533,174.55,5,7,9,1,0.4,0,0,1,1,2,1,
NC(=O)C(N)CCC(=O)O,7.88,NC(=O)C(N)CCC(=O)O,146.146,-1.3362,106.41,3,3,4,0,0.6,0,0,1,1,2,1,
NC(=O)C(O)[C@H](N)C(=O)O,8.29,NC(=O)C(O)[C@H](N)C(=O)O,148.118,-2.7555,126.64,4,4,3,0,0.5,0,0,1,1,2,1,
NC(=O)CC[C@H](N)C(=O)NCC(=O)O,7.52,NC(=O)CC[C@H](N)C(=O)NCC(=O)O,203.198,-2.22,135.51,4,4,6,0,0.571429,0,0,1,1,2,1,
NC(=O)CC[C@H](N)C(=O)O,9.07,NC(=O)CC[C@H](N)C(=O)O,146.146,-1.3362,106.41,3,3,4,0,0.6,0,0,1,1,2,1,
NC(=O)C[C@@](N)(O)C(=O)O,7.2,NC(=O)C[C@@](N)(O)C(=O)O,148.118,-2.4063,126.64,4,4,3,0,0.5,0,0,1,1,2,1,
NC(=O)C[C@H](N)C(=O)O,8.756666666666668,NC(=O)C[C@H](N)C(=O)O,132.119,-1.7263,106.41,3,3,3,0,0.5,0,0,1,1,2,1,
NC(=O)NCCCC(NC(=O)c1ccccc1)C(=O)O,3.5575,NC(=O)NCCCC(NC(=O)c1ccccc1)C(=O)O,279.296,0.3181,121.52,3,4,7,1,0.307692,0,0,1,1,2,1,
NC(=O)NCCC[C@H](N)C(=O)O,9.41,NC(=O)NCCC[C@H](N)C(=O)O,175.188,-1.1532,118.44,3,4,5,0,0.666667,0,0,1,1,2,1,
NC(C(=O)O)C(CC(=O)O)C(=O)O,3.6,NC(C(=O)O)C(CC(=O)O)C(=O)O,191.139,-1.4262,137.92,4,4,5,0,0.5,0,0,3,3,6,3,
NC(CC(=O)O)C(F)(F)F,5.831,NC(CC(=O)O)C(F)(F)F,157.091,0.3507,63.32,2,2,2,0,0.75,0,0,1,1,2,1,
NC(CC(=O)O)c1ccccc1,9.31,NC(CC(=O)O)c1ccccc1,165.192,1.1611,63.32,2,2,3,1,0.222222,0,0,1,1,2,1,
NC(CC(F)(F)F)C(=O)O,8.171,NC(CC(F)(F)F)C(=O)O,157.091,0.3507,63.32,2,2,2,0,0.75,0,0,1,1,2,1,
NC(Cc1c(F)c(F)c(F)c(F)c1F)C(=O)O,8.47,NC(Cc1c(F)c(F)c(F)c(F)c1F)C(=O)O,255.142,1.3365,63.32,2,2,3,1,0.222222,0,0,1,1,2,1,
NC(Cc1c[nH]c2ccc(O)cc12)C(=O)O,17.95,NC(Cc1c[nH]c2ccc(O)cc12)C(=O)O,220.228,0.8279,99.34,3,4,3,2,0.181818,0,0,1,1,2,1,
NC(Cc1c[nH]cn1)C(=O)O,9.16,NC(Cc1c[nH]cn1)C(=O)O,155.157,-0.6359,92.0,3,3,3,1,0.333333,0,0,1,1,2,1,
NC(N)=NCCC[C@H](N)C(=O)O,12.48,NC(N)=NCCC[C@H](N)C(=O)O,174.204,-1.5481,127.72,3,4,5,0,0.666667,0,0,1,1,2,1,
NC(N)=NOCC[C@H](N)C(=O)O,9.25,NC(N)=NOCC[C@H](N)C(=O)O,176.176,-2.0066,136.95,4,4,5,0,0.6,0,0,1,1,2,1,
NC1=NC(C(=O)O)CS1,8.48,NC1=NC(C(=O)O)CS1,146.171,-0.4989,75.68,4,2,1,0,0.5,0,0,1,1,2,1,
NCC(=O)N1CCC[C@H]1C(=O)O,8.5925,NCC(=O)N1CCC[C@H]1C(=O)O,172.184,-0.9793,83.63,3,2,2,0,0.714286,0,0,1,1,2,1,
NCC(=O)NCC(=O)NCC(=O)NC(Cc1c[nH]cn1)C(=O)O,8.11,NCC(=O)NCC(=O)NCC(=O)NC(Cc1c[nH]cn1)C(=O)O,326.313,-3.2873,179.3,6,6,9,1,0.416667,0,0,1,1,2,1,
NCC(=O)NCC(=O)NCC(=O)NCC(=O)O,7.95,NCC(=O)NCC(=O)NCC(=O)NCC(=O)O,246.223,-3.6217,150.62,5,5,7,0,0.5,0,0,1,1,2,1,
NCC(=O)NCC(=O)NCC(=O)O,8.11,NCC(=O)NCC(=O)NCC(=O)O,189.171,-2.7379,121.52,4,4,5,0,0.5,0,0,1,1,2,1,
NCC(=O)NCC(=O)O,8.231928571428572,NCC(=O)NCC(=O)O,132.119,-1.8541,92.42,3,3,3,0,0.5,0,0,1,1,2,1,
NCC(=O)N[C@@H](CO)C(=O)NCC(=O)O,7.99,NCC(=O)N[C@@H](CO)C(=O)NCC(=O)O,219.197,-3.377,141.75,5,5,6,0,0.571429,0,0,1,1,2,1,
NCC(=O)N[C@@H](CO)C(=O)O,8.24,NCC(=O)N[C@@H](CO)C(=O)O,162.145,-2.4932,112.65,4,4,4,0,0.6,0,0,1,1,2,1,
NCC(=O)N[C@@H](Cc1c[nH]c2ccccc12)C(=O)O,8.06,NCC(=O)N[C@@H](Cc1c[nH]c2ccccc12)C(=O)O,261.281,0.2385,108.21,3,4,5,2,0.230769,0,0,1,1,2,1,
NCC(=O)N[C@@H](Cc1c[nH]cn1)C(=O)O,8.24,NCC(=O)N[C@@H](Cc1c[nH]cn1)C(=O)O,212.209,-1.5197,121.1,4,4,5,1,0.375,0,0,1,1,2,1,
NCC(=O)N[C@@H](Cc1ccc(O)cc1)C(=O)O,8.24,NCC(=O)N[C@@H](Cc1ccc(O)cc1)C(=O)O,238.243,-0.5372,112.65,4,4,5,1,0.272727,0,0,1,1,2,1,
NCC(=O)N[C@@H](Cc1ccccc1)C(=O)O,8.245000000000001,NCC(=O)N[C@@H](Cc1ccccc1)C(=O)O,222.244,-0.2428,92.42,3,3,5,1,0.272727,0,0,1,1,2,1,
NCC(=O)N[C@@H](Cc1cnc[nH]1)C(=O)N[C@@H](CCC(=O)O)C(=O)O,6.65,NCC(=O)N[C@@H](Cc1cnc[nH]1)C(=O)N[C@@H](CCC(=O)O)C(=O)O,341.324,-2.1701,187.5,6,6,10,1,0.461538,0,0,2,2,4,2,
NCC(=O)N[C@@H](Cc1cnc[nH]1)C(=O)O,8.2,NCC(=O)N[C@@H](Cc1cnc[nH]1)C(=O)O,212.209,-1.5197,121.1,4,4,5,1,0.375,0,0,1,1,2,1,
NCC(=O)O,9.746006666666666,NCC(=O)O,75.067,-0.9703,63.32,2,2,1,0,0.5,0,0,1,1,2,1,
NCC(N)C(=O)O,9.555,NCC(N)C(=O)O,104.109,-1.643,89.34,3,3,2,0,0.666667,0,0,1,1,2,1,
NCC(O)C(=O)O,9.33,NCC(O)C(=O)O,105.093,-1.6094,83.55,3,3,2,0,0.666667,0,0,1,1,2,1,
NCCC(=O)O,10.2552,NCCC(=O)O,89.094,-0.5802,63.32,2,2,2,0,0.666667,0,0,1,1,2,1,
NCCCC(=O)O,10.515175,NCCCC(=O)O,103.121,-0.1901,63.32,2,2,3,0,0.75,0,0,1,1,2,1,
NCCCCC(=O)O,10.6572,NCCCCC(=O)O,117.148,0.2,63.32,2,2,4,0,0.8,0,0,1,1,2,1,
NCCCCCC(=O)O,10.808,NCCCCCC(=O)O,131.175,0.5901,63.32,2,2,5,0,0.833333,0,0,1,1,2,1,
NCCCC[C@H](N)C(=O)O,10.69,NCCCC[C@H](N)C(=O)O,146.19,-0.4727,89.34,3,3,5,0,0.833333,0,0,1,1,2,1,
NCCC[C@H](N)C(=O)O,8.773333333333333,NCCC[C@H](N)C(=O)O,132.163,-0.8628,89.34,3,3,4,0,0.8,0,0,1,1,2,1,
NCC[C@H](N)C(=O)O,10.25,NCC[C@H](N)C(=O)O,118.136,-1.2529,89.34,3,3,3,0,0.75,0,0,1,1,2,1,
NC[C@H](N)C(=O)O,9.34,NC[C@H](N)C(=O)O,104.109,-1.643,89.34,3,3,2,0,0.666667,0,0,1,1,2,1,
NCc1ccc(CCC(=O)O)cc1,4.28,NCc1ccc(CCC(=O)O)cc1,179.219,1.1625,63.32,2,2,4,1,0.3,0,0,1,1,2,1,
NCc1ccccc1CCC(=O)O,4.22,NCc1ccccc1CCC(=O)O,179.219,1.1625,63.32,2,2,4,1,0.3,0,0,1,1,2,1,
NOCC[C@H](N)C(=O)O,9.2,NOCC[C@H](N)C(=O)O,134.135,-1.3213,98.57,4,3,4,0,0.75,0,0,1,1,2,1,
NS(=O)(=O)c1ccc(C(=O)O)cc1,3.47,NS(=O)(=O)c1ccc(C(=O)O)cc1,201.203,0.0322,97.46,3,2,2,1,0.0,0,0,1,1,2,1,
NS(=O)(=O)c1cccc(C(=O)O)c1,3.54,NS(=O)(=O)c1cccc(C(=O)O)c1,201.203,0.0322,97.46,3,2,2,1,0.0,0,0,1,1,2,1,
N[C@@H](CC(=O)O)C(=O)O,3.8392857142857135,N[C@@H](CC(=O)O)C(=O)O,133.103,-1.127,100.62,3,3,3,0,0.5,0,0,2,2,4,2,
N[C@@H](CCC(=O)O)C(=O)O,4.2375,N[C@@H](CCC(=O)O)C(=O)O,147.13,-0.7369,100.62,3,3,4,0,0.6,0,0,2,2,4,2,
N[C@@H](CCC(=O)OCc1ccccc1)C(=O)O,9.0,N[C@@H](CCC(=O)OCc1ccccc1)C(=O)O,237.255,0.9219,89.62,4,2,6,1,0.333333,0,0,1,1,2,1,
N[C@@H](CCC(F)(F)F)C(=O)O,8.916,N[C@@H](CCC(F)(F)F)C(=O)O,171.118,0.7408,63.32,2,2,3,0,0.8,0,0,1,1,2,1,
N[C@@H](CCCC(F)(F)F)C(=O)O,9.463,N[C@@H](CCCC(F)(F)F)C(=O)O,185.145,1.1309,63.32,2,2,4,0,0.833333,0,0,1,1,2,1,
N[C@@H](CCS)C(=O)O,8.87,N[C@@H](CCS)C(=O)O,135.188,-0.2818,63.32,3,3,3,0,0.75,0,0,1,1,2,1,
N[C@@H](CCSSCC[C@H](N)C(=O)O)C(=O)O,8.523,N[C@@H](CCSSCC[C@H](N)C(=O)O)C(=O)O,268.36,-0.0282,126.64,6,4,9,0,0.75,0,0,2,2,4,2,
N[C@@H](CO)C(=O)NCC(=O)O,7.33,N[C@@H](CO)C(=O)NCC(=O)O,162.145,-2.4932,112.65,4,4,4,0,0.6,0,0,1,1,2,1,
N[C@@H](CO)C(=O)N[C@@H](CCC(=O)O)C(=O)O,4.34,N[C@@H](CO)C(=O)N[C@@H](CCC(=O)O)C(=O)O,234.208,-2.2598,149.95,5,5,7,0,0.625,0,0,2,2,4,2,
N[C@@H](CO)C(=O)O,9.161333333333332,N[C@@H](CO)C(=O)O,105.093,-1.6094,83.55,3,3,2,0,0.666667,0,0,1,1,2,1,
N[C@@H](COP(=O)(O)O)C(=O)O,2.08,N[C@@H](COP(=O)(O)O)C(=O)O,185.072,-1.4924,130.08,4,4,4,0,0.666667,0,0,1,1,2,1,
N[C@@H](CS(=O)(=O)O)C(=O)O,1.89,N[C@@H](CS(=O)(=O)O)C(=O)O,169.158,-1.7139,117.69,4,3,3,0,0.666667,0,1,2,4,3,1,
N[C@@H](CS)C(=O)O,8.36,N[C@@H](CS)C(=O)O,121.161,-0.6719,63.32,3,3,2,0,0.666667,0,0,1,1,2,1,
N[C@@H](Cc1c[nH]c(S)n1)C(=O)O,8.47,N[C@@H](Cc1c[nH]c(S)n1)C(=O)O,187.224,-0.3472,92.0,4,4,3,1,0.333333,0,0,1,1,2,1,
N[C@@H](Cc1c[nH]c2ccccc12)C(=O)O,9.3825,N[C@@H](Cc1c[nH]c2ccccc12)C(=O)O,204.229,1.1223,79.11,2,3,3,2,0.181818,0,0,1,1,2,1,
N[C@@H](Cc1c[nH]nn1)C(=O)O,8.55,N[C@@H](Cc1c[nH]nn1)C(=O)O,156.145,-1.2409,104.89,4,3,3,1,0.4,0,0,1,1,2,1,
N[C@@H](Cc1cc(Br)c(O)c(Br)c1)C(=O)O,6.45,N[C@@H](Cc1cc(Br)c(O)c(Br)c1)C(=O)O,338.983,1.8716,83.55,3,3,3,1,0.222222,0,0,1,1,2,1,
N[C@@H](Cc1cc(Cl)c(O)c(Cl)c1)C(=O)O,6.47,N[C@@H](Cc1cc(Cl)c(O)c(Cl)c1)C(=O)O,250.081,1.6534,83.55,3,3,3,1,0.222222,0,0,1,1,2,1,
N[C@@H](Cc1cc(I)c(O)c(I)c1)C(=O)O,6.48,N[C@@H](Cc1cc(I)c(O)c(I)c1)C(=O)O,432.983,1.5558,83.55,3,3,3,1,0.222222,0,0,1,1,2,1,
N[C@@H](Cc1cc[nH]n1)C(=O)O,8.95,N[C@@H](Cc1cc[nH]n1)C(=O)O,155.157,-0.6359,92.0,3,3,3,1,0.333333,0,0,1,1,2,1,
N[C@@H](Cc1ccc(O)c(O)c1)C(=O)O,8.72,N[C@@H](Cc1ccc(O)c(O)c1)C(=O)O,197.19,0.0522,103.78,4,4,3,1,0.222222,0,0,1,1,2,1,
N[C@@H](Cc1ccc(O)cc1)C(=O)N[C@@H](Cc1ccc(O)cc1)C(=O)O,7.68,N[C@@H](Cc1ccc(O)cc1)C(=O)N[C@@H](Cc1ccc(O)cc1)C(=O)O,344.367,0.7797,132.88,5,5,7,2,0.222222,0,0,1,1,2,1,
N[C@@H](Cc1ccc(O)cc1)C(=O)O,9.59,N[C@@H](Cc1ccc(O)cc1)C(=O)O,181.191,0.3466,83.55,3,3,3,1,0.222222,0,0,1,1,2,1,
N[C@@H](Cc1ccccc1)C(=O)NCC(=O)O,7.68,N[C@@H](Cc1ccccc1)C(=O)NCC(=O)O,222.244,-0.2428,92.42,3,3,5,1,0.272727,0,0,1,1,2,1,
N[C@@H](Cc1ccccc1)C(=O)O,9.1425,N[C@@H](Cc1ccccc1)C(=O)O,165.192,0.641,63.32,2,2,3,1,0.222222,0,0,1,1,2,1,
N[C@@H](Cc1cn(Cc2ccccc2)cn1)C(=O)O,9.3,N[C@@H](Cc1cn(Cc2ccccc2)cn1)C(=O)O,245.282,0.8858,81.14,3,2,5,2,0.230769,0,0,1,1,2,1,
N[C@@H](Cc1cnc(I)[nH]1)C(=O)O,8.62,N[C@@H](Cc1cnc(I)[nH]1)C(=O)O,281.053,-0.0313,92.0,3,3,3,1,0.333333,0,0,1,1,2,1,
N[C@@H](Cc1cnc[nH]1)C(=O)NCC(=O)O,5.96,N[C@@H](Cc1cnc[nH]1)C(=O)NCC(=O)O,212.209,-1.5197,121.1,4,4,5,1,0.375,0,0,1,1,2,1,
N[C@@H](Cc1cnc[nH]1)C(=O)O,9.281428571428572,N[C@@H](Cc1cnc[nH]1)C(=O)O,155.157,-0.6359,92.0,3,3,3,1,0.333333,0,0,1,1,2,1,
N[C@@H](Cc1nc(I)[nH]c1I)C(=O)O,8.18,N[C@@H](Cc1nc(I)[nH]c1I)C(=O)O,406.949,0.5733,92.0,3,3,3,1,0.333333,0,0,1,1,2,1,
N[C@H](C(=O)O)C(O)CC(=O)O,4.29,N[C@H](C(=O)O)C(O)CC(=O)O,163.129,-1.7661,120.85,4,4,4,0,0.6,0,0,2,2,4,2,
N[C@H](C(=O)O)[C@H](O)C(F)(F)F,7.781,N[C@H](C(=O)O)[C@H](O)C(F)(F)F,173.09,-0.6785,83.55,3,3,2,0,0.75,0,0,1,1,2,1,
Nc1c(C(=O)O)[nH]c(=O)[nH]c1=O,2.63,Nc1c(C(=O)O)[nH]c(=O)[nH]c1=O,171.112,-1.6564,129.04,4,4,1,1,0.0,0,0,1,1,2,1,
Nc1c(NCC(=O)O)nc(Cl)nc1C(=O)O,4.48,Nc1c(NCC(=O)O)nc(Cl)nc1C(=O)O,246.61,-0.0931,138.43,6,4,4,1,0.142857,0,0,2,2,4,2,
Nc1cc(Br)ccc1C(=O)O,4.37,Nc1cc(Br)ccc1C(=O)O,216.034,1.7295,63.32,2,2,1,1,0.0,0,0,1,1,2,1,
Nc1cc(C(=O)O)c2ccccc2c1,4.39,Nc1cc(C(=O)O)c2ccccc2c1,187.198,2.1202,63.32,2,2,1,2,0.0,0,0,1,1,2,1,
Nc1cc(C(=O)O)cc([N+](=O)[O-])c1,3.55,Nc1cc(C(=O)O)cc([N+](=O)[O-])c1,182.135,0.8752,106.46,4,2,2,1,0.0,0,0,1,1,2,1,
Nc1cc(C(=O)O)cc2ccccc12,4.46,Nc1cc(C(=O)O)cc2ccccc12,187.198,2.1202,63.32,2,2,1,2,0.0,0,0,1,1,2,1,
Nc1cc(Cl)ccc1C(=O)O,4.44,Nc1cc(Cl)ccc1C(=O)O,171.583,1.6204,63.32,2,2,1,1,0.0,0,0,1,1,2,1,
Nc1cc(F)ccc1C(=O)O,4.6,Nc1cc(F)ccc1C(=O)O,155.128,1.1061,63.32,2,2,1,1,0.0,0,0,1,1,2,1,
Nc1cc([N+](=O)[O-])ccc1C(=O)O,3.7,Nc1cc([N+](=O)[O-])ccc1C(=O)O,182.135,0.8752,106.46,4,2,2,1,0.0,0,0,1,1,2,1,
Nc1ccc(Br)cc1C(=O)O,4.41,Nc1ccc(Br)cc1C(=O)O,216.034,1.7295,63.32,2,2,1,1,0.0,0,0,1,1,2,1,
Nc1ccc(C(=O)O)c(O)c1,3.356666666666667,Nc1ccc(C(=O)O)c(O)c1,153.137,0.6726,83.55,3,3,1,1,0.0,0,0,1,1,2,1,
Nc1ccc(C(=O)O)cc1,4.832833333333333,Nc1ccc(C(=O)O)cc1,137.138,0.967,63.32,2,2,1,1,0.0,0,0,1,1,2,1,
Nc1ccc(Cl)cc1C(=O)O,4.35,Nc1ccc(Cl)cc1C(=O)O,171.583,1.6204,63.32,2,2,1,1,0.0,0,0,1,1,2,1,
Nc1ccc(F)cc1C(=O)O,4.82,Nc1ccc(F)cc1C(=O)O,155.128,1.1061,63.32,2,2,1,1,0.0,0,0,1,1,2,1,
Nc1ccc(O)cc1C(=O)O,5.37,Nc1ccc(O)cc1C(=O)O,153.137,0.6726,83.55,3,3,1,1,0.0,0,0,1,1,2,1,
Nc1ccc(Oc2ccccc2)cc1C(=O)O,4.88,Nc1ccc(Oc2ccccc2)cc1C(=O)O,229.235,2.7593,72.55,3,2,3,2,0.0,0,0,1,1,2,1,
Nc1cccc(C(=O)O)c1,4.749,Nc1cccc(C(=O)O)c1,137.138,0.967,63.32,2,2,1,1,0.0,0,0,1,1,2,1,
Nc1ccccc1C(=O)O,4.911714285714285,Nc1ccccc1C(=O)O,137.138,0.967,63.32,2,2,1,1,0.0,0,0,1,1,2,1,
O=C(/C=C/c1ccc(O)c(O)c1)O[C@@H]1C[C@](O)(C(=O)O)C[C@@H](O)[C@H]1O,3.545,O=C(/C=C/c1ccc(O)c(O)c1)O[C@@H]1C[C@](O)(C(=O)O)C[C@@H](O)[C@H]1O,354.311,-0.6459,164.75,8,6,4,1,0.375,0,0,1,1,2,1,
O=C(CCNC(=O)OCc1ccccc1)N[C@@H](Cc1cnc[nH]1)C(=O)O,6.964,O=C(CCNC(=O)OCc1ccccc1)N[C@@H](Cc1cnc[nH]1)C(=O)O,360.37,0.8381,133.41,5,4,9,2,0.294118,0,0,1,1,2,1,
O=C(O)/C=C/C(=O)O,3.326,O=C(O)/C=C/C(=O)O,116.072,-0.2882,74.6,2,2,2,0,0.0,0,0,2,2,4,2,
O=C(O)/C=C/c1ccc(O)cc1,4.64,O=C(O)/C=C/c1ccc(O)cc1,164.16,1.49,57.53,2,2,2,1,0.0,0,0,1,1,2,1,
O=C(O)C#CBr,1.855,O=C(O)C#CBr,148.943,0.4268,37.3,1,1,0,0,0.0,0,0,1,1,2,1,
O=C(O)C#CCl,1.845,O=C(O)C#CCl,104.492,0.2707,37.3,1,1,0,0,0.0,0,0,1,1,2,1,
O=C(O)C#Cc1ccccc1,2.23,O=C(O)C#Cc1ccccc1,146.145,1.1227,37.3,1,1,0,1,0.0,0,0,1,1,2,1,
O=C(O)C(=O)C=S1SCC=C1c1ccccc1,2.75,O=C(O)C(=O)C=S1SCC=C1c1ccccc1,266.343,2.4141,54.37,3,1,3,1,0.083333,0,0,1,1,2,1,
O=C(O)C(=O)O,1.1902222222222223,O=C(O)C(=O)O,90.034,-0.8444,74.6,2,2,0,0,0.0,0,0,2,2,4,2,
O=C(O)C(Br)(Br)Br,0.72,O=C(O)C(Br)(Br)Br,296.74,1.9095,37.3,1,1,0,0,0.5,0,0,1,1,2,1,
O=C(O)C(Br)Br,1.48,O=C(O)C(Br)Br,217.844,1.1869,37.3,1,1,1,0,0.5,0,0,1,1,2,1,
O=C(O)C(C(=O)O)c1ccccc1,2.77,O=C(O)C(C(=O)O)c1ccccc1,180.159,0.9394,74.6,2,2,3,1,0.111111,0,0,2,2,4,2,
O=C(O)C(Cc1ccccc1)C(=O)O,2.91,O=C(O)C(Cc1ccccc1)C(=O)O,194.186,1.0145,74.6,2,2,4,1,0.2,0,0,2,2,4,2,
O=C(O)C(Cl)(Cl)Cl,0.001,O=C(O)C(Cl)(Cl)Cl,163.387,1.4412,37.3,1,1,0,0,0.5,0,0,1,1,2,1,
O=C(O)C(Cl)Cl,1.3250000000000002,O=C(O)C(Cl)Cl,128.942,0.8747,37.3,1,1,1,0,0.5,0,0,1,1,2,1,
O=C(O)C(F)(F)Cl,0.46,O=C(O)C(F)(F)Cl,130.477,0.9026,37.3,1,1,1,0,0.5,0,0,1,1,2,1,
O=C(O)C(F)(F)F,0.52,O=C(O)C(F)(F)F,114.022,0.6333,37.3,1,1,0,0,0.5,0,0,1,1,2,1,
O=C(O)C(F)F,1.235,O=C(O)C(F)F,96.032,0.3361,37.3,1,1,1,0,0.5,0,0,1,1,2,1,
O=C(O)C(O)(CO)CO,3.29,O=C(O)C(O)(CO)CO,136.103,-2.2133,97.99,4,4,3,0,0.75,0,0,1,1,2,1,
O=C(O)C(O)(O)C(O)(O)C(=O)O,1.95,O=C(O)C(O)(O)C(O)(O)C(=O)O,182.084,-3.4826,155.52,6,6,3,0,0.5,0,0,2,2,4,2,
O=C(O)C(O)=C(O)C(=O)O,1.57,O=C(O)C(O)=C(O)C(=O)O,148.07,-0.5168,115.06,4,4,2,0,0.0,0,0,2,2,4,2,
O=C(O)C(O)C(=O)O,2.37,O=C(O)C(O)C(=O)O,120.06,-1.4835,94.83,3,3,2,0,0.333333,0,0,2,2,4,2,
O=C(O)C(O)C(O)C(=O)O,2.6,O=C(O)C(O)C(O)C(=O)O,150.086,-2.1226,115.06,4,4,3,0,0.5,0,0,2,2,4,2,
O=C(O)C(O)C(O)C(O)C(=O)O,3.29,O=C(O)C(O)C(O)C(O)C(=O)O,180.112,-2.7617,135.29,5,5,4,0,0.6,0,0,2,2,4,2,
O=C(O)C(O)CC([N+](=O)[O-])([N+](=O)[O-])[N+](=O)[O-],3.05,O=C(O)C(O)CC([N+](=O)[O-])([N+](=O)[O-])[N+](=O)[O-],239.096,-1.6941,186.95,8,2,6,0,0.75,0,0,1,1,2,1,
O=C(O)C(O)c1ccc(Br)cc1,3.15,O=C(O)C(O)c1ccc(Br)cc1,231.045,1.5671,57.53,2,2,2,1,0.125,0,0,1,1,2,1,
O=C(O)C(O)c1ccc(Cl)cc1,3.15,O=C(O)C(O)c1ccc(Cl)cc1,186.594,1.458,57.53,2,2,2,1,0.125,0,0,1,1,2,1,
O=C(O)C(O)c1ccc(F)cc1,3.19,O=C(O)C(O)c1ccc(F)cc1,170.139,0.9437,57.53,2,2,2,1,0.125,0,0,1,1,2,1,
O=C(O)C(O)c1ccc(I)cc1,3.14,O=C(O)C(O)c1ccc(I)cc1,278.045,1.4092,57.53,2,2,2,1,0.125,0,0,1,1,2,1,
O=C(O)C(O)c1ccccc1,3.165,O=C(O)C(O)c1ccccc1,152.149,0.8046,57.53,2,2,2,1,0.125,0,0,1,1,2,1,
O=C(O)C(O)c1ccccc1Br,3.32,O=C(O)C(O)c1ccccc1Br,231.045,1.5671,57.53,2,2,2,1,0.125,0,0,1,1,2,1,
O=C(O)C(O)c1ccccc1Cl,3.31,O=C(O)C(O)c1ccccc1Cl,186.594,1.458,57.53,2,2,2,1,0.125,0,0,1,1,2,1,
O=C(O)C(O)c1ccccc1F,3.3,O=C(O)C(O)c1ccccc1F,170.139,0.9437,57.53,2,2,2,1,0.125,0,0,1,1,2,1,
O=C(O)C(S)C(S)C(=O)O,2.71,O=C(O)C(S)C(S)C(=O)O,182.222,-0.2476,74.6,4,4,3,0,0.5,0,0,2,2,4,2,
O=C(O)C(SC(C(=O)O)c1ccccc1)c1ccccc1,2.61,O=C(O)C(SC(C(=O)O)c1ccccc1)c1ccccc1,302.351,3.3714,74.6,3,2,6,2,0.125,0,0,2,2,4,2,
O=C(O)C1(O)CC(O)C(O)C(O)C1,3.54,O=C(O)C1(O)CC(O)C(O)C(O)C1,192.167,-2.3214,118.22,5,5,1,0,0.857143,0,0,1,1,2,1,
O=C(O)C1(O)CCCC1,4.0016,O=C(O)C1(O)CCCC1,130.143,0.3761,57.53,2,2,1,0,0.833333,0,0,1,1,2,1,
O=C(O)C1(O)CCCCC1,4.013666666666667,O=C(O)C1(O)CCCCC1,144.17,0.7662,57.53,2,2,1,0,0.857143,0,0,1,1,2,1,
O=C(O)C1(O)CCCCCC1,4.063,O=C(O)C1(O)CCCCCC1,158.197,1.1563,57.53,2,2,1,0,0.875,0,0,1,1,2,1,
O=C(O)C12CC(C1)C2,4.09,O=C(O)C12CC(C1)C2,112.128,0.8711,37.3,1,1,1,0,0.833333,0,0,1,1,2,1,
O=C(O)C12CCC(Br)(CC1)C2,4.356,O=C(O)C12CCC(Br)(CC1)C2,219.078,2.1688,37.3,1,1,1,0,0.875,0,0,1,1,2,1,
O=C(O)C12CCC(Br)(CC1)CC2,4.619,O=C(O)C12CCC(Br)(CC1)CC2,233.105,2.5589,37.3,1,1,1,0,0.888889,0,0,1,1,2,1,
O=C(O)C12CCC(C(=O)O)(CC1)C2,4.197,O=C(O)C12CCC(C(=O)O)(CC1)C2,184.191,1.1061,74.6,2,2,2,0,0.777778,0,0,2,2,4,2,
O=C(O)C12CCC(C(=O)O)(CC1)CC2,4.468,O=C(O)C12CCC(C(=O)O)(CC1)CC2,198.218,1.4962,74.6,2,2,2,0,0.8,0,0,2,2,4,2,
O=C(O)C12CCC(C1)C2,4.46,O=C(O)C12CCC(C1)C2,126.155,1.2612,37.3,1,1,1,0,0.857143,0,0,1,1,2,1,
O=C(O)C12CCC(CC1)C2,4.883,O=C(O)C12CCC(CC1)C2,140.182,1.6513,37.3,1,1,1,0,0.875,0,0,1,1,2,1,
O=C(O)C12CCC(CC1)CC2,5.084,O=C(O)C12CCC(CC1)CC2,154.209,2.0414,37.3,1,1,1,0,0.888889,0,0,1,1,2,1,
O=C(O)C1=C(C(=O)O)C2C=CC1C2,1.32,O=C(O)C1=C(C(=O)O)C2C=CC1C2,180.159,0.6581,74.6,2,2,2,0,0.333333,0,0,2,2,4,2,
O=C(O)C1=C(C(=O)O)C2CCC1C2,1.32,O=C(O)C1=C(C(=O)O)C2CCC1C2,182.175,0.8821,74.6,2,2,2,0,0.555556,0,0,2,2,4,2,
O=C(O)C1=C(C(=O)O)CC1,1.12,O=C(O)C1=C(C(=O)O)CC1,142.11,0.246,74.6,2,2,2,0,0.333333,0,0,2,2,4,2,
O=C(O)C1=C(C(=O)O)CCC1,1.64,O=C(O)C1=C(C(=O)O)CCC1,156.137,0.6361,74.6,2,2,2,0,0.428571,0,0,2,2,4,2,
O=C(O)C1C(C(=O)O)C1(c1ccccc1)c1ccccc1,2.3666666666666667,O=C(O)C1C(C(=O)O)C1(c1ccccc1)c1ccccc1,282.295,2.3879,74.6,2,2,4,2,0.176471,0,0,2,2,4,2,
O=C(O)C1C(C(=O)O)C12c1ccccc1-c1ccccc12,3.21,O=C(O)C1C(C(=O)O)C12c1ccccc1-c1ccccc12,280.279,2.3683,74.6,2,2,2,2,0.176471,0,0,2,2,4,2,
O=C(O)C1C2C=CC(C2)C1C(=O)O,3.97,O=C(O)C1C2C=CC(C2)C1C(=O)O,182.175,0.5939,74.6,2,2,2,0,0.555556,0,0,2,2,4,2,
O=C(O)C1C2CCC(C2)C1C(=O)O,4.02,O=C(O)C1C2CCC(C2)C1C(=O)O,184.191,0.8179,74.6,2,2,2,0,0.777778,0,0,2,2,4,2,
O=C(O)C1C2CCC(CC2)C1C(=O)O,4.26,O=C(O)C1C2CCC(CC2)C1C(=O)O,198.218,1.208,74.6,2,2,2,0,0.8,0,0,2,2,4,2,
O=C(O)C1C2CCC(O2)C1C(=O)O,3.46,O=C(O)C1C2CCC(O2)C1C(=O)O,186.163,-0.0508,83.83,3,2,2,0,0.75,0,0,2,2,4,2,
O=C(O)C1CC(O)C(O)C(O)C1,4.32,O=C(O)C1CC(O)C(O)C(O)C1,176.168,-1.4363,97.99,4,4,1,0,0.857143,0,0,1,1,2,1,
O=C(O)C1CC2C=CC1(C(=O)O)CC2,3.85,O=C(O)C1CC2C=CC1(C(=O)O)CC2,196.202,1.1281,74.6,2,2,2,0,0.6,0,0,2,2,4,2,
O=C(O)C1CCCC(C(=O)O)N1,10.12,O=C(O)C1CCCC(C(=O)O)N1,173.168,-0.3337,86.63,3,3,2,0,0.714286,0,0,2,2,4,2,
O=C(O)C1CCCCC1,4.895,O=C(O)C1CCCCC1,128.171,1.6513,37.3,1,1,1,0,0.857143,0,0,1,1,2,1,
O=C(O)C1CCCCC1O,4.0,O=C(O)C1CCCCC1O,144.17,0.6221,57.53,2,2,1,0,0.857143,0,0,1,1,2,1,
O=C(O)C1CSCN1,6.08,O=C(O)C1CSCN1,133.172,-0.2665,49.33,3,2,1,0,0.75,0,0,1,1,2,1,
O=C(O)C=C(Cl)c1ccccc1,3.56,O=C(O)C=C(Cl)c1ccccc1,182.606,2.3509,37.3,1,1,2,1,0.0,0,0,1,1,2,1,
O=C(O)C=C=Cc1ccccc1,3.7,O=C(O)C=C=Cc1ccccc1,160.172,1.9395,37.3,1,1,2,1,0.0,0,0,1,1,2,1,
O=C(O)C=Cc1ccc(O)c(O)c1,4.555,O=C(O)C=Cc1ccc(O)c(O)c1,180.159,1.1956,77.76,3,3,2,1,0.0,0,0,1,1,2,1,
O=C(O)CBr,3.093666666666666,O=C(O)CBr,138.948,0.4659,37.3,1,1,1,0,0.5,0,0,1,1,2,1,
O=C(O)CC#Cc1ccccc1,3.44,O=C(O)CC#Cc1ccccc1,160.172,1.5128,37.3,1,1,1,1,0.1,0,0,1,1,2,1,
O=C(O)CC(=O)C(=O)O,2.22,O=C(O)CC(=O)C(=O)O,132.071,-0.8852,91.67,3,2,3,0,0.25,0,0,2,2,4,2,
O=C(O)CC(=O)O,2.959142857142857,O=C(O)CC(=O)O,104.061,-0.4543,74.6,2,2,2,0,0.333333,0,0,2,2,4,2,
O=C(O)CC(C(=O)O)C(O)C(=O)O,3.287,O=C(O)CC(C(=O)O)C(O)C(=O)O,192.123,-1.3926,132.13,4,4,5,0,0.5,0,0,3,3,6,3,
O=C(O)CC(CC(=O)O)(c1ccccc1)c1ccccc1,4.02,O=C(O)CC(CC(=O)O)(c1ccccc1)c1ccccc1,284.311,2.9221,74.6,2,2,6,2,0.176471,0,0,2,2,4,2,
O=C(O)CC(CC(=O)O)c1ccccc1,4.28,O=C(O)CC(CC(=O)O)c1ccccc1,208.213,1.7196,74.6,2,2,5,1,0.272727,0,0,2,2,4,2,
O=C(O)CC(CC([N+](=O)[O-])([N+](=O)[O-])[N+](=O)[O-])C(=O)O,3.03,O=C(O)CC(CC([N+](=O)[O-])([N+](=O)[O-])[N+](=O)[O-])C(=O)O,281.133,-0.9641,204.02,8,2,8,0,0.666667,0,0,2,2,4,2,
O=C(O)CC(NCc1ccccc1)C(=O)O,3.34,O=C(O)CC(NCc1ccccc1)C(=O)O,223.228,0.7041,86.63,3,3,6,1,0.272727,0,0,2,2,4,2,
O=C(O)CC(O)(CC(=O)O)C(=O)O,3.035,O=C(O)CC(O)(CC(=O)O)C(=O)O,192.123,-1.2485,132.13,4,4,5,0,0.5,0,0,3,3,6,3,
O=C(O)CC(O)C(=O)O,3.22725,O=C(O)CC(O)C(=O)O,134.087,-1.0934,94.83,3,3,3,0,0.5,0,0,2,2,4,2,
O=C(O)CC(S)C(=O)O,2.8475,O=C(O)CC(S)C(=O)O,150.155,-0.1559,74.6,3,3,3,0,0.5,0,0,2,2,4,2,
O=C(O)CCBr,4.04,O=C(O)CCBr,152.975,0.856,37.3,1,1,2,0,0.666667,0,0,1,1,2,1,
O=C(O)CCC(=O)O,4.2738,O=C(O)CCC(=O)O,118.088,-0.0642,74.6,2,2,3,0,0.5,0,0,2,2,4,2,
O=C(O)CCC(CCC(=O)O)C(=O)O,3.99,O=C(O)CCC(CCC(=O)O)C(=O)O,204.178,0.4168,111.9,3,3,7,0,0.625,0,0,3,3,6,3,
O=C(O)CCC([N+](=O)[O-])([N+](=O)[O-])[N+](=O)[O-],3.64,O=C(O)CCC([N+](=O)[O-])([N+](=O)[O-])[N+](=O)[O-],223.097,-0.6649,166.72,7,1,6,0,0.75,0,0,1,1,2,1,
O=C(O)CCCC(=O)O,4.25,O=C(O)CCCC(=O)O,132.115,0.3259,74.6,2,2,4,0,0.6,0,0,2,2,4,2,
O=C(O)CCCCC(=O)O,4.386666666666667,O=C(O)CCCCC(=O)O,146.142,0.716,74.6,2,2,5,0,0.666667,0,0,2,2,4,2,
O=C(O)CCCCCC(=O)O,4.484999999999999,O=C(O)CCCCCC(=O)O,160.169,1.1061,74.6,2,2,6,0,0.714286,0,0,2,2,4,2,
O=C(O)CCCCCCC(=O)O,4.53,O=C(O)CCCCCCC(=O)O,174.196,1.4962,74.6,2,2,7,0,0.75,0,0,2,2,4,2,
O=C(O)CCCCCCCC(=O)O,4.56,O=C(O)CCCCCCCC(=O)O,188.223,1.8863,74.6,2,2,8,0,0.777778,0,0,2,2,4,2,
O=C(O)CCCCCCCCC(=O)O,4.49,O=C(O)CCCCCCCCC(=O)O,202.25,2.2764,74.6,2,2,9,0,0.8,0,0,2,2,4,2,
O=C(O)CCCl,4.005,O=C(O)CCCl,108.524,0.6999,37.3,1,1,2,0,0.666667,0,0,1,1,2,1,
O=C(O)CCN(CC(=O)O)CC(=O)O,3.71,O=C(O)CCN(CC(=O)O)CC(=O)O,205.166,-1.0677,115.14,4,3,7,0,0.571429,0,0,3,3,6,3,
O=C(O)CCN(CC(=O)O)CP(=O)(O)O,2.72,O=C(O)CCN(CC(=O)O)CP(=O)(O)O,241.136,-1.0171,135.37,4,4,7,0,0.666667,0,0,2,2,4,2,
O=C(O)CCN(F)F,3.74,O=C(O)CCN(F)F,125.074,0.5321,40.54,2,1,3,0,0.666667,0,0,1,1,2,1,
O=C(O)CCNC(=S)C(=S)NCCC(=O)O,3.76,O=C(O)CCNC(=S)C(=S)NCCC(=O)O,264.328,-0.2302,98.66,4,4,6,0,0.5,0,0,2,2,4,2,
O=C(O)CCOc1ccccc1,4.32,O=C(O)CCOc1ccccc1,166.176,1.5401,46.53,2,1,4,1,0.222222,0,0,1,1,2,1,
O=C(O)CCP(CCC(=O)O)CCC(=O)O,3.81,O=C(O)CCP(CCC(=O)O)CCC(=O)O,250.187,0.8924,111.9,3,3,9,0,0.666667,0,0,3,3,6,3,
O=C(O)CCS,4.38,O=C(O)CCS,106.146,0.3909,37.3,2,2,2,0,0.666667,0,0,1,1,2,1,
O=C(O)CCSCCC(=O)O,3.84,O=C(O)CCSCCC(=O)O,178.209,0.669,74.6,3,2,6,0,0.666667,0,0,2,2,4,2,
O=C(O)CCc1ccc(Cl)cc1,4.66,O=C(O)CCc1ccc(Cl)cc1,184.622,2.3572,37.3,1,1,3,1,0.222222,0,0,1,1,2,1,
O=C(O)CCc1ccc([N+](=O)[O-])cc1,4.54,O=C(O)CCc1ccc([N+](=O)[O-])cc1,195.174,1.612,80.44,3,1,4,1,0.222222,0,0,1,1,2,1,
O=C(O)CCc1cccc([N+](=O)[O-])c1,4.53,O=C(O)CCc1cccc([N+](=O)[O-])c1,195.174,1.612,80.44,3,1,4,1,0.222222,0,0,1,1,2,1,
O=C(O)CCc1ccccc1,4.688,O=C(O)CCc1ccccc1,150.177,1.7038,37.3,1,1,3,1,0.222222,0,0,1,1,2,1,
O=C(O)CCc1ccccc1Br,4.58,O=C(O)CCc1ccccc1Br,229.073,2.4663,37.3,1,1,3,1,0.222222,0,0,1,1,2,1,
O=C(O)CCc1ccccc1F,4.6,O=C(O)CCc1ccccc1F,168.167,1.8429,37.3,1,1,3,1,0.222222,0,0,1,1,2,1,
O=C(O)CCc1ccccc1O,4.75,O=C(O)CCc1ccccc1O,166.176,1.4094,57.53,2,2,3,1,0.222222,0,0,1,1,2,1,
O=C(O)CCc1ncc[nH]1,7.56,O=C(O)CCc1ncc[nH]1,140.142,0.4269,65.98,2,2,3,1,0.333333,0,0,1,1,2,1,
O=C(O)CCl,2.934,O=C(O)CCl,94.497,0.3098,37.3,1,1,1,0,0.5,0,0,1,1,2,1,
O=C(O)CF,2.8113333333333337,O=C(O)CF,78.042,0.0405,37.3,1,1,1,0,0.5,0,0,1,1,2,1,
O=C(O)CI,3.324666666666667,O=C(O)CI,185.948,0.506,37.3,1,1,1,0,0.5,0,0,1,1,2,1,
O=C(O)CN(CC(=O)O)C1CCCCC1,2.22,O=C(O)CN(CC(=O)O)C1CCCCC1,215.249,0.7903,77.84,3,2,5,0,0.8,0,0,2,2,4,2,
O=C(O)CN(CC(=O)O)CC(=O)Nc1ccc(Br)cc1,2.2,O=C(O)CN(CC(=O)O)CC(=O)Nc1ccc(Br)cc1,345.149,0.8588,106.94,4,3,7,1,0.25,0,0,2,2,4,2,
O=C(O)CN(CC(=O)O)CC(=O)c1ccccc1,1.875,O=C(O)CN(CC(=O)O)CC(=O)c1ccccc1,251.238,0.3405,94.91,4,2,7,1,0.25,0,0,2,2,4,2,
O=C(O)CN(CC(=O)O)CC(=O)c1cccs1,7.46,O=C(O)CN(CC(=O)O)CC(=O)c1cccs1,257.267,0.402,94.91,5,2,7,1,0.3,0,0,2,2,4,2,
O=C(O)CN(CC(=O)O)Cc1ccc([N+](=O)[O-])cc1,7.65,O=C(O)CN(CC(=O)O)Cc1ccc([N+](=O)[O-])cc1,268.225,0.566,120.98,5,2,7,1,0.272727,0,0,2,2,4,2,
O=C(O)CN(CC(=O)O)Cc1ccccc1,2.2375,O=C(O)CN(CC(=O)O)Cc1ccccc1,223.228,0.6578,77.84,3,2,6,1,0.272727,0,0,2,2,4,2,
O=C(O)CN(CC(=O)O)Cc1ccccc1[N+](=O)[O-],8.29,O=C(O)CN(CC(=O)O)Cc1ccccc1[N+](=O)[O-],268.225,0.566,120.98,5,2,7,1,0.272727,0,0,2,2,4,2,
O=C(O)CN(CC(=O)O)Cc1ccccn1,8.215,O=C(O)CN(CC(=O)O)Cc1ccccn1,224.216,0.0528,90.73,4,2,6,1,0.3,0,0,2,2,4,2,
O=C(O)CN(CC(=O)O)c1cc(C(=O)O)c(O)cc1C(=O)O,1.61,O=C(O)CN(CC(=O)O)c1cc(C(=O)O)c(O)cc1C(=O)O,313.218,-0.2358,172.67,6,5,7,1,0.166667,0,0,4,4,8,4,
O=C(O)CN(CC(=O)O)c1ccc(N(CC(=O)O)CC(=O)O)cc1,2.1,O=C(O)CN(CC(=O)O)c1ccc(N(CC(=O)O)CC(=O)O)cc1,340.288,-0.3622,155.68,6,4,10,1,0.285714,0,0,4,4,8,4,
O=C(O)CN(CCCCCCN(CC(=O)O)CC(=O)O)CC(=O)O,2.41,O=C(O)CN(CCCCCCN(CC(=O)O)CC(=O)O)CC(=O)O,348.352,-0.5108,155.68,6,4,15,0,0.714286,0,0,4,4,8,4,
O=C(O)CN(CCN(CC(=O)O)CC(=O)O)CC(=O)O,2.6500000000000004,O=C(O)CN(CCN(CC(=O)O)CC(=O)O)CC(=O)O,292.244,-2.0712,155.68,6,4,11,0,0.6,0,0,4,4,8,4,
O=C(O)CN(CCN(CC(=O)O)Cc1ccccn1)Cc1ccccn1,5.63,O=C(O)CN(CCN(CC(=O)O)Cc1ccccn1)Cc1ccccn1,358.398,0.95,106.86,6,2,11,2,0.333333,0,0,2,2,4,2,
O=C(O)CN(CCO)CC(=O)O,8.7075,O=C(O)CN(CCO)CC(=O)O,177.156,-1.5501,98.07,4,3,6,0,0.666667,0,0,2,2,4,2,
O=C(O)CN(CCO)CCO,8.237566666666666,O=C(O)CN(CCO)CCO,163.173,-1.6424,81.0,4,3,6,0,0.833333,0,0,1,1,2,1,
O=C(O)CN(CCOc1ccccc1)CC(=O)O,8.49,O=C(O)CN(CCOc1ccccc1)CC(=O)O,253.254,0.5366,87.07,4,2,8,1,0.333333,0,0,2,2,4,2,
O=C(O)CN(CP(=O)(O)O)CP(=O)(O)O,2.0,O=C(O)CN(CP(=O)(O)O)CP(=O)(O)O,263.079,-1.3566,155.6,4,5,6,0,0.75,0,0,1,1,2,1,
O=C(O)CN1C(C(=O)O)CCCC1C(=O)O,2.71,O=C(O)CN1C(C(=O)O)CCCC1C(=O)O,231.204,-0.5367,115.14,4,3,4,0,0.666667,0,0,3,3,6,3,
O=C(O)CN1CCCCC1,10.2,O=C(O)CN1CCCCC1,143.186,0.5569,40.54,2,1,2,0,0.857143,0,0,1,1,2,1,
O=C(O)CN1CCOCC1,7.53,O=C(O)CN1CCOCC1,145.158,-0.5968,49.77,3,1,2,0,0.833333,0,0,1,1,2,1,
O=C(O)CNC(=O)c1ccccc1O,3.41,O=C(O)CNC(=O)c1ccccc1O,195.174,0.2066,86.63,3,3,3,1,0.111111,0,0,1,1,2,1,
O=C(O)CNCC(=O)O,9.46,O=C(O)CNCC(=O)O,133.103,-1.2548,86.63,3,3,4,0,0.5,0,0,2,2,4,2,
O=C(O)CNCCNCC(=O)O,6.483333333333333,O=C(O)CNCCNCC(=O)O,176.172,-1.6652,98.66,4,4,7,0,0.666667,0,0,2,2,4,2,
O=C(O)CNc1ccc(Cl)cc1,4.04,O=C(O)CNc1ccc(Cl)cc1,185.61,1.8365,49.33,2,2,3,1,0.125,0,0,1,1,2,1,
O=C(O)CNc1cccc(Cl)c1,3.93,O=C(O)CNc1cccc(Cl)c1,185.61,1.8365,49.33,2,2,3,1,0.125,0,0,1,1,2,1,
O=C(O)CNc1cccc([N+](=O)[O-])c1,3.752,O=C(O)CNc1cccc([N+](=O)[O-])c1,196.162,1.0913,92.47,4,2,4,1,0.125,0,0,1,1,2,1,
O=C(O)CNc1ccccc1,4.39,O=C(O)CNc1ccccc1,151.165,1.1831,49.33,2,2,3,1,0.125,0,0,1,1,2,1,
O=C(O)CO,3.995,O=C(O)CO,76.051,-0.9367,57.53,2,2,1,0,0.5,0,0,1,1,2,1,
O=C(O)COC(C(=O)O)c1ccccc1,2.87,O=C(O)COC(C(=O)O)c1ccccc1,210.185,0.9135,83.83,3,2,5,1,0.2,0,0,2,2,4,2,
O=C(O)COc1cc(Cl)c(Cl)cc1Cl,2.833,O=C(O)COc1cc(Cl)c(Cl)cc1Cl,255.484,3.1102,46.53,2,1,3,1,0.125,0,0,1,1,2,1,
O=C(O)COc1ccc(Cl)cc1,3.009,O=C(O)COc1ccc(Cl)cc1,186.594,1.8034,46.53,2,1,3,1,0.125,0,0,1,1,2,1,
O=C(O)COc1ccc(Cl)cc1Cl,2.9130000000000003,O=C(O)COc1ccc(Cl)cc1Cl,221.039,2.4568,46.53,2,1,3,1,0.125,0,0,1,1,2,1,
O=C(O)COc1ccc([N+](=O)[O-])cc1,2.81,O=C(O)COc1ccc([N+](=O)[O-])cc1,197.146,1.0582,89.67,4,1,4,1,0.125,0,0,1,1,2,1,
O=C(O)COc1cccc(Br)c1,3.04,O=C(O)COc1cccc(Br)c1,231.045,1.9125,46.53,2,1,3,1,0.125,0,0,1,1,2,1,
O=C(O)COc1cccc(Cl)c1,3.04,O=C(O)COc1cccc(Cl)c1,186.594,1.8034,46.53,2,1,3,1,0.125,0,0,1,1,2,1,
O=C(O)COc1cccc([N+](=O)[O-])c1,2.91,O=C(O)COc1cccc([N+](=O)[O-])c1,197.146,1.0582,89.67,4,1,4,1,0.125,0,0,1,1,2,1,
O=C(O)COc1ccccc1,3.090666666666667,O=C(O)COc1ccccc1,152.149,1.15,46.53,2,1,3,1,0.125,0,0,1,1,2,1,
O=C(O)COc1ccccc1C(=O)O,2.51,O=C(O)COc1ccccc1C(=O)O,196.158,0.8482,83.83,3,2,4,1,0.111111,0,0,2,2,4,2,
O=C(O)COc1ccccc1O,3.02,O=C(O)COc1ccccc1O,168.148,0.8556,66.76,3,2,3,1,0.125,0,0,1,1,2,1,
O=C(O)COc1ccccc1OCC(=O)O,2.4,O=C(O)COc1ccccc1OCC(=O)O,226.184,0.6134,93.06,4,2,6,1,0.2,0,0,2,2,4,2,
O=C(O)CP(=O)(c1ccccc1)c1ccccc1,3.62,O=C(O)CP(=O)(c1ccccc1)c1ccccc1,260.229,2.0851,54.37,2,1,4,2,0.071429,0,0,1,1,2,1,
O=C(O)CS,3.557,O=C(O)CS,92.119,0.0008,37.3,2,2,1,0,0.5,0,0,1,1,2,1,
O=C(O)CS(=O)(=O)C(F)(F)F,1.88,O=C(O)CS(=O)(=O)C(F)(F)F,192.114,0.0056,71.44,3,1,2,0,0.666667,0,0,1,1,2,1,
O=C(O)CS(=O)(=O)c1ccc(Br)cc1,2.519,O=C(O)CS(=O)(=O)c1ccc(Br)cc1,279.111,1.3074,71.44,3,1,3,1,0.125,0,0,1,1,2,1,
O=C(O)CS(=O)(=O)c1ccc(Cl)cc1,2.424,O=C(O)CS(=O)(=O)c1ccc(Cl)cc1,234.66,1.1983,71.44,3,1,3,1,0.125,0,0,1,1,2,1,
O=C(O)CS(=O)(=O)c1ccc(F)cc1,2.479,O=C(O)CS(=O)(=O)c1ccc(F)cc1,218.205,0.684,71.44,3,1,3,1,0.125,0,0,1,1,2,1,
O=C(O)CS(=O)(=O)c1ccc([N+](=O)[O-])cc1,2.33,O=C(O)CS(=O)(=O)c1ccc([N+](=O)[O-])cc1,245.212,0.4531,114.58,5,1,4,1,0.125,0,0,1,1,2,1,
O=C(O)CS(=O)(=O)c1cccc(Br)c1,2.523,O=C(O)CS(=O)(=O)c1cccc(Br)c1,279.111,1.3074,71.44,3,1,3,1,0.125,0,0,1,1,2,1,
O=C(O)CS(=O)(=O)c1cccc(Cl)c1,2.454,O=C(O)CS(=O)(=O)c1cccc(Cl)c1,234.66,1.1983,71.44,3,1,3,1,0.125,0,0,1,1,2,1,
O=C(O)CS(=O)(=O)c1cccc(F)c1,2.432,O=C(O)CS(=O)(=O)c1cccc(F)c1,218.205,0.684,71.44,3,1,3,1,0.125,0,0,1,1,2,1,
O=C(O)CS(=O)(=O)c1cccc([N+](=O)[O-])c1,2.362,O=C(O)CS(=O)(=O)c1cccc([N+](=O)[O-])c1,245.212,0.4531,114.58,5,1,4,1,0.125,0,0,1,1,2,1,
O=C(O)CS(=O)(=O)c1ccccc1,2.513,O=C(O)CS(=O)(=O)c1ccccc1,200.215,0.5449,71.44,3,1,3,1,0.125,0,0,1,1,2,1,
O=C(O)CS(=O)C(F)(F)F,2.06,O=C(O)CS(=O)C(F)(F)F,176.115,0.3395,54.37,2,1,2,0,0.666667,0,0,1,1,2,1,
O=C(O)CS(=O)c1ccc(Br)cc1,2.657,O=C(O)CS(=O)c1ccc(Br)cc1,263.112,1.6413,54.37,2,1,3,1,0.125,0,0,1,1,2,1,
O=C(O)CS(=O)c1ccc(Cl)cc1,2.664,O=C(O)CS(=O)c1ccc(Cl)cc1,218.661,1.5322,54.37,2,1,3,1,0.125,0,0,1,1,2,1,
O=C(O)CS(=O)c1ccc(F)cc1,2.653,O=C(O)CS(=O)c1ccc(F)cc1,202.206,1.0179,54.37,2,1,3,1,0.125,0,0,1,1,2,1,
O=C(O)CS(=O)c1cccc(Br)c1,2.674,O=C(O)CS(=O)c1cccc(Br)c1,263.112,1.6413,54.37,2,1,3,1,0.125,0,0,1,1,2,1,
O=C(O)CS(=O)c1cccc(Cl)c1,2.663,O=C(O)CS(=O)c1cccc(Cl)c1,218.661,1.5322,54.37,2,1,3,1,0.125,0,0,1,1,2,1,
O=C(O)CS(=O)c1cccc(F)c1,2.675,O=C(O)CS(=O)c1cccc(F)c1,202.206,1.0179,54.37,2,1,3,1,0.125,0,0,1,1,2,1,
O=C(O)CS(=O)c1ccccc1,2.732,O=C(O)CS(=O)c1ccccc1,184.216,0.8788,54.37,2,1,3,1,0.125,0,0,1,1,2,1,
O=C(O)CSC(C(=O)O)c1ccccc1,2.98,O=C(O)CSC(C(=O)O)c1ccccc1,226.253,1.6301,74.6,3,2,5,1,0.2,0,0,2,2,4,2,
O=C(O)CSC(F)(F)F,2.95,O=C(O)CSC(F)(F)F,160.116,1.324,37.3,2,1,2,0,0.666667,0,0,1,1,2,1,
O=C(O)CSC(SCC(=O)O)C(SCC(=O)O)SCC(=O)O,2.89,O=C(O)CSC(SCC(=O)O)C(SCC(=O)O)SCC(=O)O,390.482,0.9098,149.2,8,4,13,0,0.6,0,0,4,4,8,4,
O=C(O)CSC(SCC(=O)O)c1ccccc1,3.09,O=C(O)CSC(SCC(=O)O)c1ccccc1,272.347,2.3208,74.6,4,2,7,1,0.272727,0,0,2,2,4,2,
O=C(O)CSCC(=O)O,3.1950000000000003,O=C(O)CSCC(=O)O,150.155,-0.1112,74.6,3,2,4,0,0.5,0,0,2,2,4,2,
O=C(O)CSCCSCC(=O)O,3.175,O=C(O)CSCCSCC(=O)O,210.276,0.622,74.6,4,2,7,0,0.666667,0,0,2,2,4,2,
O=C(O)CSCc1ccccc1,3.708,O=C(O)CSCc1ccccc1,182.244,2.0044,37.3,2,1,4,1,0.222222,0,0,1,1,2,1,
O=C(O)CSSCC(=O)O,3.06,O=C(O)CSSCC(=O)O,182.222,0.537,74.6,4,2,5,0,0.5,0,0,2,2,4,2,
O=C(O)CSc1ccc(Br)cc1,3.54,O=C(O)CSc1ccc(Br)cc1,247.113,2.6258,37.3,2,1,3,1,0.125,0,0,1,1,2,1,
O=C(O)CSc1ccc(Cl)cc1,3.53,O=C(O)CSc1ccc(Cl)cc1,202.662,2.5167,37.3,2,1,3,1,0.125,0,0,1,1,2,1,
O=C(O)CSc1ccc(F)cc1,3.584,O=C(O)CSc1ccc(F)cc1,186.207,2.0024,37.3,2,1,3,1,0.125,0,0,1,1,2,1,
O=C(O)CSc1ccc([N+](=O)[O-])cc1,3.375,O=C(O)CSc1ccc([N+](=O)[O-])cc1,213.214,1.7715,80.44,4,1,4,1,0.125,0,0,1,1,2,1,
O=C(O)CSc1cccc(Br)c1,3.53,O=C(O)CSc1cccc(Br)c1,247.113,2.6258,37.3,2,1,3,1,0.125,0,0,1,1,2,1,
O=C(O)CSc1cccc(Cl)c1,3.6,O=C(O)CSc1cccc(Cl)c1,202.662,2.5167,37.3,2,1,3,1,0.125,0,0,1,1,2,1,
O=C(O)CSc1cccc(F)c1,3.513,O=C(O)CSc1cccc(F)c1,186.207,2.0024,37.3,2,1,3,1,0.125,0,0,1,1,2,1,
O=C(O)CSc1cccc([N+](=O)[O-])c1,3.4,O=C(O)CSc1cccc([N+](=O)[O-])c1,213.214,1.7715,80.44,4,1,4,1,0.125,0,0,1,1,2,1,
O=C(O)CSc1ccccc1,3.4690000000000003,O=C(O)CSc1ccccc1,168.217,1.8633,37.3,2,1,3,1,0.125,0,0,1,1,2,1,
O=C(O)CSc1ccccc1C(=O)O,2.93,O=C(O)CSc1ccccc1C(=O)O,212.226,1.5615,74.6,3,2,4,1,0.111111,0,0,2,2,4,2,
O=C(O)C[As](CC(=O)O)c1ccccc1,3.61,O=C(O)C[As](CC(=O)O)c1ccccc1,270.116,0.5576,74.6,2,2,5,1,0.2,0,0,2,2,4,2,
O=C(O)C[C@H](NO)C(=O)O,3.51,O=C(O)C[C@H](NO)C(=O)O,149.102,-1.1069,106.86,4,4,4,0,0.5,0,0,2,2,4,2,
O=C(O)C[N+]([O-])(CC(=O)O)CC(=O)O,,O=C(O)C[N+]([O-])(CC(=O)O)CC(=O)O,207.138,-1.4452,134.96,4,3,6,0,0.5,0,0,3,3,6,3,
O=C(O)C[P+](c1ccccc1)(c1ccccc1)c1ccccc1.[Cl-],1.77,O=C(O)C[P+](c1ccccc1)(c1ccccc1)c1ccccc1.[Cl-],356.789,0.0691,37.3,1,1,5,3,0.05,0,0,1,1,2,1,
O=C(O)C[SH](=O)(O)c1ccc([N+](=O)[O-])cc1,2.586,O=C(O)C[SH](=O)(O)c1ccc([N+](=O)[O-])cc1,247.228,0.528,117.74,4,3,4,1,0.125,0,0,1,1,2,1,
O=C(O)C[SH](=O)(O)c1cccc([N+](=O)[O-])c1,2.624,O=C(O)C[SH](=O)(O)c1cccc([N+](=O)[O-])c1,247.228,0.528,117.74,4,3,4,1,0.125,0,0,1,1,2,1,
O=C(O)C[Se]CC(=O)O,3.17,O=C(O)C[Se]CC(=O)O,197.048,-0.3036,74.6,2,2,4,0,0.5,0,0,2,2,4,2,
O=C(O)Cc1c[nH]cn1,7.43,O=C(O)Cc1c[nH]cn1,126.115,0.0368,65.98,2,2,2,1,0.2,0,0,1,1,2,1,
O=C(O)Cc1ccc(Cl)cc1,3.899,O=C(O)Cc1ccc(Cl)cc1,170.595,1.9671,37.3,1,1,2,1,0.125,0,0,1,1,2,1,
O=C(O)Cc1ccc(Cl)s1,3.89,O=C(O)Cc1ccc(Cl)s1,176.624,2.0286,37.3,2,1,2,1,0.166667,0,0,1,1,2,1,
O=C(O)Cc1ccc(F)cc1,3.9325,O=C(O)Cc1ccc(F)cc1,154.14,1.4528,37.3,1,1,2,1,0.125,0,0,1,1,2,1,
O=C(O)Cc1ccc([N+](=O)[O-])cc1,3.7142,O=C(O)Cc1ccc([N+](=O)[O-])cc1,181.147,1.2219,80.44,3,1,3,1,0.125,0,0,1,1,2,1,
O=C(O)Cc1ccc2ccccc2c1,4.3,O=C(O)Cc1ccc2ccccc2c1,186.21,2.4669,37.3,1,1,2,2,0.083333,0,0,1,1,2,1,
O=C(O)Cc1cccc(Cl)c1,3.836,O=C(O)Cc1cccc(Cl)c1,170.595,1.9671,37.3,1,1,2,1,0.125,0,0,1,1,2,1,
O=C(O)Cc1cccc(F)c1,3.8535,O=C(O)Cc1cccc(F)c1,154.14,1.4528,37.3,1,1,2,1,0.125,0,0,1,1,2,1,
O=C(O)Cc1cccc(O)c(=O)c1C(=O)O,3.75,O=C(O)Cc1cccc(O)c(=O)c1C(=O)O,224.168,0.0777,111.9,4,3,3,1,0.1,0,0,2,2,4,2,
O=C(O)Cc1cccc([N+](=O)[O-])c1,3.97,O=C(O)Cc1cccc([N+](=O)[O-])c1,181.147,1.2219,80.44,3,1,3,1,0.125,0,0,1,1,2,1,
O=C(O)Cc1cccc2ccccc12,4.23,O=C(O)Cc1cccc2ccccc12,186.21,2.4669,37.3,1,1,2,2,0.083333,0,0,1,1,2,1,
O=C(O)Cc1ccccc(O)c1=O,4.52,O=C(O)Cc1ccccc(O)c1=O,180.159,0.3795,74.6,3,2,2,1,0.111111,0,0,1,1,2,1,
O=C(O)Cc1ccccc1,4.227125,O=C(O)Cc1ccccc1,136.15,1.3137,37.3,1,1,2,1,0.125,0,0,1,1,2,1,
O=C(O)Cc1ccccn1,5.68,O=C(O)Cc1ccccn1,137.138,0.7087,50.19,2,1,2,1,0.142857,0,0,1,1,2,1,
O=C(O)Cc1cccs1,3.89,O=C(O)Cc1cccs1,142.179,1.3752,37.3,2,1,2,1,0.166667,0,0,1,1,2,1,
O=C(O)[C@@H](O)[C@H](O)[C@H](O)[C@@H](O)C(=O)O,3.08,O=C(O)[C@@H](O)[C@H](O)[C@H](O)[C@@H](O)C(=O)O,210.138,-3.4008,155.52,6,6,5,0,0.666667,0,0,2,2,4,2,
O=C(O)[C@@H]1CCCN1,10.64,O=C(O)[C@@H]1CCCN1,115.132,-0.177,49.33,2,2,1,0,0.8,0,0,1,1,2,1,
O=C(O)[GeH3],3.5,O=[C](O)[GeH3],120.651,-0.9702,37.3,1,1,0,0,0.0,0,0,1,1,2,1,
O=C(O)c1[nH]c(=O)[nH]c(=O)c1Br,2.38,O=C(O)c1[nH]c(=O)[nH]c(=O)c1Br,234.993,-0.4761,103.02,3,3,1,1,0.0,0,0,1,1,2,1,
O=C(O)c1[nH]c(=O)[nH]c(=O)c1[N+](=O)[O-],,O=C(O)c1[nH]c(=O)[nH]c(=O)c1[N+](=O)[O-],201.094,-1.3304,146.16,5,3,2,1,0.0,0,0,1,1,2,1,
O=C(O)c1c(C(=O)O)c(C(=O)O)c(C(=O)O)c(C(=O)O)c1C(=O)O,,O=C(O)c1c(C(=O)O)c(C(=O)O)c(C(=O)O)c(C(=O)O)c1C(=O)O,342.168,-0.1242,223.8,6,6,6,1,0.0,0,0,6,6,12,6,
O=C(O)c1c(Cl)cccc1Cl,1.707,O=C(O)c1c(Cl)cccc1Cl,191.013,2.6916,37.3,1,1,1,1,0.0,0,0,1,1,2,1,
O=C(O)c1c(F)c(F)c(-c2c(F)c(F)c(F)c(F)c2F)c(F)c1F,1.42,O=C(O)c1c(F)c(F)c(-c2c(F)c(F)c(F)c(F)c2F)c(F)c1F,360.131,4.3037,37.3,1,1,2,2,0.0,0,0,1,1,2,1,
O=C(O)c1c(F)c(F)c(Br)c(F)c1F,1.66,O=C(O)c1c(F)c(F)c(Br)c(F)c1F,272.979,2.7037,37.3,1,1,1,1,0.0,0,0,1,1,2,1,
O=C(O)c1c(F)c(F)c(C(F)(F)F)c(F)c1F,1.44,O=C(O)c1c(F)c(F)c(C(F)(F)F)c(F)c1F,262.08,2.96,37.3,1,1,1,1,0.125,0,0,1,1,2,1,
O=C(O)c1c(F)c(F)c(Cl)c(F)c1F,1.69,O=C(O)c1c(F)c(F)c(Cl)c(F)c1F,228.528,2.5946,37.3,1,1,1,1,0.0,0,0,1,1,2,1,
O=C(O)c1c(F)c(F)c(F)c(F)c1F,1.75,O=C(O)c1c(F)c(F)c(F)c(F)c1F,212.073,2.0803,37.3,1,1,1,1,0.0,0,0,1,1,2,1,
O=C(O)c1c(F)c(F)c(O)c(F)c1F,2.27,O=C(O)c1c(F)c(F)c(O)c(F)c1F,210.082,1.6468,57.53,2,2,1,1,0.0,0,0,1,1,2,1,
O=C(O)c1c(F)c(F)c(S)c(F)c1F,1.67,O=C(O)c1c(F)c(F)c(S)c(F)c1F,226.15,2.2299,37.3,2,2,1,1,0.0,0,0,1,1,2,1,
O=C(O)c1c(F)c(F)cc(F)c1F,1.87,O=C(O)c1c(F)c(F)cc(F)c1F,194.083,1.9412,37.3,1,1,1,1,0.0,0,0,1,1,2,1,
O=C(O)c1c(O)cccc1Cl,2.63,O=C(O)c1c(O)cccc1Cl,172.567,1.7438,57.53,2,2,1,1,0.0,0,0,1,1,2,1,
O=C(O)c1c(O)cccc1O,1.0605,O=C(O)c1c(O)cccc1O,154.121,0.796,77.76,3,3,1,1,0.0,0,0,1,1,2,1,
O=C(O)c1c(O)cccc1[N+](=O)[O-],2.24,O=C(O)c1c(O)cccc1[N+](=O)[O-],183.119,0.9986,100.67,4,2,2,1,0.0,0,0,1,1,2,1,
O=C(O)c1c[nH]c(=O)[nH]c1=O,4.16,O=C(O)c1c[nH]c(=O)[nH]c1=O,156.097,-1.2386,103.02,3,3,1,1,0.0,0,0,1,1,2,1,
O=C(O)c1c[nH]c2ccccc12,3.87,O=C(O)c1c[nH]c2ccccc12,161.16,1.8661,53.09,1,2,1,2,0.0,0,0,1,1,2,1,
O=C(O)c1c[nH]cn1,6.065,O=C(O)c1c[nH]cn1,112.088,0.1079,65.98,2,2,1,1,0.0,0,0,1,1,2,1,
O=C(O)c1c[nH]nn1,3.22,O=C(O)c1c[nH]nn1,113.076,-0.4971,78.87,3,2,1,1,0.0,0,0,1,1,2,1,
O=C(O)c1cc(=O)[nH]c(=O)[nH]1,1.935,O=C(O)c1cc(=O)[nH]c(=O)[nH]1,156.097,-1.2386,103.02,3,3,1,1,0.0,0,0,1,1,2,1,
O=C(O)c1cc(=O)c(O)co1,-2.34,O=C(O)c1cc(=O)c(O)co1,156.093,0.0436,87.74,4,2,1,1,0.0,0,0,1,1,2,1,
O=C(O)c1cc(=O)cc(-c2ccccc2)o1,1.51,O=C(O)c1cc(=O)cc(-c2ccccc2)o1,216.192,2.005,67.51,3,1,2,2,0.0,0,0,1,1,2,1,
O=C(O)c1cc(=O)cc(-c2ccccc2)s1,2.59,O=C(O)c1cc(=O)cc(-c2ccccc2)s1,232.26,2.4735,54.37,3,1,2,2,0.0,0,0,1,1,2,1,
O=C(O)c1cc(=O)cc(C(=O)O)[nH]1,,O=C(O)c1cc(=O)cc(C(=O)O)[nH]1,183.119,-0.2287,107.46,3,3,2,1,0.0,0,0,2,2,4,2,
O=C(O)c1cc(=O)cco1,1.5,O=C(O)c1cc(=O)cco1,140.094,0.338,67.51,3,1,1,1,0.0,0,0,1,1,2,1,
O=C(O)c1cc(Br)c[nH]1,4.06,O=C(O)c1cc(Br)c[nH]1,189.996,1.4754,53.09,1,2,1,1,0.0,0,0,1,1,2,1,
O=C(O)c1cc(Br)c[se]1,3.14,O=C(O)c1cc(Br)c[se]1,253.941,1.2043,37.3,1,1,1,1,0.0,0,0,1,1,2,1,
O=C(O)c1cc(Br)cc(Br)c1O,2.162,O=C(O)c1cc(Br)cc(Br)c1O,295.914,2.6154,57.53,2,2,1,1,0.0,0,0,1,1,2,1,
O=C(O)c1cc(Br)ccc1O,2.6514,O=C(O)c1cc(Br)ccc1O,217.018,1.8529,57.53,2,2,1,1,0.0,0,0,1,1,2,1,
O=C(O)c1cc(Br)cs1,3.11,O=C(O)c1cc(Br)cs1,207.048,2.2088,37.3,2,1,1,1,0.0,0,0,1,1,2,1,
O=C(O)c1cc(C(=O)O)c(C(=O)O)cc1C(=O)O,1.87,O=C(O)c1cc(C(=O)O)c(C(=O)O)cc1C(=O)O,254.15,0.4794,149.2,4,4,4,1,0.0,0,0,4,4,8,4,
O=C(O)c1cc(C(=O)O)c(C(=O)O)cc1O,1.86,O=C(O)c1cc(C(=O)O)c(C(=O)O)cc1O,226.14,0.4868,132.13,4,4,3,1,0.0,0,0,3,3,6,3,
O=C(O)c1cc(C(=O)O)c(C(=O)O)nc1C(=O)O,,O=C(O)c1cc(C(=O)O)c(C(=O)O)nc1C(=O)O,255.138,-0.1256,162.09,5,4,4,1,0.0,0,0,4,4,8,4,
O=C(O)c1cc(C(=O)O)c(O)c(C(=O)O)c1,2.77,O=C(O)c1cc(C(=O)O)c(O)c(C(=O)O)c1,226.14,0.4868,132.13,4,4,3,1,0.0,0,0,3,3,6,3,
O=C(O)c1cc(Cl)c[nH]1,4.07,O=C(O)c1cc(Cl)c[nH]1,145.545,1.3663,53.09,1,2,1,1,0.0,0,0,1,1,2,1,
O=C(O)c1cc(Cl)ccc1Cl,2.466,O=C(O)c1cc(Cl)ccc1Cl,191.013,2.6916,37.3,1,1,1,1,0.0,0,0,1,1,2,1,
O=C(O)c1cc(Cl)ccc1O,2.695,O=C(O)c1cc(Cl)ccc1O,172.567,1.7438,57.53,2,2,1,1,0.0,0,0,1,1,2,1,
O=C(O)c1cc(I)cc(I)c1O,2.299,O=C(O)c1cc(I)cc(I)c1O,389.914,2.2996,57.53,2,2,1,1,0.0,0,0,1,1,2,1,
O=C(O)c1cc(I)ccc1O,2.6595000000000004,O=C(O)c1cc(I)ccc1O,264.018,1.695,57.53,2,2,1,1,0.0,0,0,1,1,2,1,
O=C(O)c1cc(N=Nc2ccc(S(=O)(=O)O)cc2)ccc1O,2.38,O=C(O)c1cc(N=Nc2ccc(S(=O)(=O)O)cc2)ccc1O,322.298,2.7525,136.62,6,3,4,2,0.0,0,1,2,4,3,2,
O=C(O)c1cc(O)c(O)c(O)c1,4.27,O=C(O)c1cc(O)c(O)c(O)c1,170.12,0.5016,97.99,4,4,1,1,0.0,0,0,1,1,2,1,
O=C(O)c1cc(O)c2ccccc2c1,4.25,O=C(O)c1cc(O)c2ccccc2c1,188.182,2.2436,57.53,2,2,1,2,0.0,0,0,1,1,2,1,
O=C(O)c1cc(O)cc(O)c1,4.039,O=C(O)c1cc(O)cc(O)c1,154.121,0.796,77.76,3,3,1,1,0.0,0,0,1,1,2,1,
O=C(O)c1cc(O)cc2ccccc12,3.69,O=C(O)c1cc(O)cc2ccccc12,188.182,2.2436,57.53,2,2,1,2,0.0,0,0,1,1,2,1,
O=C(O)c1cc(O)ccc1O,2.9655,O=C(O)c1cc(O)ccc1O,154.121,0.796,77.76,3,3,1,1,0.0,0,0,1,1,2,1,
O=C(O)c1cc([N+](=O)[O-])c[nH]1,3.37,O=C(O)c1cc([N+](=O)[O-])c[nH]1,156.097,0.6211,96.23,3,2,2,1,0.0,0,0,1,1,2,1,
O=C(O)c1cc([N+](=O)[O-])c[se]1,2.74,O=C(O)c1cc([N+](=O)[O-])c[se]1,220.042,0.35,80.44,3,1,2,1,0.0,0,0,1,1,2,1,
O=C(O)c1cc([N+](=O)[O-])cc([N+](=O)[O-])c1O,0.7,O=C(O)c1cc([N+](=O)[O-])cc([N+](=O)[O-])c1O,228.116,0.9068,143.81,6,2,3,1,0.0,0,0,1,1,2,1,
O=C(O)c1cc([N+](=O)[O-])cc2ccccc12,2.83,O=C(O)c1cc([N+](=O)[O-])cc2ccccc12,217.18,2.4462,80.44,3,1,2,2,0.0,0,0,1,1,2,1,
O=C(O)c1cc([N+](=O)[O-])ccc1O,2.18,O=C(O)c1cc([N+](=O)[O-])ccc1O,183.119,0.9986,100.67,4,2,2,1,0.0,0,0,1,1,2,1,
O=C(O)c1cc([N+](=O)[O-])cs1,2.835,O=C(O)c1cc([N+](=O)[O-])cs1,173.149,1.3545,80.44,4,1,2,1,0.0,0,0,1,1,2,1,
O=C(O)c1cc2cc(Br)ccc2[nH]1,16.1,O=C(O)c1cc2cc(Br)ccc2[nH]1,240.056,2.6286,53.09,1,2,1,2,0.0,0,0,1,1,2,1,
O=C(O)c1cc2cc([N+](=O)[O-])ccc2[nH]1,14.91,O=C(O)c1cc2cc([N+](=O)[O-])ccc2[nH]1,206.157,1.7743,96.23,3,2,2,2,0.0,0,0,1,1,2,1,
O=C(O)c1cc2ccccc2cc1O,2.75,O=C(O)c1cc2ccccc2cc1O,188.182,2.2436,57.53,2,2,1,2,0.0,0,0,1,1,2,1,
O=C(O)c1cc[nH]n1,3.74,O=C(O)c1cc[nH]n1,112.088,0.1079,65.98,2,2,1,1,0.0,0,0,1,1,2,1,
O=C(O)c1ccc(=O)oc1,3.26,O=C(O)c1ccc(=O)oc1,140.094,0.338,67.51,3,1,1,1,0.0,0,0,1,1,2,1,
O=C(O)c1ccc(Br)[nH]1,4.17,O=C(O)c1ccc(Br)[nH]1,189.996,1.4754,53.09,1,2,1,1,0.0,0,0,1,1,2,1,
O=C(O)c1ccc(Br)[se]1,3.27,O=C(O)c1ccc(Br)[se]1,253.941,1.2043,37.3,1,1,1,1,0.0,0,0,1,1,2,1,
O=C(O)c1ccc(Br)c2ccccc12,3.37,O=C(O)c1ccc(Br)c2ccccc12,251.079,3.3005,37.3,1,1,1,2,0.0,0,0,1,1,2,1,
O=C(O)c1ccc(Br)cc1,3.963,O=C(O)c1ccc(Br)cc1,201.019,2.1473,37.3,1,1,1,1,0.0,0,0,1,1,2,1,
O=C(O)c1ccc(Br)cc1C(=O)O,2.5,O=C(O)c1ccc(Br)cc1C(=O)O,245.028,1.8455,74.6,2,2,2,1,0.0,0,0,2,2,4,2,
O=C(O)c1ccc(Br)cc1O,2.669,O=C(O)c1ccc(Br)cc1O,217.018,1.8529,57.53,2,2,1,1,0.0,0,0,1,1,2,1,
O=C(O)c1ccc(Br)s1,3.245,O=C(O)c1ccc(Br)s1,207.048,2.2088,37.3,2,1,1,1,0.0,0,0,1,1,2,1,
O=C(O)c1ccc(C(=O)O)c(C(=O)O)c1,2.53,O=C(O)c1ccc(C(=O)O)c(C(=O)O)c1,210.141,0.7812,111.9,3,3,3,1,0.0,0,0,3,3,6,3,
O=C(O)c1ccc(C2CC2)cc1,4.44,O=C(O)c1ccc(C2CC2)cc1,162.188,2.2622,37.3,1,1,2,1,0.3,0,0,1,1,2,1,
O=C(O)c1ccc(C=C[N+](=O)[O-])cc1,3.94,O=C(O)c1ccc(C=C[N+](=O)[O-])cc1,193.158,1.6322,80.44,3,1,3,1,0.0,0,0,1,1,2,1,
O=C(O)c1ccc(Cl)[nH]1,4.32,O=C(O)c1ccc(Cl)[nH]1,145.545,1.3663,53.09,1,2,1,1,0.0,0,0,1,1,2,1,
O=C(O)c1ccc(Cl)[se]1,3.3,O=C(O)c1ccc(Cl)[se]1,209.49,1.0952,37.3,1,1,1,1,0.0,0,0,1,1,2,1,
O=C(O)c1ccc(Cl)c(Cl)c1,3.64,O=C(O)c1ccc(Cl)c(Cl)c1,191.013,2.6916,37.3,1,1,1,1,0.0,0,0,1,1,2,1,
O=C(O)c1ccc(Cl)c2ccccc12,3.36,O=C(O)c1ccc(Cl)c2ccccc12,206.628,3.1914,37.3,1,1,1,2,0.0,0,0,1,1,2,1,
O=C(O)c1ccc(Cl)cc1,3.988,O=C(O)c1ccc(Cl)cc1,156.568,2.0382,37.3,1,1,1,1,0.0,0,0,1,1,2,1,
O=C(O)c1ccc(Cl)cc1Cl,2.73,O=C(O)c1ccc(Cl)cc1Cl,191.013,2.6916,37.3,1,1,1,1,0.0,0,0,1,1,2,1,
O=C(O)c1ccc(Cl)s1,3.3150000000000004,O=C(O)c1ccc(Cl)s1,162.597,2.0997,37.3,2,1,1,1,0.0,0,0,1,1,2,1,
O=C(O)c1ccc(F)c2ccccc12,3.7,O=C(O)c1ccc(F)c2ccccc12,190.173,2.6771,37.3,1,1,1,2,0.0,0,0,1,1,2,1,
O=C(O)c1ccc(F)cc1,3.907428571428572,O=C(O)c1ccc(F)cc1,140.113,1.5239,37.3,1,1,1,1,0.0,0,0,1,1,2,1,
O=C(O)c1ccc(I)cc1,3.9635,O=C(O)c1ccc(I)cc1,248.019,1.9894,37.3,1,1,1,1,0.0,0,0,1,1,2,1,
O=C(O)c1ccc(I)cc1O,2.75,O=C(O)c1ccc(I)cc1O,264.018,1.695,57.53,2,2,1,1,0.0,0,0,1,1,2,1,
O=C(O)c1ccc(O)c(=O)cc1,4.05,O=C(O)c1ccc(O)c(=O)cc1,166.132,0.4506,74.6,3,2,1,1,0.0,0,0,1,1,2,1,
O=C(O)c1ccc(O)c(O)c1,4.3755,O=C(O)c1ccc(O)c(O)c1,154.121,0.796,77.76,3,3,1,1,0.0,0,0,1,1,2,1,
O=C(O)c1ccc(O)cc1,4.566666666666666,O=C(O)c1ccc(O)cc1,138.122,1.0904,57.53,2,2,1,1,0.0,0,0,1,1,2,1,
O=C(O)c1ccc(O)cc1O,3.20875,O=C(O)c1ccc(O)cc1O,154.121,0.796,77.76,3,3,1,1,0.0,0,0,1,1,2,1,
O=C(O)c1ccc([N+](=O)[O-])[nH]1,3.22,O=C(O)c1ccc([N+](=O)[O-])[nH]1,156.097,0.6211,96.23,3,2,2,1,0.0,0,0,1,1,2,1,
O=C(O)c1ccc([N+](=O)[O-])[se]1,2.63,O=C(O)c1ccc([N+](=O)[O-])[se]1,220.042,0.35,80.44,3,1,2,1,0.0,0,0,1,1,2,1,
O=C(O)c1ccc([N+](=O)[O-])c2ccccc12,2.8,O=C(O)c1ccc([N+](=O)[O-])c2ccccc12,217.18,2.4462,80.44,3,1,2,2,0.0,0,0,1,1,2,1,
O=C(O)c1ccc([N+](=O)[O-])cc1,3.2511666666666668,O=C(O)c1ccc([N+](=O)[O-])cc1,167.12,1.293,80.44,3,1,2,1,0.0,0,0,1,1,2,1,
O=C(O)c1ccc([N+](=O)[O-])cc1C(=O)O,,O=C(O)c1ccc([N+](=O)[O-])cc1C(=O)O,211.129,0.9912,117.74,4,2,3,1,0.0,0,0,2,2,4,2,
O=C(O)c1ccc([N+](=O)[O-])cc1O,2.27,O=C(O)c1ccc([N+](=O)[O-])cc1O,183.119,0.9986,100.67,4,2,2,1,0.0,0,0,1,1,2,1,
O=C(O)c1ccc([N+](=O)[O-])s1,2.68,O=C(O)c1ccc([N+](=O)[O-])s1,173.149,1.3545,80.44,4,1,2,1,0.0,0,0,1,1,2,1,
O=C(O)c1ccc2c(c1)OCCO2,4.35,O=C(O)c1ccc2c(c1)OCCO2,180.159,1.156,55.76,3,1,1,1,0.222222,0,0,1,1,2,1,
O=C(O)c1ccc2c(c1)OCO2,4.5,O=C(O)c1ccc2c(c1)OCO2,166.132,1.1135,55.76,3,1,1,1,0.125,0,0,1,1,2,1,
O=C(O)c1ccc2ccccc2c1,4.343666666666667,O=C(O)c1ccc2ccccc2c1,172.183,2.538,37.3,1,1,1,2,0.0,0,0,1,1,2,1,
O=C(O)c1ccc2ccccc2n1,4.864,O=C(O)c1ccc2ccccc2n1,173.171,1.933,50.19,2,1,1,2,0.0,0,0,1,1,2,1,
O=C(O)c1ccc2cccccc1-2,5.5,O=C(O)c1ccc2cccccc1-2,172.183,2.4896,37.3,1,1,1,0,0.0,0,0,1,1,2,1,
O=C(O)c1ccc2ncccc2c1,4.82,O=C(O)c1ccc2ncccc2c1,173.171,1.933,50.19,2,1,1,2,0.0,0,0,1,1,2,1,
O=C(O)c1ccc2nccnc2c1,3.64,O=C(O)c1ccc2nccnc2c1,174.159,1.328,63.08,3,1,1,2,0.0,0,0,1,1,2,1,
O=C(O)c1ccc[nH]1,4.475,O=C(O)c1ccc[nH]1,111.1,0.7129,53.09,1,2,1,1,0.0,0,0,1,1,2,1,
O=C(O)c1ccc[se]1,3.6,O=C(O)c1ccc[se]1,175.045,0.4418,37.3,1,1,1,1,0.0,0,0,1,1,2,1,
O=C(O)c1cccc(Br)c1,3.813,O=C(O)c1cccc(Br)c1,201.019,2.1473,37.3,1,1,1,1,0.0,0,0,1,1,2,1,
O=C(O)c1cccc(Br)c1C(=O)O,2.27,O=C(O)c1cccc(Br)c1C(=O)O,245.028,1.8455,74.6,2,2,2,1,0.0,0,0,2,2,4,2,
O=C(O)c1cccc(C(=O)O)c1,3.7,O=C(O)c1cccc(C(=O)O)c1,166.132,1.083,74.6,2,2,2,1,0.0,0,0,2,2,4,2,
O=C(O)c1cccc(C(=O)O)c1C(=O)O,2.84,O=C(O)c1cccc(C(=O)O)c1C(=O)O,210.141,0.7812,111.9,3,3,3,1,0.0,0,0,3,3,6,3,
O=C(O)c1cccc(C(=O)O)n1,4.6,O=C(O)c1cccc(C(=O)O)n1,167.12,0.478,87.49,3,2,2,1,0.0,0,0,2,2,4,2,
O=C(O)c1cccc(C=C[N+](=O)[O-])c1,3.87,O=C(O)c1cccc(C=C[N+](=O)[O-])c1,193.158,1.6322,80.44,3,1,3,1,0.0,0,0,1,1,2,1,
O=C(O)c1cccc(CO)n1,4.61,O=C(O)c1cccc(CO)n1,153.137,0.2721,70.42,3,2,2,1,0.142857,0,0,1,1,2,1,
O=C(O)c1cccc(Cl)c1,3.8295,O=C(O)c1cccc(Cl)c1,156.568,2.0382,37.3,1,1,1,1,0.0,0,0,1,1,2,1,
O=C(O)c1cccc(Cl)c1C(=O)O,,O=C(O)c1cccc(Cl)c1C(=O)O,200.577,1.7364,74.6,2,2,2,1,0.0,0,0,2,2,4,2,
O=C(O)c1cccc(F)c1,3.626714285714286,O=C(O)c1cccc(F)c1,140.113,1.5239,37.3,1,1,1,1,0.0,0,0,1,1,2,1,
O=C(O)c1cccc(I)c1O,2.52,O=C(O)c1cccc(I)c1O,264.018,1.695,57.53,2,2,1,1,0.0,0,0,1,1,2,1,
O=C(O)c1cccc(O)c(=O)c1,3.42,O=C(O)c1cccc(O)c(=O)c1,166.132,0.4506,74.6,3,2,1,1,0.0,0,0,1,1,2,1,
O=C(O)c1cccc(O)c(=O)c1C(=O)O,3.24,O=C(O)c1cccc(O)c(=O)c1C(=O)O,210.141,0.1488,111.9,4,3,2,1,0.0,0,0,2,2,4,2,
O=C(O)c1cccc(O)c1,4.19,O=C(O)c1cccc(O)c1,138.122,1.0904,57.53,2,2,1,1,0.0,0,0,1,1,2,1,
O=C(O)c1cccc(O)c1O,2.914,O=C(O)c1cccc(O)c1O,154.121,0.796,77.76,3,3,1,1,0.0,0,0,1,1,2,1,
O=C(O)c1cccc([N+](=O)[O-])c1,3.293333333333333,O=C(O)c1cccc([N+](=O)[O-])c1,167.12,1.293,80.44,3,1,2,1,0.0,0,0,1,1,2,1,
O=C(O)c1cccc([N+](=O)[O-])c1C(=O)O,,O=C(O)c1cccc([N+](=O)[O-])c1C(=O)O,211.129,0.9912,117.74,4,2,3,1,0.0,0,0,2,2,4,2,
O=C(O)c1cccc([N+](=O)[O-])c1O,2.085,O=C(O)c1cccc([N+](=O)[O-])c1O,183.119,0.9986,100.67,4,2,2,1,0.0,0,0,1,1,2,1,
O=C(O)c1cccc2ccccc12,3.80925,O=C(O)c1cccc2ccccc12,172.183,2.538,37.3,1,1,1,2,0.0,0,0,1,1,2,1,
O=C(O)c1cccc2cccnc12,6.8,O=C(O)c1cccc2cccnc12,173.171,1.933,50.19,2,1,1,2,0.0,0,0,1,1,2,1,
O=C(O)c1cccc2nccnc12,4.026,O=C(O)c1cccc2nccnc12,174.159,1.328,63.08,3,1,1,2,0.0,0,0,1,1,2,1,
O=C(O)c1ccccc(O)c1=O,3.2,O=C(O)c1ccccc(O)c1=O,166.132,0.4506,74.6,3,2,1,1,0.0,0,0,1,1,2,1,
O=C(O)c1ccccc1,4.093071428571428,O=C(O)c1ccccc1,122.123,1.3848,37.3,1,1,1,1,0.0,0,0,1,1,2,1,
O=C(O)c1ccccc1C(=O)O,2.813333333333333,O=C(O)c1ccccc1C(=O)O,166.132,1.083,74.6,2,2,2,1,0.0,0,0,2,2,4,2,
O=C(O)c1ccccc1C(=O)c1ccccc1,3.536,O=C(O)c1ccccc1C(=O)c1ccccc1,226.231,2.6158,54.37,2,1,3,2,0.0,0,0,1,1,2,1,
O=C(O)c1ccccc1Cl,3.063333333333333,O=C(O)c1ccccc1Cl,156.568,2.0382,37.3,1,1,1,1,0.0,0,0,1,1,2,1,
O=C(O)c1ccccc1Nc1ccccc1,3.925,O=C(O)c1ccccc1Nc1ccccc1,213.236,3.1284,49.33,2,2,3,2,0.0,0,0,1,1,2,1,
O=C(O)c1ccccc1O,2.9423076923076925,O=C(O)c1ccccc1O,138.122,1.0904,57.53,2,2,1,1,0.0,0,0,1,1,2,1,
O=C(O)c1ccccc1P(O)O,1.32,O=C(O)c1ccccc1P(O)O,186.103,0.3066,77.76,3,3,2,1,0.0,0,0,1,1,2,1,
O=C(O)c1ccccc1[N+](=O)[O-],2.1083333333333334,O=C(O)c1ccccc1[N+](=O)[O-],167.12,1.293,80.44,3,1,2,1,0.0,0,0,1,1,2,1,
O=C(O)c1cccccc1=O,3.73,O=C(O)c1cccccc1=O,150.133,0.745,54.37,2,1,1,1,0.0,0,0,1,1,2,1,
O=C(O)c1ccccn1,5.4,O=C(O)c1ccccn1,123.111,0.7798,50.19,2,1,1,1,0.0,0,0,1,1,2,1,
O=C(O)c1cccnc1,4.7725,O=C(O)c1cccnc1,123.111,0.7798,50.19,2,1,1,1,0.0,0,0,1,1,2,1,
O=C(O)c1cccnc1C(=O)O,4.75,O=C(O)c1cccnc1C(=O)O,167.12,0.478,87.49,3,2,2,1,0.0,0,0,2,2,4,2,
O=C(O)c1ccco1,3.153,O=C(O)c1ccco1,112.084,0.9778,50.44,2,1,1,1,0.0,0,0,1,1,2,1,
O=C(O)c1cccs1,3.5125,O=C(O)c1cccs1,128.152,1.4463,37.3,2,1,1,1,0.0,0,0,1,1,2,1,
O=C(O)c1ccnc(C(=O)O)c1,2.2,O=C(O)c1ccnc(C(=O)O)c1,167.12,0.478,87.49,3,2,2,1,0.0,0,0,2,2,4,2,
O=C(O)c1ccncc1,4.876666666666666,O=C(O)c1ccncc1,123.111,0.7798,50.19,2,1,1,1,0.0,0,0,1,1,2,1,
O=C(O)c1ccncc1C(=O)O,2.95,O=C(O)c1ccncc1C(=O)O,167.12,0.478,87.49,3,2,2,1,0.0,0,0,2,2,4,2,
O=C(O)c1ccncc1O,4.83,O=C(O)c1ccncc1O,139.11,0.4854,70.42,3,2,1,1,0.0,0,0,1,1,2,1,
O=C(O)c1cn(-c2ccccc2)nn1,2.88,O=C(O)c1cn(-c2ccccc2)nn1,189.174,0.9655,68.01,3,1,2,2,0.0,0,0,1,1,2,1,
O=C(O)c1cnc2ccccc2n1,2.811666666666666,O=C(O)c1cnc2ccccc2n1,174.159,1.328,63.08,3,1,1,2,0.0,0,0,1,1,2,1,
O=C(O)c1cncc(C(=O)O)c1,2.72,O=C(O)c1cncc(C(=O)O)c1,167.12,0.478,87.49,3,2,2,1,0.0,0,0,2,2,4,2,
O=C(O)c1cncc(C(=O)O)c1C(=O)O,2.01,O=C(O)c1cncc(C(=O)O)c1C(=O)O,211.129,0.1762,124.79,4,3,3,1,0.0,0,0,3,3,6,3,
O=C(O)c1cocc1C(=O)O,1.44,O=C(O)c1cocc1C(=O)O,156.093,0.676,87.74,3,2,2,1,0.0,0,0,2,2,4,2,
O=C(O)c1csccc1=O,4.1,O=C(O)c1csccc1=O,156.162,0.8065,54.37,3,1,1,1,0.0,0,0,1,1,2,1,
O=C(O)c1nc(C(=O)O)c(C(=O)O)c(C(=O)O)c1C(=O)O,0.5,O=C(O)c1nc(C(=O)O)c(C(=O)O)c(C(=O)O)c1C(=O)O,299.147,-0.4274,199.39,6,5,5,1,0.0,0,0,5,5,10,5,
O=C(O)c1nc2ccccc2nc1C(=O)O,1.71,O=C(O)c1nc2ccccc2nc1C(=O)O,218.168,1.0262,100.38,4,2,2,2,0.0,0,0,2,2,4,2,
O=C(O)c1nc2ccccc2nc1Cl,1.83,O=C(O)c1nc2ccccc2nc1Cl,208.604,1.9814,63.08,3,1,1,2,0.0,0,0,1,1,2,1,
O=C(O)c1nc2ccccc2nc1O,2.58,O=C(O)c1nc2ccccc2nc1O,190.158,1.0336,83.31,4,2,1,2,0.0,0,0,1,1,2,1,
O=C(O)c1ncccc1O,5.17,O=C(O)c1ncccc1O,139.11,0.4854,70.42,3,2,1,1,0.0,0,0,1,1,2,1,
O=C(O)c1nnn(-c2ccccc2)c1C(=O)O,2.13,O=C(O)c1nnn(-c2ccccc2)c1C(=O)O,233.183,0.6637,105.31,4,2,3,2,0.0,0,0,2,2,4,2,
O=C(O)c1occc(=O)c1O,7.67,O=C(O)c1occc(=O)c1O,156.093,0.0436,87.74,4,2,1,1,0.0,0,0,1,1,2,1,
O=C/C(Cl)=C(/Cl)C(=O)O,4.2,O=C/C(Cl)=C(/Cl)C(=O)O,168.963,0.9591,54.37,2,1,2,0,0.0,0,0,1,1,2,1,
O=C1CCC(C(=O)O)CC1,4.38,O=C1CCC(C(=O)O)CC1,142.154,0.8303,54.37,2,1,1,0,0.714286,0,0,1,1,2,1,
O=CC(=O)O,3.22,O=CC(=O)O,74.035,-0.7301,54.37,2,1,1,0,0.0,0,0,1,1,2,1,
O=CO,3.744857142857143,O=CO,46.025,-0.2992,37.3,1,1,0,0,0.0,0,0,1,1,2,1,
O=Cc1ccc(C(=O)O)cc1,3.76,O=Cc1ccc(C(=O)O)cc1,150.133,1.1973,54.37,2,1,2,1,0.0,0,0,1,1,2,1,
O=Cc1cccc(C(=O)O)c1,3.84,O=Cc1cccc(C(=O)O)c1,150.133,1.1973,54.37,2,1,2,1,0.0,0,0,1,1,2,1,
O[C@@H]1CC[C@H](CC1)C(=O)O,4.69,O=C(O)[C@H]1CC[C@H](O)CC1,144.17,0.6221,57.53,2,2,1,0,0.857143,0,0,1,1,2,1,
[C@@H]1([C@@H](CC1)C(=O)O)C(=O)O,3.94,O=C(O)[C@@H]1CC[C@H]1C(=O)O,144.126,0.1818,74.6,2,2,2,0,0.666667,0,0,2,2,4,2,
[C@@H]1([C@@H](CC=CC1)C(=O)O)C(=O)O,3.89,O=C(O)[C@@H]1CC=CC[C@H]1C(=O)O,170.164,0.738,74.6,2,2,2,0,0.5,0,0,2,2,4,2,
[C@@H]1([C@@H](CCCC1)C(=O)O)C(=O)O,4.199999999999999,O=C(O)[C@@H]1CCCC[C@H]1C(=O)O,172.18,0.962,74.6,2,2,2,0,0.75,0,0,2,2,4,2,
[C@@H]1([C@@H](CCCCC1)C(=O)O)C(=O)O,4.3,O=C(O)[C@@H]1CCCCC[C@H]1C(=O)O,186.207,1.3521,74.6,2,2,2,0,0.777778,0,0,2,2,4,2,
[C@@H]1([C@@H](CCCCCC1)C(=O)O)C(=O)O,4.37,O=C(O)[C@@H]1CCCCCC[C@H]1C(=O)O,200.234,1.7422,74.6,2,2,2,0,0.8,0,0,2,2,4,2,
[C@@H]1([C@H](CC1)C(=O)O)C(=O)O,4.16,O=C(O)[C@H]1CC[C@H]1C(=O)O,144.126,0.1818,74.6,2,2,2,0,0.666667,0,0,2,2,4,2,
[C@@H]1([C@H](CC=CC1)C(=O)O)C(=O)O,3.75,O=C(O)[C@H]1CC=CC[C@H]1C(=O)O,170.164,0.738,74.6,2,2,2,0,0.5,0,0,2,2,4,2,
[C@@H]1([C@H](CCCC1)C(=O)O)C(=O)O,4.345000000000001,O=C(O)[C@H]1CCCC[C@H]1C(=O)O,172.18,0.962,74.6,2,2,2,0,0.75,0,0,2,2,4,2,
[C@@H]1([C@H](CCCCC1)C(=O)O)C(=O)O,3.87,O=C(O)[C@H]1CCCCC[C@H]1C(=O)O,186.207,1.3521,74.6,2,2,2,0,0.777778,0,0,2,2,4,2,
[C@@H]1([C@H](CCCCCC1)C(=O)O)C(=O)O,3.99,O=C(O)[C@H]1CCCCCC[C@H]1C(=O)O,200.234,1.7422,74.6,2,2,2,0,0.8,0,0,2,2,4,2,
[C@H]1(C[C@@H](C1)C(=O)O)C(=O)O,4.08,O=C(O)[C@H]1C[C@@H](C(=O)O)C1,144.126,0.1818,74.6,2,2,2,0,0.666667,0,0,2,2,4,2,
[C@H]1(C[C@H](C1)C(=O)O)C(=O)O,4.11,O=C(O)[C@H]1C[C@H](C(=O)O)C1,144.126,0.1818,74.6,2,2,2,0,0.666667,0,0,2,2,4,2,
[N+](=O)([O-])/C=C/C(=O)O,2.58,O=C(O)/C=C/[N+](=O)[O-],117.06,-0.1386,80.44,3,1,2,0,0.0,0,0,1,1,2,1,
[N+](=O)([O-])C1=CC=C(C=C1)[C@H]1[C@@H](C1)C(=O)O,4.45,O=C(O)[C@@H]1C[C@H]1c1ccc([N+](=O)[O-])cc1,207.185,1.7829,80.44,3,1,3,1,0.3,0,0,1,1,2,1,
[N+](=O)([O-])C=1C=C(C=CC1)[C@H]1[C@@H](C1)C(=O)O,4.41,O=C(O)[C@@H]1C[C@H]1c1cccc([N+](=O)[O-])c1,207.185,1.7829,80.44,3,1,3,1,0.3,0,0,1,1,2,1,
[Se]1[C@H](CC[C@H]1C(=O)O)C(=O)O,3.24,O=C(O)[C@@H]1CC[C@H](C(=O)O)[Se]1,223.086,0.2306,74.6,2,2,2,0,0.666667,0,0,2,2,4,2,
CC(C)(C)c1ccc(S(=O)(=O)O)c(C(C)(C)C)n1,4.12,CC(C)(C)c1ccc(S(=O)(=O)O)c(C(C)(C)C)n1,271.382,2.9233,67.26,3,1,1,1,0.615385,0,1,1,3,1,1,
CS(=O)(=O)O,-1.53,CS(=O)(=O)O,96.107,-0.496,54.37,2,1,0,0,1.0,0,1,1,3,1,0,
Cc1cc(S(=O)(=O)O)cc(C)n1,5.09,Cc1cc(S(=O)(=O)O)cc(C)n1,187.22,0.94514,67.26,3,1,1,1,0.285714,0,1,1,3,1,1,
Cc1cc(S(=O)(=O)O)ccc1N,3.1264,Cc1cc(S(=O)(=O)O)ccc1N,187.22,0.82392,80.39,3,2,1,1,0.142857,0,1,1,3,1,1,
Cc1ccc(S(=O)(=O)O)c(C)n1,4.89,Cc1ccc(S(=O)(=O)O)c(C)n1,187.22,0.94514,67.26,3,1,1,1,0.285714,0,1,1,3,1,1,
Cc1ccc(S(=O)(=O)O)cc1,-1.34,Cc1ccc(S(=O)(=O)O)cc1,172.205,1.24172,54.37,2,1,1,1,0.142857,0,1,1,3,1,1,
Cc1ccc(S(=O)(=O)O)cc1N,3.6323,Cc1ccc(S(=O)(=O)O)cc1N,187.22,0.82392,80.39,3,2,1,1,0.142857,0,1,1,3,1,1,
Cc1ccc2c(S(=O)(=O)O)cc(Br)c(O)c2n1,3.32,Cc1ccc2c(S(=O)(=O)O)cc(Br)c(O)c2n1,318.148,2.25802,87.49,4,2,1,2,0.1,0,1,1,3,1,1,
Cc1ccc2c(S(=O)(=O)O)cc([N+](=O)[O-])c(O)c2n1,6.24,Cc1ccc2c(S(=O)(=O)O)cc([N+](=O)[O-])c(O)c2n1,284.249,1.40372,130.63,6,2,2,2,0.1,0,1,1,3,1,1,
Cc1ccc2c(S(=O)(=O)O)ccc(O)c2n1,4.68,Cc1ccc2c(S(=O)(=O)O)ccc(O)c2n1,239.252,1.49552,87.49,4,2,1,2,0.1,0,1,1,3,1,1,
Cc1cccc(C(O)S(=O)(=O)O)n1,4.83,Cc1cccc(C(O)S(=O)(=O)O)n1,203.219,0.26872,87.49,4,2,2,1,0.285714,0,1,1,3,1,0,
NCC(O)S(=O)(=O)O,9.175,NCC(O)S(=O)(=O)O,141.148,-1.8487,100.62,4,3,2,0,1.0,0,1,1,3,1,0,
NCCOS(=O)(=O)O,9.135,NCCOS(=O)(=O)O,141.148,-1.2355,89.62,4,2,3,0,1.0,0,1,1,4,1,0,
NCCS(=O)(=O)O,8.98335,NCCS(=O)(=O)O,125.149,-1.1671,80.39,3,2,2,0,1.0,0,1,1,3,1,0,
NNc1ccc(S(=O)(=O)O)cc1,2.61,NNc1ccc(S(=O)(=O)O)cc1,188.208,0.2189,92.42,4,3,2,1,0.0,0,1,1,3,1,1,
NNc1cccc(S(=O)(=O)O)c1,2.43,NNc1cccc(S(=O)(=O)O)c1,188.208,0.2189,92.42,4,3,2,1,0.0,0,1,1,3,1,1,
NNc1ccccc1S(=O)(=O)O,2.33,NNc1ccccc1S(=O)(=O)O,188.208,0.2189,92.42,4,3,2,1,0.0,0,1,1,3,1,1,
N[C@@H](CS(=O)(=O)O)C(=O)O,1.89,N[C@@H](CS(=O)(=O)O)C(=O)O,169.158,-1.7139,117.69,4,3,3,0,0.666667,0,1,2,4,3,1,
Nc1c(S(=O)(=O)O)ccc2ccccc12,1.71,Nc1c(S(=O)(=O)O)ccc2ccccc12,223.253,1.6687,80.39,3,2,1,2,0.0,0,1,1,3,1,1,
Nc1cc(S(=O)(=O)O)c2ccccc2c1,3.7,Nc1cc(S(=O)(=O)O)c2ccccc2c1,223.253,1.6687,80.39,3,2,1,2,0.0,0,1,1,3,1,1,
Nc1cc(S(=O)(=O)O)cc2ccccc12,3.2,Nc1cc(S(=O)(=O)O)cc2ccccc12,223.253,1.6687,80.39,3,2,1,2,0.0,0,1,1,3,1,1,
Nc1ccc(S(=O)(=O)O)c2ccccc12,2.81,Nc1ccc(S(=O)(=O)O)c2ccccc12,223.253,1.6687,80.39,3,2,1,2,0.0,0,1,1,3,1,1,
Nc1ccc(S(=O)(=O)O)cc1,3.228825,Nc1ccc(S(=O)(=O)O)cc1,173.193,0.5155,80.39,3,2,1,1,0.0,0,1,1,3,1,1,
Nc1ccc2c(S(=O)(=O)O)cccc2c1,3.96,Nc1ccc2c(S(=O)(=O)O)cccc2c1,223.253,1.6687,80.39,3,2,1,2,0.0,0,1,1,3,1,1,
Nc1ccc2cc(S(=O)(=O)O)ccc2c1,3.74,Nc1ccc2cc(S(=O)(=O)O)ccc2c1,223.253,1.6687,80.39,3,2,1,2,0.0,0,1,1,3,1,1,
Nc1ccc2ccc(S(=O)(=O)O)cc2c1,3.95,Nc1ccc2ccc(S(=O)(=O)O)cc2c1,223.253,1.6687,80.39,3,2,1,2,0.0,0,1,1,3,1,1,
Nc1ccc2cccc(S(=O)(=O)O)c2c1,3.89,Nc1ccc2cccc(S(=O)(=O)O)c2c1,223.253,1.6687,80.39,3,2,1,2,0.0,0,1,1,3,1,1,
Nc1ccc2ccccc2c1S(=O)(=O)O,2.35,Nc1ccc2ccccc2c1S(=O)(=O)O,223.253,1.6687,80.39,3,2,1,2,0.0,0,1,1,3,1,1,
Nc1cccc(S(=O)(=O)O)c1,3.729025,Nc1cccc(S(=O)(=O)O)c1,173.193,0.5155,80.39,3,2,1,1,0.0,0,1,1,3,1,1,
Nc1cccc2c(S(=O)(=O)O)cccc12,3.69,Nc1cccc2c(S(=O)(=O)O)cccc12,223.253,1.6687,80.39,3,2,1,2,0.0,0,1,1,3,1,1,
Nc1cccc2cc(S(=O)(=O)O)ccc12,3.8,Nc1cccc2cc(S(=O)(=O)O)ccc12,223.253,1.6687,80.39,3,2,1,2,0.0,0,1,1,3,1,1,
Nc1cccc2ccc(S(=O)(=O)O)cc12,3.66,Nc1cccc2ccc(S(=O)(=O)O)cc12,223.253,1.6687,80.39,3,2,1,2,0.0,0,1,1,3,1,1,
Nc1cccc2cccc(S(=O)(=O)O)c12,5.03,Nc1cccc2cccc(S(=O)(=O)O)c12,223.253,1.6687,80.39,3,2,1,2,0.0,0,1,1,3,1,1,
Nc1ccccc1S(=O)(=O)O,2.4746,Nc1ccccc1S(=O)(=O)O,173.193,0.5155,80.39,3,2,1,1,0.0,0,1,1,3,1,1,
O=C(NCCS(=O)(=O)O)C(=S)NCCS(=O)(=O)O,11.97,O=C(NCCS(=O)(=O)O)C(=S)NCCS(=O)(=O)O,320.37,-2.2048,149.87,6,4,6,0,0.666667,0,1,2,6,2,0,
O=C(O)c1cc(N=Nc2ccc(S(=O)(=O)O)cc2)ccc1O,2.38,O=C(O)c1cc(N=Nc2ccc(S(=O)(=O)O)cc2)ccc1O,322.298,2.7525,136.62,6,3,4,2,0.0,0,1,2,4,3,2,
O=C1C(O)=C(S(=O)(=O)O)C(=O)C(O)=C1S(=O)(=O)O,0.75,O=C1C(O)=C(S(=O)(=O)O)C(=O)C(O)=C1S(=O)(=O)O,300.222,-1.547,183.34,8,4,2,0,0.0,0,1,2,6,2,0,
O=C1c2ccccc2C(=O)c2c(O)c(S(=O)(=O)O)cc(O)c21,7.73,O=C1c2ccccc2C(=O)c2c(O)c(S(=O)(=O)O)cc(O)c21,320.278,1.1199,128.97,6,3,1,2,0.0,0,1,1,3,1,1,
O=Nc1c(O)cc(S(=O)(=O)O)c2[nH]ncc12,7.75,O=Nc1c(O)cc(S(=O)(=O)O)c2[nH]ncc12,243.2,0.9131,132.71,6,3,2,2,0.0,0,1,1,3,1,1,
O=Nc1c(O)cc(S(=O)(=O)O)c2cn[nH]c12,5.85,O=Nc1c(O)cc(S(=O)(=O)O)c2cn[nH]c12,243.2,0.9131,132.71,6,3,2,2,0.0,0,1,1,3,1,1,
O=Nc1c(O)ccc2cc(S(=O)(=O)O)ccc12,7.6,O=Nc1c(O)ccc2cc(S(=O)(=O)O)ccc12,253.235,2.19,104.03,5,2,2,2,0.0,0,1,1,3,1,1,
O=Nc1c(S(=O)(=O)O)cc(O)c2[nH]ncc12,8.6,O=Nc1c(S(=O)(=O)O)cc(O)c2[nH]ncc12,243.2,0.9131,132.71,6,3,2,2,0.0,0,1,1,3,1,1,
O=Nc1c(S(=O)(=O)O)cc(O)c2cn[nH]c12,7.15,O=Nc1c(S(=O)(=O)O)cc(O)c2cn[nH]c12,243.2,0.9131,132.71,6,3,2,2,0.0,0,1,1,3,1,1,
O=Nc1cc(S(=O)(=O)O)c2cn[nH]c2c1O,6.35,O=Nc1cc(S(=O)(=O)O)c2cn[nH]c2c1O,243.2,0.9131,132.71,6,3,2,2,0.0,0,1,1,3,1,1,
O=Nc1ccc2c(S(=O)(=O)O)cccc2c1O,7.32,O=Nc1ccc2c(S(=O)(=O)O)cccc2c1O,253.235,2.19,104.03,5,2,2,2,0.0,0,1,1,3,1,1,
O=P(O)(O)c1ccccc1N=Nc1c(S(=O)(=O)O)cc2cc(S(=O)(=O)O)c(N=Nc3ccc(Cl)cc3P(=O)(O)O)c(O)c2c1O,-2.0,O=P(O)(O)c1ccccc1N=Nc1c(S(=O)(=O)O)cc2cc(S(=O)(=O)O)c(N=Nc3ccc(Cl)cc3P(=O)(O)O)c(O)c2c1O,722.927,3.8346,313.7,12,8,8,4,0.0,0,1,2,6,2,2,
O=S(=O)(O)C(N=Nc1ccccc1)=NNc1ccccc1,-0.92,O=S(=O)(O)C(N=Nc1ccccc1)=NNc1ccccc1,304.331,3.0412,103.48,5,2,3,2,0.0,0,1,1,3,1,0,
O=S(=O)(O)C(O)c1ccccn1,4.05,O=S(=O)(O)C(O)c1ccccn1,189.192,-0.0397,87.49,4,2,2,1,0.166667,0,1,1,3,1,0,
O=S(=O)(O)C(O)c1cccnc1,4.6,O=S(=O)(O)C(O)c1cccnc1,189.192,-0.0397,87.49,4,2,2,1,0.166667,0,1,1,3,1,0,
O=S(=O)(O)C(O)c1ccncc1,4.95,O=S(=O)(O)C(O)c1ccncc1,189.192,-0.0397,87.49,4,2,2,1,0.166667,0,1,1,3,1,0,
O=S(=O)(O)CCc1ccccn1,5.14,O=S(=O)(O)CCc1ccccn1,187.22,0.5119,67.26,3,1,3,1,0.285714,0,1,1,3,1,0,
O=S(=O)(O)c1c(O)ccc2[nH]ncc12,10.55,O=S(=O)(O)c1c(O)ccc2[nH]ncc12,214.202,0.5152,103.28,4,3,1,2,0.0,0,1,1,3,1,1,
O=S(=O)(O)c1c(O)ccc2cn[nH]c12,9.45,O=S(=O)(O)c1c(O)ccc2cn[nH]c12,214.202,0.5152,103.28,4,3,1,2,0.0,0,1,1,3,1,1,
O=S(=O)(O)c1cc(Br)c(O)c2ncccc12,3.22,O=S(=O)(O)c1cc(Br)c(O)c2ncccc12,304.121,1.9496,87.49,4,2,1,2,0.0,0,1,1,3,1,1,
O=S(=O)(O)c1cc(Br)c2cccnc2c1O,3.565,O=S(=O)(O)c1cc(Br)c2cccnc2c1O,304.121,1.9496,87.49,4,2,1,2,0.0,0,1,1,3,1,1,
O=S(=O)(O)c1cc(Cl)c(O)c2ncccc12,2.91,O=S(=O)(O)c1cc(Cl)c(O)c2ncccc12,259.67,1.8405,87.49,4,2,1,2,0.0,0,1,1,3,1,1,
O=S(=O)(O)c1cc(Cl)c2cccnc2c1O,3.08,O=S(=O)(O)c1cc(Cl)c2cccnc2c1O,259.67,1.8405,87.49,4,2,1,2,0.0,0,1,1,3,1,1,
O=S(=O)(O)c1cc(I)c(O)c2ncccc12,2.5208,O=S(=O)(O)c1cc(I)c(O)c2ncccc12,351.121,1.7917,87.49,4,2,1,2,0.0,0,1,1,3,1,1,
O=S(=O)(O)c1cc(I)c2cccnc2c1O,3.58,O=S(=O)(O)c1cc(I)c2cccnc2c1O,351.121,1.7917,87.49,4,2,1,2,0.0,0,1,1,3,1,1,
O=S(=O)(O)c1cc(N=Nc2ccccc2)c(O)c2ncccc12,3.41,O=S(=O)(O)c1cc(N=Nc2ccccc2)c(O)c2ncccc12,329.337,3.6025,112.21,6,2,3,3,0.0,0,1,1,3,1,1,
O=S(=O)(O)c1cc(O)c2[nH]ncc2c1,8.0,O=S(=O)(O)c1cc(O)c2[nH]ncc2c1,214.202,0.5152,103.28,4,3,1,2,0.0,0,1,1,3,1,1,
O=S(=O)(O)c1cc(O)c2cn[nH]c2c1,8.1,O=S(=O)(O)c1cc(O)c2cn[nH]c2c1,214.202,0.5152,103.28,4,3,1,2,0.0,0,1,1,3,1,1,
O=S(=O)(O)c1cc(O)cc2[nH]ncc12,8.85,O=S(=O)(O)c1cc(O)cc2[nH]ncc12,214.202,0.5152,103.28,4,3,1,2,0.0,0,1,1,3,1,1,
O=S(=O)(O)c1cc(O)cc2cn[nH]c12,9.65,O=S(=O)(O)c1cc(O)cc2cn[nH]c12,214.202,0.5152,103.28,4,3,1,2,0.0,0,1,1,3,1,1,
O=S(=O)(O)c1cc2cn[nH]c2c(S(=O)(=O)O)c1O,9.4,O=S(=O)(O)c1cc2cn[nH]c2c(S(=O)(=O)O)c1O,294.266,-0.2381,157.65,6,4,2,2,0.0,0,1,2,6,2,2,
O=S(=O)(O)c1ccc(N=NN(O)c2ccccc2)cc1,9.99,O=S(=O)(O)c1ccc(N=NN(O)c2ccccc2)cc1,293.304,2.8278,102.56,5,2,4,2,0.0,0,1,1,3,1,1,
O=S(=O)(O)c1ccc(O)c2[nH]ncc12,7.6,O=S(=O)(O)c1ccc(O)c2[nH]ncc12,214.202,0.5152,103.28,4,3,1,2,0.0,0,1,1,3,1,1,
O=S(=O)(O)c1ccc(O)c2cn[nH]c12,7.6,O=S(=O)(O)c1ccc(O)c2cn[nH]c12,214.202,0.5152,103.28,4,3,1,2,0.0,0,1,1,3,1,1,
O=S(=O)(O)c1ccc2c(N=Nc3nc4ccccc4s3)c(O)ccc2c1,8.41,O=S(=O)(O)c1ccc2c(N=Nc3nc4ccccc4s3)c(O)ccc2c1,385.426,4.8172,112.21,7,2,3,4,0.0,0,1,1,3,1,1,
O=S(=O)(O)c1ccc2c(N=Nc3nccs3)c(O)ccc2c1,8.38,O=S(=O)(O)c1ccc2c(N=Nc3nccs3)c(O)ccc2c1,335.366,3.664,112.21,7,2,3,3,0.0,0,1,1,3,1,1,
O=S(=O)(O)c1ccc2cccnc2c1O,3.805,O=S(=O)(O)c1ccc2cccnc2c1O,225.225,1.1871,87.49,4,2,1,2,0.0,0,1,1,3,1,1,
O=S(=O)(O)c1cccc2ncc(O)cc12,4.09,O=S(=O)(O)c1cccc2ncc(O)cc12,225.225,1.1871,87.49,4,2,1,2,0.0,0,1,1,3,1,1,
O=S(=O)(O)c1ccccn1,1.75,O=S(=O)(O)c1ccccn1,159.166,0.3283,67.26,3,1,1,1,0.0,0,1,1,3,1,1,
O=S(=O)(O)c1cccnc1,3.22,O=S(=O)(O)c1cccnc1,159.166,0.3283,67.26,3,1,1,1,0.0,0,1,1,3,1,1,
O=S(=O)(O)c1ccncc1,3.44,O=S(=O)(O)c1ccncc1,159.166,0.3283,67.26,3,1,1,1,0.0,0,1,1,3,1,1,
O=[N+]([O-])c1cc(S(=O)(=O)O)c2cccnc2c1O,5.6850000000000005,O=[N+]([O-])c1cc(S(=O)(=O)O)c2cccnc2c1O,270.222,1.0953,130.63,6,2,2,2,0.0,0,1,1,3,1,1,
O=[N+]([O-])c1ccc(N=Nc2cc(S(=O)(=O)O)c3cccnc3c2O)cc1,7.494,O=[N+]([O-])c1ccc(N=Nc2cc(S(=O)(=O)O)c3cccnc3c2O)cc1,374.334,3.5107,155.35,8,2,4,3,0.0,0,1,1,3,1,1,
O=c1cc(S(=O)(=O)O)[nH]c(=O)[nH]1,7.26,O=c1cc(S(=O)(=O)O)[nH]c(=O)[nH]1,192.152,-1.6901,120.09,4,3,1,1,0.0,0,1,1,3,1,1,
