source_csv_row,SMILES,pka_value,canonical_smiles,MW,logP,TPSA,HBA,HBD,rotatable_bonds,aromatic_rings,FractionCSP3,formal_charge,acid_type,acid_group_count,local_heteroatom_count,nearest_heteroatom_distance,local_conjugation,error,cv_fold,predicted_pka_value,residual_pka_value
2,Br/C=C/C(=O)O,3.71,O=C(O)/C=C/Br,150.959,0.9796,37.3,1,1,1,0,0.0,0,0,1,1,2,1,,2,3.73152313941782,-0.021523139417820136
3,BrC1=C(C=CC=C1)/C=C/C(=O)O,4.23,O=C(O)/C=C/c1ccccc1Br,227.057,2.5469,37.3,1,1,2,1,0.0,0,0,1,1,2,1,,5,3.6923831756468664,0.5376168243531341
4,Br\C=C/C(=O)O,3.32,O=C(O)/C=C\Br,150.959,0.9796,37.3,1,1,1,0,0.0,0,0,1,1,2,1,,2,3.73152313941782,-0.41152313941782026
5,C#CC#CC#CC(=O)O,1.67,C#CC#CC#CC(=O)O,118.091,-0.289,37.3,1,1,0,0,0.0,0,0,1,1,2,1,,1,2.69174702342318,-1.0217470234231802
6,C#CC(=O)O,1.8635,C#CC(=O)O,70.047,-0.2958,37.3,1,1,0,0,0.0,0,0,1,1,2,1,,5,2.810921002087353,-0.947421002087353
7,C#CCC(=O)O,3.32,C#CCC(=O)O,84.074,0.0943,37.3,1,1,1,0,0.25,0,0,1,1,2,1,,2,3.3645706160053246,-0.04457061600532475
8,C#CCCC(=O)O,4.2,C#CCCC(=O)O,98.101,0.4844,37.3,1,1,2,0,0.4,0,0,1,1,2,1,,2,3.9451389714902145,0.25486102850978565
9,C#CCCCC(=O)O,4.59,C#CCCCC(=O)O,112.128,0.8745,37.3,1,1,3,0,0.5,0,0,1,1,2,1,,2,4.335161004411221,0.25483899558877887
10,C#CCCCCC(=O)O,4.57,C#CCCCCC(=O)O,126.155,1.2646,37.3,1,1,4,0,0.571429,0,0,1,1,2,1,,4,4.58851548020484,-0.018515480204839285
11,C(C)(=O)NC1=CC=C(C=C1)[C@H]1[C@@H](C1)C(=O)O,4.57,CC(=O)Nc1ccc([C@@H]2C[C@H]2C(=O)O)cc1,219.24,1.8331,66.4,2,2,3,1,0.333333,0,0,1,1,2,1,,2,5.1189558016434304,-0.5489558016434302
12,C(\C=C/CC)(=O)O,4.7,CC/C=C\C(=O)O,100.117,1.0372,37.3,1,1,2,0,0.4,0,0,1,1,2,1,,1,3.884304930926898,0.8156950690731022
13,C(\C=C/CCC)(=O)O,4.63,CCC/C=C\C(=O)O,114.144,1.4273,37.3,1,1,3,0,0.5,0,0,1,1,2,1,,3,4.17061558290998,0.4593844170900203
14,C(\C=C/CCCC)(=O)O,4.12,CCCC/C=C\C(=O)O,128.171,1.8174,37.3,1,1,4,0,0.571429,0,0,1,1,2,1,,3,4.350469644446931,-0.23046964444693074
15,C(\C=C\C#C)(=O)O,3.75,C#C/C=C/C(=O)O,96.085,0.2604,37.3,1,1,1,0,0.0,0,0,1,1,2,1,,5,3.4101658026238013,0.3398341973761987
16,C(\C=C\C#CC)(=O)O,4.2,CC#C/C=C/C(=O)O,110.112,0.6505,37.3,1,1,1,0,0.166667,0,0,1,1,2,1,,5,3.2611885652367896,0.9388114347632106
17,C(\C=C\CC)(=O)O,4.74,CC/C=C/C(=O)O,100.117,1.0372,37.3,1,1,2,0,0.4,0,0,1,1,2,1,,3,3.8196579558645896,0.9203420441354107
18,C(\C=C\CCCC)(=O)O,4.88,CCCC/C=C/C(=O)O,128.171,1.8174,37.3,1,1,4,0,0.571429,0,0,1,1,2,1,,4,4.471482494233563,0.40851750576643653
19,C/C(=C/C(=O)O)C(=O)O,2.2,C/C(=C/C(=O)O)C(=O)O,130.099,0.1019,74.6,2,2,2,0,0.2,0,0,2,2,4,2,,4,2.1848397208270427,0.01516027917295748
20,C/C(Cl)=C/C(=O)O,4.0075,C/C(Cl)=C/C(=O)O,120.535,1.2136,37.3,1,1,1,0,0.25,0,0,1,1,2,1,,3,3.1726480933803045,0.8348519066196958
21,C/C=C/C(=O)O,4.720000000000001,C/C=C/C(=O)O,86.09,0.6471,37.3,1,1,1,0,0.25,0,0,1,1,2,1,,3,3.4052367599566917,1.314763240043309
22,C/C=C\C(=O)O,4.5600000000000005,C/C=C\C(=O)O,86.09,0.6471,37.3,1,1,1,0,0.25,0,0,1,1,2,1,,5,3.6376800792823616,0.9223199207176389
23,C1(=CC=CC=C1)/C=C/C(=O)O,4.46,O=C(O)/C=C/c1ccccc1,148.161,1.7844,37.3,1,1,2,1,0.0,0,0,1,1,2,1,,5,4.109607545100521,0.35039245489947923
24,C1(=CC=CC=C1)[C@H]1[C@@H](C1)C(=O)O,4.57,O=C(O)[C@@H]1C[C@H]1c1ccccc1,162.188,1.8747,37.3,1,1,2,1,0.3,0,0,1,1,2,1,,3,4.299709238541314,0.27029076145868647
25,C1(=CC=CC=C1)\C=C/C(=O)O,3.93,O=C(O)/C=C\c1ccccc1,148.161,1.7844,37.3,1,1,2,1,0.0,0,0,1,1,2,1,,1,4.286825297377641,-0.3568252973776409
26,C1[C@H]([C@@H](CC2=CC=CC=C12)N(CC(=O)O)CC(=O)O)N(CC(=O)O)CC(=O)O,2.2,O=C(O)CN(CC(=O)O)[C@@H]1Cc2ccccc2C[C@H]1N(CC(=O)O)CC(=O)O,394.38,-0.5352,155.68,6,4,10,1,0.444444,0,0,4,4,8,4,,3,2.424712942511936,-0.22471294251193585
27,C=C(C)c1ccc(C(=O)O)cc1,4.04,C=C(C)c1ccc(C(=O)O)cc1,162.188,2.4179,37.3,1,1,2,1,0.1,0,0,1,1,2,1,,1,4.1808141451777185,-0.1408141451777185
28,C=C(CC(=O)O)C(=O)O,3.6545,C=C(CC(=O)O)C(=O)O,130.099,0.1019,74.6,2,2,3,0,0.2,0,0,2,2,4,2,,4,2.557441118079322,1.097058881920678
29,C=C=CC(=O)O,3.69,C=C=CC(=O)O,84.074,0.4121,37.3,1,1,1,0,0.0,0,0,1,1,2,1,,5,3.7365421237799934,-0.04654212377999345
30,C=CC#CCC(=O)O,3.39,C=CC#CCC(=O)O,110.112,0.6505,37.3,1,1,1,0,0.166667,0,0,1,1,2,1,,2,3.2795862618893277,0.11041373811067245
31,C=CC(=O)O,4.2485,C=CC(=O)O,72.063,0.257,37.3,1,1,1,0,0.0,0,0,1,1,2,1,,2,3.8257219776282283,0.42277802237177164
32,C=CCCCSCC(=O)O,3.739,C=CCCCSCC(=O)O,160.238,1.7704,37.3,2,1,6,0,0.571429,0,0,1,1,2,1,,1,3.4342447345898255,0.3047552654101744
33,C=CCCSCC(=O)O,3.717,C=CCCSCC(=O)O,146.211,1.3803,37.3,2,1,5,0,0.5,0,0,1,1,2,1,,1,3.537900237368475,0.17909976263152494
34,C=CCN(CC(=O)O)CC(=O)O,9.28,C=CCN(CC(=O)O)CC(=O)O,173.168,-0.3564,77.84,3,2,6,0,0.428571,0,0,2,2,4,2,,5,3.6060840606643936,5.673915939335606
35,C=CCSCC(=O)O,3.683,C=CCSCC(=O)O,132.184,0.9902,37.3,2,1,4,0,0.4,0,0,1,1,2,1,,2,3.78535652483748,-0.10235652483748003
36,C=CCc1ccc(C(=O)O)cc1,4.34,C=CCc1ccc(C(=O)O)cc1,162.188,2.1133,37.3,1,1,3,1,0.1,0,0,1,1,2,1,,5,4.250112062862576,0.08988793713742371
37,C=CCc1cccc(C(=O)O)c1,4.32,C=CCc1cccc(C(=O)O)c1,162.188,2.1133,37.3,1,1,3,1,0.1,0,0,1,1,2,1,,5,4.250112062862576,0.06988793713742414
38,CC#CC#CC(=O)O,1.94,CC#CC#CC(=O)O,108.096,0.0977,37.3,1,1,0,0,0.166667,0,0,1,1,2,1,,4,2.37298869888297,-0.4329886988829701
39,CC#CC#CCC(=O)O,3.23,CC#CC#CCC(=O)O,122.123,0.4878,37.3,1,1,1,0,0.285714,0,0,1,1,2,1,,4,2.9812522927195353,0.2487477072804647
40,CC#CC(=O)O,2.603,CC#CC(=O)O,84.074,0.0943,37.3,1,1,0,0,0.25,0,0,1,1,2,1,,3,2.815510352284825,-0.21251035228482484
41,CC#CCC(=O)O,3.59,CC#CCC(=O)O,98.101,0.4844,37.3,1,1,1,0,0.4,0,0,1,1,2,1,,1,3.2661290196915402,0.3238709803084596
42,CC(=O)/C=C/C(=O)O,3.24,CC(=O)/C=C/C(=O)O,114.1,0.2162,54.37,2,1,2,0,0.2,0,0,1,1,2,1,,5,3.4953114721495457,-0.2553114721495455
43,CC(=O)C(=O)O,2.365,CC(=O)C(=O)O,88.062,-0.34,54.37,2,1,1,0,0.333333,0,0,1,1,2,1,,3,3.5828539297184108,-1.2178539297184106
44,CC(=O)C(CC(=O)O)C(=O)O,2.86,CC(=O)C(CC(=O)O)C(=O)O,160.125,-0.2491,91.67,3,2,4,0,0.5,0,0,2,2,4,2,,3,2.9118294333195722,-0.05182943331957235
45,CC(=O)CC(=O)O,3.6,CC(=O)CC(=O)O,102.089,0.0501,54.37,2,1,2,0,0.5,0,0,1,1,2,1,,3,4.277530506491672,-0.6775305064916721
46,CC(=O)CCC(=O)O,4.6,CC(=O)CCC(=O)O,116.116,0.4402,54.37,2,1,3,0,0.6,0,0,1,1,2,1,,1,4.533842084912725,0.06615791508727487
47,CC(=O)CCCC(=O)O,4.8,CC(=O)CCCC(=O)O,130.143,0.8303,54.37,2,1,4,0,0.666667,0,0,1,1,2,1,,4,4.814708075392283,-0.014708075392283249
48,CC(=O)NC(CC([N+](=O)[O-])([N+](=O)[O-])[N+](=O)[O-])C(=O)O,3.43,CC(=O)NC(CC([N+](=O)[O-])([N+](=O)[O-])[N+](=O)[O-])C(=O)O,280.149,-1.5503,195.82,8,2,7,0,0.666667,0,0,1,1,2,1,,3,3.1290841349828575,0.3009158650171426
49,CC(=O)NC(Cc1cc(I)c(O)c(I)c1)C(=O)O,7.12,CC(=O)NC(Cc1cc(I)c(O)c(I)c1)C(=O)O,475.02,1.7332,86.63,3,3,4,1,0.272727,0,0,1,1,2,1,,5,6.564773886208339,0.5552261137916608
50,CC(=O)NC(Cc1ccc(O)c(I)c1)C(=O)O,8.83,CC(=O)NC(Cc1ccc(O)c(I)c1)C(=O)O,349.124,1.1286,86.63,3,3,4,1,0.272727,0,0,1,1,2,1,,4,7.07731973554552,1.7526802644544803
51,CC(=O)NCC(=O)NC(Cc1c[nH]cn1)C(=O)NCC(=O)O,6.86,CC(=O)NCC(=O)NC(Cc1c[nH]cn1)C(=O)NCC(=O)O,311.298,-2.2261,153.28,5,5,8,1,0.416667,0,0,1,1,2,1,,2,7.279844638273273,-0.4198446382732728
52,CC(=O)NCC(=O)NC(Cc1cn(Cc2ccccc2)cn1)C(=O)NCC(=O)O,6.37,CC(=O)NCC(=O)NC(Cc1cn(Cc2ccccc2)cn1)C(=O)NCC(=O)O,401.423,-0.7044,142.42,5,4,10,2,0.315789,0,0,1,1,2,1,,3,5.81521423008515,0.55478576991485
53,CC(=O)NCC(=O)NCC(=O)NC(Cc1c[nH]cn1)C(=O)O,7.18,CC(=O)NCC(=O)NCC(=O)NC(Cc1c[nH]cn1)C(=O)O,311.298,-2.2261,153.28,5,5,8,1,0.416667,0,0,1,1,2,1,,3,7.079983175756457,0.10001682424354286
54,CC(=O)NCC(=O)NCC(=O)NCC(=O)NC(Cc1c[nH]cn1)C(=O)O,7.21,CC(=O)NCC(=O)NCC(=O)NCC(=O)NC(Cc1c[nH]cn1)C(=O)O,368.35,-3.1099,182.38,6,6,10,1,0.428571,0,0,1,1,2,1,,5,7.122426137165628,0.08757386283437185
55,CC(=O)NCC(=O)NCC(=O)N[C@@H](Cc1cnc[nH]1)C(=O)NCC(=O)O,6.9,CC(=O)NCC(=O)NCC(=O)N[C@@H](Cc1cnc[nH]1)C(=O)NCC(=O)O,368.35,-3.1099,182.38,6,6,10,1,0.428571,0,0,1,1,2,1,,4,7.309648656480784,-0.4096486564807833
56,CC(=O)NCC(=O)NCC(=O)N[C@@H](Cc1cnc[nH]1)C(=O)O,7.18,CC(=O)NCC(=O)NCC(=O)N[C@@H](Cc1cnc[nH]1)C(=O)O,311.298,-2.2261,153.28,5,5,8,1,0.416667,0,0,1,1,2,1,,1,7.239951585696248,-0.0599515856962487
57,CC(=O)NCC(=O)N[C@@H](Cc1c[nH]cn1)C(=O)O,7.11,CC(=O)NCC(=O)N[C@@H](Cc1c[nH]cn1)C(=O)O,254.246,-1.3423,124.18,4,4,6,1,0.4,0,0,1,1,2,1,,1,7.899986749277987,-0.7899867492779871
58,CC(=O)N[C@@H](Cc1c[nH]cn1)C(=O)O,7.08,CC(=O)N[C@@H](Cc1c[nH]cn1)C(=O)O,197.194,-0.4585,95.08,3,3,4,1,0.375,0,0,1,1,2,1,,3,8.476713659814578,-1.3967136598145782
59,CC(=O)N[C@@H](Cc1ccc(O)cc1)C(=O)O,10.11,CC(=O)N[C@@H](Cc1ccc(O)cc1)C(=O)O,223.228,0.524,86.63,3,3,4,1,0.272727,0,0,1,1,2,1,,3,6.550071195848094,3.5599288041519053
60,CC(=O)Nc1cccc(C(=O)O)c1,4.03,CC(=O)Nc1cccc(C(=O)O)c1,179.175,1.3432,66.4,2,2,2,1,0.111111,0,0,1,1,2,1,,5,4.305146632850502,-0.2751466328505021
61,CC(=O)O,4.645133333333334,CC(=O)O,60.052,0.0909,37.3,1,1,0,0,0.5,0,0,1,1,2,1,,1,3.2648586311807533,1.3802747021525805
62,CC(=O)OC(C(=O)O)C(C)([N+](=O)[O-])[N+](=O)[O-],1.85,CC(=O)OC(C(=O)O)C(C)([N+](=O)[O-])[N+](=O)[O-],236.136,-0.7277,149.88,7,1,5,0,0.666667,0,0,1,1,2,1,,1,3.2312943736859965,-1.3812943736859964
63,CC(=O)OC(CC(=O)O)C[N+](C)(C)C.[Cl-],3.6,CC(=O)OC(CC(=O)O)C[N+](C)(C)C.[Cl-],239.699,-2.897,63.6,3,1,5,0,0.777778,0,0,1,1,2,1,,3,3.5225101217193386,0.07748987828066145
64,CC(=O)OC(CC([N+](=O)[O-])([N+](=O)[O-])[N+](=O)[O-])C(=O)O,2.02,CC(=O)OC(CC([N+](=O)[O-])([N+](=O)[O-])[N+](=O)[O-])C(=O)O,281.133,-1.1233,193.02,9,1,7,0,0.666667,0,0,1,1,2,1,,5,2.5163318423819723,-0.49633184238197225
65,CC(=O)Oc1ccc(C(=O)O)cc1,3.92,CC(=O)Oc1ccc(C(=O)O)cc1,180.159,1.3101,63.6,3,1,2,1,0.111111,0,0,1,1,2,1,,1,3.1671570782291463,0.7528429217708537
66,CC(=O)Oc1ccccc1C(=O)O,3.38,CC(=O)Oc1ccccc1C(=O)O,180.159,1.3101,63.6,3,1,2,1,0.111111,0,0,1,1,2,1,,5,3.2958968364347783,0.08410316356522163
67,CC(=O)SCC(=O)O,3.23,CC(=O)SCC(=O)O,134.156,0.3507,54.37,3,1,2,0,0.5,0,0,1,1,2,1,,2,3.253179718711059,-0.02317971871105895
68,CC(=O)c1ccc(C(=O)O)cc1,3.7,CC(=O)c1ccc(C(=O)O)cc1,164.16,1.5874,54.37,2,1,2,1,0.111111,0,0,1,1,2,1,,1,3.787037712499556,-0.08703771249955583
69,CC(=O)c1ccc(CC(=O)O)s1,3.76,CC(=O)c1ccc(CC(=O)O)s1,184.216,1.5778,54.37,3,1,3,1,0.25,0,0,1,1,2,1,,1,3.5611226104878817,0.19887738951211809
70,CC(=O)c1ccc(OCC(=O)O)cc1,2.81,CC(=O)c1ccc(OCC(=O)O)cc1,194.186,1.3526,63.6,3,1,4,1,0.2,0,0,1,1,2,1,,3,3.56275746896297,-0.7527574689629701
71,CC(=O)c1cccc(C(=O)O)c1,3.827,CC(=O)c1cccc(C(=O)O)c1,164.16,1.5874,54.37,2,1,2,1,0.111111,0,0,1,1,2,1,,2,3.8990159552186427,-0.07201595521864279
72,CC(=O)c1cccc(NCC(=O)O)c1,3.93,CC(=O)c1cccc(NCC(=O)O)c1,193.202,1.3857,66.4,3,2,4,1,0.2,0,0,1,1,2,1,,1,4.466759207645667,-0.5367592076456664
73,CC(=O)c1ccccc1C(=O)O,4.123,CC(=O)c1ccccc1C(=O)O,164.16,1.5874,54.37,2,1,2,1,0.111111,0,0,1,1,2,1,,5,3.8860119776970046,0.23698802230299565
74,CC(=S)SCC(=O)O,2.9450000000000003,CC(=S)SCC(=O)O,150.224,1.1515,37.3,3,1,2,0,0.5,0,0,1,1,2,1,,1,2.481545591504945,0.46345440849505515
75,CC(Br)=CC(=O)O,3.86,CC(Br)=CC(=O)O,164.986,1.3697,37.3,1,1,1,0,0.25,0,0,1,1,2,1,,2,3.115037588826712,0.744962411173288
76,CC(Br)C(=O)O,3.01,CC(Br)C(=O)O,152.975,0.8544,37.3,1,1,1,0,0.666667,0,0,1,1,2,1,,3,3.668415865396001,-0.6584158653960013
77,CC(C(=O)O)C(=O)O,3.05,CC(C(=O)O)C(=O)O,118.088,-0.2083,74.6,2,2,2,0,0.5,0,0,2,2,4,2,,3,3.3495373874580663,-0.29953738745806646
78,CC(C(=O)O)c1ccccc1,4.3,CC(C(=O)O)c1ccccc1,150.177,1.8747,37.3,1,1,2,1,0.222222,0,0,1,1,2,1,,1,4.366276057329492,-0.06627605732949249
79,CC(C(O)C(=O)O)([N+](=O)[O-])[N+](=O)[O-],2.37,CC(C(O)C(=O)O)([N+](=O)[O-])[N+](=O)[O-],194.099,-1.2985,143.81,6,2,4,0,0.75,0,0,1,1,2,1,,2,5.237902785072408,-2.867902785072408
80,CC(C)(C#N)C(=O)O,2.422,CC(C)(C#N)C(=O)O,113.116,0.62078,61.09,2,1,1,0,0.6,0,0,1,1,2,1,,2,3.7698560926092735,-1.3478560926092733
81,CC(C)(C(=O)O)C(=O)C(=O)O,1.77,CC(C)(C(=O)O)C(=O)C(=O)O,160.125,-0.2491,91.67,3,2,3,0,0.5,0,0,2,2,4,2,,2,2.8758689697281796,-1.1058689697281796
82,CC(C)(C(=O)O)C(=O)O,3.03,CC(C)(C(=O)O)C(=O)O,132.115,0.1818,74.6,2,2,2,0,0.6,0,0,2,2,4,2,,5,3.781875975709558,-0.7518759757095581
83,CC(C)(C(=O)O)C(C)(C)C(=O)O,3.88,CC(C)(C(=O)O)C(C)(C)C(=O)O,174.196,1.208,74.6,2,2,3,0,0.75,0,0,2,2,4,2,,2,3.969302095781136,-0.0893020957811359
84,CC(C)(C)C#CC(=O)O,2.66,CC(C)(C)C#CC(=O)O,126.155,1.1205,37.3,1,1,0,0,0.571429,0,0,1,1,2,1,,2,2.70697596086599,-0.04697596086598965
85,CC(C)(C)C(=O)O,5.1555,CC(C)(C)C(=O)O,102.133,1.1171,37.3,1,1,0,0,0.8,0,0,1,1,2,1,,3,3.8561323615766128,1.2993676384233872
86,CC(C)(C)C(C(=O)O)C(=O)O,2.92,CC(C)(C)C(C(=O)O)C(=O)O,160.169,0.8179,74.6,2,2,2,0,0.714286,0,0,2,2,4,2,,2,4.044606101614329,-1.1246061016143294
87,CC(C)(C)C(C(=O)O)C(C(=O)O)C(C)(C)C,2.4850000000000003,CC(C)(C)C(C(=O)O)C(C(=O)O)C(C)(C)C,230.304,2.4802,74.6,2,2,3,0,0.833333,0,0,2,2,4,2,,5,3.9309689017466223,-1.445968901746622
88,CC(C)(C)C(C)(CC(=O)O)CC(=O)O,3.61,CC(C)(C)C(C)(CC(=O)O)CC(=O)O,202.25,1.9882,74.6,2,2,4,0,0.8,0,0,2,2,4,2,,1,3.587510299068526,0.022489700931473955
89,CC(C)(C)C1CCC(C(=O)O)C(C(=O)O)C1,4.29,CC(C)(C)C1CCC(C(=O)O)C(C(=O)O)C1,228.288,2.2342,74.6,2,2,2,0,0.833333,0,0,2,2,4,2,,5,4.243443527288549,0.046556472711451136
90,CC(C)(C)CC#CC(=O)O,2.53,CC(C)(C)CC#CC(=O)O,140.182,1.5106,37.3,1,1,0,0,0.625,0,0,1,1,2,1,,1,2.9051793960565684,-0.3751793960565686
91,CC(C)(C)c1ccc(C(=O)O)cc1,4.382,CC(C)(C)c1ccc(C(=O)O)cc1,178.231,2.6823,37.3,1,1,1,1,0.363636,0,0,1,1,2,1,,3,4.01973513023505,0.36226486976494954
92,CC(C)(C)c1ccc(S(=O)(=O)CC(=O)O)cc1,2.598,CC(C)(C)c1ccc(S(=O)(=O)CC(=O)O)cc1,256.323,1.8424,71.44,3,1,3,1,0.416667,0,0,1,1,2,1,,2,4.049082836235351,-1.4510828362353507
93,CC(C)(C)c1ccc(S(=O)CC(=O)O)cc1,2.773,CC(C)(C)c1ccc(S(=O)CC(=O)O)cc1,240.324,2.1763,54.37,2,1,3,1,0.416667,0,0,1,1,2,1,,5,4.684226035783641,-1.9112260357836406
94,CC(C)(C)c1ccc(SCC(=O)O)cc1,3.758,CC(C)(C)c1ccc(SCC(=O)O)cc1,224.325,3.1608,37.3,2,1,3,1,0.416667,0,0,1,1,2,1,,3,3.9628530832737963,-0.20485308327379625
95,CC(C)(C)c1cccc(C(=O)O)c1,4.204,CC(C)(C)c1cccc(C(=O)O)c1,178.231,2.6823,37.3,1,1,1,1,0.363636,0,0,1,1,2,1,,3,4.01973513023505,0.1842648697649496
96,CC(C)(CC(=O)O)CC(=O)O,3.79,CC(C)(CC(=O)O)CC(=O)O,160.169,0.962,74.6,2,2,4,0,0.714286,0,0,2,2,4,2,,3,4.005424384943131,-0.2154243849431312
97,CC(C)(CCC(=O)O)N(F)F,4.35,CC(C)(CCC(=O)O)N(F)F,167.155,1.7008,40.54,2,1,4,0,0.833333,0,0,1,1,2,1,,5,4.247506021414183,0.10249397858581677
98,CC(C)(N)C(=O)O,10.2125,CC(C)(N)C(=O)O,103.121,-0.1917,63.32,2,2,1,0,0.75,0,0,1,1,2,1,,1,8.270082430973098,1.9424175690269028
99,CC(C)(O)C(=O)O,3.784,CC(C)(O)C(=O)O,104.105,-0.1581,57.53,2,2,1,0,0.75,0,0,1,1,2,1,,2,8.049196555105631,-4.265196555105631
100,CC(C)(OCC(=O)O)C(=O)O,3.44,CC(C)(OCC(=O)O)C(=O)O,162.141,-0.0492,83.83,3,2,4,0,0.666667,0,0,2,2,4,2,,5,3.5500182119197383,-0.11001821191973837
101,CC(C)(SCC(=O)O)C(=O)O,3.74,CC(C)(SCC(=O)O)C(=O)O,178.209,0.6674,74.6,3,2,4,0,0.666667,0,0,2,2,4,2,,5,3.221291066761801,0.5187089332381993
102,CC(C)=CC(=O)O,5.12,CC(C)=CC(=O)O,100.117,1.0372,37.3,1,1,1,0,0.4,0,0,1,1,2,1,,1,3.2155112007263176,1.9044887992736825
103,CC(C)C(=O)O,4.619,CC(C)C(=O)O,88.106,0.727,37.3,1,1,1,0,0.75,0,0,1,1,2,1,,1,4.607634861830217,0.011365138169782796
104,CC(C)C(C#N)(C(=O)O)C(C)C,2.556,CC(C)C(C#N)(C(=O)O)C(C)C,169.224,1.89298,61.09,2,1,3,0,0.777778,0,0,1,1,2,1,,5,4.623346036507015,-2.067346036507015
105,CC(C)C(C#N)C(=O)O,2.014,CC(C)C(C#N)C(=O)O,127.143,0.86678,61.09,2,1,2,0,0.666667,0,0,1,1,2,1,,4,4.407966515799011,-2.393966515799011
106,CC(C)C(C(=O)O)(C(=O)O)C(C)C,2.152,CC(C)C(C(=O)O)(C(=O)O)C(C)C,188.223,1.454,74.6,2,2,4,0,0.777778,0,0,2,2,4,2,,3,3.7032145893985726,-1.5512145893985725
107,CC(C)C(C(=O)O)C(=O)O,3.0966666666666662,CC(C)C(C(=O)O)C(=O)O,146.142,0.4278,74.6,2,2,3,0,0.666667,0,0,2,2,4,2,,5,4.063979451784031,-0.9673127851173651
108,CC(C)C(C)(CC(=O)O)CC(=O)O,3.78,CC(C)C(C)(CC(=O)O)CC(=O)O,188.223,1.5981,74.6,2,2,5,0,0.777778,0,0,2,2,4,2,,5,3.7867699906789003,-0.006769990678900495
109,CC(C)C(CC(=O)O)(CC(=O)O)C(C)C,3.63,CC(C)C(CC(=O)O)(CC(=O)O)C(C)C,216.277,2.2342,74.6,2,2,6,0,0.818182,0,0,2,2,4,2,,1,3.3951196894197406,0.23488031058025927
110,CC(C)C(CC(=O)O)CC(=O)O,4.28,CC(C)C(CC(=O)O)CC(=O)O,174.196,1.208,74.6,2,2,5,0,0.75,0,0,2,2,4,2,,3,3.9477661331675944,0.33223386683240586
111,CC(C)CNCC(=O)O,10.12,CC(C)CNCC(=O)O,131.175,0.3166,49.33,2,2,4,0,0.833333,0,0,1,1,2,1,,1,10.002982140618961,0.11701785938103804
112,CC(C)C[C@H](N)C(=O)NCC(=O)NCC(=O)O,7.835,CC(C)C[C@H](N)C(=O)NCC(=O)NCC(=O)O,245.279,-1.3232,121.52,4,4,7,0,0.7,0,0,1,1,2,1,,1,7.143979395091823,0.6910206049081768
113,CC(C)C[C@H](N)C(=O)NCC(=O)O,8.015,CC(C)C[C@H](N)C(=O)NCC(=O)O,188.227,-0.4394,92.42,3,3,5,0,0.75,0,0,1,1,2,1,,4,9.262078933933417,-1.247078933933416
114,CC(C)C[C@H](N)C(=O)O,9.6888,CC(C)C[C@H](N)C(=O)O,131.175,0.4444,63.32,2,2,3,0,0.833333,0,0,1,1,2,1,,4,9.524693469671968,0.16410653032803246
115,CC(C)C[C@H](NC(=O)[C@@H](N)CO)C(=O)O,7.45,CC(C)C[C@H](NC(=O)[C@@H](N)CO)C(=O)O,218.253,-1.0785,112.65,4,4,6,0,0.777778,0,0,1,1,2,1,,3,8.565701727018842,-1.115701727018842
116,CC(C)NCC(=O)O,10.06,CC(C)NCC(=O)O,117.148,0.069,49.33,2,2,3,0,0.8,0,0,1,1,2,1,,3,9.296697156619892,0.7633028433801083
117,CC(C)[C@H](N)C(=O)NCC(=O)O,7.775,CC(C)[C@H](N)C(=O)NCC(=O)O,174.2,-0.8295,92.42,3,3,4,0,0.714286,0,0,1,1,2,1,,4,9.248345327042884,-1.4733453270428836
118,CC(C)[C@H](N)C(=O)O,9.634166666666667,CC(C)[C@H](N)C(=O)O,117.148,0.0543,63.32,2,2,2,0,0.8,0,0,1,1,2,1,,3,9.184766284034303,0.4494003826323638
119,CC(C)[C@H](NC(=O)CN)C(=O)O,8.223333333333334,CC(C)[C@H](NC(=O)CN)C(=O)O,174.2,-0.8295,92.42,3,3,4,0,0.714286,0,0,1,1,2,1,,3,8.983326562438286,-0.7599932291049516
120,CC(C)c1ccc(C(=O)O)cc1,4.36,CC(C)c1ccc(C(=O)O)cc1,164.204,2.5082,37.3,1,1,2,1,0.3,0,0,1,1,2,1,,2,4.351725842125686,0.008274157874314625
121,CC(C)c1ccc(C(O)C(=O)O)cc1,3.64,CC(C)c1ccc(C(O)C(=O)O)cc1,194.23,1.928,57.53,2,2,3,1,0.363636,0,0,1,1,2,1,,4,5.1187456649490155,-1.4787456649490154
122,CC(C)c1cccc(C(=O)O)c1O,2.76,CC(C)c1cccc(C(=O)O)c1O,180.203,2.2138,57.53,2,2,2,1,0.3,0,0,1,1,2,1,,1,4.423570603619924,-1.6635706036199238
123,CC(C)c1csc(C(=O)O)c1,3.66,CC(C)c1csc(C(=O)O)c1,170.233,2.5697,37.3,2,1,2,1,0.375,0,0,1,1,2,1,,5,4.001606515844092,-0.3416065158440915
124,CC(CC(=O)O)(CC(=O)O)c1ccccc1,4.12,CC(CC(=O)O)(CC(=O)O)c1ccccc1,222.24,1.8937,74.6,2,2,5,1,0.333333,0,0,2,2,4,2,,4,3.4805512126445386,0.6394487873554615
125,CC(CC(=O)O)C(=O)O,3.94,CC(CC(=O)O)C(=O)O,132.115,0.1818,74.6,2,2,3,0,0.6,0,0,2,2,4,2,,4,3.655030000913017,0.28496999908698273
126,CC(CC(=O)O)C1(C)N=N1,4.5,CC(CC(=O)O)C1(C)N=N1,142.158,1.2792,62.02,3,1,3,0,0.833333,0,0,1,1,2,1,,3,4.549668504125007,-0.04966850412500712
127,CC(CC(=O)O)CC(=O)O,4.31,CC(CC(=O)O)CC(=O)O,146.142,0.5719,74.6,2,2,4,0,0.666667,0,0,2,2,4,2,,2,4.099011510904451,0.21098848909554846
128,CC(CC(=O)O)c1ccccc1,4.4,CC(CC(=O)O)c1ccccc1,164.204,2.2648,37.3,1,1,3,1,0.3,0,0,1,1,2,1,,3,4.485301011108382,-0.08530101110838206
129,CC(CCC(=O)O)(N(F)F)N(F)F,4.01,CC(CCC(=O)O)(N(F)F)N(F)F,204.123,1.7094,43.78,3,1,5,0,0.8,0,0,1,1,2,1,,4,3.906433334483469,0.1035666655165306
130,CC(CCC(=O)O)([N+](=O)[O-])[N+](=O)[O-],3.98,CC(CCC(=O)O)([N+](=O)[O-])[N+](=O)[O-],192.127,0.1208,123.58,5,1,5,0,0.8,0,0,1,1,2,1,,5,3.589605966520503,0.3903940334794971
131,CC(CCC(=O)O)C(=O)O,4.36,CC(CCC(=O)O)C(=O)O,146.142,0.5719,74.6,2,2,4,0,0.666667,0,0,2,2,4,2,,4,3.9801190419238957,0.37988095807610467
132,CC(CCC(=O)O)c1ccccc1,4.7,CC(CCC(=O)O)c1ccccc1,178.231,2.6549,37.3,1,1,4,1,0.363636,0,0,1,1,2,1,,5,4.721272072472748,-0.02127207247274754
133,CC(CCCC(=O)O)(N(F)F)N(F)F,4.62,CC(CCCC(=O)O)(N(F)F)N(F)F,218.15,2.0995,43.78,3,1,6,0,0.833333,0,0,1,1,2,1,,2,3.6806656884681517,0.9393343115318484
134,CC(CCCC(=O)O)c1ccccc1,4.8,CC(CCCC(=O)O)c1ccccc1,192.258,3.045,37.3,1,1,5,1,0.416667,0,0,1,1,2,1,,2,4.58836894013769,0.21163105986230946
135,CC(CO)(CO)C(=O)O,4.5,CC(CO)(CO)C(=O)O,134.131,-0.9381,77.76,3,3,3,0,0.8,0,0,1,1,2,1,,2,9.882542347792011,-5.382542347792011
136,CC(C[C@H](N)C(=O)O)C(F)(F)F,8.947,CC(C[C@H](N)C(=O)O)C(F)(F)F,185.145,0.9868,63.32,2,2,3,0,0.833333,0,0,1,1,2,1,,5,7.9420636813354815,1.0049363186645177
137,CC(Cl)C(=O)O,2.89,CC(Cl)C(=O)O,108.524,0.6983,37.3,1,1,1,0,0.666667,0,0,1,1,2,1,,2,3.8348153889549095,-0.9448153889549094
138,CC(Cl)CC(=O)O,4.2,CC(Cl)CC(=O)O,122.551,1.0884,37.3,1,1,2,0,0.75,0,0,1,1,2,1,,1,4.5958579288270425,-0.3958579288270423
139,CC(Cl)CCC(=O)O,4.4,CC(Cl)CCC(=O)O,136.578,1.4785,37.3,1,1,3,0,0.8,0,0,1,1,2,1,,1,4.7961886156474165,-0.39618861564741614
140,CC(Cl)CCCC(=O)O,4.6,CC(Cl)CCCC(=O)O,150.605,1.8686,37.3,1,1,4,0,0.833333,0,0,1,1,2,1,,5,4.598761131966912,0.0012388680330879254
141,CC(I)=CC(=O)O,3.835,CC(I)=CC(=O)O,211.986,1.4098,37.3,1,1,1,0,0.25,0,0,1,1,2,1,,1,2.5714155585174043,1.2635844414825956
142,CC(N)C(=O)O,9.906,CC(N)C(=O)O,89.094,-0.5818,63.32,2,2,1,0,0.666667,0,0,1,1,2,1,,2,8.186844985974012,1.7191550140259881
143,CC(N)CC(=O)O,10.19,CC(N)CC(=O)O,103.121,-0.1917,63.32,2,2,2,0,0.75,0,0,1,1,2,1,,2,9.389368081886529,0.8006319181134707
144,CC(N)CCC(=O)O,10.46,CC(N)CCC(=O)O,117.148,0.1984,63.32,2,2,3,0,0.8,0,0,1,1,2,1,,3,9.718897285006296,0.7411027149937048
145,CC(NC(=O)CN)C(=O)O,8.225000000000001,CC(NC(=O)CN)C(=O)O,146.146,-1.4656,92.42,3,3,3,0,0.6,0,0,1,1,2,1,,4,8.823970170528625,-0.5989701705286237
146,CC(O)(CC(=O)C(=O)O)C(=O)O,1.73,CC(O)(CC(=O)C(=O)O)C(=O)O,176.124,-1.1342,111.9,4,3,4,0,0.5,0,0,2,2,4,2,,2,4.041134121229391,-2.3111341212293914
147,CC(O)C(N)C(=O)O,9.03,CC(O)C(N)C(=O)O,119.12,-1.2209,83.55,3,3,2,0,0.75,0,0,1,1,2,1,,2,9.21695155098321,-0.1869515509832098
148,CC(OC(C)(C)C(=O)O)C(=O)O,3.32,CC(OC(C)(C)C(=O)O)C(=O)O,176.168,0.3393,83.83,3,2,4,0,0.714286,0,0,2,2,4,2,,4,3.576498587999974,-0.25649858799997416
149,CC(OCC(=O)O)C(=O)O,3.03,CC(OCC(=O)O)C(=O)O,148.114,-0.4393,83.83,3,2,4,0,0.6,0,0,2,2,4,2,,4,3.655994112901885,-0.6259941129018851
150,CC(SC(C(=O)O)c1ccccc1)C(=O)O,2.94,CC(SC(C(=O)O)c1ccccc1)C(=O)O,240.28,2.0186,74.6,3,2,5,1,0.272727,0,0,2,2,4,2,,2,2.935807201696975,0.0041927983030247695
151,CC(SC(C)(C)C(=O)O)C(=O)O,3.6,CC(SC(C)(C)C(=O)O)C(=O)O,192.236,1.0559,74.6,3,2,4,0,0.714286,0,0,2,2,4,2,,3,3.0720740409623906,0.5279259590376095
152,CC(SC(C)C(=O)O)C(=O)O,3.4,CC(SC(C)C(=O)O)C(=O)O,178.209,0.6658,74.6,3,2,4,0,0.666667,0,0,2,2,4,2,,4,3.2124113292680407,0.18758867073195917
153,CC(SCC(=O)O)C(=O)O,3.38,CC(SCC(=O)O)C(=O)O,164.182,0.2773,74.6,3,2,4,0,0.6,0,0,2,2,4,2,,4,3.1779837372329185,0.2020162627670814
154,CC([C@H](N)C(=O)O)C(F)(F)F,8.102,CC([C@H](N)C(=O)O)C(F)(F)F,171.118,0.5967,63.32,2,2,2,0,0.8,0,0,1,1,2,1,,4,7.576177264151287,0.5258227358487133
155,CC1(C)SCNC1C(=O)O,5.98,CC1(C)SCNC1C(=O)O,161.226,0.5121,49.33,3,2,1,0,0.833333,0,0,1,1,2,1,,3,6.436228893709439,-0.4562288937094383
156,CC1(C)S[C@@H]2[C@H](N)C(=O)N2[C@H]1C(=O)O,4.9,CC1(C)S[C@@H]2[C@H](N)C(=O)N2[C@H]1C(=O)O,216.262,-0.5394,83.63,4,2,1,0,0.75,0,0,1,1,2,1,,3,6.488836548533127,-1.588836548533127
157,CC1(C)S[C@@H]2[C@H](NC(=O)[C@H](N)c3ccccc3)C(=O)N2[C@H]1C(=O)O,7.24,CC1(C)S[C@@H]2[C@H](NC(=O)[C@H](N)c3ccccc3)C(=O)N2[C@H]1C(=O)O,349.412,0.3181,112.73,5,3,4,1,0.4375,0,0,1,1,2,1,,2,7.560460131782147,-0.3204601317821467
158,CC1(C)[C@H](C(=O)O)[C@@H]1C(=O)O,2.5733333333333333,CC1(C)[C@H](C(=O)O)[C@@H]1C(=O)O,158.153,0.4278,74.6,2,2,2,0,0.714286,0,0,2,2,4,2,,5,4.07012597627791,-1.4967926429445768
159,CC1(CC(=O)O)N=N1,3.9,CC1(CC(=O)O)N=N1,114.104,0.6431,62.02,3,1,2,0,0.75,0,0,1,1,2,1,,4,4.445983604714119,-0.5459836047141189
160,CC1(CC(C(=O)O)c2ccccc2)N=N1,3.9,CC1(CC(C(=O)O)c2ccccc2)N=N1,204.229,2.4269,62.02,3,1,4,1,0.363636,0,0,1,1,2,1,,1,4.170264621833229,-0.27026462183322897
161,CC1(CCC(=O)O)N=N1,4.4,CC1(CCC(=O)O)N=N1,128.131,1.0332,62.02,3,1,3,0,0.8,0,0,1,1,2,1,,5,4.669951091070694,-0.2699510910706939
162,CC1(CCCCC(=O)O)N=N1,4.7,CC1(CCCCC(=O)O)N=N1,156.185,1.8134,62.02,3,1,5,0,0.857143,0,0,1,1,2,1,,5,4.281552186529319,0.4184478134706815
163,CC=CC#CC(=O)O,2.67,CC=CC#CC(=O)O,110.112,0.6505,37.3,1,1,0,0,0.166667,0,0,1,1,2,1,,5,2.5319485357577713,0.13805146424222858
164,CC=Cc1ccc(C(=O)O)cc1,4.49,CC=Cc1ccc(C(=O)O)cc1,162.188,2.4179,37.3,1,1,2,1,0.1,0,0,1,1,2,1,,4,4.173674184625541,0.3163258153744595
165,CC=Cc1cccc(C(=O)O)c1,4.25,CC=Cc1cccc(C(=O)O)c1,162.188,2.4179,37.3,1,1,2,1,0.1,0,0,1,1,2,1,,3,4.101901522172759,0.14809847782724095
166,CCC#CC#CC(=O)O,1.9,CCC#CC#CC(=O)O,122.123,0.4878,37.3,1,1,0,0,0.285714,0,0,1,1,2,1,,2,2.218608233116132,-0.31860823311613196
167,CCC#CC(=O)O,2.61,CCC#CC(=O)O,98.101,0.4844,37.3,1,1,0,0,0.4,0,0,1,1,2,1,,2,2.5834440688369202,0.026555931163079638
168,CCC(=O)C(=O)O,2.5,CCC(=O)C(=O)O,102.089,0.0501,54.37,2,1,2,0,0.5,0,0,1,1,2,1,,5,4.468742109421242,-1.9687421094212416
169,CCC(=O)O,4.7335,CCC(=O)O,74.079,0.481,37.3,1,1,1,0,0.666667,0,0,1,1,2,1,,3,4.40833231678967,0.3251676832103305
170,CCC(C(=O)O)(C(=O)O)C(C)C,2.19,CCC(C(=O)O)(C(=O)O)C(C)C,174.196,1.208,74.6,2,2,4,0,0.75,0,0,2,2,4,2,,1,3.8522870641591447,-1.6622870641591447
171,CCC(C(=O)O)(C(=O)O)c1ccccc1,1.9,CCC(C(=O)O)(C(=O)O)c1ccccc1,208.213,1.5036,74.6,2,2,4,1,0.272727,0,0,2,2,4,2,,2,3.612845988821518,-1.7128459888215182
172,CCC(C(=O)O)C(=O)O,2.975,CCC(C(=O)O)C(=O)O,132.115,0.1818,74.6,2,2,3,0,0.6,0,0,2,2,4,2,,5,3.99903086748602,-1.0240308674860201
173,CCC(C)(C)C(=O)O,4.93,CCC(C)(C)C(=O)O,116.16,1.5072,37.3,1,1,2,0,0.833333,0,0,1,1,2,1,,4,4.522762051561757,0.4072379484382429
174,CCC(C)(O)C(=O)O,3.73,CCC(C)(O)C(=O)O,118.132,0.232,57.53,2,2,2,0,0.8,0,0,1,1,2,1,,2,8.826675861525754,-5.096675861525753
175,CCC(C)C(=O)O,4.761,CCC(C)C(=O)O,102.133,1.1171,37.3,1,1,2,0,0.8,0,0,1,1,2,1,,2,4.947202772952099,-0.18620277295209853
176,CCC(C)CC(=O)O,4.766,CCC(C)CC(=O)O,116.16,1.5072,37.3,1,1,3,0,0.833333,0,0,1,1,2,1,,1,5.108890526693709,-0.3428905266937088
177,CCC(C)SCC(=O)O,3.768,CCC(C)SCC(=O)O,148.227,1.6027,37.3,2,1,4,0,0.833333,0,0,1,1,2,1,,3,4.2698539181677155,-0.5018539181677157
178,CCC(CC(=O)O)(CC(=O)O)c1ccccc1,3.89,CCC(CC(=O)O)(CC(=O)O)c1ccccc1,236.267,2.2838,74.6,2,2,6,1,0.384615,0,0,2,2,4,2,,3,3.502451424652236,0.3875485753477643
179,CCC(CC)(C(=O)O)C(=O)O,2.2342,CCC(CC)(C(=O)O)C(=O)O,160.169,0.962,74.6,2,2,4,0,0.714286,0,0,2,2,4,2,,2,3.999223796112789,-1.7650237961127893
180,CCC(CC)(C(=O)O)C(CC)(CC)C(=O)O,3.84,CCC(CC)(C(=O)O)C(CC)(CC)C(=O)O,230.304,2.7684,74.6,2,2,7,0,0.833333,0,0,2,2,4,2,,2,3.0611564177905404,0.7788435822094595
181,CCC(CC)(C(=O)O)C(CC)(CC)C(=O)OC,5.34,CCC(CC)(C(=O)O)C(CC)(CC)C(=O)OC,244.331,2.8568,63.6,3,1,7,0,0.846154,0,0,1,1,2,1,,3,3.082623959828558,2.257376040171442
182,CCC(CC)(CC(=O)O)CC(=O)O,3.67,CCC(CC)(CC(=O)O)CC(=O)O,188.223,1.7422,74.6,2,2,6,0,0.777778,0,0,2,2,4,2,,4,3.877555307471437,-0.2075553074714369
183,CCC(CC)C(CC)(C(=O)O)C(=O)O,2.15,CCC(CC)C(CC)(C(=O)O)C(=O)O,202.25,1.9882,74.6,2,2,6,0,0.8,0,0,2,2,4,2,,2,3.482597110503936,-1.332597110503936
184,CCC(N)C(=O)O,9.708666666666668,CCC(N)C(=O)O,103.121,-0.1917,63.32,2,2,2,0,0.75,0,0,1,1,2,1,,3,9.299507419747076,0.40915924691959127
185,CCCC(=O)O,4.8175,CCCC(=O)O,88.106,0.8711,37.3,1,1,2,0,0.75,0,0,1,1,2,1,,4,5.003261260351264,-0.1857612603512644
186,CCCC(=O)OC(CC(=O)O)C[N+](C)(C)C.[Cl-],3.56,CCCC(=O)OC(CC(=O)O)C[N+](C)(C)C.[Cl-],267.753,-2.1168,63.6,3,1,7,0,0.818182,0,0,1,1,2,1,,1,4.078868430473822,-0.5188684304738218
187,CCCC(=O)c1ccccc1C(=O)O,4.45,CCCC(=O)c1ccccc1C(=O)O,192.214,2.3676,54.37,2,1,4,1,0.272727,0,0,1,1,2,1,,3,4.088019866730067,0.36198013326993284
188,CCCC(C(=O)O)C(=O)O,3.0,CCCC(C(=O)O)C(=O)O,146.142,0.5719,74.6,2,2,4,0,0.666667,0,0,2,2,4,2,,4,3.9801190419238957,-0.9801190419238957
189,CCCC(C)(C)C(=O)O,4.969,CCCC(C)(C)C(=O)O,130.187,1.8973,37.3,1,1,3,0,0.857143,0,0,1,1,2,1,,5,4.612774519695682,0.35622548030431833
190,CCCC(C)C(=O)O,4.782,CCCC(C)C(=O)O,116.16,1.5072,37.3,1,1,3,0,0.833333,0,0,1,1,2,1,,3,4.991246588408856,-0.20924658840885613
191,CCCC(CC(=O)O)(CC(=O)O)c1ccccc1,3.88,CCCC(CC(=O)O)(CC(=O)O)c1ccccc1,250.294,2.6739,74.6,2,2,7,1,0.428571,0,0,2,2,4,2,,5,4.208897319079271,-0.328897319079271
192,CCCC(CC(=O)O)CC(=O)O,4.32,CCCC(CC(=O)O)CC(=O)O,174.196,1.3521,74.6,2,2,6,0,0.75,0,0,2,2,4,2,,4,4.198651830396706,0.12134816960329431
193,CCCC(CCC)(C(=O)O)C(=O)O,1.9433333333333327,CCCC(CCC)(C(=O)O)C(=O)O,188.223,1.7422,74.6,2,2,6,0,0.777778,0,0,2,2,4,2,,5,3.8696454833743905,-1.9263121500410578
194,CCCC(CCC)(CC(=O)O)CC(=O)O,3.65,CCCC(CCC)(CC(=O)O)CC(=O)O,216.277,2.5224,74.6,2,2,8,0,0.818182,0,0,2,2,4,2,,2,3.6233651357376613,0.02663486426233863
195,CCCC(O)C(=O)O,3.59,CCCC(O)C(=O)O,118.132,0.232,57.53,2,2,3,0,0.8,0,0,1,1,2,1,,2,9.677558142015496,-6.087558142015496
196,CCCCC#CC#CC(=O)O,1.89,CCCCC#CC#CC(=O)O,150.177,1.268,37.3,1,1,2,0,0.444444,0,0,1,1,2,1,,4,3.4552823180727152,-1.5652823180727153
197,CCCCC#CC(=O)O,2.6,CCCCC#CC(=O)O,126.155,1.2646,37.3,1,1,2,0,0.571429,0,0,1,1,2,1,,3,3.7629752374655743,-1.1629752374655742
198,CCCCC(=O)O,4.8,CCCCC(=O)O,102.133,1.2612,37.3,1,1,3,0,0.8,0,0,1,1,2,1,,2,5.222342151061143,-0.4223421510611436
199,CCCCC(CC)(C(=O)O)C(=O)O,2.15,CCCCC(CC)(C(=O)O)C(=O)O,188.223,1.7422,74.6,2,2,6,0,0.777778,0,0,2,2,4,2,,4,3.877555307471437,-1.727555307471437
200,CCCCC(CCCC)(C(=O)O)C(=O)O,2.175,CCCCC(CCCC)(C(=O)O)C(=O)O,216.277,2.5224,74.6,2,2,8,0,0.818182,0,0,2,2,4,2,,1,3.820673537862724,-1.645673537862724
201,CCCCCC(=O)O,4.8,CCCCCC(=O)O,116.16,1.6513,37.3,1,1,4,0,0.833333,0,0,1,1,2,1,,1,5.139890210758104,-0.3398902107581039
202,CCCCCC=CCC=CCCCCCCCC(=O)O,4.77,CCCCCC=CCC=CCCCCCCCC(=O)O,280.452,5.8845,37.3,1,1,14,0,0.722222,0,0,1,1,2,1,,5,3.2358823845067137,1.5341176154932858
203,CCCCCCC(=O)O,4.8,CCCCCCC(=O)O,130.187,2.0414,37.3,1,1,5,0,0.857143,0,0,1,1,2,1,,5,4.552570727946867,0.24742927205313325
204,CCCCCCCC(=O)OC(CC(=O)O)C[N+](C)(C)C.[Cl-],3.6,CCCCCCCC(=O)OC(CC(=O)O)C[N+](C)(C)C.[Cl-],323.861,-0.5564,63.6,3,1,11,0,0.866667,0,0,1,1,2,1,,4,3.3323849263088308,0.2676150736911693
205,CCCCCCCCCC(=O)OC(CC(=O)O)C[N+](C)(C)C.[Cl-],3.65,CCCCCCCCCC(=O)OC(CC(=O)O)C[N+](C)(C)C.[Cl-],351.915,0.2238,63.6,3,1,13,0,0.882353,0,0,1,1,2,1,,3,3.24128750140655,0.40871249859345005
206,CCCCCCCCCC[N+](C)(C)C(C)C(=O)O.[Br-],1.75,CCCCCCCCCC[N+](C)(C)C(C)C(=O)O.[Br-],338.33,0.6806,37.3,1,1,11,0,0.933333,0,0,1,1,2,1,,2,3.5750163777576494,-1.8250163777576494
207,CCCCCCSCC(=O)O,3.758,CCCCCCSCC(=O)O,176.281,2.3845,37.3,2,1,7,0,0.875,0,0,1,1,2,1,,5,3.6553233804524203,0.10267661954757967
208,CCCCCSCC(=O)O,3.753,CCCCCSCC(=O)O,162.254,1.9944,37.3,2,1,6,0,0.857143,0,0,1,1,2,1,,5,3.960112587565807,-0.20711258756580708
209,CCCCNCC(=O)O,10.16,CCCCNCC(=O)O,131.175,0.4607,49.33,2,2,5,0,0.833333,0,0,1,1,2,1,,4,9.395360329674924,0.7646396703250762
210,CCCCOP(=O)(CC(=O)O)OCCCC,3.58,CCCCOP(=O)(CC(=O)O)OCCCC,252.247,2.8975,72.83,4,1,10,0,0.9,0,0,1,1,2,1,,1,4.885310868795004,-1.3053108687950044
211,CCCCP(=O)(CCCC)C(C)(O)C(=O)O,2.94,CCCCP(=O)(CCCC)C(C)(O)C(=O)O,250.275,2.7428,74.6,3,2,8,0,0.909091,0,0,1,1,2,1,,1,6.265167691746353,-3.3251676917463526
212,CCCCSCC(=O)O,3.739,CCCCSCC(=O)O,148.227,1.6043,37.3,2,1,5,0,0.833333,0,0,1,1,2,1,,1,4.39938255771514,-0.6603825577151401
213,CCCC[C@H](N)C(=O)O,9.844333333333331,CCCC[C@H](N)C(=O)O,131.175,0.5885,63.32,2,2,4,0,0.833333,0,0,1,1,2,1,,2,9.85774033737293,-0.013407004039597936
214,CCCC[P+](CCCC)(CCCC)CC(=O)O.[Cl-],2.34,CCCC[P+](CCCC)(CCCC)CC(=O)O.[Cl-],296.819,1.4929,37.3,1,1,11,0,0.928571,0,0,1,1,2,1,,2,3.701785422031082,-1.3617854220310823
215,CCCCc1ccc(C(O)C(=O)O)cc1,3.58,CCCCc1ccc(C(O)C(=O)O)cc1,208.257,2.1472,57.53,2,2,5,1,0.416667,0,0,1,1,2,1,,1,5.6413056010107105,-2.0613056010107105
216,CCCN(CC(=O)O)CC(=O)O,2.44,CCCN(CC(=O)O)CC(=O)O,175.184,-0.1324,77.84,3,2,6,0,0.714286,0,0,2,2,4,2,,5,4.317324396836293,-1.877324396836293
217,CCCNCC(=O)O,10.11,CCCNCC(=O)O,117.148,0.0706,49.33,2,2,4,0,0.8,0,0,1,1,2,1,,1,10.364885538850196,-0.25488553885019627
218,CCCN[C@@H](C)C(=O)O,10.19,CCCN[C@@H](C)C(=O)O,131.175,0.4591,49.33,2,2,4,0,0.833333,0,0,1,1,2,1,,5,9.452839949345112,0.7371600506548877
219,CCCSCC(=O)O,3.729,CCCSCC(=O)O,134.2,1.2142,37.3,2,1,4,0,0.8,0,0,1,1,2,1,,5,4.458207528330014,-0.7292075283300141
220,CCC[C@H](N)C(=O)O,9.819,CCC[C@H](N)C(=O)O,117.148,0.1984,63.32,2,2,3,0,0.8,0,0,1,1,2,1,,1,9.941717889975212,-0.12271788997521149
221,CCN(CC)CC(=O)O,10.483333333333334,CCN(CC)CC(=O)O,131.175,0.4128,40.54,2,1,4,0,0.833333,0,0,1,1,2,1,,4,5.167444672514492,5.3158886608188425
222,CCNCC(=O)O,10.165,CCNCC(=O)O,103.121,-0.3195,49.33,2,2,3,0,0.75,0,0,1,1,2,1,,2,9.951019694077297,0.21398030592270167
223,CCN[C@@H](C)C(=O)O,10.22,CCN[C@@H](C)C(=O)O,117.148,0.069,49.33,2,2,3,0,0.8,0,0,1,1,2,1,,2,9.571159950630008,0.6488400493699924
224,CCOC(=O)C(C)(C)C(=O)O,3.49,CCOC(=O)C(C)(C)C(=O)O,160.169,0.6603,63.6,3,1,3,0,0.714286,0,0,1,1,2,1,,3,4.355875394195021,-0.8658753941950206
225,CCOC(=O)C(C)SC(C)C(=O)O,3.76,CCOC(=O)C(C)SC(C)C(=O)O,206.263,1.1443,63.6,4,1,5,0,0.75,0,0,1,1,2,1,,3,3.923442470229923,-0.1634424702299233
226,CCOC(=O)C(C)SCC(=O)O,3.77,CCOC(=O)C(C)SCC(=O)O,192.236,0.7558,63.6,4,1,5,0,0.714286,0,0,1,1,2,1,,4,3.7474187832456174,0.022581216754382627
227,CCOC(=O)C(CC)(C(=O)O)C(C)C,4.07,CCOC(=O)C(CC)(C(=O)O)C(C)C,202.25,1.6865,63.6,3,1,5,0,0.8,0,0,1,1,2,1,,4,4.337292831311471,-0.26729283131147064
228,CCOC(=O)C(CC)(CC)C(=O)O,3.790000000000001,CCOC(=O)C(CC)(CC)C(=O)O,188.223,1.4405,63.6,3,1,5,0,0.777778,0,0,1,1,2,1,,4,4.258396323540224,-0.4683963235402233
229,CCOC(=O)C(CC)C(=O)O,3.665,CCOC(=O)C(CC)C(=O)O,160.169,0.6603,63.6,3,1,4,0,0.714286,0,0,1,1,2,1,,2,4.63160379607349,-0.9666037960734899
230,CCOC(=O)CC(=O)O,3.533333333333333,CCOC(=O)CC(=O)O,132.115,0.0242,63.6,3,1,3,0,0.6,0,0,1,1,2,1,,2,4.564450198594484,-1.0311168652611507
231,CCOC(=O)CC[C@H](N)C(=O)O,9.19,CCOC(=O)CC[C@H](N)C(=O)O,175.184,-0.2584,89.62,4,2,5,0,0.714286,0,0,1,1,2,1,,4,7.044577537826384,2.1454224621736158
232,CCOC(=O)CNc1ccc(C(=O)O)cc1,4.88,CCOC(=O)CNc1ccc(C(=O)O)cc1,223.228,1.3598,75.63,4,2,5,1,0.272727,0,0,1,1,2,1,,5,5.215200165162553,-0.33520016516255335
233,CCOC(=O)CNc1cccc(C(=O)O)c1,4.3,CCOC(=O)CNc1cccc(C(=O)O)c1,223.228,1.3598,75.63,4,2,5,1,0.272727,0,0,1,1,2,1,,1,4.994797491747002,-0.6947974917470026
234,CCOC(=O)CSC(C)(C)C(=O)O,4.59,CCOC(=O)CSC(C)(C)C(=O)O,206.263,1.1459,63.6,4,1,5,0,0.75,0,0,1,1,2,1,,4,3.8768712228179614,0.7131287771820385
235,CCOC(=O)CSC(C)C(=O)O,3.71,CCOC(=O)CSC(C)C(=O)O,192.236,0.7558,63.6,4,1,5,0,0.714286,0,0,1,1,2,1,,4,3.7474187832456174,-0.037418783245617426
236,CCOC(=O)CSCC(=O)O,3.66,CCOC(=O)CSCC(=O)O,178.209,0.3673,63.6,4,1,5,0,0.666667,0,0,1,1,2,1,,2,4.202226959654394,-0.5422269596543936
237,CCOC(=O)[C@@H](N)CCC(=O)O,7.838,CCOC(=O)[C@@H](N)CCC(=O)O,175.184,-0.2584,89.62,4,2,5,0,0.714286,0,0,1,1,2,1,,2,7.415193521596725,0.4228064784032748
238,CCOC(=O)c1cc(=O)cc(C(=O)O)o1,1.28,CCOC(=O)c1cc(=O)cc(C(=O)O)o1,212.157,0.5147,93.81,5,1,3,1,0.222222,0,0,1,1,2,1,,3,3.2091721028895055,-1.9291721028895055
239,CCOC(=S)SCC(=O)O,3.08,CCOC(=S)SCC(=O)O,180.25,1.1256,46.53,4,1,3,0,0.6,0,0,1,1,2,1,,1,2.8747947628043757,0.20520523719562433
240,CCOCC(=O)O,3.84,CCOCC(=O)O,104.105,0.1075,46.53,2,1,3,0,0.75,0,0,1,1,2,1,,2,6.02735855973237,-2.1873585597323704
241,CCOP(=O)(CC(=O)O)OCC,3.3,CCOP(=O)(CC(=O)O)OCC,196.139,1.3371,72.83,4,1,6,0,0.833333,0,0,1,1,2,1,,2,4.338735612242832,-1.0387356122428324
242,CCOP(=O)(OCC)c1ccc(C(=O)O)cc1,3.63,CCOP(=O)(OCC)c1ccc(C(=O)O)cc1,258.21,2.2762,72.83,4,1,6,1,0.363636,0,0,1,1,2,1,,5,5.330617453979931,-1.7006174539799312
243,CCOP(=O)(OCC)c1cccc(C(=O)O)c1,3.73,CCOP(=O)(OCC)c1cccc(C(=O)O)c1,258.21,2.2762,72.83,4,1,6,1,0.363636,0,0,1,1,2,1,,5,5.330617453979931,-1.6006174539799312
244,CCOc1ccc(C(=O)O)c(C(=O)O)c1,2.74,CCOc1ccc(C(=O)O)c(C(=O)O)c1,210.185,1.4817,83.83,3,2,4,1,0.2,0,0,2,2,4,2,,5,2.7487671573347634,-0.008767157334763187
245,CCOc1ccc(C(=O)O)c(O)c1,3.2,CCOc1ccc(C(=O)O)c(O)c1,182.175,1.4891,66.76,3,2,3,1,0.222222,0,0,1,1,2,1,,5,4.653020270234983,-1.4530202702349833
246,CCOc1nc(NCC(=O)O)c(N)c(C(=O)O)n1,7.33,CCOc1nc(NCC(=O)O)c(N)c(C(=O)O)n1,256.218,-0.3478,147.66,7,4,6,1,0.333333,0,0,2,2,4,2,,2,7.251452250645567,0.0785477493544331
247,CCOc1nc2c(c(C(=O)O)n1)N=C(O)CN2,5.31,CCOc1nc2c(c(C(=O)O)n1)N=C(O)CN2,238.203,0.587,116.93,6,3,3,1,0.333333,0,0,1,1,2,1,,3,6.242094765480504,-0.9320947654805041
248,CCSC(=S)SCC(=O)O,2.9400000000000004,CCSC(=S)SCC(=O)O,196.318,1.8422,37.3,4,1,3,0,0.6,0,0,1,1,2,1,,4,3.491138810498328,-0.5511388104983275
249,CCSCC(=O)O,3.911000000000001,CCSCC(=O)O,120.173,0.8241,37.3,2,1,3,0,0.75,0,0,1,1,2,1,,1,4.597223872141406,-0.6862238721414049
250,CCSCCC(N)C(=O)O,9.02,CCSCCC(N)C(=O)O,163.242,0.5415,63.32,3,2,5,0,0.833333,0,0,1,1,2,1,,3,8.271222697956196,0.7487773020438038
251,CCSc1nc(=O)c(C(=O)O)c[nH]1,6.01,CCSc1nc(=O)c(C(=O)O)c[nH]1,200.219,0.5801,83.05,4,2,3,1,0.285714,0,0,1,1,2,1,,2,4.868023556470763,1.141976443529237
252,CC[C@H](C)[C@H](N)C(=O)O,9.74575,CC[C@H](C)[C@H](N)C(=O)O,131.175,0.4444,63.32,2,2,3,0,0.833333,0,0,1,1,2,1,,2,9.494706003953764,0.25104399604623495
253,CC[C@H](C)[C@H](NC(=O)CN)C(=O)O,8.0,CC[C@H](C)[C@H](NC(=O)CN)C(=O)O,188.227,-0.4394,92.42,3,3,5,0,0.75,0,0,1,1,2,1,,5,9.305996270519639,-1.305996270519639
254,CCc1ccc(C(=O)O)s1,3.7,CCc1ccc(C(=O)O)s1,156.206,2.0087,37.3,2,1,2,1,0.285714,0,0,1,1,2,1,,5,3.9649380922180475,-0.2649380922180473
255,CCc1ccc(C(O)C(=O)O)cc1,3.55,CCc1ccc(C(O)C(=O)O)cc1,180.203,1.367,57.53,2,2,3,1,0.3,0,0,1,1,2,1,,4,5.399736815741928,-1.8497368157419283
256,CN(C)C(=O)OCC(=O)O,3.01,CN(C)C(=O)OCC(=O)O,147.13,-0.2308,66.84,3,1,2,0,0.6,0,0,1,1,2,1,,1,3.416882893669676,-0.406882893669676
257,CN(C)C(=O)SCC(=O)O,3.52,CN(C)C(=O)SCC(=O)O,163.198,0.4858,57.61,3,1,2,0,0.6,0,0,1,1,2,1,,4,3.196665498571454,0.3233345014285458
258,CN(C)C(=S)NCC(=O)O,3.71,CN(C)C(=S)NCC(=O)O,162.214,-0.4929,52.57,2,2,2,0,0.6,0,0,1,1,2,1,,1,6.5298223657675365,-2.8198223657675365
259,CN(C)C(=S)OCC(=O)O,2.87,CN(C)C(=S)OCC(=O)O,163.198,-0.0659,49.77,3,1,2,0,0.6,0,0,1,1,2,1,,3,3.596341460622682,-0.7263414606226819
260,CN(C)C(=S)SCC(=O)O,3.35,CN(C)C(=S)SCC(=O)O,179.266,0.6507,40.54,3,1,2,0,0.6,0,0,1,1,2,1,,4,2.8215041108465075,0.5284958891534925
261,CN(C)C12CCC(C(=O)O)(CC1)C2,3.716,CN(C)C12CCC(C(=O)O)(CC1)C2,183.251,1.3355,40.54,2,1,2,0,0.9,0,0,1,1,2,1,,2,4.5003665056261575,-0.7843665056261573
262,CN(C)C12CCC(C(=O)O)(CC1)CC2,4.083,CN(C)C12CCC(C(=O)O)(CC1)CC2,197.278,1.7256,40.54,2,1,2,0,0.909091,0,0,1,1,2,1,,1,4.9398588295611034,-0.8568588295611033
263,CN(C)CC(=O)NCC(=O)O,8.09,CN(C)CC(=O)NCC(=O)O,160.173,-1.2512,69.64,3,2,4,0,0.666667,0,0,1,1,2,1,,1,8.089077798529301,0.0009222014706988801
264,CN(C)CC(=O)O,9.848,CN(C)CC(=O)O,103.121,-0.3674,40.54,2,1,2,0,0.75,0,0,1,1,2,1,,4,5.154552754103683,4.6934472458963175
265,CN(C)CC(O)CC(=O)O,3.81,CN(C)CC(O)CC(=O)O,147.174,-0.6164,60.77,3,2,4,0,0.833333,0,0,1,1,2,1,,3,9.282253603597344,-5.472253603597343
266,CN(C)CCC(=O)O,9.85,CN(C)CCC(=O)O,117.148,0.0227,40.54,2,1,3,0,0.8,0,0,1,1,2,1,,3,5.598615994280429,4.25138400571957
267,CN(C)c1ccc(/N=N/c2ccccc2C(=O)O)cc1,4.82,CN(C)c1ccc(/N=N/c2ccccc2C(=O)O)cc1,269.304,3.8662,65.26,4,1,4,2,0.133333,0,0,1,1,2,1,,1,4.142059032743648,0.6779409672563519
268,CN(C)c1ccc(C(=O)O)cc1,5.03,CN(C)c1ccc(C(=O)O)cc1,165.192,1.4508,40.54,2,1,2,1,0.222222,0,0,1,1,2,1,,2,3.7547991304527852,1.275200869547215
269,CN(C)c1cccc(C(=O)O)c1,5.1,CN(C)c1cccc(C(=O)O)c1,165.192,1.4508,40.54,2,1,2,1,0.222222,0,0,1,1,2,1,,4,3.6822273059200663,1.4177726940799333
270,CN(C)c1ccccc1C(=O)O,8.5,CN(C)c1ccccc1C(=O)O,165.192,1.4508,40.54,2,1,2,1,0.222222,0,0,1,1,2,1,,3,3.7534927562807017,4.746507243719298
271,CN(C)c1nc(NCC(=O)O)c(N)c(C(=O)O)n1,9.81,CN(C)c1nc(NCC(=O)O)c(N)c(C(=O)O)n1,255.234,-0.6805,141.67,7,4,5,1,0.333333,0,0,2,2,4,2,,5,6.530367756201551,3.2796322437984493
272,CN(C)c1nc2c(c(C(=O)O)n1)N=C(O)CN2,7.31,CN(C)c1nc2c(c(C(=O)O)n1)N=C(O)CN2,237.219,0.2543,110.94,6,3,2,1,0.333333,0,0,1,1,2,1,,5,4.763662961316022,2.546337038683977
273,CN(CC(=O)O)C(=O)CN,8.666666666666666,CN(CC(=O)O)C(=O)CN,146.146,-1.5119,83.63,3,2,3,0,0.6,0,0,1,1,2,1,,3,7.711502700692348,0.9551639659743181
274,CN(CC(=O)O)C(=O)CNC(=O)CN,8.4,CN(CC(=O)O)C(=O)CNC(=O)CN,203.198,-2.3957,112.73,4,3,5,0,0.571429,0,0,1,1,2,1,,3,6.963565576822874,1.4364344231771264
275,CN(CC(=O)O)C1CCCCC1,10.71,CN(CC(=O)O)C1CCCCC1,171.24,1.3355,40.54,2,1,3,0,0.888889,0,0,1,1,2,1,,5,4.5666620363903485,6.143337963609652
276,CN1C2CCC1[C@H](C(=O)O)[C@@H](O)C2,9.7,CN1C2CCC1[C@H](C(=O)O)[C@@H](O)C2,185.223,-0.0854,60.77,3,2,1,0,0.888889,0,0,1,1,2,1,,2,6.610137626262107,3.0898623737378923
277,CN1CCC=C(C(=O)O)C1,9.07,CN1CCC=C(C(=O)O)C1,141.17,0.3329,40.54,2,1,1,0,0.571429,0,0,1,1,2,1,,2,2.76956763020849,6.30043236979151
278,CN1[C@H]2CC[C@@H]1[C@@H](C(=O)O)[C@@H](O)C2,11.03,CN1[C@H]2CC[C@@H]1[C@@H](C(=O)O)[C@@H](O)C2,185.223,-0.0854,60.77,3,2,1,0,0.888889,0,0,1,1,2,1,,5,6.478141528161233,4.5518584718387665
279,CN1[C@H]2CC[C@@H]1[C@@H](C(=O)O)[C@@H](OC(=O)c1ccccc1)C2,11.8,CN1[C@H]2CC[C@@H]1[C@@H](C(=O)O)[C@@H](OC(=O)c1ccccc1)C2,289.331,1.7793,66.84,4,1,3,1,0.5,0,0,1,1,2,1,,2,4.225945656577192,7.574054343422809
280,CNCC(=O)O,10.058333333333332,CNCC(=O)O,89.094,-0.7096,49.33,2,2,2,0,0.666667,0,0,1,1,2,1,,3,8.760067466582719,1.2982658667506133
281,CN[C@@H](C)C(=O)O,10.19,CN[C@@H](C)C(=O)O,103.121,-0.3211,49.33,2,2,2,0,0.75,0,0,1,1,2,1,,4,9.17772861377587,1.0122713862241302
282,CNc1ccc(C(=O)O)cc1,5.04,CNc1ccc(C(=O)O)cc1,151.165,1.4265,49.33,2,2,2,1,0.125,0,0,1,1,2,1,,2,4.063829930887991,0.9761700691120092
283,CNc1cccc(C(=O)O)c1,5.1,CNc1cccc(C(=O)O)c1,151.165,1.4265,49.33,2,2,2,1,0.125,0,0,1,1,2,1,,2,4.063829930887991,1.0361700691120088
284,CNc1ccccc1C(=O)O,5.34,CNc1ccccc1C(=O)O,151.165,1.4265,49.33,2,2,2,1,0.125,0,0,1,1,2,1,,4,4.4456942396734656,0.8943057603265343
285,CO/C=C/C(=O)O,4.85,CO/C=C/C(=O)O,102.089,0.2311,46.53,2,1,2,0,0.25,0,0,1,1,2,1,,4,3.502211815934011,1.3477881840659887
286,COC(=O)C(C(C(=O)O)C(C)(C)C)C(C)(C)C,5.57,COC(=O)C(C(C(=O)O)C(C)(C)C)C(C)(C)C,244.331,2.5686,63.6,3,1,3,0,0.846154,0,0,1,1,2,1,,3,4.299857677637978,1.2701423223620223
287,COC(=O)C(C)(C)C(C)(C)C(=O)O,5.23,COC(=O)C(C)(C)C(C)(C)C(=O)O,188.223,1.2964,63.6,3,1,3,0,0.777778,0,0,1,1,2,1,,3,4.28202111188679,0.9479788881132105
288,COC(=O)C12CCC(C(=O)O)(CC1)C2,4.494,COC(=O)C12CCC(C(=O)O)(CC1)C2,198.218,1.1945,63.6,3,1,2,0,0.8,0,0,1,1,2,1,,1,4.441996966279775,0.052003033720224856
289,COC(=O)C1=C(C(=O)O)C2C=CC1C2,3.02,COC(=O)C1=C(C(=O)O)C2C=CC1C2,194.186,0.7465,63.6,3,1,2,0,0.4,0,0,1,1,2,1,,3,2.6488501618921116,0.3711498381078884
290,COC(=O)C1=C(C(=O)O)C2CCC1C2,3.19,COC(=O)C1=C(C(=O)O)C2CCC1C2,196.202,0.9705,63.6,3,1,2,0,0.6,0,0,1,1,2,1,,5,3.4431637721119306,-0.25316377211193064
291,COC(=O)C1=C(C(=O)O)CC1,3.19,COC(=O)C1=C(C(=O)O)CC1,156.137,0.3344,63.6,3,1,2,0,0.428571,0,0,1,1,2,1,,1,2.400594341639972,0.7894056583600277
292,COC(=O)C1=C(C(=O)O)CCC1,2.94,COC(=O)C1=C(C(=O)O)CCC1,170.164,0.7245,63.6,3,1,2,0,0.5,0,0,1,1,2,1,,1,2.572616995074883,0.367383004925117
293,COC(=O)C1C(C(=O)O)C1(c1ccccc1)c1ccccc1,5.17,COC(=O)C1C(C(=O)O)C1(c1ccccc1)c1ccccc1,296.322,2.4763,63.6,3,1,4,2,0.222222,0,0,1,1,2,1,,2,3.998253504091731,1.1717464959082688
294,COC(=O)C[C@H](N)C(=O)O,8.62,COC(=O)C[C@H](N)C(=O)O,147.13,-1.0386,89.62,4,2,3,0,0.6,0,0,1,1,2,1,,1,6.341971295065779,2.2780287049342203
295,COC(=O)[C@@H]1CC[C@H](CC1)C(=O)O,4.66,COC(=O)[C@H]1CC[C@H](C(=O)O)CC1,186.207,1.0504,63.6,3,1,2,0,0.777778,0,0,1,1,2,1,,4,4.208393818314421,0.4516061816855794
296,COC(=O)c1ccc(C(=O)O)nc1,3.62,COC(=O)c1ccc(C(=O)O)nc1,181.147,0.5664,76.49,4,1,2,1,0.125,0,0,1,1,2,1,,1,2.670792278371981,0.949207721628019
297,COC(=O)c1cccc(C(=O)O)n1,2.65,COC(=O)c1cccc(C(=O)O)n1,181.147,0.5664,76.49,4,1,2,1,0.125,0,0,1,1,2,1,,5,2.8076628357217404,-0.15766283572174045
298,COC(=O)c1ccnc(C(=O)O)c1,3.71,COC(=O)c1ccnc(C(=O)O)c1,181.147,0.5664,76.49,4,1,2,1,0.125,0,0,1,1,2,1,,1,2.670792278371981,1.0392077216280189
299,COC(=O)c1cocc1C(=O)O,3.75,COC(=O)c1cocc1C(=O)O,170.12,0.7644,76.74,4,1,2,1,0.142857,0,0,1,1,2,1,,4,2.9351286548467828,0.8148713451532172
300,COC1=C(C=CC(=C1)OC)/C=C/C(=O)O,4.8,COc1ccc(/C=C/C(=O)O)c(OC)c1,208.213,1.8016,55.76,3,1,4,1,0.181818,0,0,1,1,2,1,,1,3.216521561713682,1.5834784382863178
301,COC1=C(C=CC=C1OC)/C=C/C(=O)O,4.37,COc1cccc(/C=C/C(=O)O)c1OC,208.213,1.8016,55.76,3,1,4,1,0.181818,0,0,1,1,2,1,,1,3.216521561713682,1.1534784382863181
302,COC=1C=C(C=C(C1)OC)/C=C/C(=O)O,4.36,COc1cc(/C=C/C(=O)O)cc(OC)c1,208.213,1.8016,55.76,3,1,4,1,0.181818,0,0,1,1,2,1,,2,3.459692732153895,0.9003072678461055
303,COC=1C=C(C=CC1OC)/C=C/C(=O)O,4.53,COc1ccc(/C=C/C(=O)O)cc1OC,208.213,1.8016,55.76,3,1,4,1,0.181818,0,0,1,1,2,1,,4,3.355471805977415,1.1745281940225851
304,COCC(=O)O,3.513333333333333,COCC(=O)O,90.078,-0.2826,46.53,2,1,2,0,0.666667,0,0,1,1,2,1,,2,5.512709911597937,-1.9993765782646036
305,COCCN(CCOC)CC(=O)O,8.3,COCCN(CCOC)CC(=O)O,191.227,-0.3342,59.0,4,1,8,0,0.875,0,0,1,1,2,1,,4,4.253502643759289,4.046497356240712
306,COP(=O)(OC)c1ccc(C(=O)O)cc1,3.61,COP(=O)(OC)c1ccc(C(=O)O)cc1,230.156,1.496,72.83,4,1,4,1,0.222222,0,0,1,1,2,1,,3,3.455146150195228,0.15485384980477201
307,COP(=O)(OC)c1cccc(C(=O)O)c1,3.74,COP(=O)(OC)c1cccc(C(=O)O)c1,230.156,1.496,72.83,4,1,4,1,0.222222,0,0,1,1,2,1,,2,3.1557368294112913,0.5842631705887089
308,CO[C@@H](C)[C@H](N)C(=O)O,8.9,CO[C@@H](C)[C@H](N)C(=O)O,133.147,-0.5668,72.55,3,2,3,0,0.8,0,0,1,1,2,1,,1,9.0110280508819,-0.11102805088189882
309,CO[C@@H]1CC[C@H](CC1)C(=O)O,4.66,CO[C@H]1CC[C@H](C(=O)O)CC1,158.197,1.2762,46.53,2,1,2,0,0.875,0,0,1,1,2,1,,1,4.9696669672928,-0.30966696729279963
310,COc1cc(/C=C/C(=O)O)ccc1O,4.55,COc1cc(/C=C/C(=O)O)ccc1O,194.186,1.4986,66.76,3,2,3,1,0.1,0,0,1,1,2,1,,5,3.5970203899771476,0.9529796100228523
311,COc1cc(C(=O)O)cc(OC)c1O,4.34,COc1cc(C(=O)O)cc(OC)c1O,198.174,1.1076,75.99,4,2,3,1,0.222222,0,0,1,1,2,1,,1,4.25272319185928,0.08727680814071981
312,COc1cc(C(=O)O)cc(OC)c1OC,4.166666666666667,COc1cc(C(=O)O)cc(OC)c1OC,212.201,1.4106,64.99,4,1,4,1,0.3,0,0,1,1,2,1,,1,3.558516333097365,0.6081503335693021
313,COc1cc(C(=O)O)cc([N+](=O)[O-])c1O,4.12,COc1cc(C(=O)O)cc([N+](=O)[O-])c1O,213.145,1.0072,109.9,5,2,3,1,0.125,0,0,1,1,2,1,,2,2.917965246251674,1.2020347537483262
314,COc1cc(C(=O)O)ccc1O,4.49,COc1cc(C(=O)O)ccc1O,168.148,1.099,66.76,3,2,2,1,0.125,0,0,1,1,2,1,,1,3.868237570946694,0.6217624290533061
315,COc1cc(CC(=O)O)ccc1O,4.41,COc1cc(CC(=O)O)ccc1O,182.175,1.0279,66.76,3,2,3,1,0.222222,0,0,1,1,2,1,,5,4.845444981647175,-0.4354449816471746
316,COc1cc(OC)cc(C(=O)O)c1,3.97,COc1cc(OC)cc(C(=O)O)c1,182.175,1.402,55.76,3,1,3,1,0.222222,0,0,1,1,2,1,,1,3.467277105345745,0.502722894654255
317,COc1cc([N+](=O)[O-])cc(C(=O)O)c1O,2.58,COc1cc([N+](=O)[O-])cc(C(=O)O)c1O,213.145,1.0072,109.9,5,2,3,1,0.125,0,0,1,1,2,1,,5,2.756111897900907,-0.1761118979009071
318,COc1cc2ccccc2cc1C(=O)O,3.8,COc1cc2ccccc2cc1C(=O)O,202.209,2.5466,46.53,2,1,2,2,0.083333,0,0,1,1,2,1,,2,3.717440564631915,0.08255943536808497
319,COc1ccc(C(=O)O)c(C(=O)O)c1,2.67,COc1ccc(C(=O)O)c(C(=O)O)c1,196.158,1.0916,83.83,3,2,3,1,0.111111,0,0,2,2,4,2,,4,2.386534957351199,0.283465042648801
320,COc1ccc(C(=O)O)c(N)c1,4.88,COc1ccc(C(=O)O)c(N)c1,167.164,0.9756,72.55,3,2,2,1,0.125,0,0,1,1,2,1,,1,3.9562328425843134,0.9237671574156865
321,COc1ccc(C(=O)O)c(O)c1,3.31,COc1ccc(C(=O)O)c(O)c1,168.148,1.099,66.76,3,2,2,1,0.125,0,0,1,1,2,1,,2,3.856306994500864,-0.5463069945008638
322,COc1ccc(C(=O)O)c(OC)c1,4.36,COc1ccc(C(=O)O)c(OC)c1,182.175,1.402,55.76,3,1,3,1,0.222222,0,0,1,1,2,1,,3,3.60407853175895,0.7559214682410502
323,COc1ccc(C(=O)O)c2ccccc12,4.31,COc1ccc(C(=O)O)c2ccccc12,202.209,2.5466,46.53,2,1,2,2,0.083333,0,0,1,1,2,1,,2,3.717440564631915,0.5925594353680848
324,COc1ccc(C(=O)O)cc1,4.2783750000000005,COc1ccc(C(=O)O)cc1,152.149,1.3934,46.53,2,1,2,1,0.125,0,0,1,1,2,1,,4,3.900060112787746,0.37831488721225437
325,COc1ccc(C(=O)O)cc1O,4.47,COc1ccc(C(=O)O)cc1O,168.148,1.099,66.76,3,2,2,1,0.125,0,0,1,1,2,1,,1,3.868237570946694,0.6017624290533057
326,COc1ccc(C(=O)O)cc1OC,4.395,COc1ccc(C(=O)O)cc1OC,182.175,1.402,55.76,3,1,3,1,0.222222,0,0,1,1,2,1,,3,3.60407853175895,0.7909214682410495
327,COc1ccc(C(=O)O)s1,3.8,COc1ccc(C(=O)O)s1,158.178,1.4549,46.53,3,1,2,1,0.166667,0,0,1,1,2,1,,4,3.566108978109118,0.23389102189088185
328,COc1ccc(C(O)C(=O)O)cc1,3.42,COc1ccc(C(O)C(=O)O)cc1,182.175,0.8132,66.76,3,2,3,1,0.222222,0,0,1,1,2,1,,2,4.82331165920652,-1.40331165920652
329,COc1ccc(C2CC2C(=O)O)cc1,4.62,COc1ccc(C2CC2C(=O)O)cc1,192.214,1.8833,46.53,2,1,3,1,0.363636,0,0,1,1,2,1,,1,4.005315047952139,0.6146849520478614
330,COc1ccc(C=O)c(C(=O)O)c1OC,3.065,COc1ccc(C=O)c(C(=O)O)c1OC,210.185,1.2145,72.83,4,1,4,1,0.2,0,0,1,1,2,1,,1,3.092979895378476,-0.027979895378476005
331,COc1ccc(CC(=O)O)cc1,4.07,COc1ccc(CC(=O)O)cc1,166.176,1.3223,46.53,2,1,3,1,0.222222,0,0,1,1,2,1,,3,3.980033827521605,0.08996617247839511
332,COc1ccc(CCC(=O)O)cc1,4.71,COc1ccc(CCC(=O)O)cc1,180.203,1.7124,46.53,2,1,4,1,0.3,0,0,1,1,2,1,,5,4.161921573817883,0.5480784261821166
333,COc1ccc(C[C@H](N)C(=O)O)cc1,9.31,COc1ccc(C[C@H](N)C(=O)O)cc1,195.218,0.6496,72.55,3,2,4,1,0.3,0,0,1,1,2,1,,2,5.703982991269249,3.6060170087307517
334,COc1ccc(N)c(C(=O)O)c1,5.57,COc1ccc(N)c(C(=O)O)c1,167.164,0.9756,72.55,3,2,2,1,0.125,0,0,1,1,2,1,,1,3.9562328425843134,1.6137671574156869
335,COc1ccc(NCC(=O)O)cc1,5.096,COc1ccc(NCC(=O)O)cc1,181.191,1.1917,58.56,3,2,4,1,0.222222,0,0,1,1,2,1,,1,4.783216116501794,0.31278388349820574
336,COc1ccc(O)c(C(=O)O)c1,2.94,COc1ccc(O)c(C(=O)O)c1,168.148,1.099,66.76,3,2,2,1,0.125,0,0,1,1,2,1,,1,3.868237570946694,-0.9282375709466941
337,COc1ccc(S(=O)(=O)CC(=O)O)cc1,2.602,COc1ccc(S(=O)(=O)CC(=O)O)cc1,230.241,0.5535,80.67,4,1,4,1,0.222222,0,0,1,1,2,1,,3,3.2338811348250376,-0.6318811348250377
338,COc1ccc(S(=O)CC(=O)O)cc1,2.754,COc1ccc(S(=O)CC(=O)O)cc1,214.242,0.8874,63.6,3,1,4,1,0.222222,0,0,1,1,2,1,,3,3.293642314227711,-0.5396423142277111
339,COc1ccc(SCC(=O)O)cc1,3.7,COc1ccc(SCC(=O)O)cc1,198.243,1.8719,46.53,3,1,4,1,0.222222,0,0,1,1,2,1,,5,3.5609811897152372,0.13901881028476293
340,COc1ccc2c(CC(N)C(=O)O)c[nH]c2c1,16.7,COc1ccc2c(CC(N)C(=O)O)c[nH]c2c1,234.255,1.1309,88.34,3,3,4,2,0.25,0,0,1,1,2,1,,3,9.193578903004965,7.506421096995034
341,COc1cccc(C(=O)O)c1,3.8745,COc1cccc(C(=O)O)c1,152.149,1.3934,46.53,2,1,2,1,0.125,0,0,1,1,2,1,,5,3.9270317702786723,-0.05253177027867251
342,COc1cccc(C(=O)O)c1OC,3.98,COc1cccc(C(=O)O)c1OC,182.175,1.402,55.76,3,1,3,1,0.222222,0,0,1,1,2,1,,3,3.60407853175895,0.3759214682410499
343,COc1cccc(NCC(=O)O)c1,4.135,COc1cccc(NCC(=O)O)c1,181.191,1.1917,58.56,3,2,4,1,0.222222,0,0,1,1,2,1,,3,4.775205523789511,-0.6402055237895112
344,COc1cccc(OC)c1C(=O)O,3.44,COc1cccc(OC)c1C(=O)O,182.175,1.402,55.76,3,1,3,1,0.222222,0,0,1,1,2,1,,1,3.467277105345745,-0.027277105345745234
345,COc1cccc(S(=O)(=O)CC(=O)O)c1,2.588,COc1cccc(S(=O)(=O)CC(=O)O)c1,230.241,0.5535,80.67,4,1,4,1,0.222222,0,0,1,1,2,1,,5,3.1035994747375617,-0.5155994747375616
346,COc1cccc(SCC(=O)O)c1,3.546,COc1cccc(SCC(=O)O)c1,198.243,1.8719,46.53,3,1,4,1,0.222222,0,0,1,1,2,1,,1,3.3969109639226636,0.14908903607733626
347,COc1ccccc1C(=O)O,3.9,COc1ccccc1C(=O)O,152.149,1.3934,46.53,2,1,2,1,0.125,0,0,1,1,2,1,,5,3.9270317702786723,-0.02703177027867243
348,COc1ccccc1C(O)C(=O)O,3.64,COc1ccccc1C(O)C(=O)O,182.175,0.8132,66.76,3,2,3,1,0.222222,0,0,1,1,2,1,,1,4.774868401766311,-1.1348684017663113
349,COc1coc(C(=O)O)cc1=O,1.53,COc1coc(C(=O)O)cc1=O,170.12,0.3466,76.74,4,1,2,1,0.142857,0,0,1,1,2,1,,4,2.9213267806526324,-1.3913267806526324
350,CS(=O)(=O)c1ccc(OCC(=O)O)cc1,2.85,CS(=O)(=O)c1ccc(OCC(=O)O)cc1,230.241,0.5535,80.67,4,1,4,1,0.222222,0,0,1,1,2,1,,4,3.096882895843996,-0.2468828958439957
351,CSC(=S)N(C)CC(=O)O,2.9850000000000003,CSC(=S)N(C)CC(=O)O,179.266,0.6507,40.54,3,1,2,0,0.6,0,0,1,1,2,1,,3,3.061796063046291,-0.07679606304629072
352,CSC(=S)NCC(=O)O,3.19,CSC(=S)NCC(=O)O,165.239,0.3085,49.33,3,2,2,0,0.5,0,0,1,1,2,1,,2,4.36751339503527,-1.17751339503527
353,CSCC(=O)O,3.655,CSCC(=O)O,106.146,0.434,37.3,2,1,2,0,0.666667,0,0,1,1,2,1,,2,4.280767584910495,-0.6257675849104953
354,CSCCC(NC(=O)CN)C(=O)O,8.51,CSCCC(NC(=O)CN)C(=O)O,206.267,-0.7324,92.42,4,3,6,0,0.714286,0,0,1,1,2,1,,1,8.759635901940566,-0.24963590194056628
355,CSCC[C@H](N)C(=O)O,9.194,CSCC[C@H](N)C(=O)O,149.215,0.1514,63.32,3,2,4,0,0.8,0,0,1,1,2,1,,3,8.484300806866452,0.7096991931335488
356,CSC[C@H](N)C(=O)O,8.816666666666668,CSC[C@H](N)C(=O)O,135.188,-0.2387,63.32,3,2,3,0,0.75,0,0,1,1,2,1,,3,8.282063935231637,0.5346027314350312
357,CSC[C@H](NC(=O)CC[C@H](N)C(=O)O)C(=O)NCC(=O)O,9.2,CSC[C@H](NC(=O)CC[C@H](N)C(=O)O)C(=O)NCC(=O)O,321.355,-1.7729,158.82,6,5,10,0,0.636364,0,0,2,2,4,2,,2,6.4110866219622755,2.7889133780377238
358,CSc1cccc(SCC(=O)O)c1,3.468,CSc1cccc(SCC(=O)O)c1,214.311,2.5852,37.3,3,1,4,1,0.222222,0,0,1,1,2,1,,3,3.6517312901291232,-0.18373129012912326
359,C[C@@H](N)C(=O)N1CCC[C@H]1C(=O)O,8.38,C[C@@H](N)C(=O)N1CCC[C@H]1C(=O)O,186.211,-0.5908,83.63,3,2,2,0,0.75,0,0,1,1,2,1,,1,6.592895566016241,1.7871044339837594
360,C[C@@H](O)[C@H](N)C(=O)O,9.05,C[C@@H](O)[C@H](N)C(=O)O,119.12,-1.2209,83.55,3,3,2,0,0.75,0,0,1,1,2,1,,4,9.342300654885626,-0.29230065488562573
361,C[C@@H]1[C@@H](C1)C(=O)O,5.02,C[C@H]1C[C@H]1C(=O)O,100.117,0.727,37.3,1,1,1,0,0.8,0,0,1,1,2,1,,2,4.703370691650438,0.3166293083495617
362,C[C@H](N)C(=O)NCC(=O)NCC(=O)O,8.05,C[C@H](N)C(=O)NCC(=O)NCC(=O)O,203.198,-2.3494,121.52,4,4,5,0,0.571429,0,0,1,1,2,1,,3,7.311427989776401,0.7385720102235993
363,C[C@H](N)C(=O)NCC(=O)O,8.114,C[C@H](N)C(=O)NCC(=O)O,146.146,-1.4656,92.42,3,3,3,0,0.6,0,0,1,1,2,1,,1,8.501866912075684,-0.38786691207568325
364,C[C@H](N)C(=O)N[C@@H](C)C(=O)N[C@@H](C)C(=O)N[C@@H](C)C(=O)O,7.9625,C[C@H](N)C(=O)N[C@@H](C)C(=O)N[C@@H](C)C(=O)N[C@@H](C)C(=O)O,302.331,-2.0677,150.62,5,5,7,0,0.666667,0,0,1,1,2,1,,1,6.363787250488066,1.5987127495119342
365,C[C@H](N)C(=O)N[C@@H](C)C(=O)N[C@@H](C)C(=O)O,8.065999999999999,C[C@H](N)C(=O)N[C@@H](C)C(=O)N[C@@H](C)C(=O)O,231.252,-1.5724,121.52,4,4,5,0,0.666667,0,0,1,1,2,1,,2,7.120091482738534,0.945908517261465
366,C[C@H](N)C(=O)N[C@@H](C)C(=O)O,8.286000000000001,C[C@H](N)C(=O)N[C@@H](C)C(=O)O,160.173,-1.0771,92.42,3,3,3,0,0.666667,0,0,1,1,2,1,,4,8.76326763968214,-0.4772676396821378
367,C[C@H](N)C(=O)N[C@@H](CCCCN)C(=O)N[C@@H](C)C(=O)O,10.533333333333331,C[C@H](N)C(=O)N[C@@H](CCCCN)C(=O)N[C@@H](C)C(=O)O,288.348,-1.4633,147.54,5,5,9,0,0.75,0,0,1,1,2,1,,1,6.638305830809941,3.8950275025233907
368,C[C@H](N)C(=O)O,9.847428571428573,C[C@H](N)C(=O)O,89.094,-0.5818,63.32,2,2,1,0,0.666667,0,0,1,1,2,1,,5,8.41834613748674,1.4290824339418329
369,C[C@H](NC(=O)CN)C(=O)NCC(=O)O,8.08,C[C@H](NC(=O)CN)C(=O)NCC(=O)O,203.198,-2.3494,121.52,4,4,5,0,0.571429,0,0,1,1,2,1,,3,7.311427989776401,0.7685720102235987
370,C[C@H](NC(=O)CN)C(=O)O,8.2275,C[C@H](NC(=O)CN)C(=O)O,146.146,-1.4656,92.42,3,3,3,0,0.6,0,0,1,1,2,1,,3,8.477556698383776,-0.2500566983837764
371,C[C@H](NC(=O)CNC(=O)CN)C(=O)O,8.02,C[C@H](NC(=O)CNC(=O)CN)C(=O)O,203.198,-2.3494,121.52,4,4,5,0,0.571429,0,0,1,1,2,1,,3,7.311427989776401,0.7085720102235982
372,C[C@H](NC(=O)[C@@H](N)CCCCN)C(=O)O,10.7,C[C@H](NC(=O)[C@@H](N)CCCCN)C(=O)O,217.269,-0.968,118.44,4,4,7,0,0.777778,0,0,1,1,2,1,,1,7.407479488943595,3.292520511056404
373,C[C@H](NC(=O)[C@H](C)NC(=O)CN)C(=O)O,8.135,C[C@H](NC(=O)[C@H](C)NC(=O)CN)C(=O)O,217.225,-1.9609,121.52,4,4,5,0,0.625,0,0,1,1,2,1,,2,7.488660935137602,0.6463390648623974
374,C[C@H](NCc1ccccc1)C(=O)NCC(=O)O,7.05,C[C@H](NCc1ccccc1)C(=O)NCC(=O)O,236.271,0.3655,78.43,3,3,6,1,0.333333,0,0,1,1,2,1,,5,7.863124357548109,-0.8131243575481095
375,C[C@H](O)[C@H](N)C(=O)O,9.053,C[C@H](O)[C@H](N)C(=O)O,119.12,-1.2209,83.55,3,3,2,0,0.75,0,0,1,1,2,1,,4,9.342300654885626,-0.2893006548856256
376,C[C@H]1[C@@H](C1)C(=O)O,5.0,C[C@@H]1C[C@H]1C(=O)O,100.117,0.727,37.3,1,1,1,0,0.8,0,0,1,1,2,1,,4,4.542843374694026,0.45715662530597356
377,C[N+](C)(C)CC(O)CC(=O)O.[Cl-],3.8,C[N+](C)(C)CC(O)CC(=O)O.[Cl-],197.662,-3.4678,57.53,2,2,4,0,0.857143,0,0,1,1,2,1,,3,5.812700098273655,-2.0127000982736556
378,C[N+](C)(C)CCCC(=O)O.[Cl-],4.02,C[N+](C)(C)CCCC(=O)O.[Cl-],181.663,-2.4386,37.3,1,1,4,0,0.857143,0,0,1,1,2,1,,4,4.743991979627374,-0.7239919796273746
379,C[N+](C)(C)c1ccc(CC(=O)O)cc1.[I-],3.75,C[N+](C)(C)c1ccc(CC(=O)O)cc1.[I-],321.158,-1.4856,37.3,1,1,3,1,0.363636,0,0,1,1,2,1,,2,3.759958720221752,-0.009958720221752149
380,C[N+](C)(C)c1ccc(CCC(=O)O)cc1.[I-],4.22,C[N+](C)(C)c1ccc(CCC(=O)O)cc1.[I-],335.185,-1.0955,37.3,1,1,4,1,0.416667,0,0,1,1,2,1,,5,4.0702191131226275,0.14978088687737223
381,C[N+](C)(C)c1cccc(CC(=O)O)c1.[I-],3.66,C[N+](C)(C)c1cccc(CC(=O)O)c1.[I-],321.158,-1.4856,37.3,1,1,3,1,0.363636,0,0,1,1,2,1,,5,3.8052502884371515,-0.14525028843715138
382,C[N+](C)(C)c1cccc(CCC(=O)O)c1.[I-],4.17,C[N+](C)(C)c1cccc(CCC(=O)O)c1.[I-],335.185,-1.0955,37.3,1,1,4,1,0.416667,0,0,1,1,2,1,,2,3.985468553872094,0.18453144612790595
383,C[S+](C)c1ccc(C(=O)O)cc1,3.3,C[S+](C)c1ccc(C(=O)O)cc1,183.252,1.6216,37.3,1,1,2,1,0.222222,1,0,1,1,2,1,,2,3.9226307074908613,-0.6226307074908615
384,C[S+](C)c1cccc(C(=O)O)c1,3.2,C[S+](C)c1cccc(C(=O)O)c1,183.252,1.6216,37.3,1,1,2,1,0.222222,1,0,1,1,2,1,,2,3.9226307074908613,-0.7226307074908611
385,C[Si](C)(C)c1ccc(C(=O)O)cc1,4.234,C[Si](C)(C)c1ccc(C(=O)O)cc1,194.306,1.93,37.3,1,1,2,1,0.3,0,0,1,1,2,1,,3,4.0160362942817125,0.2179637057182875
386,C[Si](C)(C)c1cccc(C(=O)O)c1,4.1645,C[Si](C)(C)c1cccc(C(=O)O)c1,194.306,1.93,37.3,1,1,2,1,0.3,0,0,1,1,2,1,,4,3.8213522147121046,0.3431477852878957
387,Cc1c(C(=O)O)nnn1-c1ccccc1,3.73,Cc1c(C(=O)O)nnn1-c1ccccc1,203.201,1.27392,68.01,3,1,2,2,0.1,0,0,1,1,2,1,,5,3.8191447001658103,-0.08914470016581033
388,Cc1c(F)c(F)c(C(=O)O)c(F)c1F,2.0,Cc1c(F)c(F)c(C(=O)O)c(F)c1F,208.11,2.24962,37.3,1,1,1,1,0.125,0,0,1,1,2,1,,4,3.238982333465639,-1.2389823334656391
389,Cc1cc(=O)c(C(=O)O)c(C)o1,3.36,Cc1cc(=O)c(C(=O)O)c(C)o1,168.148,0.95484,67.51,3,1,1,1,0.25,0,0,1,1,2,1,,5,3.8195919226744484,-0.4595919226744485
390,Cc1cc(C(=O)O)c2ccccc2c1,3.72,Cc1cc(C(=O)O)c2ccccc2c1,186.21,2.84642,37.3,1,1,1,2,0.083333,0,0,1,1,2,1,,1,4.085198558354051,-0.3651985583540509
391,Cc1cc(C(=O)O)cc(C)c1C,4.52,Cc1cc(C(=O)O)cc(C)c1C,164.204,2.31006,37.3,1,1,1,1,0.3,0,0,1,1,2,1,,5,3.9214065515956746,0.5985934484043249
392,Cc1cc(C)c(C(=O)O)c(C)c1,3.498,Cc1cc(C)c(C(=O)O)c(C)c1,164.204,2.31006,37.3,1,1,1,1,0.3,0,0,1,1,2,1,,3,3.9970869666799067,-0.4990869666799065
393,Cc1cc(C)c(C(=O)O)cc1C,4.38,Cc1cc(C)c(C(=O)O)cc1C,164.204,2.31006,37.3,1,1,1,1,0.3,0,0,1,1,2,1,,5,3.9214065515956746,0.45859344840432525
394,Cc1cc(C)c(C)c(C(=O)O)c1,4.01,Cc1cc(C)c(C)c(C(=O)O)c1,164.204,2.31006,37.3,1,1,1,1,0.3,0,0,1,1,2,1,,5,3.9214065515956746,0.08859344840432515
395,Cc1cc(C)c(C)c(C(=O)O)c1C,3.416,Cc1cc(C)c(C)c(C(=O)O)c1C,178.231,2.61848,37.3,1,1,1,1,0.363636,0,0,1,1,2,1,,3,4.02276066467597,-0.6067606646759702
396,Cc1cc(C)cc(C(=O)O)c1,4.343999999999999,Cc1cc(C)cc(C(=O)O)c1,150.177,2.00164,37.3,1,1,1,1,0.222222,0,0,1,1,2,1,,2,4.024831304537823,0.3191686954621762
397,Cc1cc(C)cc(OCC(=O)O)c1,3.2,Cc1cc(C)cc(OCC(=O)O)c1,180.203,1.76684,46.53,2,1,3,1,0.3,0,0,1,1,2,1,,3,3.9783319695073462,-0.7783319695073461
398,Cc1cc(C)n(CC(=O)O)n1,3.9,Cc1cc(C)n(CC(=O)O)n1,154.169,0.58454,55.12,2,1,2,1,0.428571,0,0,1,1,2,1,,3,5.092787020740605,-1.1927870207406053
399,Cc1cc(Cl)ccc1OCC(=O)O,3.107,Cc1cc(Cl)ccc1OCC(=O)O,200.621,2.11182,46.53,2,1,3,1,0.222222,0,0,1,1,2,1,,5,3.848198279858033,-0.741198279858033
400,Cc1cc([N+](=O)[O-])c(C)c(C(=O)O)c1O,2.78,Cc1cc([N+](=O)[O-])c(C)c(C(=O)O)c1O,211.173,1.61544,100.67,4,2,2,1,0.222222,0,0,1,1,2,1,,2,3.984933584205187,-1.2049335842051874
401,Cc1cc2ccccc2c(C(=O)O)c1C,2.831,Cc1cc2ccccc2c(C(=O)O)c1C,200.237,3.15484,37.3,1,1,1,2,0.153846,0,0,1,1,2,1,,3,3.9367253121178862,-1.1057253121178863
402,Cc1ccc(C(=O)O)[nH]1,4.88,Cc1ccc(C(=O)O)[nH]1,125.127,1.02132,53.09,1,2,1,1,0.166667,0,0,1,1,2,1,,4,5.658163851530811,-0.7781638515308114
403,Cc1ccc(C(=O)O)[se]1,3.82,Cc1ccc(C(=O)O)[se]1,189.072,0.75022,37.3,1,1,1,1,0.166667,0,0,1,1,2,1,,5,3.3579626416970694,0.46203735830293047
404,Cc1ccc(C(=O)O)c(C)c1,4.2595,Cc1ccc(C(=O)O)c(C)c1,150.177,2.00164,37.3,1,1,1,1,0.222222,0,0,1,1,2,1,,4,3.9699577927128438,0.2895422072871563
405,Cc1ccc(C(=O)O)c(C)c1C,4.06,Cc1ccc(C(=O)O)c(C)c1C,164.204,2.31006,37.3,1,1,1,1,0.3,0,0,1,1,2,1,,4,3.877938779116593,0.1820612208834067
406,Cc1ccc(C(=O)O)c(N)c1,5.07,Cc1ccc(C(=O)O)c(N)c1,151.165,1.27542,63.32,2,2,1,1,0.125,0,0,1,1,2,1,,1,4.084773723507479,0.9852262764925213
407,Cc1ccc(C(=O)O)c(O)c1,3.1630000000000003,Cc1ccc(C(=O)O)c(O)c1,152.149,1.39882,57.53,2,2,1,1,0.125,0,0,1,1,2,1,,2,3.72586335169327,-0.5628633516932697
408,Cc1ccc(C(=O)O)cc1,4.383333333333334,Cc1ccc(C(=O)O)cc1,136.15,1.69322,37.3,1,1,1,1,0.125,0,0,1,1,2,1,,5,3.98265816748069,0.40067516585264373
409,Cc1ccc(C(=O)O)cc1C,4.5,Cc1ccc(C(=O)O)cc1C,150.177,2.00164,37.3,1,1,1,1,0.222222,0,0,1,1,2,1,,3,4.02195413323945,0.4780458667605503
410,Cc1ccc(C(=O)O)s1,3.73,Cc1ccc(C(=O)O)s1,142.179,1.75472,37.3,2,1,1,1,0.166667,0,0,1,1,2,1,,1,3.743225123616626,-0.013225123616626089
411,Cc1ccc(C(=O)c2ccccc2C(=O)O)cc1,3.644,Cc1ccc(C(=O)c2ccccc2C(=O)O)cc1,240.258,2.92422,54.37,2,1,3,2,0.066667,0,0,1,1,2,1,,3,3.7907698501388762,-0.1467698501388761
412,Cc1ccc(C)c(C(=O)O)c1,4.0205,Cc1ccc(C)c(C(=O)O)c1,150.177,2.00164,37.3,1,1,1,1,0.222222,0,0,1,1,2,1,,4,3.9699577927128438,0.050542207287156415
413,Cc1ccc(C)c(C(=O)O)c1C,3.34,Cc1ccc(C)c(C(=O)O)c1C,164.204,2.31006,37.3,1,1,1,1,0.3,0,0,1,1,2,1,,1,3.9870971452278168,-0.6470971452278169
414,Cc1ccc(C)c(C(=O)O)c1O,3.23,Cc1ccc(C)c(C(=O)O)c1O,166.176,1.70724,57.53,2,2,1,1,0.222222,0,0,1,1,2,1,,3,3.9943854719512393,-0.7643854719512393
415,Cc1ccc(C)c(C(O)C(=O)O)c1,3.57,Cc1ccc(C)c(C(O)C(=O)O)c1,180.203,1.42144,57.53,2,2,2,1,0.3,0,0,1,1,2,1,,5,5.182062079914937,-1.6120620799149372
416,Cc1ccc(C2CC2C(=O)O)cc1,4.6,Cc1ccc(C2CC2C(=O)O)cc1,176.215,2.18312,37.3,1,1,2,1,0.363636,0,0,1,1,2,1,,4,4.165988447756453,0.4340115522435468
417,Cc1ccc(CC(=O)O)cc1,4.07025,Cc1ccc(CC(=O)O)cc1,150.177,1.62212,37.3,1,1,2,1,0.222222,0,0,1,1,2,1,,4,4.325949920921094,-0.25569992092109395
418,Cc1ccc(CCC(=O)O)cc1,4.74,Cc1ccc(CCC(=O)O)cc1,164.204,2.01222,37.3,1,1,3,1,0.3,0,0,1,1,2,1,,3,4.477877098894174,0.26212290110582614
419,Cc1ccc(N)c(C(=O)O)c1,5.13,Cc1ccc(N)c(C(=O)O)c1,151.165,1.27542,63.32,2,2,1,1,0.125,0,0,1,1,2,1,,3,4.26946456649635,0.8605354335036495
420,Cc1ccc(NCC(=O)O)cc1,4.85,Cc1ccc(NCC(=O)O)cc1,165.192,1.49152,49.33,2,2,3,1,0.222222,0,0,1,1,2,1,,5,4.872206211333424,-0.022206211333424264
421,Cc1ccc(O)c(C(=O)O)c1,3.026666666666667,Cc1ccc(O)c(C(=O)O)c1,152.149,1.39882,57.53,2,2,1,1,0.125,0,0,1,1,2,1,,4,4.100395013631712,-1.0737283469650456
422,Cc1ccc(S(=O)(=O)CC(=O)O)cc1,2.542,Cc1ccc(S(=O)(=O)CC(=O)O)cc1,214.242,0.85332,71.44,3,1,3,1,0.222222,0,0,1,1,2,1,,1,2.993601139402871,-0.45160113940287117
423,Cc1ccc(S(=O)CC(=O)O)cc1,2.74,Cc1ccc(S(=O)CC(=O)O)cc1,198.243,1.18722,54.37,2,1,3,1,0.222222,0,0,1,1,2,1,,4,3.5578879701068873,-0.8178879701068871
424,Cc1ccc(SCC(=O)O)cc1,3.689,Cc1ccc(SCC(=O)O)cc1,182.244,2.17172,37.3,2,1,3,1,0.222222,0,0,1,1,2,1,,1,3.7493440305110406,-0.060344030511040536
425,Cc1ccc2ccccc2c1C(=O)O,3.034,Cc1ccc2ccccc2c1C(=O)O,186.21,2.84642,37.3,1,1,1,2,0.083333,0,0,1,1,2,1,,1,4.085198558354051,-1.0511985583540513
426,Cc1cccc(=O)c(O)c1C(=O)O,2.48,Cc1cccc(=O)c(O)c1C(=O)O,180.159,0.75902,74.6,3,2,1,1,0.111111,0,0,1,1,2,1,,3,3.586339783857479,-1.106339783857479
427,Cc1cccc(C(=O)O)c1,4.272666666666667,Cc1cccc(C(=O)O)c1,136.15,1.69322,37.3,1,1,1,1,0.125,0,0,1,1,2,1,,2,4.064298130622516,0.2083685360441505
428,Cc1cccc(C(=O)O)c1C,3.758,Cc1cccc(C(=O)O)c1C,150.177,2.00164,37.3,1,1,1,1,0.222222,0,0,1,1,2,1,,3,4.02195413323945,-0.2639541332394497
429,Cc1cccc(C(=O)O)c1O,2.971,Cc1cccc(C(=O)O)c1O,152.149,1.39882,57.53,2,2,1,1,0.125,0,0,1,1,2,1,,5,4.207970756242897,-1.236970756242897
430,Cc1cccc(C(=O)O)n1,5.83,Cc1cccc(C(=O)O)n1,137.138,1.08822,50.19,2,1,1,1,0.142857,0,0,1,1,2,1,,2,3.7733553838470444,2.0566446161529557
431,Cc1cccc(C)c1C(=O)O,3.307,Cc1cccc(C)c1C(=O)O,150.177,2.00164,37.3,1,1,1,1,0.222222,0,0,1,1,2,1,,2,4.024831304537823,-0.7178313045378233
432,Cc1cccc(NCC(=O)O)c1,4.6,Cc1cccc(NCC(=O)O)c1,165.192,1.49152,49.33,2,2,3,1,0.222222,0,0,1,1,2,1,,1,4.870421261568541,-0.27042126156854174
433,Cc1cccc(O)c(=O)c1C(=O)O,3.15,Cc1cccc(O)c(=O)c1C(=O)O,180.159,0.75902,74.6,3,2,1,1,0.111111,0,0,1,1,2,1,,3,3.586339783857479,-0.4363397838574792
434,Cc1cccc(O)c1C(=O)O,3.24,Cc1cccc(O)c1C(=O)O,152.149,1.39882,57.53,2,2,1,1,0.125,0,0,1,1,2,1,,1,3.9071107708659083,-0.6671107708659081
435,Cc1cccc(S(=O)(=O)CC(=O)O)c1,2.567,Cc1cccc(S(=O)(=O)CC(=O)O)c1,214.242,0.85332,71.44,3,1,3,1,0.222222,0,0,1,1,2,1,,2,3.284129428876741,-0.7171294288767407
436,Cc1cccc(S(=O)CC(=O)O)c1,2.756,Cc1cccc(S(=O)CC(=O)O)c1,198.243,1.18722,54.37,2,1,3,1,0.222222,0,0,1,1,2,1,,3,3.616352490253292,-0.8603524902532924
437,Cc1cccc(SCC(=O)O)c1,3.604,Cc1cccc(SCC(=O)O)c1,182.244,2.17172,37.3,2,1,3,1,0.222222,0,0,1,1,2,1,,5,3.824118756256725,-0.22011875625672506
438,Cc1cccc2[nH]cc(CC(N)C(=O)O)c12,16.9,Cc1cccc2[nH]cc(CC(N)C(=O)O)c12,218.256,1.43072,79.11,2,3,3,2,0.25,0,0,1,1,2,1,,3,8.863142523617523,8.036857476382476
439,Cc1cccc2c1[C@H](C(=O)O)[C@@]13CC(=O)[C@@](C)(CC[C@H]21)C3,4.24,Cc1cccc2c1[C@H](C(=O)O)[C@@]13CC(=O)[C@@](C)(CC[C@H]21)C3,284.355,3.40982,54.37,2,1,1,1,0.555556,0,0,1,1,2,1,,4,3.9391966126592557,0.3008033873407445
440,Cc1ccccc1C(=O)O,3.914,Cc1ccccc1C(=O)O,136.15,1.69322,37.3,1,1,1,1,0.125,0,0,1,1,2,1,,4,4.1054897823423,-0.19148978234229963
441,Cc1csc(C(=O)O)c1,3.6366666666666654,Cc1csc(C(=O)O)c1,142.179,1.75472,37.3,2,1,1,1,0.166667,0,0,1,1,2,1,,2,3.652135846740883,-0.015469180074217714
442,Cc1csc(C(=O)O)n1,3.18,Cc1csc(C(=O)O)n1,143.167,1.14972,50.19,3,1,1,1,0.2,0,0,1,1,2,1,,1,3.6136091813456104,-0.4336091813456102
443,Cc1nc(C)c(C(=O)O)cc1C(=O)O,2.81,Cc1nc(C)c(C(=O)O)cc1C(=O)O,195.174,1.09484,87.49,3,2,2,1,0.222222,0,0,2,2,4,2,,4,2.3633534315800873,0.4466465684199128
444,Cc1nc[nH]c1C(=O)O,7.01,Cc1nc[nH]c1C(=O)O,126.115,0.41632,65.98,2,2,1,1,0.2,0,0,1,1,2,1,,2,5.036886762382669,1.9731132376173308
445,Cc1ncc(CO)c(C=NC(C(=O)O)C(C)OP(=O)(O)O)c1O,10.48,Cc1ncc(CO)c(C=NC(C(=O)O)C(C)OP(=O)(O)O)c1O,348.248,-0.04218,169.77,7,5,7,1,0.416667,0,0,1,1,2,1,,3,6.0015477353444275,4.478452264655573
446,Cc1ncc(CO)c(C=N[C@H](C(=O)O)[C@@H](C)O)c1O,9.89,Cc1ncc(CO)c(C=N[C@H](C(=O)O)[C@@H](C)O)c1O,268.269,-0.15918,123.24,6,4,5,1,0.416667,0,0,1,1,2,1,,2,7.91705029884723,1.9729497011527704
447,Cc1ncoc1C(=O)O,2.88,Cc1ncoc1C(=O)O,127.099,0.68122,63.33,3,1,1,1,0.2,0,0,1,1,2,1,,1,3.85416915106911,-0.97416915106911
448,Cl/C=C/C(=O)O,3.79,O=C(O)/C=C/Cl,106.508,0.8235,37.3,1,1,1,0,0.0,0,0,1,1,2,1,,3,3.7729774242036527,0.01702257579634736
449,ClC1=CC=C(C=C1)[C@H]1[C@@H](C1)C(=O)O,4.53,O=C(O)[C@@H]1C[C@H]1c1ccc(Cl)cc1,196.633,2.5281,37.3,1,1,2,1,0.3,0,0,1,1,2,1,,1,3.928789637986039,0.601210362013961
450,ClC=1C=C(C=CC1)[C@H]1[C@@H](C1)C(=O)O,4.51,O=C(O)[C@@H]1C[C@H]1c1cccc(Cl)c1,196.633,2.5281,37.3,1,1,2,1,0.3,0,0,1,1,2,1,,1,3.928789637986039,0.5812103620139606
451,Cl[C@@H]1CC[C@H](CC1)C(=O)O,4.58,O=C(O)[C@H]1CC[C@H](Cl)CC1,162.616,1.8686,37.3,1,1,1,0,0.857143,0,0,1,1,2,1,,2,4.173433382051032,0.4065666179489682
452,Cl\C=C/C(=O)O,3.45,O=C(O)/C=C\Cl,106.508,0.8235,37.3,1,1,1,0,0.0,0,0,1,1,2,1,,2,3.890027937043744,-0.44002793704374366
453,Cn1ccnc1C(=O)O,7.25,Cn1ccnc1C(=O)O,126.115,0.1183,55.12,2,1,1,1,0.2,0,0,1,1,2,1,,1,4.1676272098302105,3.0823727901697895
454,Cn1cnc(C[C@H](NC(=O)CCN)C(=O)O)c1,9.49,Cn1cnc(C[C@H](NC(=O)CCN)C(=O)O)c1,240.263,-1.1192,110.24,4,3,6,1,0.5,0,0,1,1,2,1,,4,8.279597469490621,1.2104025305093788
455,FC1=C(C=CC=C1)/C=C/C(=O)O,4.28,O=C(O)/C=C/c1ccccc1F,166.151,1.9235,37.3,1,1,2,1,0.0,0,0,1,1,2,1,,1,4.024133529181684,0.25586647081831604
456,F[B-](F)(F)F.N#[N+]c1ccc(CC(=O)O)cc1,3.24,F[B-](F)(F)F.N#[N+]c1ccc(CC(=O)O)cc1,249.96,3.09828,65.45,2,1,2,1,0.125,0,0,1,1,2,1,,5,3.4440504825518437,-0.20405048255184344
457,I/C=C/C(=O)O,3.74,O=C(O)/C=C/I,197.959,1.0197,37.3,1,1,1,0,0.0,0,0,1,1,2,1,,5,3.3202221155099174,0.4197778844900828
458,I\C=C/C(=O)O,3.42,O=C(O)/C=C\I,197.959,1.0197,37.3,1,1,1,0,0.0,0,0,1,1,2,1,,3,3.4334598047296874,-0.013459804729687441
459,N#CC12CCC(C(=O)O)(CC1)C2,4.227,N#CC12CCC(C(=O)O)(CC1)C2,165.192,1.54508,61.09,2,1,1,0,0.777778,0,0,1,1,2,1,,3,4.371782236994701,-0.1447822369947005
460,N#CC12CCC(C(=O)O)(CC1)CC2,4.545,N#CC12CCC(C(=O)O)(CC1)CC2,179.219,1.93518,61.09,2,1,1,0,0.8,0,0,1,1,2,1,,5,4.428677015623149,0.11632298437685051
461,N#CC1CCC(C(=O)O)CC1,4.48,N#CC1CCC(C(=O)O)CC1,153.181,1.40098,61.09,2,1,1,0,0.75,0,0,1,1,2,1,,5,4.23920488341798,0.2407951165820208
462,N#CCC(=O)O,2.56025,N#CCC(=O)O,85.062,-0.01532,61.09,2,1,1,0,0.333333,0,0,1,1,2,1,,5,3.994106727565106,-1.433856727565106
463,N#Cc1ccc(C(=O)O)c(O)c1,2.35,N#Cc1ccc(C(=O)O)c(O)c1,163.132,0.96208,81.32,3,2,1,1,0.0,0,0,1,1,2,1,,5,3.3370101405343098,-0.9870101405343097
464,N#Cc1ccc(O)c(C(=O)O)c1,2.38,N#Cc1ccc(O)c(C(=O)O)c1,163.132,0.96208,81.32,3,2,1,1,0.0,0,0,1,1,2,1,,1,2.972273240706119,-0.5922732407061191
465,N#Cc1ccc(OCC(=O)O)cc1,2.87,N#Cc1ccc(OCC(=O)O)cc1,177.159,1.02168,70.32,3,1,3,1,0.111111,0,0,1,1,2,1,,4,3.402116949681467,-0.532116949681467
466,N#Cc1cccc(NCC(=O)O)c1,3.78,N#Cc1cccc(NCC(=O)O)c1,176.175,1.05478,73.12,3,2,3,1,0.111111,0,0,1,1,2,1,,1,4.0808274061347145,-0.3008274061347147
467,N=C(N)NCCC[C@@H](NC(=O)[C@H](N)Cc1ccc(O)cc1)C(=O)O,9.58,N=C(N)NCCC[C@@H](NC(=O)[C@H](N)Cc1ccc(O)cc1)C(=O)O,337.38,-0.90533,174.55,5,7,9,1,0.4,0,0,1,1,2,1,,3,6.217602473476665,3.362397526523335
468,NC(=O)C(N)CCC(=O)O,7.88,NC(=O)C(N)CCC(=O)O,146.146,-1.3362,106.41,3,3,4,0,0.6,0,0,1,1,2,1,,5,9.277446309732534,-1.3974463097325343
469,NC(=O)C(O)[C@H](N)C(=O)O,8.29,NC(=O)C(O)[C@H](N)C(=O)O,148.118,-2.7555,126.64,4,4,3,0,0.5,0,0,1,1,2,1,,2,7.19127341065239,1.098726589347609
470,NC(=O)CC[C@H](N)C(=O)NCC(=O)O,7.52,NC(=O)CC[C@H](N)C(=O)NCC(=O)O,203.198,-2.22,135.51,4,4,6,0,0.571429,0,0,1,1,2,1,,2,8.647479517693192,-1.1274795176931924
471,NC(=O)CC[C@H](N)C(=O)O,9.07,NC(=O)CC[C@H](N)C(=O)O,146.146,-1.3362,106.41,3,3,4,0,0.6,0,0,1,1,2,1,,4,9.630919138082888,-0.5609191380828875
472,NC(=O)C[C@@](N)(O)C(=O)O,7.2,NC(=O)C[C@@](N)(O)C(=O)O,148.118,-2.4063,126.64,4,4,3,0,0.5,0,0,1,1,2,1,,3,6.52084405708546,0.67915594291454
473,NC(=O)C[C@H](N)C(=O)O,8.756666666666668,NC(=O)C[C@H](N)C(=O)O,132.119,-1.7263,106.41,3,3,3,0,0.5,0,0,1,1,2,1,,5,8.308532709920271,0.4481339567463962
474,NC(=O)NCCCC(NC(=O)c1ccccc1)C(=O)O,3.5575,NC(=O)NCCCC(NC(=O)c1ccccc1)C(=O)O,279.296,0.3181,121.52,3,4,7,1,0.307692,0,0,1,1,2,1,,4,7.692550602402424,-4.135050602402424
475,NC(=O)NCCC[C@H](N)C(=O)O,9.41,NC(=O)NCCC[C@H](N)C(=O)O,175.188,-1.1532,118.44,3,4,5,0,0.666667,0,0,1,1,2,1,,3,8.440029105119619,0.9699708948803814
476,NC(C(=O)O)C(CC(=O)O)C(=O)O,3.6,NC(C(=O)O)C(CC(=O)O)C(=O)O,191.139,-1.4262,137.92,4,4,5,0,0.5,0,0,3,3,6,3,,5,3.089300506964131,0.5106994930358693
477,NC(CC(=O)O)C(F)(F)F,5.831,NC(CC(=O)O)C(F)(F)F,157.091,0.3507,63.32,2,2,2,0,0.75,0,0,1,1,2,1,,5,7.688355670191034,-1.8573556701910334
478,NC(CC(=O)O)c1ccccc1,9.31,NC(CC(=O)O)c1ccccc1,165.192,1.1611,63.32,2,2,3,1,0.222222,0,0,1,1,2,1,,5,5.532331734689819,3.777668265310181
479,NC(CC(F)(F)F)C(=O)O,8.171,NC(CC(F)(F)F)C(=O)O,157.091,0.3507,63.32,2,2,2,0,0.75,0,0,1,1,2,1,,1,7.730527988743096,0.4404720112569036
480,NC(Cc1c(F)c(F)c(F)c(F)c1F)C(=O)O,8.47,NC(Cc1c(F)c(F)c(F)c(F)c1F)C(=O)O,255.142,1.3365,63.32,2,2,3,1,0.222222,0,0,1,1,2,1,,2,4.262940004713428,4.207059995286572
481,NC(Cc1c[nH]c2ccc(O)cc12)C(=O)O,17.95,NC(Cc1c[nH]c2ccc(O)cc12)C(=O)O,220.228,0.8279,99.34,3,4,3,2,0.181818,0,0,1,1,2,1,,1,8.292306315881298,9.657693684118701
482,NC(Cc1c[nH]cn1)C(=O)O,9.16,NC(Cc1c[nH]cn1)C(=O)O,155.157,-0.6359,92.0,3,3,3,1,0.333333,0,0,1,1,2,1,,4,8.867992552210008,0.29200744778999166
483,NC(N)=NCCC[C@H](N)C(=O)O,12.48,NC(N)=NCCC[C@H](N)C(=O)O,174.204,-1.5481,127.72,3,4,5,0,0.666667,0,0,1,1,2,1,,1,7.376936212087552,5.103063787912449
484,NC(N)=NOCC[C@H](N)C(=O)O,9.25,NC(N)=NOCC[C@H](N)C(=O)O,176.176,-2.0066,136.95,4,4,5,0,0.6,0,0,1,1,2,1,,1,7.510241017570047,1.7397589824299526
485,NC1=NC(C(=O)O)CS1,8.48,NC1=NC(C(=O)O)CS1,146.171,-0.4989,75.68,4,2,1,0,0.5,0,0,1,1,2,1,,1,3.780886980446038,4.6991130195539625
486,NCC(=O)N1CCC[C@H]1C(=O)O,8.5925,NCC(=O)N1CCC[C@H]1C(=O)O,172.184,-0.9793,83.63,3,2,2,0,0.714286,0,0,1,1,2,1,,5,6.611679433234707,1.980820566765292
487,NCC(=O)NCC(=O)NCC(=O)NC(Cc1c[nH]cn1)C(=O)O,8.11,NCC(=O)NCC(=O)NCC(=O)NC(Cc1c[nH]cn1)C(=O)O,326.313,-3.2873,179.3,6,6,9,1,0.416667,0,0,1,1,2,1,,2,6.66574096989935,1.4442590301006497
488,NCC(=O)NCC(=O)NCC(=O)NCC(=O)O,7.95,NCC(=O)NCC(=O)NCC(=O)NCC(=O)O,246.223,-3.6217,150.62,5,5,7,0,0.5,0,0,1,1,2,1,,1,7.646246504379593,0.3037534956204073
489,NCC(=O)NCC(=O)NCC(=O)O,8.11,NCC(=O)NCC(=O)NCC(=O)O,189.171,-2.7379,121.52,4,4,5,0,0.5,0,0,1,1,2,1,,3,7.226293742539109,0.88370625746089
490,NCC(=O)NCC(=O)O,8.231928571428572,NCC(=O)NCC(=O)O,132.119,-1.8541,92.42,3,3,3,0,0.5,0,0,1,1,2,1,,4,8.649434047527711,-0.417505476099139
491,NCC(=O)N[C@@H](CO)C(=O)NCC(=O)O,7.99,NCC(=O)N[C@@H](CO)C(=O)NCC(=O)O,219.197,-3.377,141.75,5,5,6,0,0.571429,0,0,1,1,2,1,,5,8.396214204067917,-0.40621420406791664
492,NCC(=O)N[C@@H](CO)C(=O)O,8.24,NCC(=O)N[C@@H](CO)C(=O)O,162.145,-2.4932,112.65,4,4,4,0,0.6,0,0,1,1,2,1,,2,7.578250828747846,0.6617491712521542
493,NCC(=O)N[C@@H](Cc1c[nH]c2ccccc12)C(=O)O,8.06,NCC(=O)N[C@@H](Cc1c[nH]c2ccccc12)C(=O)O,261.281,0.2385,108.21,3,4,5,2,0.230769,0,0,1,1,2,1,,5,10.760792501704833,-2.700792501704832
494,NCC(=O)N[C@@H](Cc1c[nH]cn1)C(=O)O,8.24,NCC(=O)N[C@@H](Cc1c[nH]cn1)C(=O)O,212.209,-1.5197,121.1,4,4,5,1,0.375,0,0,1,1,2,1,,5,8.736521840497993,-0.49652184049799253
495,NCC(=O)N[C@@H](Cc1ccc(O)cc1)C(=O)O,8.24,NCC(=O)N[C@@H](Cc1ccc(O)cc1)C(=O)O,238.243,-0.5372,112.65,4,4,5,1,0.272727,0,0,1,1,2,1,,3,7.340926713737703,0.899073286262297
496,NCC(=O)N[C@@H](Cc1ccccc1)C(=O)O,8.245000000000001,NCC(=O)N[C@@H](Cc1ccccc1)C(=O)O,222.244,-0.2428,92.42,3,3,5,1,0.272727,0,0,1,1,2,1,,1,7.0421491287329925,1.2028508712670085
497,NCC(=O)N[C@@H](Cc1cnc[nH]1)C(=O)N[C@@H](CCC(=O)O)C(=O)O,6.65,NCC(=O)N[C@@H](Cc1cnc[nH]1)C(=O)N[C@@H](CCC(=O)O)C(=O)O,341.324,-2.1701,187.5,6,6,10,1,0.461538,0,0,2,2,4,2,,2,5.083774043052093,1.5662259569479078
498,NCC(=O)N[C@@H](Cc1cnc[nH]1)C(=O)O,8.2,NCC(=O)N[C@@H](Cc1cnc[nH]1)C(=O)O,212.209,-1.5197,121.1,4,4,5,1,0.375,0,0,1,1,2,1,,4,8.33996271348952,-0.1399627134895205
499,NCC(=O)O,9.746006666666666,NCC(=O)O,75.067,-0.9703,63.32,2,2,1,0,0.5,0,0,1,1,2,1,,2,7.262877463151815,2.483129203514851
500,NCC(N)C(=O)O,9.555,NCC(N)C(=O)O,104.109,-1.643,89.34,3,3,2,0,0.666667,0,0,1,1,2,1,,5,9.149327587777957,0.4056724122220423
501,NCC(O)C(=O)O,9.33,NCC(O)C(=O)O,105.093,-1.6094,83.55,3,3,2,0,0.666667,0,0,1,1,2,1,,1,9.047682222934762,0.28231777706523786
502,NCCC(=O)O,10.2552,NCCC(=O)O,89.094,-0.5802,63.32,2,2,2,0,0.666667,0,0,1,1,2,1,,2,9.338037619680938,0.9171623803190627
503,NCCCC(=O)O,10.515175,NCCCC(=O)O,103.121,-0.1901,63.32,2,2,3,0,0.75,0,0,1,1,2,1,,2,10.30662678131842,0.2085482186815799
504,NCCCCC(=O)O,10.6572,NCCCCC(=O)O,117.148,0.2,63.32,2,2,4,0,0.8,0,0,1,1,2,1,,5,10.41920218956265,0.23799781043734924
505,NCCCCCC(=O)O,10.808,NCCCCCC(=O)O,131.175,0.5901,63.32,2,2,5,0,0.833333,0,0,1,1,2,1,,4,9.811175418370912,0.9968245816290882
506,NCCCC[C@H](N)C(=O)O,10.69,NCCCC[C@H](N)C(=O)O,146.19,-0.4727,89.34,3,3,5,0,0.833333,0,0,1,1,2,1,,5,10.99163419311206,-0.30163419311205963
507,NCCC[C@H](N)C(=O)O,8.773333333333333,NCCC[C@H](N)C(=O)O,132.163,-0.8628,89.34,3,3,4,0,0.8,0,0,1,1,2,1,,4,10.850816028505982,-2.077482695172648
508,NCC[C@H](N)C(=O)O,10.25,NCC[C@H](N)C(=O)O,118.136,-1.2529,89.34,3,3,3,0,0.75,0,0,1,1,2,1,,1,10.12342438847677,0.12657561152322927
509,NC[C@H](N)C(=O)O,9.34,NC[C@H](N)C(=O)O,104.109,-1.643,89.34,3,3,2,0,0.666667,0,0,1,1,2,1,,1,8.964724727508969,0.3752752724910309
510,NCc1ccc(CCC(=O)O)cc1,4.28,NCc1ccc(CCC(=O)O)cc1,179.219,1.1625,63.32,2,2,4,1,0.3,0,0,1,1,2,1,,5,6.099419565221924,-1.8194195652219234
511,NCc1ccccc1CCC(=O)O,4.22,NCc1ccccc1CCC(=O)O,179.219,1.1625,63.32,2,2,4,1,0.3,0,0,1,1,2,1,,4,6.020784368214056,-1.8007843682140559
512,NOCC[C@H](N)C(=O)O,9.2,NOCC[C@H](N)C(=O)O,134.135,-1.3213,98.57,4,3,4,0,0.75,0,0,1,1,2,1,,5,9.085228070968576,0.11477192903142353
513,NS(=O)(=O)c1ccc(C(=O)O)cc1,3.47,NS(=O)(=O)c1ccc(C(=O)O)cc1,201.203,0.0322,97.46,3,2,2,1,0.0,0,0,1,1,2,1,,4,3.406191523661164,0.06380847633883624
514,NS(=O)(=O)c1cccc(C(=O)O)c1,3.54,NS(=O)(=O)c1cccc(C(=O)O)c1,201.203,0.0322,97.46,3,2,2,1,0.0,0,0,1,1,2,1,,3,2.758539730115303,0.7814602698846969
515,N[C@@H](CC(=O)O)C(=O)O,3.8392857142857135,N[C@@H](CC(=O)O)C(=O)O,133.103,-1.127,100.62,3,3,3,0,0.5,0,0,2,2,4,2,,2,3.3498548307522205,0.48943088353349307
516,N[C@@H](CCC(=O)O)C(=O)O,4.2375,N[C@@H](CCC(=O)O)C(=O)O,147.13,-0.7369,100.62,3,3,4,0,0.6,0,0,2,2,4,2,,2,3.96245828613206,0.27504171386793974
517,N[C@@H](CCC(=O)OCc1ccccc1)C(=O)O,9.0,N[C@@H](CCC(=O)OCc1ccccc1)C(=O)O,237.255,0.9219,89.62,4,2,6,1,0.333333,0,0,1,1,2,1,,4,5.347598137251956,3.652401862748044
518,N[C@@H](CCC(F)(F)F)C(=O)O,8.916,N[C@@H](CCC(F)(F)F)C(=O)O,171.118,0.7408,63.32,2,2,3,0,0.8,0,0,1,1,2,1,,2,7.761231102800464,1.1547688971995367
519,N[C@@H](CCCC(F)(F)F)C(=O)O,9.463,N[C@@H](CCCC(F)(F)F)C(=O)O,185.145,1.1309,63.32,2,2,4,0,0.833333,0,0,1,1,2,1,,4,7.864620197965246,1.5983798020347528
520,N[C@@H](CCS)C(=O)O,8.87,N[C@@H](CCS)C(=O)O,135.188,-0.2818,63.32,3,3,3,0,0.75,0,0,1,1,2,1,,1,9.894689957142202,-1.0246899571422023
521,N[C@@H](CCSSCC[C@H](N)C(=O)O)C(=O)O,8.523,N[C@@H](CCSSCC[C@H](N)C(=O)O)C(=O)O,268.36,-0.0282,126.64,6,4,9,0,0.75,0,0,2,2,4,2,,1,7.058492961323437,1.4645070386765626
522,N[C@@H](CO)C(=O)NCC(=O)O,7.33,N[C@@H](CO)C(=O)NCC(=O)O,162.145,-2.4932,112.65,4,4,4,0,0.6,0,0,1,1,2,1,,5,8.042171274206826,-0.7121712742068258
523,N[C@@H](CO)C(=O)N[C@@H](CCC(=O)O)C(=O)O,4.34,N[C@@H](CO)C(=O)N[C@@H](CCC(=O)O)C(=O)O,234.208,-2.2598,149.95,5,5,7,0,0.625,0,0,2,2,4,2,,3,5.824648816890757,-1.4846488168907568
524,N[C@@H](CO)C(=O)O,9.161333333333332,N[C@@H](CO)C(=O)O,105.093,-1.6094,83.55,3,3,2,0,0.666667,0,0,1,1,2,1,,1,9.047682222934762,0.11365111039856934
525,N[C@@H](COP(=O)(O)O)C(=O)O,2.08,N[C@@H](COP(=O)(O)O)C(=O)O,185.072,-1.4924,130.08,4,4,4,0,0.666667,0,0,1,1,2,1,,1,6.5623684919393455,-4.482368491939345
526,N[C@@H](CS(=O)(=O)O)C(=O)O,1.89,N[C@@H](CS(=O)(=O)O)C(=O)O,169.158,-1.7139,117.69,4,3,3,0,0.666667,0,1,2,4,3,1,,5,1.9900539801428891,-0.10005398014288924
527,N[C@@H](CS)C(=O)O,8.36,N[C@@H](CS)C(=O)O,121.161,-0.6719,63.32,3,3,2,0,0.666667,0,0,1,1,2,1,,1,8.729131436719658,-0.369131436719659
528,N[C@@H](Cc1c[nH]c(S)n1)C(=O)O,8.47,N[C@@H](Cc1c[nH]c(S)n1)C(=O)O,187.224,-0.3472,92.0,4,4,3,1,0.333333,0,0,1,1,2,1,,3,8.307156388125161,0.1628436118748393
529,N[C@@H](Cc1c[nH]c2ccccc12)C(=O)O,9.3825,N[C@@H](Cc1c[nH]c2ccccc12)C(=O)O,204.229,1.1223,79.11,2,3,3,2,0.181818,0,0,1,1,2,1,,1,7.95132480889408,1.43117519110592
530,N[C@@H](Cc1c[nH]nn1)C(=O)O,8.55,N[C@@H](Cc1c[nH]nn1)C(=O)O,156.145,-1.2409,104.89,4,3,3,1,0.4,0,0,1,1,2,1,,2,8.409649337151894,0.14035066284810682
531,N[C@@H](Cc1cc(Br)c(O)c(Br)c1)C(=O)O,6.45,N[C@@H](Cc1cc(Br)c(O)c(Br)c1)C(=O)O,338.983,1.8716,83.55,3,3,3,1,0.222222,0,0,1,1,2,1,,3,5.533948519321451,0.9160514806785489
532,N[C@@H](Cc1cc(Cl)c(O)c(Cl)c1)C(=O)O,6.47,N[C@@H](Cc1cc(Cl)c(O)c(Cl)c1)C(=O)O,250.081,1.6534,83.55,3,3,3,1,0.222222,0,0,1,1,2,1,,1,5.203959309986189,1.2660406900138108
533,N[C@@H](Cc1cc(I)c(O)c(I)c1)C(=O)O,6.48,N[C@@H](Cc1cc(I)c(O)c(I)c1)C(=O)O,432.983,1.5558,83.55,3,3,3,1,0.222222,0,0,1,1,2,1,,1,7.180549957852824,-0.7005499578528234
534,N[C@@H](Cc1cc[nH]n1)C(=O)O,8.95,N[C@@H](Cc1cc[nH]n1)C(=O)O,155.157,-0.6359,92.0,3,3,3,1,0.333333,0,0,1,1,2,1,,1,8.382753781341199,0.5672462186588003
535,N[C@@H](Cc1ccc(O)c(O)c1)C(=O)O,8.72,N[C@@H](Cc1ccc(O)c(O)c1)C(=O)O,197.19,0.0522,103.78,4,4,3,1,0.222222,0,0,1,1,2,1,,1,6.107097005385645,2.6129029946143554
536,N[C@@H](Cc1ccc(O)cc1)C(=O)N[C@@H](Cc1ccc(O)cc1)C(=O)O,7.68,N[C@@H](Cc1ccc(O)cc1)C(=O)N[C@@H](Cc1ccc(O)cc1)C(=O)O,344.367,0.7797,132.88,5,5,7,2,0.222222,0,0,1,1,2,1,,2,8.025567970246499,-0.3455679702464991
537,N[C@@H](Cc1ccc(O)cc1)C(=O)O,9.59,N[C@@H](Cc1ccc(O)cc1)C(=O)O,181.191,0.3466,83.55,3,3,3,1,0.222222,0,0,1,1,2,1,,2,6.760858220567627,2.8291417794323728
538,N[C@@H](Cc1ccccc1)C(=O)NCC(=O)O,7.68,N[C@@H](Cc1ccccc1)C(=O)NCC(=O)O,222.244,-0.2428,92.42,3,3,5,1,0.272727,0,0,1,1,2,1,,1,7.0421491287329925,0.6378508712670072
539,N[C@@H](Cc1ccccc1)C(=O)O,9.1425,N[C@@H](Cc1ccccc1)C(=O)O,165.192,0.641,63.32,2,2,3,1,0.222222,0,0,1,1,2,1,,3,5.682293192970395,3.4602068070296053
540,N[C@@H](Cc1cn(Cc2ccccc2)cn1)C(=O)O,9.3,N[C@@H](Cc1cn(Cc2ccccc2)cn1)C(=O)O,245.282,0.8858,81.14,3,2,5,2,0.230769,0,0,1,1,2,1,,1,6.114414165906821,3.18558583409318
541,N[C@@H](Cc1cnc(I)[nH]1)C(=O)O,8.62,N[C@@H](Cc1cnc(I)[nH]1)C(=O)O,281.053,-0.0313,92.0,3,3,3,1,0.333333,0,0,1,1,2,1,,2,7.3597267456398505,1.2602732543601487
542,N[C@@H](Cc1cnc[nH]1)C(=O)NCC(=O)O,5.96,N[C@@H](Cc1cnc[nH]1)C(=O)NCC(=O)O,212.209,-1.5197,121.1,4,4,5,1,0.375,0,0,1,1,2,1,,5,8.736521840497993,-2.7765218404979928
543,N[C@@H](Cc1cnc[nH]1)C(=O)O,9.281428571428572,N[C@@H](Cc1cnc[nH]1)C(=O)O,155.157,-0.6359,92.0,3,3,3,1,0.333333,0,0,1,1,2,1,,2,8.589269044319803,0.6921595271087693
544,N[C@@H](Cc1nc(I)[nH]c1I)C(=O)O,8.18,N[C@@H](Cc1nc(I)[nH]c1I)C(=O)O,406.949,0.5733,92.0,3,3,3,1,0.333333,0,0,1,1,2,1,,3,7.083515579036514,1.0964844209634856
545,N[C@H](C(=O)O)C(O)CC(=O)O,4.29,N[C@H](C(=O)O)C(O)CC(=O)O,163.129,-1.7661,120.85,4,4,4,0,0.6,0,0,2,2,4,2,,1,3.3538330758381973,0.9361669241618027
546,N[C@H](C(=O)O)[C@H](O)C(F)(F)F,7.781,N[C@H](C(=O)O)[C@H](O)C(F)(F)F,173.09,-0.6785,83.55,3,3,2,0,0.75,0,0,1,1,2,1,,1,7.737275974011079,0.043724025988920445
547,Nc1c(C(=O)O)[nH]c(=O)[nH]c1=O,2.63,Nc1c(C(=O)O)[nH]c(=O)[nH]c1=O,171.112,-1.6564,129.04,4,4,1,1,0.0,0,0,1,1,2,1,,2,4.21140450657292,-1.5814045065729205
548,Nc1c(NCC(=O)O)nc(Cl)nc1C(=O)O,4.48,Nc1c(NCC(=O)O)nc(Cl)nc1C(=O)O,246.61,-0.0931,138.43,6,4,4,1,0.142857,0,0,2,2,4,2,,5,4.73765911471814,-0.2576591147181393
549,Nc1cc(Br)ccc1C(=O)O,4.37,Nc1cc(Br)ccc1C(=O)O,216.034,1.7295,63.32,2,2,1,1,0.0,0,0,1,1,2,1,,1,2.727895552333074,1.642104447666926
550,Nc1cc(C(=O)O)c2ccccc2c1,4.39,Nc1cc(C(=O)O)c2ccccc2c1,187.198,2.1202,63.32,2,2,1,2,0.0,0,0,1,1,2,1,,1,4.315701156739945,0.07429884326005443
551,Nc1cc(C(=O)O)cc([N+](=O)[O-])c1,3.55,Nc1cc(C(=O)O)cc([N+](=O)[O-])c1,182.135,0.8752,106.46,4,2,2,1,0.0,0,0,1,1,2,1,,1,2.1644655846987373,1.3855344153012625
552,Nc1cc(C(=O)O)cc2ccccc12,4.46,Nc1cc(C(=O)O)cc2ccccc12,187.198,2.1202,63.32,2,2,1,2,0.0,0,0,1,1,2,1,,4,4.327537564982032,0.13246243501796773
553,Nc1cc(Cl)ccc1C(=O)O,4.44,Nc1cc(Cl)ccc1C(=O)O,171.583,1.6204,63.32,2,2,1,1,0.0,0,0,1,1,2,1,,1,3.2069668626211287,1.2330331373788717
554,Nc1cc(F)ccc1C(=O)O,4.6,Nc1cc(F)ccc1C(=O)O,155.128,1.1061,63.32,2,2,1,1,0.0,0,0,1,1,2,1,,2,3.538510819846257,1.0614891801537425
555,Nc1cc([N+](=O)[O-])ccc1C(=O)O,3.7,Nc1cc([N+](=O)[O-])ccc1C(=O)O,182.135,0.8752,106.46,4,2,2,1,0.0,0,0,1,1,2,1,,5,2.2527292779935673,1.447270722006433
556,Nc1ccc(Br)cc1C(=O)O,4.41,Nc1ccc(Br)cc1C(=O)O,216.034,1.7295,63.32,2,2,1,1,0.0,0,0,1,1,2,1,,3,2.877296840575598,1.5327031594244023
557,Nc1ccc(C(=O)O)c(O)c1,3.356666666666667,Nc1ccc(C(=O)O)c(O)c1,153.137,0.6726,83.55,3,3,1,1,0.0,0,0,1,1,2,1,,5,4.201110676933145,-0.8444440102664781
558,Nc1ccc(C(=O)O)cc1,4.832833333333333,Nc1ccc(C(=O)O)cc1,137.138,0.967,63.32,2,2,1,1,0.0,0,0,1,1,2,1,,5,4.2734508741816715,0.5593824591516618
559,Nc1ccc(Cl)cc1C(=O)O,4.35,Nc1ccc(Cl)cc1C(=O)O,171.583,1.6204,63.32,2,2,1,1,0.0,0,0,1,1,2,1,,1,3.2069668626211287,1.143033137378871
560,Nc1ccc(F)cc1C(=O)O,4.82,Nc1ccc(F)cc1C(=O)O,155.128,1.1061,63.32,2,2,1,1,0.0,0,0,1,1,2,1,,1,3.6494173313748277,1.1705826686251726
561,Nc1ccc(O)cc1C(=O)O,5.37,Nc1ccc(O)cc1C(=O)O,153.137,0.6726,83.55,3,3,1,1,0.0,0,0,1,1,2,1,,2,3.6417642025384156,1.7282357974615845
562,Nc1ccc(Oc2ccccc2)cc1C(=O)O,4.88,Nc1ccc(Oc2ccccc2)cc1C(=O)O,229.235,2.7593,72.55,3,2,3,2,0.0,0,0,1,1,2,1,,5,3.9689249038818994,0.9110750961181004
563,Nc1cccc(C(=O)O)c1,4.749,Nc1cccc(C(=O)O)c1,137.138,0.967,63.32,2,2,1,1,0.0,0,0,1,1,2,1,,5,4.2734508741816715,0.4755491258183282
564,Nc1ccccc1C(=O)O,4.911714285714285,Nc1ccccc1C(=O)O,137.138,0.967,63.32,2,2,1,1,0.0,0,0,1,1,2,1,,5,4.2734508741816715,0.6382634115326136
565,O=C(/C=C/c1ccc(O)c(O)c1)O[C@@H]1C[C@](O)(C(=O)O)C[C@@H](O)[C@H]1O,3.545,O=C(/C=C/c1ccc(O)c(O)c1)O[C@@H]1C[C@](O)(C(=O)O)C[C@@H](O)[C@H]1O,354.311,-0.6459,164.75,8,6,4,1,0.375,0,0,1,1,2,1,,5,9.106864361418449,-5.561864361418449
566,O=C(CCNC(=O)OCc1ccccc1)N[C@@H](Cc1cnc[nH]1)C(=O)O,6.964,O=C(CCNC(=O)OCc1ccccc1)N[C@@H](Cc1cnc[nH]1)C(=O)O,360.37,0.8381,133.41,5,4,9,2,0.294118,0,0,1,1,2,1,,5,7.390123838237221,-0.42612383823722055
567,O=C(O)/C=C/C(=O)O,3.326,O=C(O)/C=C/C(=O)O,116.072,-0.2882,74.6,2,2,2,0,0.0,0,0,2,2,4,2,,5,1.9560180463109107,1.3699819536890894
568,O=C(O)/C=C/c1ccc(O)cc1,4.64,O=C(O)/C=C/c1ccc(O)cc1,164.16,1.49,57.53,2,2,2,1,0.0,0,0,1,1,2,1,,5,3.7257086877927525,0.9142913122072471
569,O=C(O)C#CBr,1.855,O=C(O)C#CBr,148.943,0.4268,37.3,1,1,0,0,0.0,0,0,1,1,2,1,,3,2.9096552651359797,-1.0546552651359797
570,O=C(O)C#CCl,1.845,O=C(O)C#CCl,104.492,0.2707,37.3,1,1,0,0,0.0,0,0,1,1,2,1,,2,2.8567605586095675,-1.0117605586095675
571,O=C(O)C#Cc1ccccc1,2.23,O=C(O)C#Cc1ccccc1,146.145,1.1227,37.3,1,1,0,1,0.0,0,0,1,1,2,1,,3,3.8171202233250123,-1.5871202233250123
572,O=C(O)C(=O)C=S1SCC=C1c1ccccc1,2.75,O=C(O)C(=O)C=S1SCC=C1c1ccccc1,266.343,2.4141,54.37,3,1,3,1,0.083333,0,0,1,1,2,1,,2,2.689264268059651,0.06073573194034898
573,O=C(O)C(=O)O,1.1902222222222223,O=C(O)C(=O)O,90.034,-0.8444,74.6,2,2,0,0,0.0,0,0,2,2,4,2,,4,2.503195648904743,-1.3129734266825208
574,O=C(O)C(Br)(Br)Br,0.72,O=C(O)C(Br)(Br)Br,296.74,1.9095,37.3,1,1,0,0,0.5,0,0,1,1,2,1,,2,3.1746823066975085,-2.4546823066975083
575,O=C(O)C(Br)Br,1.48,O=C(O)C(Br)Br,217.844,1.1869,37.3,1,1,1,0,0.5,0,0,1,1,2,1,,5,3.1134505053754458,-1.6334505053754458
576,O=C(O)C(C(=O)O)c1ccccc1,2.77,O=C(O)C(C(=O)O)c1ccccc1,180.159,0.9394,74.6,2,2,3,1,0.111111,0,0,2,2,4,2,,5,3.091339470998772,-0.321339470998772
577,O=C(O)C(Cc1ccccc1)C(=O)O,2.91,O=C(O)C(Cc1ccccc1)C(=O)O,194.186,1.0145,74.6,2,2,4,1,0.2,0,0,2,2,4,2,,2,3.5212932429817165,-0.6112932429817164
578,O=C(O)C(Cl)(Cl)Cl,0.001,O=C(O)C(Cl)(Cl)Cl,163.387,1.4412,37.3,1,1,0,0,0.5,0,0,1,1,2,1,,2,2.517118469967903,-2.516118469967903
579,O=C(O)C(Cl)Cl,1.3250000000000002,O=C(O)C(Cl)Cl,128.942,0.8747,37.3,1,1,1,0,0.5,0,0,1,1,2,1,,5,3.1831626199598158,-1.8581626199598156
580,O=C(O)C(F)(F)Cl,0.46,O=C(O)C(F)(F)Cl,130.477,0.9026,37.3,1,1,1,0,0.5,0,0,1,1,2,1,,3,3.1540638379335872,-2.6940638379335873
581,O=C(O)C(F)(F)F,0.52,O=C(O)C(F)(F)F,114.022,0.6333,37.3,1,1,0,0,0.5,0,0,1,1,2,1,,4,2.6411442033354433,-2.1211442033354433
582,O=C(O)C(F)F,1.235,O=C(O)C(F)F,96.032,0.3361,37.3,1,1,1,0,0.5,0,0,1,1,2,1,,3,3.6396964679651096,-2.4046964679651097
583,O=C(O)C(O)(CO)CO,3.29,O=C(O)C(O)(CO)CO,136.103,-2.2133,97.99,4,4,3,0,0.75,0,0,1,1,2,1,,1,7.772928420219748,-4.482928420219748
584,O=C(O)C(O)(O)C(O)(O)C(=O)O,1.95,O=C(O)C(O)(O)C(O)(O)C(=O)O,182.084,-3.4826,155.52,6,6,3,0,0.5,0,0,2,2,4,2,,1,2.90196491592766,-0.95196491592766
585,O=C(O)C(O)=C(O)C(=O)O,1.57,O=C(O)C(O)=C(O)C(=O)O,148.07,-0.5168,115.06,4,4,2,0,0.0,0,0,2,2,4,2,,3,1.8038310913671252,-0.2338310913671251
586,O=C(O)C(O)C(=O)O,2.37,O=C(O)C(O)C(=O)O,120.06,-1.4835,94.83,3,3,2,0,0.333333,0,0,2,2,4,2,,3,2.465005484473897,-0.095005484473897
587,O=C(O)C(O)C(O)C(=O)O,2.6,O=C(O)C(O)C(O)C(=O)O,150.086,-2.1226,115.06,4,4,3,0,0.5,0,0,2,2,4,2,,2,3.353524708667111,-0.7535247086671109
588,O=C(O)C(O)C(O)C(O)C(=O)O,3.29,O=C(O)C(O)C(O)C(O)C(=O)O,180.112,-2.7617,135.29,5,5,4,0,0.6,0,0,2,2,4,2,,4,2.382976487109214,0.907023512890786
589,O=C(O)C(O)CC([N+](=O)[O-])([N+](=O)[O-])[N+](=O)[O-],3.05,O=C(O)C(O)CC([N+](=O)[O-])([N+](=O)[O-])[N+](=O)[O-],239.096,-1.6941,186.95,8,2,6,0,0.75,0,0,1,1,2,1,,2,3.7520510397939324,-0.7020510397939326
590,O=C(O)C(O)c1ccc(Br)cc1,3.15,O=C(O)C(O)c1ccc(Br)cc1,231.045,1.5671,57.53,2,2,2,1,0.125,0,0,1,1,2,1,,2,3.4092890453284186,-0.2592890453284187
591,O=C(O)C(O)c1ccc(Cl)cc1,3.15,O=C(O)C(O)c1ccc(Cl)cc1,186.594,1.458,57.53,2,2,2,1,0.125,0,0,1,1,2,1,,3,3.854991707537923,-0.7049917075379231
592,O=C(O)C(O)c1ccc(F)cc1,3.19,O=C(O)C(O)c1ccc(F)cc1,170.139,0.9437,57.53,2,2,2,1,0.125,0,0,1,1,2,1,,2,4.260500573506258,-1.070500573506258
593,O=C(O)C(O)c1ccc(I)cc1,3.14,O=C(O)C(O)c1ccc(I)cc1,278.045,1.4092,57.53,2,2,2,1,0.125,0,0,1,1,2,1,,1,3.57323029428073,-0.43323029428073
594,O=C(O)C(O)c1ccccc1,3.165,O=C(O)C(O)c1ccccc1,152.149,0.8046,57.53,2,2,2,1,0.125,0,0,1,1,2,1,,5,4.8161478998174445,-1.6511478998174445
595,O=C(O)C(O)c1ccccc1Br,3.32,O=C(O)C(O)c1ccccc1Br,231.045,1.5671,57.53,2,2,2,1,0.125,0,0,1,1,2,1,,2,3.4092890453284186,-0.08928904532841875
596,O=C(O)C(O)c1ccccc1Cl,3.31,O=C(O)C(O)c1ccccc1Cl,186.594,1.458,57.53,2,2,2,1,0.125,0,0,1,1,2,1,,3,3.854991707537923,-0.5449917075379229
597,O=C(O)C(O)c1ccccc1F,3.3,O=C(O)C(O)c1ccccc1F,170.139,0.9437,57.53,2,2,2,1,0.125,0,0,1,1,2,1,,2,4.260500573506258,-0.9605005735062582
598,O=C(O)C(S)C(S)C(=O)O,2.71,O=C(O)C(S)C(S)C(=O)O,182.222,-0.2476,74.6,4,4,3,0,0.5,0,0,2,2,4,2,,3,3.041594966418047,-0.33159496641804687
599,O=C(O)C(SC(C(=O)O)c1ccccc1)c1ccccc1,2.61,O=C(O)C(SC(C(=O)O)c1ccccc1)c1ccccc1,302.351,3.3714,74.6,3,2,6,2,0.125,0,0,2,2,4,2,,3,2.7734210465885205,-0.16342104658852064
600,O=C(O)C1(O)CC(O)C(O)C(O)C1,3.54,O=C(O)C1(O)CC(O)C(O)C(O)C1,192.167,-2.3214,118.22,5,5,1,0,0.857143,0,0,1,1,2,1,,3,4.595394928071158,-1.0553949280711583
601,O=C(O)C1(O)CCCC1,4.0016,O=C(O)C1(O)CCCC1,130.143,0.3761,57.53,2,2,1,0,0.833333,0,0,1,1,2,1,,3,7.86341183859739,-3.86181183859739
602,O=C(O)C1(O)CCCCC1,4.013666666666667,O=C(O)C1(O)CCCCC1,144.17,0.7662,57.53,2,2,1,0,0.857143,0,0,1,1,2,1,,5,7.398530509901439,-3.384863843234772
603,O=C(O)C1(O)CCCCCC1,4.063,O=C(O)C1(O)CCCCCC1,158.197,1.1563,57.53,2,2,1,0,0.875,0,0,1,1,2,1,,1,7.479018483897909,-3.4160184838979095
604,O=C(O)C12CC(C1)C2,4.09,O=C(O)C12CC(C1)C2,112.128,0.8711,37.3,1,1,1,0,0.833333,0,0,1,1,2,1,,1,4.881506559081326,-0.7915065590813262
605,O=C(O)C12CCC(Br)(CC1)C2,4.356,O=C(O)C12CCC(Br)(CC1)C2,219.078,2.1688,37.3,1,1,1,0,0.875,0,0,1,1,2,1,,3,4.494908261260841,-0.13890826126084121
606,O=C(O)C12CCC(Br)(CC1)CC2,4.619,O=C(O)C12CCC(Br)(CC1)CC2,233.105,2.5589,37.3,1,1,1,0,0.888889,0,0,1,1,2,1,,1,4.484339538978777,0.1346604610212232
607,O=C(O)C12CCC(C(=O)O)(CC1)C2,4.197,O=C(O)C12CCC(C(=O)O)(CC1)C2,184.191,1.1061,74.6,2,2,2,0,0.777778,0,0,2,2,4,2,,3,4.056918058165677,0.14008194183432288
608,O=C(O)C12CCC(C(=O)O)(CC1)CC2,4.468,O=C(O)C12CCC(C(=O)O)(CC1)CC2,198.218,1.4962,74.6,2,2,2,0,0.8,0,0,2,2,4,2,,4,4.121182874538426,0.34681712546157417
609,O=C(O)C12CCC(C1)C2,4.46,O=C(O)C12CCC(C1)C2,126.155,1.2612,37.3,1,1,1,0,0.857143,0,0,1,1,2,1,,4,4.202630833789401,0.2573691662105988
610,O=C(O)C12CCC(CC1)C2,4.883,O=C(O)C12CCC(CC1)C2,140.182,1.6513,37.3,1,1,1,0,0.875,0,0,1,1,2,1,,4,4.0847173731635396,0.7982826268364605
611,O=C(O)C12CCC(CC1)CC2,5.084,O=C(O)C12CCC(CC1)CC2,154.209,2.0414,37.3,1,1,1,0,0.888889,0,0,1,1,2,1,,4,4.088032493106757,0.9959675068932423
612,O=C(O)C1=C(C(=O)O)C2C=CC1C2,1.32,O=C(O)C1=C(C(=O)O)C2C=CC1C2,180.159,0.6581,74.6,2,2,2,0,0.333333,0,0,2,2,4,2,,4,1.9032819971472166,-0.5832819971472165
613,O=C(O)C1=C(C(=O)O)C2CCC1C2,1.32,O=C(O)C1=C(C(=O)O)C2CCC1C2,182.175,0.8821,74.6,2,2,2,0,0.555556,0,0,2,2,4,2,,2,3.5891858387138633,-2.269185838713863
614,O=C(O)C1=C(C(=O)O)CC1,1.12,O=C(O)C1=C(C(=O)O)CC1,142.11,0.246,74.6,2,2,2,0,0.333333,0,0,2,2,4,2,,5,2.6147384440572337,-1.4947384440572336
615,O=C(O)C1=C(C(=O)O)CCC1,1.64,O=C(O)C1=C(C(=O)O)CCC1,156.137,0.6361,74.6,2,2,2,0,0.428571,0,0,2,2,4,2,,1,2.5781089665777164,-0.9381089665777165
616,O=C(O)C1C(C(=O)O)C1(c1ccccc1)c1ccccc1,2.3666666666666667,O=C(O)C1C(C(=O)O)C1(c1ccccc1)c1ccccc1,282.295,2.3879,74.6,2,2,4,2,0.176471,0,0,2,2,4,2,,5,3.4637925276239425,-1.0971258609572758
617,O=C(O)C1C(C(=O)O)C12c1ccccc1-c1ccccc12,3.21,O=C(O)C1C(C(=O)O)C12c1ccccc1-c1ccccc12,280.279,2.3683,74.6,2,2,2,2,0.176471,0,0,2,2,4,2,,2,2.4306594551911678,0.7793405448088322
618,O=C(O)C1C2C=CC(C2)C1C(=O)O,3.97,O=C(O)C1C2C=CC(C2)C1C(=O)O,182.175,0.5939,74.6,2,2,2,0,0.555556,0,0,2,2,4,2,,1,2.8741887234982757,1.0958112765017245
619,O=C(O)C1C2CCC(C2)C1C(=O)O,4.02,O=C(O)C1C2CCC(C2)C1C(=O)O,184.191,0.8179,74.6,2,2,2,0,0.777778,0,0,2,2,4,2,,3,4.069218339744252,-0.04921833974425205
620,O=C(O)C1C2CCC(CC2)C1C(=O)O,4.26,O=C(O)C1C2CCC(CC2)C1C(=O)O,198.218,1.208,74.6,2,2,2,0,0.8,0,0,2,2,4,2,,2,4.183028180609872,0.07697181939012765
621,O=C(O)C1C2CCC(O2)C1C(=O)O,3.46,O=C(O)C1C2CCC(O2)C1C(=O)O,186.163,-0.0508,83.83,3,2,2,0,0.75,0,0,2,2,4,2,,4,3.4204382286244708,0.03956177137552919
622,O=C(O)C1CC(O)C(O)C(O)C1,4.32,O=C(O)C1CC(O)C(O)C(O)C1,176.168,-1.4363,97.99,4,4,1,0,0.857143,0,0,1,1,2,1,,3,6.105831154841247,-1.7858311548412464
623,O=C(O)C1CC2C=CC1(C(=O)O)CC2,3.85,O=C(O)C1CC2C=CC1(C(=O)O)CC2,196.202,1.1281,74.6,2,2,2,0,0.6,0,0,2,2,4,2,,1,3.0577191122091145,0.7922808877908856
624,O=C(O)C1CCCC(C(=O)O)N1,10.12,O=C(O)C1CCCC(C(=O)O)N1,173.168,-0.3337,86.63,3,3,2,0,0.714286,0,0,2,2,4,2,,3,3.454348224409877,6.665651775590122
625,O=C(O)C1CCCCC1,4.895,O=C(O)C1CCCCC1,128.171,1.6513,37.3,1,1,1,0,0.857143,0,0,1,1,2,1,,4,4.0697027960807715,0.8252972039192281
626,O=C(O)C1CCCCC1O,4.0,O=C(O)C1CCCCC1O,144.17,0.6221,57.53,2,2,1,0,0.857143,0,0,1,1,2,1,,4,7.550162663382095,-3.5501626633820953
627,O=C(O)C1CSCN1,6.08,O=C(O)C1CSCN1,133.172,-0.2665,49.33,3,2,1,0,0.75,0,0,1,1,2,1,,1,6.682319111787757,-0.6023191117877573
628,O=C(O)C=C(Cl)c1ccccc1,3.56,O=C(O)C=C(Cl)c1ccccc1,182.606,2.3509,37.3,1,1,2,1,0.0,0,0,1,1,2,1,,1,3.8374392194356903,-0.2774392194356903
629,O=C(O)C=C=Cc1ccccc1,3.7,O=C(O)C=C=Cc1ccccc1,160.172,1.9395,37.3,1,1,2,1,0.0,0,0,1,1,2,1,,4,4.138776246676123,-0.4387762466761229
630,O=C(O)C=Cc1ccc(O)c(O)c1,4.555,O=C(O)C=Cc1ccc(O)c(O)c1,180.159,1.1956,77.76,3,3,2,1,0.0,0,0,1,1,2,1,,4,4.173236908493113,0.3817630915068868
631,O=C(O)CBr,3.093666666666666,O=C(O)CBr,138.948,0.4659,37.3,1,1,1,0,0.5,0,0,1,1,2,1,,2,2.715546700646347,0.37811996602031916
632,O=C(O)CC#Cc1ccccc1,3.44,O=C(O)CC#Cc1ccccc1,160.172,1.5128,37.3,1,1,1,1,0.1,0,0,1,1,2,1,,3,3.883413535590376,-0.4434135355903761
633,O=C(O)CC(=O)C(=O)O,2.22,O=C(O)CC(=O)C(=O)O,132.071,-0.8852,91.67,3,2,3,0,0.25,0,0,2,2,4,2,,2,2.5083982552798125,-0.28839825527981233
634,O=C(O)CC(=O)O,2.959142857142857,O=C(O)CC(=O)O,104.061,-0.4543,74.6,2,2,2,0,0.333333,0,0,2,2,4,2,,4,2.852577822302333,0.10656503484052404
635,O=C(O)CC(C(=O)O)C(O)C(=O)O,3.287,O=C(O)CC(C(=O)O)C(O)C(=O)O,192.123,-1.3926,132.13,4,4,5,0,0.5,0,0,3,3,6,3,,1,3.489781273127705,-0.20278127312770522
636,O=C(O)CC(CC(=O)O)(c1ccccc1)c1ccccc1,4.02,O=C(O)CC(CC(=O)O)(c1ccccc1)c1ccccc1,284.311,2.9221,74.6,2,2,6,2,0.176471,0,0,2,2,4,2,,3,2.966331312915649,1.0536686870843504
637,O=C(O)CC(CC(=O)O)c1ccccc1,4.28,O=C(O)CC(CC(=O)O)c1ccccc1,208.213,1.7196,74.6,2,2,5,1,0.272727,0,0,2,2,4,2,,1,3.225231588400465,1.054768411599535
638,O=C(O)CC(CC([N+](=O)[O-])([N+](=O)[O-])[N+](=O)[O-])C(=O)O,3.03,O=C(O)CC(CC([N+](=O)[O-])([N+](=O)[O-])[N+](=O)[O-])C(=O)O,281.133,-0.9641,204.02,8,2,8,0,0.666667,0,0,2,2,4,2,,1,6.4208635951618644,-3.3908635951618646
639,O=C(O)CC(NCc1ccccc1)C(=O)O,3.34,O=C(O)CC(NCc1ccccc1)C(=O)O,223.228,0.7041,86.63,3,3,6,1,0.272727,0,0,2,2,4,2,,4,5.565934359681303,-2.225934359681303
640,O=C(O)CC(O)(CC(=O)O)C(=O)O,3.035,O=C(O)CC(O)(CC(=O)O)C(=O)O,192.123,-1.2485,132.13,4,4,5,0,0.5,0,0,3,3,6,3,,1,3.482750042506865,-0.4477500425068648
641,O=C(O)CC(O)C(=O)O,3.22725,O=C(O)CC(O)C(=O)O,134.087,-1.0934,94.83,3,3,3,0,0.5,0,0,2,2,4,2,,4,3.6998078334708735,-0.4725578334708733
642,O=C(O)CC(S)C(=O)O,2.8475,O=C(O)CC(S)C(=O)O,150.155,-0.1559,74.6,3,3,3,0,0.5,0,0,2,2,4,2,,4,3.457179568471373,-0.609679568471373
643,O=C(O)CCBr,4.04,O=C(O)CCBr,152.975,0.856,37.3,1,1,2,0,0.666667,0,0,1,1,2,1,,4,3.763245301925825,0.27675469807417485
644,O=C(O)CCC(=O)O,4.2738,O=C(O)CCC(=O)O,118.088,-0.0642,74.6,2,2,3,0,0.5,0,0,2,2,4,2,,5,3.7881886588385614,0.4856113411614382
645,O=C(O)CCC(CCC(=O)O)C(=O)O,3.99,O=C(O)CCC(CCC(=O)O)C(=O)O,204.178,0.4168,111.9,3,3,7,0,0.625,0,0,3,3,6,3,,2,3.373792495926994,0.6162075040730062
646,O=C(O)CCC([N+](=O)[O-])([N+](=O)[O-])[N+](=O)[O-],3.64,O=C(O)CCC([N+](=O)[O-])([N+](=O)[O-])[N+](=O)[O-],223.097,-0.6649,166.72,7,1,6,0,0.75,0,0,1,1,2,1,,3,2.005480051405951,1.6345199485940491
647,O=C(O)CCCC(=O)O,4.25,O=C(O)CCCC(=O)O,132.115,0.3259,74.6,2,2,4,0,0.6,0,0,2,2,4,2,,4,3.9802871093544514,0.2697128906455486
648,O=C(O)CCCCC(=O)O,4.386666666666667,O=C(O)CCCCC(=O)O,146.142,0.716,74.6,2,2,5,0,0.666667,0,0,2,2,4,2,,5,4.419765214039291,-0.03309854737262441
649,O=C(O)CCCCCC(=O)O,4.484999999999999,O=C(O)CCCCCC(=O)O,160.169,1.1061,74.6,2,2,6,0,0.714286,0,0,2,2,4,2,,5,4.436216975782985,0.048783024217014415
650,O=C(O)CCCCCCC(=O)O,4.53,O=C(O)CCCCCCC(=O)O,174.196,1.4962,74.6,2,2,7,0,0.75,0,0,2,2,4,2,,4,4.47590595217311,0.05409404782689009
651,O=C(O)CCCCCCCC(=O)O,4.56,O=C(O)CCCCCCCC(=O)O,188.223,1.8863,74.6,2,2,8,0,0.777778,0,0,2,2,4,2,,2,4.381446136300355,0.1785538636996442
652,O=C(O)CCCCCCCCC(=O)O,4.49,O=C(O)CCCCCCCCC(=O)O,202.25,2.2764,74.6,2,2,9,0,0.8,0,0,2,2,4,2,,1,4.385774055547381,0.10422594445261879
653,O=C(O)CCCl,4.005,O=C(O)CCCl,108.524,0.6999,37.3,1,1,2,0,0.666667,0,0,1,1,2,1,,4,4.457739965332586,-0.45273996533258654
654,O=C(O)CCN(CC(=O)O)CC(=O)O,3.71,O=C(O)CCN(CC(=O)O)CC(=O)O,205.166,-1.0677,115.14,4,3,7,0,0.571429,0,0,3,3,6,3,,2,3.76165912842735,-0.05165912842734999
655,O=C(O)CCN(CC(=O)O)CP(=O)(O)O,2.72,O=C(O)CCN(CC(=O)O)CP(=O)(O)O,241.136,-1.0171,135.37,4,4,7,0,0.666667,0,0,2,2,4,2,,2,5.319514515329795,-2.5995145153297945
656,O=C(O)CCN(F)F,3.74,O=C(O)CCN(F)F,125.074,0.5321,40.54,2,1,3,0,0.666667,0,0,1,1,2,1,,5,4.3932654770098045,-0.6532654770098043
657,O=C(O)CCNC(=S)C(=S)NCCC(=O)O,3.76,O=C(O)CCNC(=S)C(=S)NCCC(=O)O,264.328,-0.2302,98.66,4,4,6,0,0.5,0,0,2,2,4,2,,1,2.918759200862488,0.8412407991375117
658,O=C(O)CCOc1ccccc1,4.32,O=C(O)CCOc1ccccc1,166.176,1.5401,46.53,2,1,4,1,0.222222,0,0,1,1,2,1,,2,4.223902521528711,0.09609747847128958
659,O=C(O)CCP(CCC(=O)O)CCC(=O)O,3.81,O=C(O)CCP(CCC(=O)O)CCC(=O)O,250.187,0.8924,111.9,3,3,9,0,0.666667,0,0,3,3,6,3,,1,4.048061934885802,-0.23806193488580218
660,O=C(O)CCS,4.38,O=C(O)CCS,106.146,0.3909,37.3,2,2,2,0,0.666667,0,0,1,1,2,1,,4,7.455832330265618,-3.0758323302656185
661,O=C(O)CCSCCC(=O)O,3.84,O=C(O)CCSCCC(=O)O,178.209,0.669,74.6,3,2,6,0,0.666667,0,0,2,2,4,2,,4,4.238912941323799,-0.3989129413237995
662,O=C(O)CCc1ccc(Cl)cc1,4.66,O=C(O)CCc1ccc(Cl)cc1,184.622,2.3572,37.3,1,1,3,1,0.222222,0,0,1,1,2,1,,3,4.169827441678179,0.49017255832182105
663,O=C(O)CCc1ccc([N+](=O)[O-])cc1,4.54,O=C(O)CCc1ccc([N+](=O)[O-])cc1,195.174,1.612,80.44,3,1,4,1,0.222222,0,0,1,1,2,1,,5,3.891934679376738,0.648065320623262
664,O=C(O)CCc1cccc([N+](=O)[O-])c1,4.53,O=C(O)CCc1cccc([N+](=O)[O-])c1,195.174,1.612,80.44,3,1,4,1,0.222222,0,0,1,1,2,1,,1,3.526956302644565,1.003043697355435
665,O=C(O)CCc1ccccc1,4.688,O=C(O)CCc1ccccc1,150.177,1.7038,37.3,1,1,3,1,0.222222,0,0,1,1,2,1,,5,4.407692154197013,0.2803078458029864
666,O=C(O)CCc1ccccc1Br,4.58,O=C(O)CCc1ccccc1Br,229.073,2.4663,37.3,1,1,3,1,0.222222,0,0,1,1,2,1,,1,3.59550344047404,0.9844965595259603
667,O=C(O)CCc1ccccc1F,4.6,O=C(O)CCc1ccccc1F,168.167,1.8429,37.3,1,1,3,1,0.222222,0,0,1,1,2,1,,3,4.307769789101323,0.2922302108986763
668,O=C(O)CCc1ccccc1O,4.75,O=C(O)CCc1ccccc1O,166.176,1.4094,57.53,2,2,3,1,0.222222,0,0,1,1,2,1,,4,5.228723545107181,-0.4787235451071812
669,O=C(O)CCc1ncc[nH]1,7.56,O=C(O)CCc1ncc[nH]1,140.142,0.4269,65.98,2,2,3,1,0.333333,0,0,1,1,2,1,,3,7.339102498484387,0.22089750151561294
670,O=C(O)CCl,2.934,O=C(O)CCl,94.497,0.3098,37.3,1,1,1,0,0.5,0,0,1,1,2,1,,3,3.6700916594181883,-0.7360916594181881
671,O=C(O)CF,2.8113333333333337,O=C(O)CF,78.042,0.0405,37.3,1,1,1,0,0.5,0,0,1,1,2,1,,4,4.148515290367078,-1.337181957033744
672,O=C(O)CI,3.324666666666667,O=C(O)CI,185.948,0.506,37.3,1,1,1,0,0.5,0,0,1,1,2,1,,2,2.2344549158986604,1.0902117507680065
673,O=C(O)CN(CC(=O)O)C1CCCCC1,2.22,O=C(O)CN(CC(=O)O)C1CCCCC1,215.249,0.7903,77.84,3,2,5,0,0.8,0,0,2,2,4,2,,4,3.929403144682452,-1.7094031446824518
674,O=C(O)CN(CC(=O)O)CC(=O)Nc1ccc(Br)cc1,2.2,O=C(O)CN(CC(=O)O)CC(=O)Nc1ccc(Br)cc1,345.149,0.8588,106.94,4,3,7,1,0.25,0,0,2,2,4,2,,4,5.952004165423525,-3.752004165423525
675,O=C(O)CN(CC(=O)O)CC(=O)c1ccccc1,1.875,O=C(O)CN(CC(=O)O)CC(=O)c1ccccc1,251.238,0.3405,94.91,4,2,7,1,0.25,0,0,2,2,4,2,,4,6.893717710542033,-5.018717710542033
676,O=C(O)CN(CC(=O)O)CC(=O)c1cccs1,7.46,O=C(O)CN(CC(=O)O)CC(=O)c1cccs1,257.267,0.402,94.91,5,2,7,1,0.3,0,0,2,2,4,2,,5,4.485182631307083,2.974817368692917
677,O=C(O)CN(CC(=O)O)Cc1ccc([N+](=O)[O-])cc1,7.65,O=C(O)CN(CC(=O)O)Cc1ccc([N+](=O)[O-])cc1,268.225,0.566,120.98,5,2,7,1,0.272727,0,0,2,2,4,2,,2,5.655636643338644,1.9943633566613563
678,O=C(O)CN(CC(=O)O)Cc1ccccc1,2.2375,O=C(O)CN(CC(=O)O)Cc1ccccc1,223.228,0.6578,77.84,3,2,6,1,0.272727,0,0,2,2,4,2,,4,4.933941321495921,-2.6964413214959215
679,O=C(O)CN(CC(=O)O)Cc1ccccc1[N+](=O)[O-],8.29,O=C(O)CN(CC(=O)O)Cc1ccccc1[N+](=O)[O-],268.225,0.566,120.98,5,2,7,1,0.272727,0,0,2,2,4,2,,3,4.3896557310897455,3.9003442689102537
680,O=C(O)CN(CC(=O)O)Cc1ccccn1,8.215,O=C(O)CN(CC(=O)O)Cc1ccccn1,224.216,0.0528,90.73,4,2,6,1,0.3,0,0,2,2,4,2,,3,3.741516836217377,4.473483163782623
681,O=C(O)CN(CC(=O)O)c1cc(C(=O)O)c(O)cc1C(=O)O,1.61,O=C(O)CN(CC(=O)O)c1cc(C(=O)O)c(O)cc1C(=O)O,313.218,-0.2358,172.67,6,5,7,1,0.166667,0,0,4,4,8,4,,3,1.8841719315542487,-0.27417193155424857
682,O=C(O)CN(CC(=O)O)c1ccc(N(CC(=O)O)CC(=O)O)cc1,2.1,O=C(O)CN(CC(=O)O)c1ccc(N(CC(=O)O)CC(=O)O)cc1,340.288,-0.3622,155.68,6,4,10,1,0.285714,0,0,4,4,8,4,,2,1.9997180636097531,0.10028193639024696
683,O=C(O)CN(CCCCCCN(CC(=O)O)CC(=O)O)CC(=O)O,2.41,O=C(O)CN(CCCCCCN(CC(=O)O)CC(=O)O)CC(=O)O,348.352,-0.5108,155.68,6,4,15,0,0.714286,0,0,4,4,8,4,,5,3.196503372837678,-0.7865033728376778
684,O=C(O)CN(CCN(CC(=O)O)CC(=O)O)CC(=O)O,2.6500000000000004,O=C(O)CN(CCN(CC(=O)O)CC(=O)O)CC(=O)O,292.244,-2.0712,155.68,6,4,11,0,0.6,0,0,4,4,8,4,,3,2.686194763513651,-0.036194763513650585
685,O=C(O)CN(CCN(CC(=O)O)Cc1ccccn1)Cc1ccccn1,5.63,O=C(O)CN(CCN(CC(=O)O)Cc1ccccn1)Cc1ccccn1,358.398,0.95,106.86,6,2,11,2,0.333333,0,0,2,2,4,2,,5,5.5878229587693085,0.04217704123069144
686,O=C(O)CN(CCO)CC(=O)O,8.7075,O=C(O)CN(CCO)CC(=O)O,177.156,-1.5501,98.07,4,3,6,0,0.666667,0,0,2,2,4,2,,3,5.013383970678733,3.6941160293212665
687,O=C(O)CN(CCO)CCO,8.237566666666666,O=C(O)CN(CCO)CCO,163.173,-1.6424,81.0,4,3,6,0,0.833333,0,0,1,1,2,1,,1,10.30270575348546,-2.065139086818794
688,O=C(O)CN(CCOc1ccccc1)CC(=O)O,8.49,O=C(O)CN(CCOc1ccccc1)CC(=O)O,253.254,0.5366,87.07,4,2,8,1,0.333333,0,0,2,2,4,2,,5,4.088700126466321,4.401299873533679
689,O=C(O)CN(CP(=O)(O)O)CP(=O)(O)O,2.0,O=C(O)CN(CP(=O)(O)O)CP(=O)(O)O,263.079,-1.3566,155.6,4,5,6,0,0.75,0,0,1,1,2,1,,3,7.217503238943414,-5.217503238943414
690,O=C(O)CN1C(C(=O)O)CCCC1C(=O)O,2.71,O=C(O)CN1C(C(=O)O)CCCC1C(=O)O,231.204,-0.5367,115.14,4,3,4,0,0.666667,0,0,3,3,6,3,,3,2.8701675956255803,-0.16016759562558036
691,O=C(O)CN1CCCCC1,10.2,O=C(O)CN1CCCCC1,143.186,0.5569,40.54,2,1,2,0,0.857143,0,0,1,1,2,1,,1,5.117309046211521,5.082690953788478
692,O=C(O)CN1CCOCC1,7.53,O=C(O)CN1CCOCC1,145.158,-0.5968,49.77,3,1,2,0,0.833333,0,0,1,1,2,1,,5,4.733215642818321,2.7967843571816795
693,O=C(O)CNC(=O)c1ccccc1O,3.41,O=C(O)CNC(=O)c1ccccc1O,195.174,0.2066,86.63,3,3,3,1,0.111111,0,0,1,1,2,1,,4,6.006178523278927,-2.596178523278927
694,O=C(O)CNCC(=O)O,9.46,O=C(O)CNCC(=O)O,133.103,-1.2548,86.63,3,3,4,0,0.5,0,0,2,2,4,2,,2,3.941121953588796,5.518878046411205
695,O=C(O)CNCCNCC(=O)O,6.483333333333333,O=C(O)CNCCNCC(=O)O,176.172,-1.6652,98.66,4,4,7,0,0.666667,0,0,2,2,4,2,,4,6.048822878903502,0.43451045442983105
696,O=C(O)CNc1ccc(Cl)cc1,4.04,O=C(O)CNc1ccc(Cl)cc1,185.61,1.8365,49.33,2,2,3,1,0.125,0,0,1,1,2,1,,3,3.8047468285806954,0.23525317141930469
697,O=C(O)CNc1cccc(Cl)c1,3.93,O=C(O)CNc1cccc(Cl)c1,185.61,1.8365,49.33,2,2,3,1,0.125,0,0,1,1,2,1,,2,3.843596430598948,0.08640356940105232
698,O=C(O)CNc1cccc([N+](=O)[O-])c1,3.752,O=C(O)CNc1cccc([N+](=O)[O-])c1,196.162,1.0913,92.47,4,2,4,1,0.125,0,0,1,1,2,1,,3,3.950966014337894,-0.1989660143378944
699,O=C(O)CNc1ccccc1,4.39,O=C(O)CNc1ccccc1,151.165,1.1831,49.33,2,2,3,1,0.125,0,0,1,1,2,1,,4,5.0265017375496885,-0.6365017375496889
700,O=C(O)CO,3.995,O=C(O)CO,76.051,-0.9367,57.53,2,2,1,0,0.5,0,0,1,1,2,1,,5,7.551232722164594,-3.5562327221645935
701,O=C(O)COC(C(=O)O)c1ccccc1,2.87,O=C(O)COC(C(=O)O)c1ccccc1,210.185,0.9135,83.83,3,2,5,1,0.2,0,0,2,2,4,2,,5,2.8819461523271035,-0.011946152327103388
702,O=C(O)COc1cc(Cl)c(Cl)cc1Cl,2.833,O=C(O)COc1cc(Cl)c(Cl)cc1Cl,255.484,3.1102,46.53,2,1,3,1,0.125,0,0,1,1,2,1,,5,3.6272312744957262,-0.7942312744957261
703,O=C(O)COc1ccc(Cl)cc1,3.009,O=C(O)COc1ccc(Cl)cc1,186.594,1.8034,46.53,2,1,3,1,0.125,0,0,1,1,2,1,,5,3.6149621815283854,-0.6059621815283855
704,O=C(O)COc1ccc(Cl)cc1Cl,2.9130000000000003,O=C(O)COc1ccc(Cl)cc1Cl,221.039,2.4568,46.53,2,1,3,1,0.125,0,0,1,1,2,1,,5,3.5784374146321145,-0.6654374146321143
705,O=C(O)COc1ccc([N+](=O)[O-])cc1,2.81,O=C(O)COc1ccc([N+](=O)[O-])cc1,197.146,1.0582,89.67,4,1,4,1,0.125,0,0,1,1,2,1,,3,3.122133623178192,-0.31213362317819193
706,O=C(O)COc1cccc(Br)c1,3.04,O=C(O)COc1cccc(Br)c1,231.045,1.9125,46.53,2,1,3,1,0.125,0,0,1,1,2,1,,3,3.076679329837436,-0.03667932983743594
707,O=C(O)COc1cccc(Cl)c1,3.04,O=C(O)COc1cccc(Cl)c1,186.594,1.8034,46.53,2,1,3,1,0.125,0,0,1,1,2,1,,3,3.6065088956850664,-0.5665088956850663
708,O=C(O)COc1cccc([N+](=O)[O-])c1,2.91,O=C(O)COc1cccc([N+](=O)[O-])c1,197.146,1.0582,89.67,4,1,4,1,0.125,0,0,1,1,2,1,,3,3.122133623178192,-0.21213362317819184
709,O=C(O)COc1ccccc1,3.090666666666667,O=C(O)COc1ccccc1,152.149,1.15,46.53,2,1,3,1,0.125,0,0,1,1,2,1,,2,4.1408702459287685,-1.0502035792621016
710,O=C(O)COc1ccccc1C(=O)O,2.51,O=C(O)COc1ccccc1C(=O)O,196.158,0.8482,83.83,3,2,4,1,0.111111,0,0,2,2,4,2,,3,2.7614561071091295,-0.2514561071091297
711,O=C(O)COc1ccccc1O,3.02,O=C(O)COc1ccccc1O,168.148,0.8556,66.76,3,2,3,1,0.125,0,0,1,1,2,1,,4,4.574604414065616,-1.5546044140656163
712,O=C(O)COc1ccccc1OCC(=O)O,2.4,O=C(O)COc1ccccc1OCC(=O)O,226.184,0.6134,93.06,4,2,6,1,0.2,0,0,2,2,4,2,,4,5.505482264488692,-3.105482264488692
713,O=C(O)CP(=O)(c1ccccc1)c1ccccc1,3.62,O=C(O)CP(=O)(c1ccccc1)c1ccccc1,260.229,2.0851,54.37,2,1,4,2,0.071429,0,0,1,1,2,1,,3,4.038970433702962,-0.4189704337029623
714,O=C(O)CS,3.557,O=C(O)CS,92.119,0.0008,37.3,2,2,1,0,0.5,0,0,1,1,2,1,,4,6.2160071808473205,-2.6590071808473206
715,O=C(O)CS(=O)(=O)C(F)(F)F,1.88,O=C(O)CS(=O)(=O)C(F)(F)F,192.114,0.0056,71.44,3,1,2,0,0.666667,0,0,1,1,2,1,,3,4.4028206096810525,-2.5228206096810526
716,O=C(O)CS(=O)(=O)c1ccc(Br)cc1,2.519,O=C(O)CS(=O)(=O)c1ccc(Br)cc1,279.111,1.3074,71.44,3,1,3,1,0.125,0,0,1,1,2,1,,4,2.7333645867971983,-0.21436458679719816
717,O=C(O)CS(=O)(=O)c1ccc(Cl)cc1,2.424,O=C(O)CS(=O)(=O)c1ccc(Cl)cc1,234.66,1.1983,71.44,3,1,3,1,0.125,0,0,1,1,2,1,,2,2.8402602271516653,-0.41626022715166533
718,O=C(O)CS(=O)(=O)c1ccc(F)cc1,2.479,O=C(O)CS(=O)(=O)c1ccc(F)cc1,218.205,0.684,71.44,3,1,3,1,0.125,0,0,1,1,2,1,,4,2.884019409546384,-0.4050194095463837
719,O=C(O)CS(=O)(=O)c1ccc([N+](=O)[O-])cc1,2.33,O=C(O)CS(=O)(=O)c1ccc([N+](=O)[O-])cc1,245.212,0.4531,114.58,5,1,4,1,0.125,0,0,1,1,2,1,,2,1.5304186520595153,0.7995813479404847
720,O=C(O)CS(=O)(=O)c1cccc(Br)c1,2.523,O=C(O)CS(=O)(=O)c1cccc(Br)c1,279.111,1.3074,71.44,3,1,3,1,0.125,0,0,1,1,2,1,,2,2.526330088978108,-0.003330088978108048
721,O=C(O)CS(=O)(=O)c1cccc(Cl)c1,2.454,O=C(O)CS(=O)(=O)c1cccc(Cl)c1,234.66,1.1983,71.44,3,1,3,1,0.125,0,0,1,1,2,1,,5,2.697183393923576,-0.24318339392357569
722,O=C(O)CS(=O)(=O)c1cccc(F)c1,2.432,O=C(O)CS(=O)(=O)c1cccc(F)c1,218.205,0.684,71.44,3,1,3,1,0.125,0,0,1,1,2,1,,2,2.8776029523188558,-0.4456029523188558
723,O=C(O)CS(=O)(=O)c1cccc([N+](=O)[O-])c1,2.362,O=C(O)CS(=O)(=O)c1cccc([N+](=O)[O-])c1,245.212,0.4531,114.58,5,1,4,1,0.125,0,0,1,1,2,1,,2,1.5304186520595153,0.8315813479404848
724,O=C(O)CS(=O)(=O)c1ccccc1,2.513,O=C(O)CS(=O)(=O)c1ccccc1,200.215,0.5449,71.44,3,1,3,1,0.125,0,0,1,1,2,1,,4,3.0611151749184464,-0.5481151749184465
725,O=C(O)CS(=O)C(F)(F)F,2.06,O=C(O)CS(=O)C(F)(F)F,176.115,0.3395,54.37,2,1,2,0,0.666667,0,0,1,1,2,1,,3,4.235500084758248,-2.1755000847582475
726,O=C(O)CS(=O)c1ccc(Br)cc1,2.657,O=C(O)CS(=O)c1ccc(Br)cc1,263.112,1.6413,54.37,2,1,3,1,0.125,0,0,1,1,2,1,,5,3.107314210363773,-0.45031421036377317
727,O=C(O)CS(=O)c1ccc(Cl)cc1,2.664,O=C(O)CS(=O)c1ccc(Cl)cc1,218.661,1.5322,54.37,2,1,3,1,0.125,0,0,1,1,2,1,,5,3.282568737254676,-0.6185687372546758
728,O=C(O)CS(=O)c1ccc(F)cc1,2.653,O=C(O)CS(=O)c1ccc(F)cc1,202.206,1.0179,54.37,2,1,3,1,0.125,0,0,1,1,2,1,,5,3.204847404368601,-0.5518474043686008
729,O=C(O)CS(=O)c1cccc(Br)c1,2.674,O=C(O)CS(=O)c1cccc(Br)c1,263.112,1.6413,54.37,2,1,3,1,0.125,0,0,1,1,2,1,,5,3.107314210363773,-0.43331421036377327
730,O=C(O)CS(=O)c1cccc(Cl)c1,2.663,O=C(O)CS(=O)c1cccc(Cl)c1,218.661,1.5322,54.37,2,1,3,1,0.125,0,0,1,1,2,1,,3,3.1636052491334055,-0.5006052491334056
731,O=C(O)CS(=O)c1cccc(F)c1,2.675,O=C(O)CS(=O)c1cccc(F)c1,202.206,1.0179,54.37,2,1,3,1,0.125,0,0,1,1,2,1,,5,3.204847404368601,-0.529847404368601
732,O=C(O)CS(=O)c1ccccc1,2.732,O=C(O)CS(=O)c1ccccc1,184.216,0.8788,54.37,2,1,3,1,0.125,0,0,1,1,2,1,,2,3.6739586930958983,-0.9419586930958981
733,O=C(O)CSC(C(=O)O)c1ccccc1,2.98,O=C(O)CSC(C(=O)O)c1ccccc1,226.253,1.6301,74.6,3,2,5,1,0.2,0,0,2,2,4,2,,4,3.1399402923826942,-0.15994029238269425
734,O=C(O)CSC(F)(F)F,2.95,O=C(O)CSC(F)(F)F,160.116,1.324,37.3,2,1,2,0,0.666667,0,0,1,1,2,1,,4,3.2444420431003,-0.29444204310029987
735,O=C(O)CSC(SCC(=O)O)C(SCC(=O)O)SCC(=O)O,2.89,O=C(O)CSC(SCC(=O)O)C(SCC(=O)O)SCC(=O)O,390.482,0.9098,149.2,8,4,13,0,0.6,0,0,4,4,8,4,,5,3.1578642672218913,-0.26786426722189116
736,O=C(O)CSC(SCC(=O)O)c1ccccc1,3.09,O=C(O)CSC(SCC(=O)O)c1ccccc1,272.347,2.3208,74.6,4,2,7,1,0.272727,0,0,2,2,4,2,,1,3.9201284323612273,-0.8301284323612275
737,O=C(O)CSCC(=O)O,3.1950000000000003,O=C(O)CSCC(=O)O,150.155,-0.1112,74.6,3,2,4,0,0.5,0,0,2,2,4,2,,4,3.113517948648995,0.0814820513510055
738,O=C(O)CSCCSCC(=O)O,3.175,O=C(O)CSCCSCC(=O)O,210.276,0.622,74.6,4,2,7,0,0.666667,0,0,2,2,4,2,,4,4.97241343078311,-1.7974134307831102
739,O=C(O)CSCc1ccccc1,3.708,O=C(O)CSCc1ccccc1,182.244,2.0044,37.3,2,1,4,1,0.222222,0,0,1,1,2,1,,2,3.8737763563071406,-0.16577635630714038
740,O=C(O)CSSCC(=O)O,3.06,O=C(O)CSSCC(=O)O,182.222,0.537,74.6,4,2,5,0,0.5,0,0,2,2,4,2,,5,2.7351632698372974,0.32483673016270265
741,O=C(O)CSc1ccc(Br)cc1,3.54,O=C(O)CSc1ccc(Br)cc1,247.113,2.6258,37.3,2,1,3,1,0.125,0,0,1,1,2,1,,2,2.8377427405901425,0.7022572594098575
742,O=C(O)CSc1ccc(Cl)cc1,3.53,O=C(O)CSc1ccc(Cl)cc1,202.662,2.5167,37.3,2,1,3,1,0.125,0,0,1,1,2,1,,1,3.482936745998864,0.04706325400113576
743,O=C(O)CSc1ccc(F)cc1,3.584,O=C(O)CSc1ccc(F)cc1,186.207,2.0024,37.3,2,1,3,1,0.125,0,0,1,1,2,1,,2,3.630869099191255,-0.046869099191254815
744,O=C(O)CSc1ccc([N+](=O)[O-])cc1,3.375,O=C(O)CSc1ccc([N+](=O)[O-])cc1,213.214,1.7715,80.44,4,1,4,1,0.125,0,0,1,1,2,1,,5,3.1791851934791837,0.1958148065208163
745,O=C(O)CSc1cccc(Br)c1,3.53,O=C(O)CSc1cccc(Br)c1,247.113,2.6258,37.3,2,1,3,1,0.125,0,0,1,1,2,1,,3,3.030520921951358,0.4994790780486418
746,O=C(O)CSc1cccc(Cl)c1,3.6,O=C(O)CSc1cccc(Cl)c1,202.662,2.5167,37.3,2,1,3,1,0.125,0,0,1,1,2,1,,4,3.486363449099337,0.11363655090066294
747,O=C(O)CSc1cccc(F)c1,3.513,O=C(O)CSc1cccc(F)c1,186.207,2.0024,37.3,2,1,3,1,0.125,0,0,1,1,2,1,,2,3.630869099191255,-0.11786909919125499
748,O=C(O)CSc1cccc([N+](=O)[O-])c1,3.4,O=C(O)CSc1cccc([N+](=O)[O-])c1,213.214,1.7715,80.44,4,1,4,1,0.125,0,0,1,1,2,1,,2,3.1894658808106477,0.21053411918935216
749,O=C(O)CSc1ccccc1,3.4690000000000003,O=C(O)CSc1ccccc1,168.217,1.8633,37.3,2,1,3,1,0.125,0,0,1,1,2,1,,5,3.714498224013993,-0.24549822401399268
750,O=C(O)CSc1ccccc1C(=O)O,2.93,O=C(O)CSc1ccccc1C(=O)O,212.226,1.5615,74.6,3,2,4,1,0.111111,0,0,2,2,4,2,,5,2.3976942083067443,0.5323057916932559
751,O=C(O)C[As](CC(=O)O)c1ccccc1,3.61,O=C(O)C[As](CC(=O)O)c1ccccc1,270.116,0.5576,74.6,2,2,5,1,0.2,0,0,2,2,4,2,,3,1.6750546839075957,1.9349453160924042
752,O=C(O)C[C@H](NO)C(=O)O,3.51,O=C(O)C[C@H](NO)C(=O)O,149.102,-1.1069,106.86,4,4,4,0,0.5,0,0,2,2,4,2,,1,3.4982687916455077,0.01173120835449204
754,O=C(O)C[P+](c1ccccc1)(c1ccccc1)c1ccccc1.[Cl-],1.77,O=C(O)C[P+](c1ccccc1)(c1ccccc1)c1ccccc1.[Cl-],356.789,0.0691,37.3,1,1,5,3,0.05,0,0,1,1,2,1,,3,5.755160175076766,-3.9851601750767656
755,O=C(O)C[SH](=O)(O)c1ccc([N+](=O)[O-])cc1,2.586,O=C(O)C[SH](=O)(O)c1ccc([N+](=O)[O-])cc1,247.228,0.528,117.74,4,3,4,1,0.125,0,0,1,1,2,1,,4,5.448626106924923,-2.8626261069249233
756,O=C(O)C[SH](=O)(O)c1cccc([N+](=O)[O-])c1,2.624,O=C(O)C[SH](=O)(O)c1cccc([N+](=O)[O-])c1,247.228,0.528,117.74,4,3,4,1,0.125,0,0,1,1,2,1,,2,5.5367461122338035,-2.9127461122338034
757,O=C(O)C[Se]CC(=O)O,3.17,O=C(O)C[Se]CC(=O)O,197.048,-0.3036,74.6,2,2,4,0,0.5,0,0,2,2,4,2,,1,2.9066207162299076,0.26337928377009234
758,O=C(O)Cc1c[nH]cn1,7.43,O=C(O)Cc1c[nH]cn1,126.115,0.0368,65.98,2,2,2,1,0.2,0,0,1,1,2,1,,3,6.558550486121478,0.8714495138785221
759,O=C(O)Cc1ccc(Cl)cc1,3.899,O=C(O)Cc1ccc(Cl)cc1,170.595,1.9671,37.3,1,1,2,1,0.125,0,0,1,1,2,1,,4,3.992915920661935,-0.0939159206619351
760,O=C(O)Cc1ccc(Cl)s1,3.89,O=C(O)Cc1ccc(Cl)s1,176.624,2.0286,37.3,2,1,2,1,0.166667,0,0,1,1,2,1,,4,3.5259729331903467,0.36402706680965347
761,O=C(O)Cc1ccc(F)cc1,3.9325,O=C(O)Cc1ccc(F)cc1,154.14,1.4528,37.3,1,1,2,1,0.125,0,0,1,1,2,1,,3,4.176369172959179,-0.24386917295917865
762,O=C(O)Cc1ccc([N+](=O)[O-])cc1,3.7142,O=C(O)Cc1ccc([N+](=O)[O-])cc1,181.147,1.2219,80.44,3,1,3,1,0.125,0,0,1,1,2,1,,4,3.4166300308474584,0.2975699691525415
763,O=C(O)Cc1ccc2ccccc2c1,4.3,O=C(O)Cc1ccc2ccccc2c1,186.21,2.4669,37.3,1,1,2,2,0.083333,0,0,1,1,2,1,,1,4.408488695889556,-0.10848869588955612
764,O=C(O)Cc1cccc(Cl)c1,3.836,O=C(O)Cc1cccc(Cl)c1,170.595,1.9671,37.3,1,1,2,1,0.125,0,0,1,1,2,1,,4,3.992915920661935,-0.15691592066193527
765,O=C(O)Cc1cccc(F)c1,3.8535,O=C(O)Cc1cccc(F)c1,154.14,1.4528,37.3,1,1,2,1,0.125,0,0,1,1,2,1,,2,4.180674467366381,-0.327174467366381
766,O=C(O)Cc1cccc(O)c(=O)c1C(=O)O,3.75,O=C(O)Cc1cccc(O)c(=O)c1C(=O)O,224.168,0.0777,111.9,4,3,3,1,0.1,0,0,2,2,4,2,,5,2.8334387113730886,0.9165612886269114
767,O=C(O)Cc1cccc([N+](=O)[O-])c1,3.97,O=C(O)Cc1cccc([N+](=O)[O-])c1,181.147,1.2219,80.44,3,1,3,1,0.125,0,0,1,1,2,1,,1,3.2088294230075056,0.7611705769924946
768,O=C(O)Cc1cccc2ccccc12,4.23,O=C(O)Cc1cccc2ccccc12,186.21,2.4669,37.3,1,1,2,2,0.083333,0,0,1,1,2,1,,4,4.199917309696399,0.030082690303601112
769,O=C(O)Cc1ccccc(O)c1=O,4.52,O=C(O)Cc1ccccc(O)c1=O,180.159,0.3795,74.6,3,2,2,1,0.111111,0,0,1,1,2,1,,5,4.003291077098881,0.5167089229011186
770,O=C(O)Cc1ccccc1,4.227125,O=C(O)Cc1ccccc1,136.15,1.3137,37.3,1,1,2,1,0.125,0,0,1,1,2,1,,3,4.407730976513481,-0.18060597651348065
771,O=C(O)Cc1ccccn1,5.68,O=C(O)Cc1ccccn1,137.138,0.7087,50.19,2,1,2,1,0.142857,0,0,1,1,2,1,,5,4.165788982796532,1.5142110172034675
772,O=C(O)Cc1cccs1,3.89,O=C(O)Cc1cccs1,142.179,1.3752,37.3,2,1,2,1,0.166667,0,0,1,1,2,1,,5,3.9514261480583954,-0.0614261480583953
773,O=C(O)[C@@H](O)[C@H](O)[C@H](O)[C@@H](O)C(=O)O,3.08,O=C(O)[C@@H](O)[C@H](O)[C@H](O)[C@@H](O)C(=O)O,210.138,-3.4008,155.52,6,6,5,0,0.666667,0,0,2,2,4,2,,1,3.7260148218465825,-0.6460148218465824
774,O=C(O)[C@@H]1CCCN1,10.64,O=C(O)[C@@H]1CCCN1,115.132,-0.177,49.33,2,2,1,0,0.8,0,0,1,1,2,1,,5,7.824350745008039,2.8156492549919614
775,O=C(O)[GeH3],3.5,O=[C](O)[GeH3],120.651,-0.9702,37.3,1,1,0,0,0.0,0,0,1,1,2,1,,5,1.4044649911283376,2.0955350088716624
776,O=C(O)c1[nH]c(=O)[nH]c(=O)c1Br,2.38,O=C(O)c1[nH]c(=O)[nH]c(=O)c1Br,234.993,-0.4761,103.02,3,3,1,1,0.0,0,0,1,1,2,1,,4,4.28646697235565,-1.9064669723556502
779,O=C(O)c1c(Cl)cccc1Cl,1.707,O=C(O)c1c(Cl)cccc1Cl,191.013,2.6916,37.3,1,1,1,1,0.0,0,0,1,1,2,1,,1,3.4127287195101847,-1.7057287195101847
780,O=C(O)c1c(F)c(F)c(-c2c(F)c(F)c(F)c(F)c2F)c(F)c1F,1.42,O=C(O)c1c(F)c(F)c(-c2c(F)c(F)c(F)c(F)c2F)c(F)c1F,360.131,4.3037,37.3,1,1,2,2,0.0,0,0,1,1,2,1,,5,2.9694501606641692,-1.5494501606641693
781,O=C(O)c1c(F)c(F)c(Br)c(F)c1F,1.66,O=C(O)c1c(F)c(F)c(Br)c(F)c1F,272.979,2.7037,37.3,1,1,1,1,0.0,0,0,1,1,2,1,,5,3.0878091520297053,-1.4278091520297054
782,O=C(O)c1c(F)c(F)c(C(F)(F)F)c(F)c1F,1.44,O=C(O)c1c(F)c(F)c(C(F)(F)F)c(F)c1F,262.08,2.96,37.3,1,1,1,1,0.125,0,0,1,1,2,1,,1,2.5299622531581916,-1.0899622531581916
783,O=C(O)c1c(F)c(F)c(Cl)c(F)c1F,1.69,O=C(O)c1c(F)c(F)c(Cl)c(F)c1F,228.528,2.5946,37.3,1,1,1,1,0.0,0,0,1,1,2,1,,4,3.0034649197628362,-1.3134649197628363
784,O=C(O)c1c(F)c(F)c(F)c(F)c1F,1.75,O=C(O)c1c(F)c(F)c(F)c(F)c1F,212.073,2.0803,37.3,1,1,1,1,0.0,0,0,1,1,2,1,,5,3.4586137180767156,-1.7086137180767156
785,O=C(O)c1c(F)c(F)c(O)c(F)c1F,2.27,O=C(O)c1c(F)c(F)c(O)c(F)c1F,210.082,1.6468,57.53,2,2,1,1,0.0,0,0,1,1,2,1,,1,2.729181503363689,-0.459181503363689
786,O=C(O)c1c(F)c(F)c(S)c(F)c1F,1.67,O=C(O)c1c(F)c(F)c(S)c(F)c1F,226.15,2.2299,37.3,2,2,1,1,0.0,0,0,1,1,2,1,,4,2.175834284489093,-0.5058342844890933
787,O=C(O)c1c(F)c(F)cc(F)c1F,1.87,O=C(O)c1c(F)c(F)cc(F)c1F,194.083,1.9412,37.3,1,1,1,1,0.0,0,0,1,1,2,1,,5,3.547010614128003,-1.6770106141280028
788,O=C(O)c1c(O)cccc1Cl,2.63,O=C(O)c1c(O)cccc1Cl,172.567,1.7438,57.53,2,2,1,1,0.0,0,0,1,1,2,1,,4,3.2516388704630304,-0.6216388704630305
789,O=C(O)c1c(O)cccc1O,1.0605,O=C(O)c1c(O)cccc1O,154.121,0.796,77.76,3,3,1,1,0.0,0,0,1,1,2,1,,2,3.4983597208808344,-2.4378597208808346
790,O=C(O)c1c(O)cccc1[N+](=O)[O-],2.24,O=C(O)c1c(O)cccc1[N+](=O)[O-],183.119,0.9986,100.67,4,2,2,1,0.0,0,0,1,1,2,1,,2,2.6296839160047636,-0.3896839160047634
791,O=C(O)c1c[nH]c(=O)[nH]c1=O,4.16,O=C(O)c1c[nH]c(=O)[nH]c1=O,156.097,-1.2386,103.02,3,3,1,1,0.0,0,0,1,1,2,1,,1,3.787333468479029,0.37266653152097096
792,O=C(O)c1c[nH]c2ccccc12,3.87,O=C(O)c1c[nH]c2ccccc12,161.16,1.8661,53.09,1,2,1,2,0.0,0,0,1,1,2,1,,1,5.092373056692335,-1.2223730566923345
793,O=C(O)c1c[nH]cn1,6.065,O=C(O)c1c[nH]cn1,112.088,0.1079,65.98,2,2,1,1,0.0,0,0,1,1,2,1,,1,4.8716937276212136,1.1933062723787868
794,O=C(O)c1c[nH]nn1,3.22,O=C(O)c1c[nH]nn1,113.076,-0.4971,78.87,3,2,1,1,0.0,0,0,1,1,2,1,,4,4.416046539886951,-1.1960465398869506
795,O=C(O)c1cc(=O)[nH]c(=O)[nH]1,1.935,O=C(O)c1cc(=O)[nH]c(=O)[nH]1,156.097,-1.2386,103.02,3,3,1,1,0.0,0,0,1,1,2,1,,2,4.259619614916437,-2.3246196149164366
796,O=C(O)c1cc(=O)c(O)co1,-2.34,O=C(O)c1cc(=O)c(O)co1,156.093,0.0436,87.74,4,2,1,1,0.0,0,0,1,1,2,1,,5,2.807207200439864,-5.147207200439864
797,O=C(O)c1cc(=O)cc(-c2ccccc2)o1,1.51,O=C(O)c1cc(=O)cc(-c2ccccc2)o1,216.192,2.005,67.51,3,1,2,2,0.0,0,0,1,1,2,1,,2,3.1783043756368,-1.6683043756368001
798,O=C(O)c1cc(=O)cc(-c2ccccc2)s1,2.59,O=C(O)c1cc(=O)cc(-c2ccccc2)s1,232.26,2.4735,54.37,3,1,2,2,0.0,0,0,1,1,2,1,,4,3.233231735734588,-0.643231735734588
800,O=C(O)c1cc(=O)cco1,1.5,O=C(O)c1cc(=O)cco1,140.094,0.338,67.51,3,1,1,1,0.0,0,0,1,1,2,1,,5,3.524576298073109,-2.024576298073109
801,O=C(O)c1cc(Br)c[nH]1,4.06,O=C(O)c1cc(Br)c[nH]1,189.996,1.4754,53.09,1,2,1,1,0.0,0,0,1,1,2,1,,5,3.6640497556873757,0.39595024431262393
802,O=C(O)c1cc(Br)c[se]1,3.14,O=C(O)c1cc(Br)c[se]1,253.941,1.2043,37.3,1,1,1,1,0.0,0,0,1,1,2,1,,2,2.675745267079452,0.4642547329205482
803,O=C(O)c1cc(Br)cc(Br)c1O,2.162,O=C(O)c1cc(Br)cc(Br)c1O,295.914,2.6154,57.53,2,2,1,1,0.0,0,0,1,1,2,1,,4,2.207699137485929,-0.04569913748592924
804,O=C(O)c1cc(Br)ccc1O,2.6514,O=C(O)c1cc(Br)ccc1O,217.018,1.8529,57.53,2,2,1,1,0.0,0,0,1,1,2,1,,4,2.746855993603894,-0.09545599360389367
805,O=C(O)c1cc(Br)cs1,3.11,O=C(O)c1cc(Br)cs1,207.048,2.2088,37.3,2,1,1,1,0.0,0,0,1,1,2,1,,3,2.980929132616053,0.1290708673839469
806,O=C(O)c1cc(C(=O)O)c(C(=O)O)cc1C(=O)O,1.87,O=C(O)c1cc(C(=O)O)c(C(=O)O)cc1C(=O)O,254.15,0.4794,149.2,4,4,4,1,0.0,0,0,4,4,8,4,,1,2.2539082050020145,-0.3839082050020144
807,O=C(O)c1cc(C(=O)O)c(C(=O)O)cc1O,1.86,O=C(O)c1cc(C(=O)O)c(C(=O)O)cc1O,226.14,0.4868,132.13,4,4,3,1,0.0,0,0,3,3,6,3,,4,2.66999299289267,-0.8099929928926699
809,O=C(O)c1cc(C(=O)O)c(O)c(C(=O)O)c1,2.77,O=C(O)c1cc(C(=O)O)c(O)c(C(=O)O)c1,226.14,0.4868,132.13,4,4,3,1,0.0,0,0,3,3,6,3,,2,1.9349187143939863,0.8350812856060137
810,O=C(O)c1cc(Cl)c[nH]1,4.07,O=C(O)c1cc(Cl)c[nH]1,145.545,1.3663,53.09,1,2,1,1,0.0,0,0,1,1,2,1,,3,4.390327328458999,-0.3203273284589985
811,O=C(O)c1cc(Cl)ccc1Cl,2.466,O=C(O)c1cc(Cl)ccc1Cl,191.013,2.6916,37.3,1,1,1,1,0.0,0,0,1,1,2,1,,5,3.6464138748851633,-1.1804138748851631
812,O=C(O)c1cc(Cl)ccc1O,2.695,O=C(O)c1cc(Cl)ccc1O,172.567,1.7438,57.53,2,2,1,1,0.0,0,0,1,1,2,1,,5,3.2808956927878583,-0.5858956927878585
813,O=C(O)c1cc(I)cc(I)c1O,2.299,O=C(O)c1cc(I)cc(I)c1O,389.914,2.2996,57.53,2,2,1,1,0.0,0,0,1,1,2,1,,4,2.90143760235278,-0.6024376023527802
814,O=C(O)c1cc(I)ccc1O,2.6595000000000004,O=C(O)c1cc(I)ccc1O,264.018,1.695,57.53,2,2,1,1,0.0,0,0,1,1,2,1,,2,2.491489503076177,0.16801049692382364
815,O=C(O)c1cc(N=Nc2ccc(S(=O)(=O)O)cc2)ccc1O,2.38,O=C(O)c1cc(N=Nc2ccc(S(=O)(=O)O)cc2)ccc1O,322.298,2.7525,136.62,6,3,4,2,0.0,0,1,2,4,3,2,,3,2.479651594029737,-0.09965159402973711
816,O=C(O)c1cc(O)c(O)c(O)c1,4.27,O=C(O)c1cc(O)c(O)c(O)c1,170.12,0.5016,97.99,4,4,1,1,0.0,0,0,1,1,2,1,,1,2.774154332054902,1.4958456679450975
817,O=C(O)c1cc(O)c2ccccc2c1,4.25,O=C(O)c1cc(O)c2ccccc2c1,188.182,2.2436,57.53,2,2,1,2,0.0,0,0,1,1,2,1,,2,3.9672455027457776,0.2827544972542224
818,O=C(O)c1cc(O)cc(O)c1,4.039,O=C(O)c1cc(O)cc(O)c1,154.121,0.796,77.76,3,3,1,1,0.0,0,0,1,1,2,1,,4,3.9200252465569054,0.11897475344309427
819,O=C(O)c1cc(O)cc2ccccc12,3.69,O=C(O)c1cc(O)cc2ccccc12,188.182,2.2436,57.53,2,2,1,2,0.0,0,0,1,1,2,1,,5,4.119348233266685,-0.4293482332666847
820,O=C(O)c1cc(O)ccc1O,2.9655,O=C(O)c1cc(O)ccc1O,154.121,0.796,77.76,3,3,1,1,0.0,0,0,1,1,2,1,,3,3.938937131535106,-0.973437131535106
821,O=C(O)c1cc([N+](=O)[O-])c[nH]1,3.37,O=C(O)c1cc([N+](=O)[O-])c[nH]1,156.097,0.6211,96.23,3,2,2,1,0.0,0,0,1,1,2,1,,2,3.687659807838882,-0.3176598078388819
822,O=C(O)c1cc([N+](=O)[O-])c[se]1,2.74,O=C(O)c1cc([N+](=O)[O-])c[se]1,220.042,0.35,80.44,3,1,2,1,0.0,0,0,1,1,2,1,,5,1.848700052132696,0.8912999478673043
823,O=C(O)c1cc([N+](=O)[O-])cc([N+](=O)[O-])c1O,0.7,O=C(O)c1cc([N+](=O)[O-])cc([N+](=O)[O-])c1O,228.116,0.9068,143.81,6,2,3,1,0.0,0,0,1,1,2,1,,2,1.2304448539093142,-0.5304448539093143
824,O=C(O)c1cc([N+](=O)[O-])cc2ccccc12,2.83,O=C(O)c1cc([N+](=O)[O-])cc2ccccc12,217.18,2.4462,80.44,3,1,2,2,0.0,0,0,1,1,2,1,,4,3.802928216006688,-0.9729282160066881
825,O=C(O)c1cc([N+](=O)[O-])ccc1O,2.18,O=C(O)c1cc([N+](=O)[O-])ccc1O,183.119,0.9986,100.67,4,2,2,1,0.0,0,0,1,1,2,1,,5,2.339885027741766,-0.15988502774176583
826,O=C(O)c1cc([N+](=O)[O-])cs1,2.835,O=C(O)c1cc([N+](=O)[O-])cs1,173.149,1.3545,80.44,4,1,2,1,0.0,0,0,1,1,2,1,,1,2.7426755535345757,0.09232444646542426
827,O=C(O)c1cc2cc(Br)ccc2[nH]1,16.1,O=C(O)c1cc2cc(Br)ccc2[nH]1,240.056,2.6286,53.09,1,2,1,2,0.0,0,0,1,1,2,1,,4,3.5526183624677152,12.547381637532286
828,O=C(O)c1cc2cc([N+](=O)[O-])ccc2[nH]1,14.91,O=C(O)c1cc2cc([N+](=O)[O-])ccc2[nH]1,206.157,1.7743,96.23,3,2,2,2,0.0,0,0,1,1,2,1,,5,4.35844360631726,10.551556393682741
829,O=C(O)c1cc2ccccc2cc1O,2.75,O=C(O)c1cc2ccccc2cc1O,188.182,2.2436,57.53,2,2,1,2,0.0,0,0,1,1,2,1,,3,4.148923956650477,-1.398923956650477
830,O=C(O)c1cc[nH]n1,3.74,O=C(O)c1cc[nH]n1,112.088,0.1079,65.98,2,2,1,1,0.0,0,0,1,1,2,1,,3,5.207034478235143,-1.467034478235143
831,O=C(O)c1ccc(=O)oc1,3.26,O=C(O)c1ccc(=O)oc1,140.094,0.338,67.51,3,1,1,1,0.0,0,0,1,1,2,1,,3,3.4474002839191553,-0.18740028391915553
832,O=C(O)c1ccc(Br)[nH]1,4.17,O=C(O)c1ccc(Br)[nH]1,189.996,1.4754,53.09,1,2,1,1,0.0,0,0,1,1,2,1,,1,3.5173374271791005,0.6526625728208995
833,O=C(O)c1ccc(Br)[se]1,3.27,O=C(O)c1ccc(Br)[se]1,253.941,1.2043,37.3,1,1,1,1,0.0,0,0,1,1,2,1,,2,2.675745267079452,0.5942547329205481
834,O=C(O)c1ccc(Br)c2ccccc12,3.37,O=C(O)c1ccc(Br)c2ccccc12,251.079,3.3005,37.3,1,1,1,2,0.0,0,0,1,1,2,1,,2,2.301290722046169,1.0687092779538312
835,O=C(O)c1ccc(Br)cc1,3.963,O=C(O)c1ccc(Br)cc1,201.019,2.1473,37.3,1,1,1,1,0.0,0,0,1,1,2,1,,4,3.342863573344223,0.620136426655777
836,O=C(O)c1ccc(Br)cc1C(=O)O,2.5,O=C(O)c1ccc(Br)cc1C(=O)O,245.028,1.8455,74.6,2,2,2,1,0.0,0,0,2,2,4,2,,2,3.001695451129272,-0.5016954511292719
837,O=C(O)c1ccc(Br)cc1O,2.669,O=C(O)c1ccc(Br)cc1O,217.018,1.8529,57.53,2,2,1,1,0.0,0,0,1,1,2,1,,2,2.7167569839201797,-0.047756983920179685
838,O=C(O)c1ccc(Br)s1,3.245,O=C(O)c1ccc(Br)s1,207.048,2.2088,37.3,2,1,1,1,0.0,0,0,1,1,2,1,,5,3.0098787035247567,0.23512129647524338
839,O=C(O)c1ccc(C(=O)O)c(C(=O)O)c1,2.53,O=C(O)c1ccc(C(=O)O)c(C(=O)O)c1,210.141,0.7812,111.9,3,3,3,1,0.0,0,0,3,3,6,3,,3,2.7397114239382825,-0.20971142393828268
840,O=C(O)c1ccc(C2CC2)cc1,4.44,O=C(O)c1ccc(C2CC2)cc1,162.188,2.2622,37.3,1,1,2,1,0.3,0,0,1,1,2,1,,4,4.262327598717356,0.17767240128264472
841,O=C(O)c1ccc(C=C[N+](=O)[O-])cc1,3.94,O=C(O)c1ccc(C=C[N+](=O)[O-])cc1,193.158,1.6322,80.44,3,1,3,1,0.0,0,0,1,1,2,1,,1,2.9622046352103926,0.9777953647896074
842,O=C(O)c1ccc(Cl)[nH]1,4.32,O=C(O)c1ccc(Cl)[nH]1,145.545,1.3663,53.09,1,2,1,1,0.0,0,0,1,1,2,1,,2,4.052911752455176,0.26708824754482396
843,O=C(O)c1ccc(Cl)[se]1,3.3,O=C(O)c1ccc(Cl)[se]1,209.49,1.0952,37.3,1,1,1,1,0.0,0,0,1,1,2,1,,3,3.4001105369403377,-0.10011053694033789
844,O=C(O)c1ccc(Cl)c(Cl)c1,3.64,O=C(O)c1ccc(Cl)c(Cl)c1,191.013,2.6916,37.3,1,1,1,1,0.0,0,0,1,1,2,1,,1,3.4127287195101847,0.22727128048981537
845,O=C(O)c1ccc(Cl)c2ccccc12,3.36,O=C(O)c1ccc(Cl)c2ccccc12,206.628,3.1914,37.3,1,1,1,2,0.0,0,0,1,1,2,1,,5,3.4328579787978035,-0.07285797879780365
846,O=C(O)c1ccc(Cl)cc1,3.988,O=C(O)c1ccc(Cl)cc1,156.568,2.0382,37.3,1,1,1,1,0.0,0,0,1,1,2,1,,5,3.843565136620743,0.14443486337925693
847,O=C(O)c1ccc(Cl)cc1Cl,2.73,O=C(O)c1ccc(Cl)cc1Cl,191.013,2.6916,37.3,1,1,1,1,0.0,0,0,1,1,2,1,,5,3.6464138748851633,-0.9164138748851633
848,O=C(O)c1ccc(Cl)s1,3.3150000000000004,O=C(O)c1ccc(Cl)s1,162.597,2.0997,37.3,2,1,1,1,0.0,0,0,1,1,2,1,,2,3.5706849250453496,-0.25568492504534923
849,O=C(O)c1ccc(F)c2ccccc12,3.7,O=C(O)c1ccc(F)c2ccccc12,190.173,2.6771,37.3,1,1,1,2,0.0,0,0,1,1,2,1,,3,3.66741976469311,0.03258023530689025
850,O=C(O)c1ccc(F)cc1,3.907428571428572,O=C(O)c1ccc(F)cc1,140.113,1.5239,37.3,1,1,1,1,0.0,0,0,1,1,2,1,,3,4.08591129163234,-0.17848272020376799
851,O=C(O)c1ccc(I)cc1,3.9635,O=C(O)c1ccc(I)cc1,248.019,1.9894,37.3,1,1,1,1,0.0,0,0,1,1,2,1,,4,2.794706149181978,1.1687938508180218
852,O=C(O)c1ccc(I)cc1O,2.75,O=C(O)c1ccc(I)cc1O,264.018,1.695,57.53,2,2,1,1,0.0,0,0,1,1,2,1,,2,2.491489503076177,0.2585104969238232
853,O=C(O)c1ccc(O)c(=O)cc1,4.05,O=C(O)c1ccc(O)c(=O)cc1,166.132,0.4506,74.6,3,2,1,1,0.0,0,0,1,1,2,1,,2,3.0189045959037695,1.0310954040962304
854,O=C(O)c1ccc(O)c(O)c1,4.3755,O=C(O)c1ccc(O)c(O)c1,154.121,0.796,77.76,3,3,1,1,0.0,0,0,1,1,2,1,,3,3.938937131535106,0.43656286846489367
855,O=C(O)c1ccc(O)cc1,4.566666666666666,O=C(O)c1ccc(O)cc1,138.122,1.0904,57.53,2,2,1,1,0.0,0,0,1,1,2,1,,3,4.089946437713215,0.4767202289534511
856,O=C(O)c1ccc(O)cc1O,3.20875,O=C(O)c1ccc(O)cc1O,154.121,0.796,77.76,3,3,1,1,0.0,0,0,1,1,2,1,,4,3.9200252465569054,-0.7112752465569052
857,O=C(O)c1ccc([N+](=O)[O-])[nH]1,3.22,O=C(O)c1ccc([N+](=O)[O-])[nH]1,156.097,0.6211,96.23,3,2,2,1,0.0,0,0,1,1,2,1,,3,3.6330187252735113,-0.41301872527351113
858,O=C(O)c1ccc([N+](=O)[O-])[se]1,2.63,O=C(O)c1ccc([N+](=O)[O-])[se]1,220.042,0.35,80.44,3,1,2,1,0.0,0,0,1,1,2,1,,3,2.0530323011638503,0.5769676988361496
859,O=C(O)c1ccc([N+](=O)[O-])c2ccccc12,2.8,O=C(O)c1ccc([N+](=O)[O-])c2ccccc12,217.18,2.4462,80.44,3,1,2,2,0.0,0,0,1,1,2,1,,4,3.802928216006688,-1.0029282160066884
860,O=C(O)c1ccc([N+](=O)[O-])cc1,3.2511666666666668,O=C(O)c1ccc([N+](=O)[O-])cc1,167.12,1.293,80.44,3,1,2,1,0.0,0,0,1,1,2,1,,4,3.193178866418421,0.05798780024824568
862,O=C(O)c1ccc([N+](=O)[O-])cc1O,2.27,O=C(O)c1ccc([N+](=O)[O-])cc1O,183.119,0.9986,100.67,4,2,2,1,0.0,0,0,1,1,2,1,,4,2.4556760436736793,-0.1856760436736793
863,O=C(O)c1ccc([N+](=O)[O-])s1,2.68,O=C(O)c1ccc([N+](=O)[O-])s1,173.149,1.3545,80.44,4,1,2,1,0.0,0,0,1,1,2,1,,4,2.735124622314174,-0.0551246223141737
864,O=C(O)c1ccc2c(c1)OCCO2,4.35,O=C(O)c1ccc2c(c1)OCCO2,180.159,1.156,55.76,3,1,1,1,0.222222,0,0,1,1,2,1,,5,3.448944007645279,0.9010559923547206
865,O=C(O)c1ccc2c(c1)OCO2,4.5,O=C(O)c1ccc2c(c1)OCO2,166.132,1.1135,55.76,3,1,1,1,0.125,0,0,1,1,2,1,,4,3.1653893726396283,1.3346106273603717
866,O=C(O)c1ccc2ccccc2c1,4.343666666666667,O=C(O)c1ccc2ccccc2c1,172.183,2.538,37.3,1,1,1,2,0.0,0,0,1,1,2,1,,4,3.861596781444344,0.48206988522232264
867,O=C(O)c1ccc2ccccc2n1,4.864,O=C(O)c1ccc2ccccc2n1,173.171,1.933,50.19,2,1,1,2,0.0,0,0,1,1,2,1,,1,3.9363166830744953,0.9276833169255045
868,O=C(O)c1ccc2cccccc1-2,5.5,O=C(O)c1ccc2cccccc1-2,172.183,2.4896,37.3,1,1,1,0,0.0,0,0,1,1,2,1,,5,4.436313227327881,1.0636867726721189
869,O=C(O)c1ccc2ncccc2c1,4.82,O=C(O)c1ccc2ncccc2c1,173.171,1.933,50.19,2,1,1,2,0.0,0,0,1,1,2,1,,5,3.9289882351829317,0.8910117648170686
870,O=C(O)c1ccc2nccnc2c1,3.64,O=C(O)c1ccc2nccnc2c1,174.159,1.328,63.08,3,1,1,2,0.0,0,0,1,1,2,1,,5,3.7760831080358153,-0.13608310803581514
871,O=C(O)c1ccc[nH]1,4.475,O=C(O)c1ccc[nH]1,111.1,0.7129,53.09,1,2,1,1,0.0,0,0,1,1,2,1,,1,5.067729131659835,-0.5927291316598353
872,O=C(O)c1ccc[se]1,3.6,O=C(O)c1ccc[se]1,175.045,0.4418,37.3,1,1,1,1,0.0,0,0,1,1,2,1,,4,3.5440720173118727,0.055927982688127376
873,O=C(O)c1cccc(Br)c1,3.813,O=C(O)c1cccc(Br)c1,201.019,2.1473,37.3,1,1,1,1,0.0,0,0,1,1,2,1,,1,3.2963775469892687,0.5166224530107315
874,O=C(O)c1cccc(Br)c1C(=O)O,2.27,O=C(O)c1cccc(Br)c1C(=O)O,245.028,1.8455,74.6,2,2,2,1,0.0,0,0,2,2,4,2,,2,3.001695451129272,-0.7316954511292719
875,O=C(O)c1cccc(C(=O)O)c1,3.7,O=C(O)c1cccc(C(=O)O)c1,166.132,1.083,74.6,2,2,2,1,0.0,0,0,2,2,4,2,,4,2.713189884066263,0.986810115933737
876,O=C(O)c1cccc(C(=O)O)c1C(=O)O,2.84,O=C(O)c1cccc(C(=O)O)c1C(=O)O,210.141,0.7812,111.9,3,3,3,1,0.0,0,0,3,3,6,3,,4,2.4298508115454287,0.41014918845457116
877,O=C(O)c1cccc(C(=O)O)n1,4.6,O=C(O)c1cccc(C(=O)O)n1,167.12,0.478,87.49,3,2,2,1,0.0,0,0,2,2,4,2,,4,2.2994738537311656,2.300526146268834
878,O=C(O)c1cccc(C=C[N+](=O)[O-])c1,3.87,O=C(O)c1cccc(C=C[N+](=O)[O-])c1,193.158,1.6322,80.44,3,1,3,1,0.0,0,0,1,1,2,1,,2,3.34030124693048,0.5296987530695203
879,O=C(O)c1cccc(CO)n1,4.61,O=C(O)c1cccc(CO)n1,153.137,0.2721,70.42,3,2,2,1,0.142857,0,0,1,1,2,1,,5,4.800940579832475,-0.1909405798324748
880,O=C(O)c1cccc(Cl)c1,3.8295,O=C(O)c1cccc(Cl)c1,156.568,2.0382,37.3,1,1,1,1,0.0,0,0,1,1,2,1,,3,3.8876617400958713,-0.058161740095871384
882,O=C(O)c1cccc(F)c1,3.626714285714286,O=C(O)c1cccc(F)c1,140.113,1.5239,37.3,1,1,1,1,0.0,0,0,1,1,2,1,,4,4.042789774552858,-0.4160754888385725
883,O=C(O)c1cccc(I)c1O,2.52,O=C(O)c1cccc(I)c1O,264.018,1.695,57.53,2,2,1,1,0.0,0,0,1,1,2,1,,3,2.559409400994503,-0.03940940099450296
884,O=C(O)c1cccc(O)c(=O)c1,3.42,O=C(O)c1cccc(O)c(=O)c1,166.132,0.4506,74.6,3,2,1,1,0.0,0,0,1,1,2,1,,5,3.2764194035479046,0.1435805964520953
885,O=C(O)c1cccc(O)c(=O)c1C(=O)O,3.24,O=C(O)c1cccc(O)c(=O)c1C(=O)O,210.141,0.1488,111.9,4,3,2,1,0.0,0,0,2,2,4,2,,2,2.426870222862349,0.8131297771376511
886,O=C(O)c1cccc(O)c1,4.19,O=C(O)c1cccc(O)c1,138.122,1.0904,57.53,2,2,1,1,0.0,0,0,1,1,2,1,,1,3.8871091954182884,0.302890804581712
887,O=C(O)c1cccc(O)c1O,2.914,O=C(O)c1cccc(O)c1O,154.121,0.796,77.76,3,3,1,1,0.0,0,0,1,1,2,1,,5,4.097835747268873,-1.1838357472688732
888,O=C(O)c1cccc([N+](=O)[O-])c1,3.293333333333333,O=C(O)c1cccc([N+](=O)[O-])c1,167.12,1.293,80.44,3,1,2,1,0.0,0,0,1,1,2,1,,2,3.321407493688375,-0.028074160355041844
890,O=C(O)c1cccc([N+](=O)[O-])c1O,2.085,O=C(O)c1cccc([N+](=O)[O-])c1O,183.119,0.9986,100.67,4,2,2,1,0.0,0,0,1,1,2,1,,2,2.6296839160047636,-0.5446839160047636
891,O=C(O)c1cccc2ccccc12,3.80925,O=C(O)c1cccc2ccccc12,172.183,2.538,37.3,1,1,1,2,0.0,0,0,1,1,2,1,,1,4.078047957623042,-0.2687979576230419
892,O=C(O)c1cccc2cccnc12,6.8,O=C(O)c1cccc2cccnc12,173.171,1.933,50.19,2,1,1,2,0.0,0,0,1,1,2,1,,2,3.7949438564852933,3.0050561435147065
893,O=C(O)c1cccc2nccnc12,4.026,O=C(O)c1cccc2nccnc12,174.159,1.328,63.08,3,1,1,2,0.0,0,0,1,1,2,1,,4,3.7404313238719475,0.28556867612805226
894,O=C(O)c1ccccc(O)c1=O,3.2,O=C(O)c1ccccc(O)c1=O,166.132,0.4506,74.6,3,2,1,1,0.0,0,0,1,1,2,1,,2,3.0189045959037695,0.1810954040962307
895,O=C(O)c1ccccc1,4.093071428571428,O=C(O)c1ccccc1,122.123,1.3848,37.3,1,1,1,1,0.0,0,0,1,1,2,1,,1,4.249362917513851,-0.15629148894242295
896,O=C(O)c1ccccc1C(=O)O,2.813333333333333,O=C(O)c1ccccc1C(=O)O,166.132,1.083,74.6,2,2,2,1,0.0,0,0,2,2,4,2,,1,2.9712309638111742,-0.15789763047784122
897,O=C(O)c1ccccc1C(=O)c1ccccc1,3.536,O=C(O)c1ccccc1C(=O)c1ccccc1,226.231,2.6158,54.37,2,1,3,2,0.0,0,0,1,1,2,1,,1,3.4875040123307373,0.048495987669262774
898,O=C(O)c1ccccc1Cl,3.063333333333333,O=C(O)c1ccccc1Cl,156.568,2.0382,37.3,1,1,1,1,0.0,0,0,1,1,2,1,,2,3.924786651517332,-0.8614533181839992
899,O=C(O)c1ccccc1Nc1ccccc1,3.925,O=C(O)c1ccccc1Nc1ccccc1,213.236,3.1284,49.33,2,2,3,2,0.0,0,0,1,1,2,1,,4,3.9738183944636156,-0.0488183944636158
900,O=C(O)c1ccccc1O,2.9423076923076925,O=C(O)c1ccccc1O,138.122,1.0904,57.53,2,2,1,1,0.0,0,0,1,1,2,1,,3,4.089946437713215,-1.1476387454055228
901,O=C(O)c1ccccc1P(O)O,1.32,O=C(O)c1ccccc1P(O)O,186.103,0.3066,77.76,3,3,2,1,0.0,0,0,1,1,2,1,,1,3.892178171206832,-2.572178171206832
902,O=C(O)c1ccccc1[N+](=O)[O-],2.1083333333333334,O=C(O)c1ccccc1[N+](=O)[O-],167.12,1.293,80.44,3,1,2,1,0.0,0,0,1,1,2,1,,5,3.21161216984298,-1.1032788365096464
903,O=C(O)c1cccccc1=O,3.73,O=C(O)c1cccccc1=O,150.133,0.745,54.37,2,1,1,1,0.0,0,0,1,1,2,1,,1,3.5673709065208845,0.16262909347911547
904,O=C(O)c1ccccn1,5.4,O=C(O)c1ccccn1,123.111,0.7798,50.19,2,1,1,1,0.0,0,0,1,1,2,1,,5,4.129905909030791,1.2700940909692093
905,O=C(O)c1cccnc1,4.7725,O=C(O)c1cccnc1,123.111,0.7798,50.19,2,1,1,1,0.0,0,0,1,1,2,1,,2,3.806775595377576,0.9657244046224238
906,O=C(O)c1cccnc1C(=O)O,4.75,O=C(O)c1cccnc1C(=O)O,167.12,0.478,87.49,3,2,2,1,0.0,0,0,2,2,4,2,,3,2.6691978421595994,2.0808021578404006
907,O=C(O)c1ccco1,3.153,O=C(O)c1ccco1,112.084,0.9778,50.44,2,1,1,1,0.0,0,0,1,1,2,1,,5,4.4203568248204475,-1.2673568248204474
908,O=C(O)c1cccs1,3.5125,O=C(O)c1cccs1,128.152,1.4463,37.3,2,1,1,1,0.0,0,0,1,1,2,1,,4,3.908312811585965,-0.39581281158596493
909,O=C(O)c1ccnc(C(=O)O)c1,2.2,O=C(O)c1ccnc(C(=O)O)c1,167.12,0.478,87.49,3,2,2,1,0.0,0,0,2,2,4,2,,3,2.6691978421595994,-0.46919784215959925
910,O=C(O)c1ccncc1,4.876666666666666,O=C(O)c1ccncc1,123.111,0.7798,50.19,2,1,1,1,0.0,0,0,1,1,2,1,,2,3.806775595377576,1.06989107128909
911,O=C(O)c1ccncc1C(=O)O,2.95,O=C(O)c1ccncc1C(=O)O,167.12,0.478,87.49,3,2,2,1,0.0,0,0,2,2,4,2,,4,2.2994738537311656,0.6505261462688345
912,O=C(O)c1ccncc1O,4.83,O=C(O)c1ccncc1O,139.11,0.4854,70.42,3,2,1,1,0.0,0,0,1,1,2,1,,4,3.6771761656543203,1.1528238343456798
913,O=C(O)c1cn(-c2ccccc2)nn1,2.88,O=C(O)c1cn(-c2ccccc2)nn1,189.174,0.9655,68.01,3,1,2,2,0.0,0,0,1,1,2,1,,4,3.822956808674358,-0.9429568086743583
914,O=C(O)c1cnc2ccccc2n1,2.811666666666666,O=C(O)c1cnc2ccccc2n1,174.159,1.328,63.08,3,1,1,2,0.0,0,0,1,1,2,1,,5,3.7760831080358153,-0.9644164413691492
915,O=C(O)c1cncc(C(=O)O)c1,2.72,O=C(O)c1cncc(C(=O)O)c1,167.12,0.478,87.49,3,2,2,1,0.0,0,0,2,2,4,2,,2,2.2997550576587527,0.42024494234124754
916,O=C(O)c1cncc(C(=O)O)c1C(=O)O,2.01,O=C(O)c1cncc(C(=O)O)c1C(=O)O,211.129,0.1762,124.79,4,3,3,1,0.0,0,0,3,3,6,3,,1,2.8953898354595906,-0.8853898354595908
917,O=C(O)c1cocc1C(=O)O,1.44,O=C(O)c1cocc1C(=O)O,156.093,0.676,87.74,3,2,2,1,0.0,0,0,2,2,4,2,,1,2.930911166043438,-1.4909111660434382
918,O=C(O)c1csccc1=O,4.1,O=C(O)c1csccc1=O,156.162,0.8065,54.37,3,1,1,1,0.0,0,0,1,1,2,1,,1,3.162369130043727,0.9376308699562728
919,O=C(O)c1nc(C(=O)O)c(C(=O)O)c(C(=O)O)c1C(=O)O,0.5,O=C(O)c1nc(C(=O)O)c(C(=O)O)c(C(=O)O)c1C(=O)O,299.147,-0.4274,199.39,6,5,5,1,0.0,0,0,5,5,10,5,,2,3.422556662955806,-2.922556662955806
920,O=C(O)c1nc2ccccc2nc1C(=O)O,1.71,O=C(O)c1nc2ccccc2nc1C(=O)O,218.168,1.0262,100.38,4,2,2,2,0.0,0,0,2,2,4,2,,1,2.793453019471009,-1.0834530194710092
921,O=C(O)c1nc2ccccc2nc1Cl,1.83,O=C(O)c1nc2ccccc2nc1Cl,208.604,1.9814,63.08,3,1,1,2,0.0,0,0,1,1,2,1,,5,2.9087768589883085,-1.0787768589883084
922,O=C(O)c1nc2ccccc2nc1O,2.58,O=C(O)c1nc2ccccc2nc1O,190.158,1.0336,83.31,4,2,1,2,0.0,0,0,1,1,2,1,,4,4.214221033785225,-1.6342210337852245
923,O=C(O)c1ncccc1O,5.17,O=C(O)c1ncccc1O,139.11,0.4854,70.42,3,2,1,1,0.0,0,0,1,1,2,1,,2,3.2086835420549162,1.9613164579450837
924,O=C(O)c1nnn(-c2ccccc2)c1C(=O)O,2.13,O=C(O)c1nnn(-c2ccccc2)c1C(=O)O,233.183,0.6637,105.31,4,2,3,2,0.0,0,0,2,2,4,2,,3,2.2819059821439134,-0.1519059821439135
925,O=C(O)c1occc(=O)c1O,7.67,O=C(O)c1occc(=O)c1O,156.093,0.0436,87.74,4,2,1,1,0.0,0,0,1,1,2,1,,5,2.807207200439864,4.862792799560136
926,O=C/C(Cl)=C(/Cl)C(=O)O,4.2,O=C/C(Cl)=C(/Cl)C(=O)O,168.963,0.9591,54.37,2,1,2,0,0.0,0,0,1,1,2,1,,1,3.264364493152619,0.9356355068473814
927,O=C1CCC(C(=O)O)CC1,4.38,O=C1CCC(C(=O)O)CC1,142.154,0.8303,54.37,2,1,1,0,0.714286,0,0,1,1,2,1,,2,3.804355789681096,0.5756442103189041
928,O=CC(=O)O,3.22,O=CC(=O)O,74.035,-0.7301,54.37,2,1,1,0,0.0,0,0,1,1,2,1,,2,3.0055557639513966,0.21444423604860363
929,O=CO,3.744857142857143,O=CO,46.025,-0.2992,37.3,1,1,0,0,0.0,0,0,1,1,2,1,,4,3.078513278497334,0.666343864359809
930,O=Cc1ccc(C(=O)O)cc1,3.76,O=Cc1ccc(C(=O)O)cc1,150.133,1.1973,54.37,2,1,2,1,0.0,0,0,1,1,2,1,,4,3.9439261259046177,-0.18392612590461788
931,O=Cc1cccc(C(=O)O)c1,3.84,O=Cc1cccc(C(=O)O)c1,150.133,1.1973,54.37,2,1,2,1,0.0,0,0,1,1,2,1,,1,3.8698201460149146,-0.029820146014914783
932,O[C@@H]1CC[C@H](CC1)C(=O)O,4.69,O=C(O)[C@H]1CC[C@H](O)CC1,144.17,0.6221,57.53,2,2,1,0,0.857143,0,0,1,1,2,1,,1,7.901069262507725,-3.211069262507724
933,[C@@H]1([C@@H](CC1)C(=O)O)C(=O)O,3.94,O=C(O)[C@@H]1CC[C@H]1C(=O)O,144.126,0.1818,74.6,2,2,2,0,0.666667,0,0,2,2,4,2,,4,3.684164339202766,0.2558356607972341
934,[C@@H]1([C@@H](CC=CC1)C(=O)O)C(=O)O,3.89,O=C(O)[C@@H]1CC=CC[C@H]1C(=O)O,170.164,0.738,74.6,2,2,2,0,0.5,0,0,2,2,4,2,,4,2.4856788728504764,1.4043211271495237
935,[C@@H]1([C@@H](CCCC1)C(=O)O)C(=O)O,4.199999999999999,O=C(O)[C@@H]1CCCC[C@H]1C(=O)O,172.18,0.962,74.6,2,2,2,0,0.75,0,0,2,2,4,2,,3,3.9922389019021525,0.20776109809784682
936,[C@@H]1([C@@H](CCCCC1)C(=O)O)C(=O)O,4.3,O=C(O)[C@@H]1CCCCC[C@H]1C(=O)O,186.207,1.3521,74.6,2,2,2,0,0.777778,0,0,2,2,4,2,,3,4.044257580293829,0.25574241970617084
937,[C@@H]1([C@@H](CCCCCC1)C(=O)O)C(=O)O,4.37,O=C(O)[C@@H]1CCCCCC[C@H]1C(=O)O,200.234,1.7422,74.6,2,2,2,0,0.8,0,0,2,2,4,2,,4,4.087170614938407,0.28282938506159283
938,[C@@H]1([C@H](CC1)C(=O)O)C(=O)O,4.16,O=C(O)[C@H]1CC[C@H]1C(=O)O,144.126,0.1818,74.6,2,2,2,0,0.666667,0,0,2,2,4,2,,1,3.8397508207855653,0.32024917921443485
939,[C@@H]1([C@H](CC=CC1)C(=O)O)C(=O)O,3.75,O=C(O)[C@H]1CC=CC[C@H]1C(=O)O,170.164,0.738,74.6,2,2,2,0,0.5,0,0,2,2,4,2,,4,2.4856788728504764,1.2643211271495236
940,[C@@H]1([C@H](CCCC1)C(=O)O)C(=O)O,4.345000000000001,O=C(O)[C@H]1CCCC[C@H]1C(=O)O,172.18,0.962,74.6,2,2,2,0,0.75,0,0,2,2,4,2,,2,4.124172961130705,0.22082703886929522
941,[C@@H]1([C@H](CCCCC1)C(=O)O)C(=O)O,3.87,O=C(O)[C@H]1CCCCC[C@H]1C(=O)O,186.207,1.3521,74.6,2,2,2,0,0.777778,0,0,2,2,4,2,,5,4.149583649449725,-0.2795836494497248
942,[C@@H]1([C@H](CCCCCC1)C(=O)O)C(=O)O,3.99,O=C(O)[C@H]1CCCCCC[C@H]1C(=O)O,200.234,1.7422,74.6,2,2,2,0,0.8,0,0,2,2,4,2,,2,4.2385558506356515,-0.24855585063565133
943,[C@H]1(C[C@@H](C1)C(=O)O)C(=O)O,4.08,O=C(O)[C@H]1C[C@@H](C(=O)O)C1,144.126,0.1818,74.6,2,2,2,0,0.666667,0,0,2,2,4,2,,5,3.9796014099013606,0.1003985900986395
944,[C@H]1(C[C@H](C1)C(=O)O)C(=O)O,4.11,O=C(O)[C@H]1C[C@H](C(=O)O)C1,144.126,0.1818,74.6,2,2,2,0,0.666667,0,0,2,2,4,2,,4,3.684164339202766,0.42583566079723445
945,[N+](=O)([O-])/C=C/C(=O)O,2.58,O=C(O)/C=C/[N+](=O)[O-],117.06,-0.1386,80.44,3,1,2,0,0.0,0,0,1,1,2,1,,3,2.8965208587738527,-0.3165208587738526
946,[N+](=O)([O-])C1=CC=C(C=C1)[C@H]1[C@@H](C1)C(=O)O,4.45,O=C(O)[C@@H]1C[C@H]1c1ccc([N+](=O)[O-])cc1,207.185,1.7829,80.44,3,1,3,1,0.3,0,0,1,1,2,1,,3,3.740822017730129,0.7091779822698712
947,[N+](=O)([O-])C=1C=C(C=CC1)[C@H]1[C@@H](C1)C(=O)O,4.41,O=C(O)[C@@H]1C[C@H]1c1cccc([N+](=O)[O-])c1,207.185,1.7829,80.44,3,1,3,1,0.3,0,0,1,1,2,1,,4,3.7786822633203427,0.6313177366796574
948,[Se]1[C@H](CC[C@H]1C(=O)O)C(=O)O,3.24,O=C(O)[C@@H]1CC[C@H](C(=O)O)[Se]1,223.086,0.2306,74.6,2,2,2,0,0.666667,0,0,2,2,4,2,,2,3.6388249180339596,-0.39882491803395936
949,CC(C)(C)c1ccc(S(=O)(=O)O)c(C(C)(C)C)n1,4.12,CC(C)(C)c1ccc(S(=O)(=O)O)c(C(C)(C)C)n1,271.382,2.9233,67.26,3,1,1,1,0.615385,0,1,1,3,1,1,,2,4.169357691989989,-0.04935769198998852
950,CS(=O)(=O)O,-1.53,CS(=O)(=O)O,96.107,-0.496,54.37,2,1,0,0,1.0,0,1,1,3,1,0,,1,7.960170471016233,-9.490170471016233
951,Cc1cc(S(=O)(=O)O)cc(C)n1,5.09,Cc1cc(S(=O)(=O)O)cc(C)n1,187.22,0.94514,67.26,3,1,1,1,0.285714,0,1,1,3,1,1,,3,3.9315080263262296,1.1584919736737702
952,Cc1cc(S(=O)(=O)O)ccc1N,3.1264,Cc1cc(S(=O)(=O)O)ccc1N,187.22,0.82392,80.39,3,2,1,1,0.142857,0,1,1,3,1,1,,3,3.532207658990181,-0.40580765899018134
953,Cc1ccc(S(=O)(=O)O)c(C)n1,4.89,Cc1ccc(S(=O)(=O)O)c(C)n1,187.22,0.94514,67.26,3,1,1,1,0.285714,0,1,1,3,1,1,,4,3.31429501207595,1.5757049879240497
954,Cc1ccc(S(=O)(=O)O)cc1,-1.34,Cc1ccc(S(=O)(=O)O)cc1,172.205,1.24172,54.37,2,1,1,1,0.142857,0,1,1,3,1,1,,1,3.4400510450801147,-4.780051045080115
955,Cc1ccc(S(=O)(=O)O)cc1N,3.6323,Cc1ccc(S(=O)(=O)O)cc1N,187.22,0.82392,80.39,3,2,1,1,0.142857,0,1,1,3,1,1,,2,3.550206063238196,0.08209393676180365
956,Cc1ccc2c(S(=O)(=O)O)cc(Br)c(O)c2n1,3.32,Cc1ccc2c(S(=O)(=O)O)cc(Br)c(O)c2n1,318.148,2.25802,87.49,4,2,1,2,0.1,0,1,1,3,1,1,,4,3.5795605162725836,-0.2595605162725838
957,Cc1ccc2c(S(=O)(=O)O)cc([N+](=O)[O-])c(O)c2n1,6.24,Cc1ccc2c(S(=O)(=O)O)cc([N+](=O)[O-])c(O)c2n1,284.249,1.40372,130.63,6,2,2,2,0.1,0,1,1,3,1,1,,2,6.016671882888981,0.22332811711101908
958,Cc1ccc2c(S(=O)(=O)O)ccc(O)c2n1,4.68,Cc1ccc2c(S(=O)(=O)O)ccc(O)c2n1,239.252,1.49552,87.49,4,2,1,2,0.1,0,1,1,3,1,1,,3,4.7122849968683065,-0.03228499686830677
959,Cc1cccc(C(O)S(=O)(=O)O)n1,4.83,Cc1cccc(C(O)S(=O)(=O)O)n1,203.219,0.26872,87.49,4,2,2,1,0.285714,0,1,1,3,1,0,,2,4.957355857110116,-0.12735585711011588
960,NCC(O)S(=O)(=O)O,9.175,NCC(O)S(=O)(=O)O,141.148,-1.8487,100.62,4,3,2,0,1.0,0,1,1,3,1,0,,1,7.969373849890485,1.2056261501095156
961,NCCOS(=O)(=O)O,9.135,NCCOS(=O)(=O)O,141.148,-1.2355,89.62,4,2,3,0,1.0,0,1,1,4,1,0,,3,8.453246311501779,0.6817536884982207
962,NCCS(=O)(=O)O,8.98335,NCCS(=O)(=O)O,125.149,-1.1671,80.39,3,2,2,0,1.0,0,1,1,3,1,0,,5,7.082279241946187,1.9010707580538124
963,NNc1ccc(S(=O)(=O)O)cc1,2.61,NNc1ccc(S(=O)(=O)O)cc1,188.208,0.2189,92.42,4,3,2,1,0.0,0,1,1,3,1,1,,1,3.8141232899621986,-1.2041232899621988
964,NNc1cccc(S(=O)(=O)O)c1,2.43,NNc1cccc(S(=O)(=O)O)c1,188.208,0.2189,92.42,4,3,2,1,0.0,0,1,1,3,1,1,,2,3.8415029577523985,-1.4115029577523983
965,NNc1ccccc1S(=O)(=O)O,2.33,NNc1ccccc1S(=O)(=O)O,188.208,0.2189,92.42,4,3,2,1,0.0,0,1,1,3,1,1,,5,3.988883698024028,-1.6588836980240278
966,N[C@@H](CS(=O)(=O)O)C(=O)O,1.89,N[C@@H](CS(=O)(=O)O)C(=O)O,169.158,-1.7139,117.69,4,3,3,0,0.666667,0,1,2,4,3,1,,1,1.9901238499859866,-0.10012384998598667
967,Nc1c(S(=O)(=O)O)ccc2ccccc12,1.71,Nc1c(S(=O)(=O)O)ccc2ccccc12,223.253,1.6687,80.39,3,2,1,2,0.0,0,1,1,3,1,1,,5,3.790161306873526,-2.080161306873526
968,Nc1cc(S(=O)(=O)O)c2ccccc2c1,3.7,Nc1cc(S(=O)(=O)O)c2ccccc2c1,223.253,1.6687,80.39,3,2,1,2,0.0,0,1,1,3,1,1,,3,3.700346882103105,-0.00034688210310473977
969,Nc1cc(S(=O)(=O)O)cc2ccccc12,3.2,Nc1cc(S(=O)(=O)O)cc2ccccc12,223.253,1.6687,80.39,3,2,1,2,0.0,0,1,1,3,1,1,,5,3.790161306873526,-0.5901613068735259
970,Nc1ccc(S(=O)(=O)O)c2ccccc12,2.81,Nc1ccc(S(=O)(=O)O)c2ccccc12,223.253,1.6687,80.39,3,2,1,2,0.0,0,1,1,3,1,1,,4,3.790150371420698,-0.9801503714206978
971,Nc1ccc(S(=O)(=O)O)cc1,3.228825,Nc1ccc(S(=O)(=O)O)cc1,173.193,0.5155,80.39,3,2,1,1,0.0,0,1,1,3,1,1,,1,3.008541569200018,0.22028343079998214
972,Nc1ccc2c(S(=O)(=O)O)cccc2c1,3.96,Nc1ccc2c(S(=O)(=O)O)cccc2c1,223.253,1.6687,80.39,3,2,1,2,0.0,0,1,1,3,1,1,,4,3.790150371420698,0.16984962857930208
973,Nc1ccc2cc(S(=O)(=O)O)ccc2c1,3.74,Nc1ccc2cc(S(=O)(=O)O)ccc2c1,223.253,1.6687,80.39,3,2,1,2,0.0,0,1,1,3,1,1,,1,3.59982916824969,0.1401708317503103
974,Nc1ccc2ccc(S(=O)(=O)O)cc2c1,3.95,Nc1ccc2ccc(S(=O)(=O)O)cc2c1,223.253,1.6687,80.39,3,2,1,2,0.0,0,1,1,3,1,1,,1,3.59982916824969,0.3501708317503103
975,Nc1ccc2cccc(S(=O)(=O)O)c2c1,3.89,Nc1ccc2cccc(S(=O)(=O)O)c2c1,223.253,1.6687,80.39,3,2,1,2,0.0,0,1,1,3,1,1,,3,3.700346882103105,0.1896531178968952
976,Nc1ccc2ccccc2c1S(=O)(=O)O,2.35,Nc1ccc2ccccc2c1S(=O)(=O)O,223.253,1.6687,80.39,3,2,1,2,0.0,0,1,1,3,1,1,,4,3.790150371420698,-1.4401503714206978
977,Nc1cccc(S(=O)(=O)O)c1,3.729025,Nc1cccc(S(=O)(=O)O)c1,173.193,0.5155,80.39,3,2,1,1,0.0,0,1,1,3,1,1,,3,3.011236103099104,0.7177888969008959
978,Nc1cccc2c(S(=O)(=O)O)cccc12,3.69,Nc1cccc2c(S(=O)(=O)O)cccc12,223.253,1.6687,80.39,3,2,1,2,0.0,0,1,1,3,1,1,,3,3.700346882103105,-0.01034688210310497
979,Nc1cccc2cc(S(=O)(=O)O)ccc12,3.8,Nc1cccc2cc(S(=O)(=O)O)ccc12,223.253,1.6687,80.39,3,2,1,2,0.0,0,1,1,3,1,1,,5,3.790161306873526,0.009838693126473785
980,Nc1cccc2ccc(S(=O)(=O)O)cc12,3.66,Nc1cccc2ccc(S(=O)(=O)O)cc12,223.253,1.6687,80.39,3,2,1,2,0.0,0,1,1,3,1,1,,4,3.790150371420698,-0.13015037142069774
981,Nc1cccc2cccc(S(=O)(=O)O)c12,5.03,Nc1cccc2cccc(S(=O)(=O)O)c12,223.253,1.6687,80.39,3,2,1,2,0.0,0,1,1,3,1,1,,1,3.59982916824969,1.4301708317503103
982,Nc1ccccc1S(=O)(=O)O,2.4746,Nc1ccccc1S(=O)(=O)O,173.193,0.5155,80.39,3,2,1,1,0.0,0,1,1,3,1,1,,3,3.011236103099104,-0.536636103099104
983,O=C(NCCS(=O)(=O)O)C(=S)NCCS(=O)(=O)O,11.97,O=C(NCCS(=O)(=O)O)C(=S)NCCS(=O)(=O)O,320.37,-2.2048,149.87,6,4,6,0,0.666667,0,1,2,6,2,0,,1,2.329717039880931,9.64028296011907
984,O=C(O)c1cc(N=Nc2ccc(S(=O)(=O)O)cc2)ccc1O,2.38,O=C(O)c1cc(N=Nc2ccc(S(=O)(=O)O)cc2)ccc1O,322.298,2.7525,136.62,6,3,4,2,0.0,0,1,2,4,3,2,,5,2.480171404010022,-0.10017140401002189
985,O=C1C(O)=C(S(=O)(=O)O)C(=O)C(O)=C1S(=O)(=O)O,0.75,O=C1C(O)=C(S(=O)(=O)O)C(=O)C(O)=C1S(=O)(=O)O,300.222,-1.547,183.34,8,4,2,0,0.0,0,1,2,6,2,0,,4,7.9978784150873174,-7.2478784150873174
986,O=C1c2ccccc2C(=O)c2c(O)c(S(=O)(=O)O)cc(O)c21,7.73,O=C1c2ccccc2C(=O)c2c(O)c(S(=O)(=O)O)cc(O)c21,320.278,1.1199,128.97,6,3,1,2,0.0,0,1,1,3,1,1,,1,6.218323310803447,1.5116766891965536
987,O=Nc1c(O)cc(S(=O)(=O)O)c2[nH]ncc12,7.75,O=Nc1c(O)cc(S(=O)(=O)O)c2[nH]ncc12,243.2,0.9131,132.71,6,3,2,2,0.0,0,1,1,3,1,1,,3,7.250155612371173,0.4998443876288272
988,O=Nc1c(O)cc(S(=O)(=O)O)c2cn[nH]c12,5.85,O=Nc1c(O)cc(S(=O)(=O)O)c2cn[nH]c12,243.2,0.9131,132.71,6,3,2,2,0.0,0,1,1,3,1,1,,3,7.250155612371173,-1.4001556123711731
989,O=Nc1c(O)ccc2cc(S(=O)(=O)O)ccc12,7.6,O=Nc1c(O)ccc2cc(S(=O)(=O)O)ccc12,253.235,2.19,104.03,5,2,2,2,0.0,0,1,1,3,1,1,,5,4.351764131655086,3.2482358683449135
990,O=Nc1c(S(=O)(=O)O)cc(O)c2[nH]ncc12,8.6,O=Nc1c(S(=O)(=O)O)cc(O)c2[nH]ncc12,243.2,0.9131,132.71,6,3,2,2,0.0,0,1,1,3,1,1,,1,7.050030396755508,1.5499696032444916
991,O=Nc1c(S(=O)(=O)O)cc(O)c2cn[nH]c12,7.15,O=Nc1c(S(=O)(=O)O)cc(O)c2cn[nH]c12,243.2,0.9131,132.71,6,3,2,2,0.0,0,1,1,3,1,1,,4,7.849663188792282,-0.6996631887922815
992,O=Nc1cc(S(=O)(=O)O)c2cn[nH]c2c1O,6.35,O=Nc1cc(S(=O)(=O)O)c2cn[nH]c2c1O,243.2,0.9131,132.71,6,3,2,2,0.0,0,1,1,3,1,1,,4,7.849663188792282,-1.4996631887922822
993,O=Nc1ccc2c(S(=O)(=O)O)cccc2c1O,7.32,O=Nc1ccc2c(S(=O)(=O)O)cccc2c1O,253.235,2.19,104.03,5,2,2,2,0.0,0,1,1,3,1,1,,3,3.964010174377922,3.3559898256220784
994,O=P(O)(O)c1ccccc1N=Nc1c(S(=O)(=O)O)cc2cc(S(=O)(=O)O)c(N=Nc3ccc(Cl)cc3P(=O)(O)O)c(O)c2c1O,-2.0,O=P(O)(O)c1ccccc1N=Nc1c(S(=O)(=O)O)cc2cc(S(=O)(=O)O)c(N=Nc3ccc(Cl)cc3P(=O)(O)O)c(O)c2c1O,722.927,3.8346,313.7,12,8,8,4,0.0,0,1,2,6,2,2,,4,4.458430706851704,-6.458430706851704
995,O=S(=O)(O)C(N=Nc1ccccc1)=NNc1ccccc1,-0.92,O=S(=O)(O)C(N=Nc1ccccc1)=NNc1ccccc1,304.331,3.0412,103.48,5,2,3,2,0.0,0,1,1,3,1,0,,4,5.086139996528485,-6.006139996528485
996,O=S(=O)(O)C(O)c1ccccn1,4.05,O=S(=O)(O)C(O)c1ccccn1,189.192,-0.0397,87.49,4,2,2,1,0.166667,0,1,1,3,1,0,,4,4.699878577575499,-0.6498785775754996
997,O=S(=O)(O)C(O)c1cccnc1,4.6,O=S(=O)(O)C(O)c1cccnc1,189.192,-0.0397,87.49,4,2,2,1,0.166667,0,1,1,3,1,0,,1,4.507465580042405,0.0925344199575946
998,O=S(=O)(O)C(O)c1ccncc1,4.95,O=S(=O)(O)C(O)c1ccncc1,189.192,-0.0397,87.49,4,2,2,1,0.166667,0,1,1,3,1,0,,4,4.699878577575499,0.25012142242450075
999,O=S(=O)(O)CCc1ccccn1,5.14,O=S(=O)(O)CCc1ccccn1,187.22,0.5119,67.26,3,1,3,1,0.285714,0,1,1,3,1,0,,4,3.804030121620186,1.3359698783798137
1000,O=S(=O)(O)c1c(O)ccc2[nH]ncc12,10.55,O=S(=O)(O)c1c(O)ccc2[nH]ncc12,214.202,0.5152,103.28,4,3,1,2,0.0,0,1,1,3,1,1,,2,7.700178010617889,2.8498219893821117
1001,O=S(=O)(O)c1c(O)ccc2cn[nH]c12,9.45,O=S(=O)(O)c1c(O)ccc2cn[nH]c12,214.202,0.5152,103.28,4,3,1,2,0.0,0,1,1,3,1,1,,2,7.700178010617889,1.7498219893821103
1002,O=S(=O)(O)c1cc(Br)c(O)c2ncccc12,3.22,O=S(=O)(O)c1cc(Br)c(O)c2ncccc12,304.121,1.9496,87.49,4,2,1,2,0.0,0,1,1,3,1,1,,1,3.42150401655269,-0.2015040165526898
1003,O=S(=O)(O)c1cc(Br)c2cccnc2c1O,3.565,O=S(=O)(O)c1cc(Br)c2cccnc2c1O,304.121,1.9496,87.49,4,2,1,2,0.0,0,1,1,3,1,1,,5,3.0842326016196675,0.48076739838033244
1004,O=S(=O)(O)c1cc(Cl)c(O)c2ncccc12,2.91,O=S(=O)(O)c1cc(Cl)c(O)c2ncccc12,259.67,1.8405,87.49,4,2,1,2,0.0,0,1,1,3,1,1,,3,3.592656829190646,-0.6826568291906461
1005,O=S(=O)(O)c1cc(Cl)c2cccnc2c1O,3.08,O=S(=O)(O)c1cc(Cl)c2cccnc2c1O,259.67,1.8405,87.49,4,2,1,2,0.0,0,1,1,3,1,1,,1,3.837822931162641,-0.7578229311626408
1006,O=S(=O)(O)c1cc(I)c(O)c2ncccc12,2.5208,O=S(=O)(O)c1cc(I)c(O)c2ncccc12,351.121,1.7917,87.49,4,2,1,2,0.0,0,1,1,3,1,1,,2,3.480142744191958,-0.9593427441919582
1007,O=S(=O)(O)c1cc(I)c2cccnc2c1O,3.58,O=S(=O)(O)c1cc(I)c2cccnc2c1O,351.121,1.7917,87.49,4,2,1,2,0.0,0,1,1,3,1,1,,5,2.8751858413735194,0.7048141586264807
1008,O=S(=O)(O)c1cc(N=Nc2ccccc2)c(O)c2ncccc12,3.41,O=S(=O)(O)c1cc(N=Nc2ccccc2)c(O)c2ncccc12,329.337,3.6025,112.21,6,2,3,3,0.0,0,1,1,3,1,1,,4,7.927189821915169,-4.517189821915169
1009,O=S(=O)(O)c1cc(O)c2[nH]ncc2c1,8.0,O=S(=O)(O)c1cc(O)c2[nH]ncc2c1,214.202,0.5152,103.28,4,3,1,2,0.0,0,1,1,3,1,1,,5,7.837723159844311,0.16227684015568933
1010,O=S(=O)(O)c1cc(O)c2cn[nH]c2c1,8.1,O=S(=O)(O)c1cc(O)c2cn[nH]c2c1,214.202,0.5152,103.28,4,3,1,2,0.0,0,1,1,3,1,1,,3,7.911490664104489,0.18850933589551033
1011,O=S(=O)(O)c1cc(O)cc2[nH]ncc12,8.85,O=S(=O)(O)c1cc(O)cc2[nH]ncc12,214.202,0.5152,103.28,4,3,1,2,0.0,0,1,1,3,1,1,,4,7.899761936753551,0.9502380632464487
1012,O=S(=O)(O)c1cc(O)cc2cn[nH]c12,9.65,O=S(=O)(O)c1cc(O)cc2cn[nH]c12,214.202,0.5152,103.28,4,3,1,2,0.0,0,1,1,3,1,1,,1,7.699889114641375,1.950110885358625
1013,O=S(=O)(O)c1cc2cn[nH]c2c(S(=O)(=O)O)c1O,9.4,O=S(=O)(O)c1cc2cn[nH]c2c(S(=O)(=O)O)c1O,294.266,-0.2381,157.65,6,4,2,2,0.0,0,1,2,6,2,2,,1,2.857939022459636,6.542060977540364
1014,O=S(=O)(O)c1ccc(N=NN(O)c2ccccc2)cc1,9.99,O=S(=O)(O)c1ccc(N=NN(O)c2ccccc2)cc1,293.304,2.8278,102.56,5,2,4,2,0.0,0,1,1,3,1,1,,4,4.684543339269042,5.305456660730958
1015,O=S(=O)(O)c1ccc(O)c2[nH]ncc12,7.6,O=S(=O)(O)c1ccc(O)c2[nH]ncc12,214.202,0.5152,103.28,4,3,1,2,0.0,0,1,1,3,1,1,,3,7.911490664104489,-0.31149066410448967
1016,O=S(=O)(O)c1ccc(O)c2cn[nH]c12,7.6,O=S(=O)(O)c1ccc(O)c2cn[nH]c12,214.202,0.5152,103.28,4,3,1,2,0.0,0,1,1,3,1,1,,3,7.911490664104489,-0.31149066410448967
1017,O=S(=O)(O)c1ccc2c(N=Nc3nc4ccccc4s3)c(O)ccc2c1,8.41,O=S(=O)(O)c1ccc2c(N=Nc3nc4ccccc4s3)c(O)ccc2c1,385.426,4.8172,112.21,7,2,3,4,0.0,0,1,1,3,1,1,,2,5.445848045221952,2.964151954778048
1018,O=S(=O)(O)c1ccc2c(N=Nc3nccs3)c(O)ccc2c1,8.38,O=S(=O)(O)c1ccc2c(N=Nc3nccs3)c(O)ccc2c1,335.366,3.664,112.21,7,2,3,3,0.0,0,1,1,3,1,1,,3,6.211886650914029,2.1681133490859716
1019,O=S(=O)(O)c1ccc2cccnc2c1O,3.805,O=S(=O)(O)c1ccc2cccnc2c1O,225.225,1.1871,87.49,4,2,1,2,0.0,0,1,1,3,1,1,,5,4.7226631799677525,-0.9176631799677524
1020,O=S(=O)(O)c1cccc2ncc(O)cc12,4.09,O=S(=O)(O)c1cccc2ncc(O)cc12,225.225,1.1871,87.49,4,2,1,2,0.0,0,1,1,3,1,1,,4,4.878352588496016,-0.7883525884960161
1021,O=S(=O)(O)c1ccccn1,1.75,O=S(=O)(O)c1ccccn1,159.166,0.3283,67.26,3,1,1,1,0.0,0,1,1,3,1,1,,2,3.340444528282233,-1.5904445282822328
1022,O=S(=O)(O)c1cccnc1,3.22,O=S(=O)(O)c1cccnc1,159.166,0.3283,67.26,3,1,1,1,0.0,0,1,1,3,1,1,,1,3.339844616039108,-0.11984461603910779
1023,O=S(=O)(O)c1ccncc1,3.44,O=S(=O)(O)c1ccncc1,159.166,0.3283,67.26,3,1,1,1,0.0,0,1,1,3,1,1,,5,3.1200108022830584,0.31998919771694156
1024,O=[N+]([O-])c1cc(S(=O)(=O)O)c2cccnc2c1O,5.6850000000000005,O=[N+]([O-])c1cc(S(=O)(=O)O)c2cccnc2c1O,270.222,1.0953,130.63,6,2,2,2,0.0,0,1,1,3,1,1,,4,6.398450685944577,-0.7134506859445766
1025,O=[N+]([O-])c1ccc(N=Nc2cc(S(=O)(=O)O)c3cccnc3c2O)cc1,7.494,O=[N+]([O-])c1ccc(N=Nc2cc(S(=O)(=O)O)c3cccnc3c2O)cc1,374.334,3.5107,155.35,8,2,4,3,0.0,0,1,1,3,1,1,,2,6.383694378532443,1.1103056214675568
1026,O=c1cc(S(=O)(=O)O)[nH]c(=O)[nH]1,7.26,O=c1cc(S(=O)(=O)O)[nH]c(=O)[nH]1,192.152,-1.6901,120.09,4,3,1,1,0.0,0,1,1,3,1,1,,3,4.59511485028903,2.66488514971097
