source_csv_row,SMILES,pka_value,canonical_smiles,MW,logP,TPSA,HBA,HBD,rotatable_bonds,aromatic_rings,FractionCSP3,formal_charge,acid_type,acid_group_count,acid_center_aromatic_flag,local_heteroatom_count,local_halogen_count,nearest_heteroatom_distance,local_conjugation,local_formal_charge,error,cv_fold,predicted_pka_value,residual_pka_value
2,Br/C=C/C(=O)O,3.71,O=C(O)/C=C/Br,150.959,0.9796,37.3,1,1,1,0,0.0,0,0,1,0,1,0,2,1,0,,2,3.466686725616455,0.2433132743835449
3,BrC1=C(C=CC=C1)/C=C/C(=O)O,4.23,O=C(O)/C=C/c1ccccc1Br,227.057,2.5469,37.3,1,1,2,1,0.0,0,0,1,0,1,0,2,1,0,,5,2.9921979904174805,1.23780200958252
4,Br\C=C/C(=O)O,3.32,O=C(O)/C=C\Br,150.959,0.9796,37.3,1,1,1,0,0.0,0,0,1,0,1,0,2,1,0,,2,3.466686725616455,-0.14668672561645524
5,C#CC#CC#CC(=O)O,1.67,C#CC#CC#CC(=O)O,118.091,-0.289,37.3,1,1,0,0,0.0,0,0,1,0,1,0,2,1,0,,1,2.444927215576172,-0.774927215576172
6,C#CC(=O)O,1.8635,C#CC(=O)O,70.047,-0.2958,37.3,1,1,0,0,0.0,0,0,1,0,1,0,2,1,0,,5,3.503632068634033,-1.6401320686340333
7,C#CCC(=O)O,3.32,C#CCC(=O)O,84.074,0.0943,37.3,1,1,1,0,0.25,0,0,1,0,1,0,2,1,0,,2,3.7755212783813477,-0.4555212783813478
8,C#CCCC(=O)O,4.2,C#CCCC(=O)O,98.101,0.4844,37.3,1,1,2,0,0.4,0,0,1,0,1,0,2,1,0,,2,4.19425630569458,0.0057436943054200995
9,C#CCCCC(=O)O,4.59,C#CCCCC(=O)O,112.128,0.8745,37.3,1,1,3,0,0.5,0,0,1,0,1,0,2,1,0,,2,3.3071367740631104,1.2828632259368895
10,C#CCCCCC(=O)O,4.57,C#CCCCCC(=O)O,126.155,1.2646,37.3,1,1,4,0,0.571429,0,0,1,0,1,0,2,1,0,,4,3.6464312076568604,0.9235687923431399
11,C(C)(=O)NC1=CC=C(C=C1)[C@H]1[C@@H](C1)C(=O)O,4.57,CC(=O)Nc1ccc([C@@H]2C[C@H]2C(=O)O)cc1,219.24,1.8331,66.4,2,2,3,1,0.333333,0,0,1,0,1,0,2,1,0,,2,4.8144659996032715,-0.2444659996032712
12,C(\C=C/CC)(=O)O,4.7,CC/C=C\C(=O)O,100.117,1.0372,37.3,1,1,2,0,0.4,0,0,1,0,1,0,2,1,0,,1,4.0777082443237305,0.6222917556762697
13,C(\C=C/CCC)(=O)O,4.63,CCC/C=C\C(=O)O,114.144,1.4273,37.3,1,1,3,0,0.5,0,0,1,0,1,0,2,1,0,,3,3.6959705352783203,0.9340294647216796
14,C(\C=C/CCCC)(=O)O,4.12,CCCC/C=C\C(=O)O,128.171,1.8174,37.3,1,1,4,0,0.571429,0,0,1,0,1,0,2,1,0,,3,4.207157135009766,-0.08715713500976552
15,C(\C=C\C#C)(=O)O,3.75,C#C/C=C/C(=O)O,96.085,0.2604,37.3,1,1,1,0,0.0,0,0,1,0,1,0,2,1,0,,5,2.9837214946746826,0.7662785053253174
16,C(\C=C\C#CC)(=O)O,4.2,CC#C/C=C/C(=O)O,110.112,0.6505,37.3,1,1,1,0,0.166667,0,0,1,0,1,0,2,1,0,,5,3.6198348999023438,0.5801651000976564
17,C(\C=C\CC)(=O)O,4.74,CC/C=C/C(=O)O,100.117,1.0372,37.3,1,1,2,0,0.4,0,0,1,0,1,0,2,1,0,,3,4.010480880737305,0.7295191192626955
18,C(\C=C\CCCC)(=O)O,4.88,CCCC/C=C/C(=O)O,128.171,1.8174,37.3,1,1,4,0,0.571429,0,0,1,0,1,0,2,1,0,,4,3.9101855754852295,0.9698144245147704
19,C/C(=C/C(=O)O)C(=O)O,2.2,C/C(=C/C(=O)O)C(=O)O,130.099,0.1019,74.6,2,2,2,0,0.2,0,0,2,0,2,0,4,2,0,,4,3.4136500358581543,-1.2136500358581541
20,C/C(Cl)=C/C(=O)O,4.0075,C/C(Cl)=C/C(=O)O,120.535,1.2136,37.3,1,1,1,0,0.25,0,0,1,0,1,0,2,1,0,,3,3.7398135662078857,0.26768643379211454
21,C/C=C/C(=O)O,4.720000000000001,C/C=C/C(=O)O,86.09,0.6471,37.3,1,1,1,0,0.25,0,0,1,0,1,0,2,1,0,,3,4.027655124664307,0.692344875335694
22,C/C=C\C(=O)O,4.5600000000000005,C/C=C\C(=O)O,86.09,0.6471,37.3,1,1,1,0,0.25,0,0,1,0,1,0,2,1,0,,5,4.443517684936523,0.11648231506347706
23,C1(=CC=CC=C1)/C=C/C(=O)O,4.46,O=C(O)/C=C/c1ccccc1,148.161,1.7844,37.3,1,1,2,1,0.0,0,0,1,0,1,0,2,1,0,,5,3.8435680866241455,0.6164319133758545
24,C1(=CC=CC=C1)[C@H]1[C@@H](C1)C(=O)O,4.57,O=C(O)[C@@H]1C[C@H]1c1ccccc1,162.188,1.8747,37.3,1,1,2,1,0.3,0,0,1,0,1,0,2,1,0,,3,3.9990038871765137,0.5709961128234866
25,C1(=CC=CC=C1)\C=C/C(=O)O,3.93,O=C(O)/C=C\c1ccccc1,148.161,1.7844,37.3,1,1,2,1,0.0,0,0,1,0,1,0,2,1,0,,1,4.350661754608154,-0.42066175460815414
26,C1[C@H]([C@@H](CC2=CC=CC=C12)N(CC(=O)O)CC(=O)O)N(CC(=O)O)CC(=O)O,2.2,O=C(O)CN(CC(=O)O)[C@@H]1Cc2ccccc2C[C@H]1N(CC(=O)O)CC(=O)O,394.38,-0.5352,155.68,6,4,10,1,0.444444,0,0,4,0,4,0,8,4,0,,3,4.073523044586182,-1.8735230445861815
27,C=C(C)c1ccc(C(=O)O)cc1,4.04,C=C(C)c1ccc(C(=O)O)cc1,162.188,2.4179,37.3,1,1,2,1,0.1,0,0,1,0,1,0,2,1,0,,1,4.273397445678711,-0.2333974456787109
28,C=C(CC(=O)O)C(=O)O,3.6545,C=C(CC(=O)O)C(=O)O,130.099,0.1019,74.6,2,2,3,0,0.2,0,0,2,0,2,0,4,2,0,,4,3.4822819232940674,0.1722180767059327
29,C=C=CC(=O)O,3.69,C=C=CC(=O)O,84.074,0.4121,37.3,1,1,1,0,0.0,0,0,1,0,1,0,2,1,0,,5,3.6615355014801025,0.028464498519897408
30,C=CC#CCC(=O)O,3.39,C=CC#CCC(=O)O,110.112,0.6505,37.3,1,1,1,0,0.166667,0,0,1,0,1,0,2,1,0,,2,3.8524279594421387,-0.46242795944213855
31,C=CC(=O)O,4.2485,C=CC(=O)O,72.063,0.257,37.3,1,1,1,0,0.0,0,0,1,0,1,0,2,1,0,,2,3.601764440536499,0.6467355594635009
32,C=CCCCSCC(=O)O,3.739,C=CCCCSCC(=O)O,160.238,1.7704,37.3,2,1,6,0,0.571429,0,0,1,0,1,0,2,1,0,,1,3.3575429916381836,0.3814570083618163
33,C=CCCSCC(=O)O,3.717,C=CCCSCC(=O)O,146.211,1.3803,37.3,2,1,5,0,0.5,0,0,1,0,1,0,2,1,0,,1,3.269669771194458,0.4473302288055421
34,C=CCN(CC(=O)O)CC(=O)O,9.28,C=CCN(CC(=O)O)CC(=O)O,173.168,-0.3564,77.84,3,2,6,0,0.428571,0,0,2,0,2,0,4,2,0,,5,3.933769941329956,5.346230058670043
35,C=CCSCC(=O)O,3.683,C=CCSCC(=O)O,132.184,0.9902,37.3,2,1,4,0,0.4,0,0,1,0,1,0,2,1,0,,2,3.6717278957366943,0.011272104263305494
36,C=CCc1ccc(C(=O)O)cc1,4.34,C=CCc1ccc(C(=O)O)cc1,162.188,2.1133,37.3,1,1,3,1,0.1,0,0,1,0,1,0,2,1,0,,5,4.196674346923828,0.14332565307617173
37,C=CCc1cccc(C(=O)O)c1,4.32,C=CCc1cccc(C(=O)O)c1,162.188,2.1133,37.3,1,1,3,1,0.1,0,0,1,0,1,0,2,1,0,,5,4.196674346923828,0.12332565307617216
38,CC#CC#CC(=O)O,1.94,CC#CC#CC(=O)O,108.096,0.0977,37.3,1,1,0,0,0.166667,0,0,1,0,1,0,2,1,0,,4,2.7202961444854736,-0.7802961444854737
39,CC#CC#CCC(=O)O,3.23,CC#CC#CCC(=O)O,122.123,0.4878,37.3,1,1,1,0,0.285714,0,0,1,0,1,0,2,1,0,,4,3.490931987762451,-0.2609319877624512
40,CC#CC(=O)O,2.603,CC#CC(=O)O,84.074,0.0943,37.3,1,1,0,0,0.25,0,0,1,0,1,0,2,1,0,,3,2.7018635272979736,-0.09886352729797343
41,CC#CCC(=O)O,3.59,CC#CCC(=O)O,98.101,0.4844,37.3,1,1,1,0,0.4,0,0,1,0,1,0,2,1,0,,1,3.923276662826538,-0.33327666282653823
42,CC(=O)/C=C/C(=O)O,3.24,CC(=O)/C=C/C(=O)O,114.1,0.2162,54.37,2,1,2,0,0.2,0,0,1,0,1,0,2,1,0,,5,3.376627206802368,-0.13662720680236795
43,CC(=O)C(=O)O,2.365,CC(=O)C(=O)O,88.062,-0.34,54.37,2,1,1,0,0.333333,0,0,1,0,1,0,2,1,0,,3,4.658461570739746,-2.293461570739746
44,CC(=O)C(CC(=O)O)C(=O)O,2.86,CC(=O)C(CC(=O)O)C(=O)O,160.125,-0.2491,91.67,3,2,4,0,0.5,0,0,2,0,2,0,4,2,0,,3,3.297579765319824,-0.43757976531982434
45,CC(=O)CC(=O)O,3.6,CC(=O)CC(=O)O,102.089,0.0501,54.37,2,1,2,0,0.5,0,0,1,0,1,0,2,1,0,,3,3.833488702774048,-0.23348870277404776
46,CC(=O)CCC(=O)O,4.6,CC(=O)CCC(=O)O,116.116,0.4402,54.37,2,1,3,0,0.6,0,0,1,0,1,0,2,1,0,,1,4.476787090301514,0.12321290969848597
47,CC(=O)CCCC(=O)O,4.8,CC(=O)CCCC(=O)O,130.143,0.8303,54.37,2,1,4,0,0.666667,0,0,1,0,1,0,2,1,0,,4,3.652838945388794,1.1471610546112059
48,CC(=O)NC(CC([N+](=O)[O-])([N+](=O)[O-])[N+](=O)[O-])C(=O)O,3.43,CC(=O)NC(CC([N+](=O)[O-])([N+](=O)[O-])[N+](=O)[O-])C(=O)O,280.149,-1.5503,195.82,8,2,7,0,0.666667,0,0,1,0,1,0,2,1,0,,3,4.575733661651611,-1.1457336616516112
49,CC(=O)NC(Cc1cc(I)c(O)c(I)c1)C(=O)O,7.12,CC(=O)NC(Cc1cc(I)c(O)c(I)c1)C(=O)O,475.02,1.7332,86.63,3,3,4,1,0.272727,0,0,1,0,1,0,2,1,0,,5,7.496744632720947,-0.37674463272094716
50,CC(=O)NC(Cc1ccc(O)c(I)c1)C(=O)O,8.83,CC(=O)NC(Cc1ccc(O)c(I)c1)C(=O)O,349.124,1.1286,86.63,3,3,4,1,0.272727,0,0,1,0,1,0,2,1,0,,4,8.25451374053955,0.5754862594604493
51,CC(=O)NCC(=O)NC(Cc1c[nH]cn1)C(=O)NCC(=O)O,6.86,CC(=O)NCC(=O)NC(Cc1c[nH]cn1)C(=O)NCC(=O)O,311.298,-2.2261,153.28,5,5,8,1,0.416667,0,0,1,0,1,0,2,1,0,,2,7.366213321685791,-0.5062133216857907
52,CC(=O)NCC(=O)NC(Cc1cn(Cc2ccccc2)cn1)C(=O)NCC(=O)O,6.37,CC(=O)NCC(=O)NC(Cc1cn(Cc2ccccc2)cn1)C(=O)NCC(=O)O,401.423,-0.7044,142.42,5,4,10,2,0.315789,0,0,1,0,1,0,2,1,0,,3,8.482525825500488,-2.112525825500488
53,CC(=O)NCC(=O)NCC(=O)NC(Cc1c[nH]cn1)C(=O)O,7.18,CC(=O)NCC(=O)NCC(=O)NC(Cc1c[nH]cn1)C(=O)O,311.298,-2.2261,153.28,5,5,8,1,0.416667,0,0,1,0,1,0,2,1,0,,3,7.803495407104492,-0.6234954071044925
54,CC(=O)NCC(=O)NCC(=O)NCC(=O)NC(Cc1c[nH]cn1)C(=O)O,7.21,CC(=O)NCC(=O)NCC(=O)NCC(=O)NC(Cc1c[nH]cn1)C(=O)O,368.35,-3.1099,182.38,6,6,10,1,0.428571,0,0,1,0,1,0,2,1,0,,5,6.87221097946167,0.33778902053833004
55,CC(=O)NCC(=O)NCC(=O)N[C@@H](Cc1cnc[nH]1)C(=O)NCC(=O)O,6.9,CC(=O)NCC(=O)NCC(=O)N[C@@H](Cc1cnc[nH]1)C(=O)NCC(=O)O,368.35,-3.1099,182.38,6,6,10,1,0.428571,0,0,1,0,1,0,2,1,0,,4,6.967935085296631,-0.0679350852966305
56,CC(=O)NCC(=O)NCC(=O)N[C@@H](Cc1cnc[nH]1)C(=O)O,7.18,CC(=O)NCC(=O)NCC(=O)N[C@@H](Cc1cnc[nH]1)C(=O)O,311.298,-2.2261,153.28,5,5,8,1,0.416667,0,0,1,0,1,0,2,1,0,,1,7.2031731605529785,-0.0231731605529788
57,CC(=O)NCC(=O)N[C@@H](Cc1c[nH]cn1)C(=O)O,7.11,CC(=O)NCC(=O)N[C@@H](Cc1c[nH]cn1)C(=O)O,254.246,-1.3423,124.18,4,4,6,1,0.4,0,0,1,0,1,0,2,1,0,,1,7.616570472717285,-0.5065704727172848
58,CC(=O)N[C@@H](Cc1c[nH]cn1)C(=O)O,7.08,CC(=O)N[C@@H](Cc1c[nH]cn1)C(=O)O,197.194,-0.4585,95.08,3,3,4,1,0.375,0,0,1,0,1,0,2,1,0,,3,8.35795783996582,-1.2779578399658202
59,CC(=O)N[C@@H](Cc1ccc(O)cc1)C(=O)O,10.11,CC(=O)N[C@@H](Cc1ccc(O)cc1)C(=O)O,223.228,0.524,86.63,3,3,4,1,0.272727,0,0,1,0,1,0,2,1,0,,3,7.186651706695557,2.923348293304443
60,CC(=O)Nc1cccc(C(=O)O)c1,4.03,CC(=O)Nc1cccc(C(=O)O)c1,179.175,1.3432,66.4,2,2,2,1,0.111111,0,0,1,0,1,0,2,1,0,,5,3.44840669631958,0.5815933036804202
61,CC(=O)O,4.645133333333334,CC(=O)O,60.052,0.0909,37.3,1,1,0,0,0.5,0,0,1,0,1,0,2,1,0,,1,1.795101284980774,2.85003204835256
62,CC(=O)OC(C(=O)O)C(C)([N+](=O)[O-])[N+](=O)[O-],1.85,CC(=O)OC(C(=O)O)C(C)([N+](=O)[O-])[N+](=O)[O-],236.136,-0.7277,149.88,7,1,5,0,0.666667,0,0,1,0,1,0,2,1,0,,1,3.3879354000091553,-1.5379354000091552
63,CC(=O)OC(CC(=O)O)C[N+](C)(C)C.[Cl-],3.6,CC(=O)OC(CC(=O)O)C[N+](C)(C)C.[Cl-],239.699,-2.897,63.6,3,1,5,0,0.777778,0,0,1,0,1,0,2,1,0,,3,4.718867778778076,-1.118867778778076
64,CC(=O)OC(CC([N+](=O)[O-])([N+](=O)[O-])[N+](=O)[O-])C(=O)O,2.02,CC(=O)OC(CC([N+](=O)[O-])([N+](=O)[O-])[N+](=O)[O-])C(=O)O,281.133,-1.1233,193.02,9,1,7,0,0.666667,0,0,1,0,1,0,2,1,0,,5,1.889198660850525,0.13080133914947512
65,CC(=O)Oc1ccc(C(=O)O)cc1,3.92,CC(=O)Oc1ccc(C(=O)O)cc1,180.159,1.3101,63.6,3,1,2,1,0.111111,0,0,1,0,1,0,2,1,0,,1,3.461606502532959,0.45839349746704094
66,CC(=O)Oc1ccccc1C(=O)O,3.38,CC(=O)Oc1ccccc1C(=O)O,180.159,1.3101,63.6,3,1,2,1,0.111111,0,0,1,0,1,0,2,1,0,,5,3.438791036605835,-0.05879103660583507
67,CC(=O)SCC(=O)O,3.23,CC(=O)SCC(=O)O,134.156,0.3507,54.37,3,1,2,0,0.5,0,0,1,0,1,0,2,1,0,,2,3.2844691276550293,-0.054469127655029315
68,CC(=O)c1ccc(C(=O)O)cc1,3.7,CC(=O)c1ccc(C(=O)O)cc1,164.16,1.5874,54.37,2,1,2,1,0.111111,0,0,1,0,1,0,2,1,0,,1,4.029747009277344,-0.3297470092773436
69,CC(=O)c1ccc(CC(=O)O)s1,3.76,CC(=O)c1ccc(CC(=O)O)s1,184.216,1.5778,54.37,3,1,3,1,0.25,0,0,1,0,1,0,2,1,0,,1,4.245497703552246,-0.4854977035522463
70,CC(=O)c1ccc(OCC(=O)O)cc1,2.81,CC(=O)c1ccc(OCC(=O)O)cc1,194.186,1.3526,63.6,3,1,4,1,0.2,0,0,1,0,1,0,2,1,0,,3,3.8417680263519287,-1.0317680263519287
71,CC(=O)c1cccc(C(=O)O)c1,3.827,CC(=O)c1cccc(C(=O)O)c1,164.16,1.5874,54.37,2,1,2,1,0.111111,0,0,1,0,1,0,2,1,0,,2,4.039978504180908,-0.21297850418090825
72,CC(=O)c1cccc(NCC(=O)O)c1,3.93,CC(=O)c1cccc(NCC(=O)O)c1,193.202,1.3857,66.4,3,2,4,1,0.2,0,0,1,0,1,0,2,1,0,,1,4.687610626220703,-0.757610626220703
73,CC(=O)c1ccccc1C(=O)O,4.123,CC(=O)c1ccccc1C(=O)O,164.16,1.5874,54.37,2,1,2,1,0.111111,0,0,1,0,1,0,2,1,0,,5,3.6285290718078613,0.4944709281921389
74,CC(=S)SCC(=O)O,2.9450000000000003,CC(=S)SCC(=O)O,150.224,1.1515,37.3,3,1,2,0,0.5,0,0,1,0,1,0,2,1,0,,1,2.19643497467041,0.7485650253295901
75,CC(Br)=CC(=O)O,3.86,CC(Br)=CC(=O)O,164.986,1.3697,37.3,1,1,1,0,0.25,0,0,1,0,1,0,2,1,0,,2,4.314554691314697,-0.4545546913146974
76,CC(Br)C(=O)O,3.01,CC(Br)C(=O)O,152.975,0.8544,37.3,1,1,1,0,0.666667,0,0,1,0,1,0,2,1,0,,3,3.565948009490967,-0.555948009490967
77,CC(C(=O)O)C(=O)O,3.05,CC(C(=O)O)C(=O)O,118.088,-0.2083,74.6,2,2,2,0,0.5,0,0,2,0,2,0,4,2,0,,3,3.412997245788574,-0.3629972457885744
78,CC(C(=O)O)c1ccccc1,4.3,CC(C(=O)O)c1ccccc1,150.177,1.8747,37.3,1,1,2,1,0.222222,0,0,1,0,1,0,2,1,0,,1,4.51525354385376,-0.21525354385375994
79,CC(C(O)C(=O)O)([N+](=O)[O-])[N+](=O)[O-],2.37,CC(C(O)C(=O)O)([N+](=O)[O-])[N+](=O)[O-],194.099,-1.2985,143.81,6,2,4,0,0.75,0,0,1,0,1,0,2,1,0,,2,5.5027360916137695,-3.1327360916137694
80,CC(C)(C#N)C(=O)O,2.422,CC(C)(C#N)C(=O)O,113.116,0.62078,61.09,2,1,1,0,0.6,0,0,1,0,1,0,2,1,0,,2,3.2014806270599365,-0.7794806270599364
81,CC(C)(C(=O)O)C(=O)C(=O)O,1.77,CC(C)(C(=O)O)C(=O)C(=O)O,160.125,-0.2491,91.67,3,2,3,0,0.5,0,0,2,0,2,0,4,2,0,,2,3.854257345199585,-2.084257345199585
82,CC(C)(C(=O)O)C(=O)O,3.03,CC(C)(C(=O)O)C(=O)O,132.115,0.1818,74.6,2,2,2,0,0.6,0,0,2,0,2,0,4,2,0,,5,3.9119575023651123,-0.8819575023651125
83,CC(C)(C(=O)O)C(C)(C)C(=O)O,3.88,CC(C)(C(=O)O)C(C)(C)C(=O)O,174.196,1.208,74.6,2,2,3,0,0.75,0,0,2,0,2,0,4,2,0,,2,3.6106560230255127,0.2693439769744872
84,CC(C)(C)C#CC(=O)O,2.66,CC(C)(C)C#CC(=O)O,126.155,1.1205,37.3,1,1,0,0,0.571429,0,0,1,0,1,0,2,1,0,,2,2.554614782333374,0.10538521766662612
85,CC(C)(C)C(=O)O,5.1555,CC(C)(C)C(=O)O,102.133,1.1171,37.3,1,1,0,0,0.8,0,0,1,0,1,0,2,1,0,,3,3.1176059246063232,2.0378940753936767
86,CC(C)(C)C(C(=O)O)C(=O)O,2.92,CC(C)(C)C(C(=O)O)C(=O)O,160.169,0.8179,74.6,2,2,2,0,0.714286,0,0,2,0,2,0,4,2,0,,2,3.6212141513824463,-0.7012141513824464
87,CC(C)(C)C(C(=O)O)C(C(=O)O)C(C)(C)C,2.4850000000000003,CC(C)(C)C(C(=O)O)C(C(=O)O)C(C)(C)C,230.304,2.4802,74.6,2,2,3,0,0.833333,0,0,2,0,2,0,4,2,0,,5,3.4208006858825684,-0.935800685882568
88,CC(C)(C)C(C)(CC(=O)O)CC(=O)O,3.61,CC(C)(C)C(C)(CC(=O)O)CC(=O)O,202.25,1.9882,74.6,2,2,4,0,0.8,0,0,2,0,2,0,4,2,0,,1,2.7971835136413574,0.8128164863586425
89,CC(C)(C)C1CCC(C(=O)O)C(C(=O)O)C1,4.29,CC(C)(C)C1CCC(C(=O)O)C(C(=O)O)C1,228.288,2.2342,74.6,2,2,2,0,0.833333,0,0,2,0,2,0,4,2,0,,5,3.842421770095825,0.44757822990417484
90,CC(C)(C)CC#CC(=O)O,2.53,CC(C)(C)CC#CC(=O)O,140.182,1.5106,37.3,1,1,0,0,0.625,0,0,1,0,1,0,2,1,0,,1,2.6288280487060547,-0.09882804870605488
91,CC(C)(C)c1ccc(C(=O)O)cc1,4.382,CC(C)(C)c1ccc(C(=O)O)cc1,178.231,2.6823,37.3,1,1,1,1,0.363636,0,0,1,0,1,0,2,1,0,,3,3.8966386318206787,0.48536136817932096
92,CC(C)(C)c1ccc(S(=O)(=O)CC(=O)O)cc1,2.598,CC(C)(C)c1ccc(S(=O)(=O)CC(=O)O)cc1,256.323,1.8424,71.44,3,1,3,1,0.416667,0,0,1,0,1,0,2,1,0,,2,3.555663824081421,-0.957663824081421
93,CC(C)(C)c1ccc(S(=O)CC(=O)O)cc1,2.773,CC(C)(C)c1ccc(S(=O)CC(=O)O)cc1,240.324,2.1763,54.37,2,1,3,1,0.416667,0,0,1,0,1,0,2,1,0,,5,4.3575663566589355,-1.5845663566589354
94,CC(C)(C)c1ccc(SCC(=O)O)cc1,3.758,CC(C)(C)c1ccc(SCC(=O)O)cc1,224.325,3.1608,37.3,2,1,3,1,0.416667,0,0,1,0,1,0,2,1,0,,3,3.6146929264068604,0.14330707359313966
95,CC(C)(C)c1cccc(C(=O)O)c1,4.204,CC(C)(C)c1cccc(C(=O)O)c1,178.231,2.6823,37.3,1,1,1,1,0.363636,0,0,1,0,1,0,2,1,0,,3,3.8966386318206787,0.307361368179321
96,CC(C)(CC(=O)O)CC(=O)O,3.79,CC(C)(CC(=O)O)CC(=O)O,160.169,0.962,74.6,2,2,4,0,0.714286,0,0,2,0,2,0,4,2,0,,3,3.398167848587036,0.3918321514129639
97,CC(C)(CCC(=O)O)N(F)F,4.35,CC(C)(CCC(=O)O)N(F)F,167.155,1.7008,40.54,2,1,4,0,0.833333,0,0,1,0,1,0,2,1,0,,5,6.06143856048584,-1.7114385604858402
98,CC(C)(N)C(=O)O,10.2125,CC(C)(N)C(=O)O,103.121,-0.1917,63.32,2,2,1,0,0.75,0,0,1,0,1,0,2,1,0,,1,9.260170936584473,0.9523290634155277
99,CC(C)(O)C(=O)O,3.784,CC(C)(O)C(=O)O,104.105,-0.1581,57.53,2,2,1,0,0.75,0,0,1,0,1,0,2,1,0,,2,7.049564361572266,-3.265564361572266
100,CC(C)(OCC(=O)O)C(=O)O,3.44,CC(C)(OCC(=O)O)C(=O)O,162.141,-0.0492,83.83,3,2,4,0,0.666667,0,0,2,0,2,0,4,2,0,,5,3.2666521072387695,0.17334789276123042
101,CC(C)(SCC(=O)O)C(=O)O,3.74,CC(C)(SCC(=O)O)C(=O)O,178.209,0.6674,74.6,3,2,4,0,0.666667,0,0,2,0,2,0,4,2,0,,5,3.0788028240203857,0.6611971759796145
102,CC(C)=CC(=O)O,5.12,CC(C)=CC(=O)O,100.117,1.0372,37.3,1,1,1,0,0.4,0,0,1,0,1,0,2,1,0,,1,3.788910388946533,1.331089611053467
103,CC(C)C(=O)O,4.619,CC(C)C(=O)O,88.106,0.727,37.3,1,1,1,0,0.75,0,0,1,0,1,0,2,1,0,,1,4.838274002075195,-0.21927400207519554
104,CC(C)C(C#N)(C(=O)O)C(C)C,2.556,CC(C)C(C#N)(C(=O)O)C(C)C,169.224,1.89298,61.09,2,1,3,0,0.777778,0,0,1,0,1,0,2,1,0,,5,4.291051387786865,-1.7350513877868652
105,CC(C)C(C#N)C(=O)O,2.014,CC(C)C(C#N)C(=O)O,127.143,0.86678,61.09,2,1,2,0,0.666667,0,0,1,0,1,0,2,1,0,,4,3.3986237049102783,-1.3846237049102785
106,CC(C)C(C(=O)O)(C(=O)O)C(C)C,2.152,CC(C)C(C(=O)O)(C(=O)O)C(C)C,188.223,1.454,74.6,2,2,4,0,0.777778,0,0,2,0,2,0,4,2,0,,3,3.3737881183624268,-1.2217881183624266
107,CC(C)C(C(=O)O)C(=O)O,3.0966666666666662,CC(C)C(C(=O)O)C(=O)O,146.142,0.4278,74.6,2,2,3,0,0.666667,0,0,2,0,2,0,4,2,0,,5,3.963029146194458,-0.8663624795277918
108,CC(C)C(C)(CC(=O)O)CC(=O)O,3.78,CC(C)C(C)(CC(=O)O)CC(=O)O,188.223,1.5981,74.6,2,2,5,0,0.777778,0,0,2,0,2,0,4,2,0,,5,3.1280384063720703,0.6519615936279295
109,CC(C)C(CC(=O)O)(CC(=O)O)C(C)C,3.63,CC(C)C(CC(=O)O)(CC(=O)O)C(C)C,216.277,2.2342,74.6,2,2,6,0,0.818182,0,0,2,0,2,0,4,2,0,,1,2.925797700881958,0.7042022991180419
110,CC(C)C(CC(=O)O)CC(=O)O,4.28,CC(C)C(CC(=O)O)CC(=O)O,174.196,1.208,74.6,2,2,5,0,0.75,0,0,2,0,2,0,4,2,0,,3,3.8066391944885254,0.47336080551147486
111,CC(C)CNCC(=O)O,10.12,CC(C)CNCC(=O)O,131.175,0.3166,49.33,2,2,4,0,0.833333,0,0,1,0,1,0,2,1,0,,1,9.05405044555664,1.0659495544433586
112,CC(C)C[C@H](N)C(=O)NCC(=O)NCC(=O)O,7.835,CC(C)C[C@H](N)C(=O)NCC(=O)NCC(=O)O,245.279,-1.3232,121.52,4,4,7,0,0.7,0,0,1,0,1,0,2,1,0,,1,6.41548490524292,1.41951509475708
113,CC(C)C[C@H](N)C(=O)NCC(=O)O,8.015,CC(C)C[C@H](N)C(=O)NCC(=O)O,188.227,-0.4394,92.42,3,3,5,0,0.75,0,0,1,0,1,0,2,1,0,,4,8.521378517150879,-0.5063785171508783
114,CC(C)C[C@H](N)C(=O)O,9.6888,CC(C)C[C@H](N)C(=O)O,131.175,0.4444,63.32,2,2,3,0,0.833333,0,0,1,0,1,0,2,1,0,,4,8.857366561889648,0.8314334381103521
115,CC(C)C[C@H](NC(=O)[C@@H](N)CO)C(=O)O,7.45,CC(C)C[C@H](NC(=O)[C@@H](N)CO)C(=O)O,218.253,-1.0785,112.65,4,4,6,0,0.777778,0,0,1,0,1,0,2,1,0,,3,8.480852127075195,-1.0308521270751951
116,CC(C)NCC(=O)O,10.06,CC(C)NCC(=O)O,117.148,0.069,49.33,2,2,3,0,0.8,0,0,1,0,1,0,2,1,0,,3,8.73508071899414,1.3249192810058599
117,CC(C)[C@H](N)C(=O)NCC(=O)O,7.775,CC(C)[C@H](N)C(=O)NCC(=O)O,174.2,-0.8295,92.42,3,3,4,0,0.714286,0,0,1,0,1,0,2,1,0,,4,8.378548622131348,-0.6035486221313473
118,CC(C)[C@H](N)C(=O)O,9.634166666666667,CC(C)[C@H](N)C(=O)O,117.148,0.0543,63.32,2,2,2,0,0.8,0,0,1,0,1,0,2,1,0,,3,8.942611694335938,0.6915549723307297
119,CC(C)[C@H](NC(=O)CN)C(=O)O,8.223333333333334,CC(C)[C@H](NC(=O)CN)C(=O)O,174.2,-0.8295,92.42,3,3,4,0,0.714286,0,0,1,0,1,0,2,1,0,,3,8.246525764465332,-0.023192431131997537
120,CC(C)c1ccc(C(=O)O)cc1,4.36,CC(C)c1ccc(C(=O)O)cc1,164.204,2.5082,37.3,1,1,2,1,0.3,0,0,1,0,1,0,2,1,0,,2,4.395323276519775,-0.03532327651977507
121,CC(C)c1ccc(C(O)C(=O)O)cc1,3.64,CC(C)c1ccc(C(O)C(=O)O)cc1,194.23,1.928,57.53,2,2,3,1,0.363636,0,0,1,0,1,0,2,1,0,,4,3.829678535461426,-0.18967853546142566
122,CC(C)c1cccc(C(=O)O)c1O,2.76,CC(C)c1cccc(C(=O)O)c1O,180.203,2.2138,57.53,2,2,2,1,0.3,0,0,1,0,1,0,2,1,0,,1,3.4405648708343506,-0.6805648708343508
123,CC(C)c1csc(C(=O)O)c1,3.66,CC(C)c1csc(C(=O)O)c1,170.233,2.5697,37.3,2,1,2,1,0.375,0,0,1,0,1,0,2,1,0,,5,4.063472270965576,-0.40347227096557603
124,CC(CC(=O)O)(CC(=O)O)c1ccccc1,4.12,CC(CC(=O)O)(CC(=O)O)c1ccccc1,222.24,1.8937,74.6,2,2,5,1,0.333333,0,0,2,0,2,0,4,2,0,,4,3.4447877407073975,0.6752122592926026
125,CC(CC(=O)O)C(=O)O,3.94,CC(CC(=O)O)C(=O)O,132.115,0.1818,74.6,2,2,3,0,0.6,0,0,2,0,2,0,4,2,0,,4,3.567857027053833,0.37214297294616694
126,CC(CC(=O)O)C1(C)N=N1,4.5,CC(CC(=O)O)C1(C)N=N1,142.158,1.2792,62.02,3,1,3,0,0.833333,0,0,1,0,1,0,2,1,0,,3,5.174603462219238,-0.6746034622192383
127,CC(CC(=O)O)CC(=O)O,4.31,CC(CC(=O)O)CC(=O)O,146.142,0.5719,74.6,2,2,4,0,0.666667,0,0,2,0,2,0,4,2,0,,2,3.6107075214385986,0.699292478561401
128,CC(CC(=O)O)c1ccccc1,4.4,CC(CC(=O)O)c1ccccc1,164.204,2.2648,37.3,1,1,3,1,0.3,0,0,1,0,1,0,2,1,0,,3,4.080934047698975,0.31906595230102575
129,CC(CCC(=O)O)(N(F)F)N(F)F,4.01,CC(CCC(=O)O)(N(F)F)N(F)F,204.123,1.7094,43.78,3,1,5,0,0.8,0,0,1,0,1,0,2,1,0,,4,4.19821310043335,-0.18821310043334982
130,CC(CCC(=O)O)([N+](=O)[O-])[N+](=O)[O-],3.98,CC(CCC(=O)O)([N+](=O)[O-])[N+](=O)[O-],192.127,0.1208,123.58,5,1,5,0,0.8,0,0,1,0,1,0,2,1,0,,5,5.400696277618408,-1.4206962776184082
131,CC(CCC(=O)O)C(=O)O,4.36,CC(CCC(=O)O)C(=O)O,146.142,0.5719,74.6,2,2,4,0,0.666667,0,0,2,0,2,0,4,2,0,,4,3.829594850540161,0.5304051494598392
132,CC(CCC(=O)O)c1ccccc1,4.7,CC(CCC(=O)O)c1ccccc1,178.231,2.6549,37.3,1,1,4,1,0.363636,0,0,1,0,1,0,2,1,0,,5,5.15528678894043,-0.4552867889404295
133,CC(CCCC(=O)O)(N(F)F)N(F)F,4.62,CC(CCCC(=O)O)(N(F)F)N(F)F,218.15,2.0995,43.78,3,1,6,0,0.833333,0,0,1,0,1,0,2,1,0,,2,4.408244609832764,0.21175539016723643
134,CC(CCCC(=O)O)c1ccccc1,4.8,CC(CCCC(=O)O)c1ccccc1,192.258,3.045,37.3,1,1,5,1,0.416667,0,0,1,0,1,0,2,1,0,,2,3.350264072418213,1.449735927581787
135,CC(CO)(CO)C(=O)O,4.5,CC(CO)(CO)C(=O)O,134.131,-0.9381,77.76,3,3,3,0,0.8,0,0,1,0,1,0,2,1,0,,2,8.753355979919434,-4.253355979919434
136,CC(C[C@H](N)C(=O)O)C(F)(F)F,8.947,CC(C[C@H](N)C(=O)O)C(F)(F)F,185.145,0.9868,63.32,2,2,3,0,0.833333,0,0,1,0,1,0,2,1,0,,5,8.258331298828125,0.6886687011718742
137,CC(Cl)C(=O)O,2.89,CC(Cl)C(=O)O,108.524,0.6983,37.3,1,1,1,0,0.666667,0,0,1,0,1,0,2,1,0,,2,3.6233341693878174,-0.7333341693878173
138,CC(Cl)CC(=O)O,4.2,CC(Cl)CC(=O)O,122.551,1.0884,37.3,1,1,2,0,0.75,0,0,1,0,1,0,2,1,0,,1,4.348358631134033,-0.14835863113403303
139,CC(Cl)CCC(=O)O,4.4,CC(Cl)CCC(=O)O,136.578,1.4785,37.3,1,1,3,0,0.8,0,0,1,0,1,0,2,1,0,,1,4.407530784606934,-0.0075307846069332385
140,CC(Cl)CCCC(=O)O,4.6,CC(Cl)CCCC(=O)O,150.605,1.8686,37.3,1,1,4,0,0.833333,0,0,1,0,1,0,2,1,0,,5,4.514691352844238,0.08530864715576136
141,CC(I)=CC(=O)O,3.835,CC(I)=CC(=O)O,211.986,1.4098,37.3,1,1,1,0,0.25,0,0,1,0,1,0,2,1,0,,1,2.8524434566497803,0.9825565433502197
142,CC(N)C(=O)O,9.906,CC(N)C(=O)O,89.094,-0.5818,63.32,2,2,1,0,0.666667,0,0,1,0,1,0,2,1,0,,2,8.471214294433594,1.4347857055664068
143,CC(N)CC(=O)O,10.19,CC(N)CC(=O)O,103.121,-0.1917,63.32,2,2,2,0,0.75,0,0,1,0,1,0,2,1,0,,2,9.98044490814209,0.20955509185790966
144,CC(N)CCC(=O)O,10.46,CC(N)CCC(=O)O,117.148,0.1984,63.32,2,2,3,0,0.8,0,0,1,0,1,0,2,1,0,,3,8.98854923248291,1.4714507675170907
145,CC(NC(=O)CN)C(=O)O,8.225000000000001,CC(NC(=O)CN)C(=O)O,146.146,-1.4656,92.42,3,3,3,0,0.6,0,0,1,0,1,0,2,1,0,,4,8.265008926391602,-0.04000892639160014
146,CC(O)(CC(=O)C(=O)O)C(=O)O,1.73,CC(O)(CC(=O)C(=O)O)C(=O)O,176.124,-1.1342,111.9,4,3,4,0,0.5,0,0,2,0,2,0,4,2,0,,2,3.630005359649658,-1.9000053596496582
147,CC(O)C(N)C(=O)O,9.03,CC(O)C(N)C(=O)O,119.12,-1.2209,83.55,3,3,2,0,0.75,0,0,1,0,1,0,2,1,0,,2,9.258879661560059,-0.22887966156005923
148,CC(OC(C)(C)C(=O)O)C(=O)O,3.32,CC(OC(C)(C)C(=O)O)C(=O)O,176.168,0.3393,83.83,3,2,4,0,0.714286,0,0,2,0,2,0,4,2,0,,4,4.03424596786499,-0.7142459678649904
149,CC(OCC(=O)O)C(=O)O,3.03,CC(OCC(=O)O)C(=O)O,148.114,-0.4393,83.83,3,2,4,0,0.6,0,0,2,0,2,0,4,2,0,,4,4.751049518585205,-1.7210495185852053
150,CC(SC(C(=O)O)c1ccccc1)C(=O)O,2.94,CC(SC(C(=O)O)c1ccccc1)C(=O)O,240.28,2.0186,74.6,3,2,5,1,0.272727,0,0,2,0,2,0,4,2,0,,2,3.7949275970458984,-0.8549275970458985
151,CC(SC(C)(C)C(=O)O)C(=O)O,3.6,CC(SC(C)(C)C(=O)O)C(=O)O,192.236,1.0559,74.6,3,2,4,0,0.714286,0,0,2,0,2,0,4,2,0,,3,3.306055784225464,0.2939442157745362
152,CC(SC(C)C(=O)O)C(=O)O,3.4,CC(SC(C)C(=O)O)C(=O)O,178.209,0.6658,74.6,3,2,4,0,0.666667,0,0,2,0,2,0,4,2,0,,4,3.2837085723876953,0.1162914276123046
153,CC(SCC(=O)O)C(=O)O,3.38,CC(SCC(=O)O)C(=O)O,164.182,0.2773,74.6,3,2,4,0,0.6,0,0,2,0,2,0,4,2,0,,4,3.4466183185577393,-0.06661831855773936
154,CC([C@H](N)C(=O)O)C(F)(F)F,8.102,CC([C@H](N)C(=O)O)C(F)(F)F,171.118,0.5967,63.32,2,2,2,0,0.8,0,0,1,0,1,0,2,1,0,,4,7.330016136169434,0.7719838638305667
155,CC1(C)SCNC1C(=O)O,5.98,CC1(C)SCNC1C(=O)O,161.226,0.5121,49.33,3,2,1,0,0.833333,0,0,1,0,1,0,2,1,0,,3,7.602419376373291,-1.6224193763732906
156,CC1(C)S[C@@H]2[C@H](N)C(=O)N2[C@H]1C(=O)O,4.9,CC1(C)S[C@@H]2[C@H](N)C(=O)N2[C@H]1C(=O)O,216.262,-0.5394,83.63,4,2,1,0,0.75,0,0,1,0,1,0,2,1,0,,3,7.11409854888916,-2.21409854888916
157,CC1(C)S[C@@H]2[C@H](NC(=O)[C@H](N)c3ccccc3)C(=O)N2[C@H]1C(=O)O,7.24,CC1(C)S[C@@H]2[C@H](NC(=O)[C@H](N)c3ccccc3)C(=O)N2[C@H]1C(=O)O,349.412,0.3181,112.73,5,3,4,1,0.4375,0,0,1,0,1,0,2,1,0,,2,7.303450584411621,-0.06345058441162088
158,CC1(C)[C@H](C(=O)O)[C@@H]1C(=O)O,2.5733333333333333,CC1(C)[C@H](C(=O)O)[C@@H]1C(=O)O,158.153,0.4278,74.6,2,2,2,0,0.714286,0,0,2,0,2,0,4,2,0,,5,3.4954135417938232,-0.92208020846049
159,CC1(CC(=O)O)N=N1,3.9,CC1(CC(=O)O)N=N1,114.104,0.6431,62.02,3,1,2,0,0.75,0,0,1,0,1,0,2,1,0,,4,4.176737308502197,-0.27673730850219735
160,CC1(CC(C(=O)O)c2ccccc2)N=N1,3.9,CC1(CC(C(=O)O)c2ccccc2)N=N1,204.229,2.4269,62.02,3,1,4,1,0.363636,0,0,1,0,1,0,2,1,0,,1,3.2313473224639893,0.6686526775360107
161,CC1(CCC(=O)O)N=N1,4.4,CC1(CCC(=O)O)N=N1,128.131,1.0332,62.02,3,1,3,0,0.8,0,0,1,0,1,0,2,1,0,,5,4.522788047790527,-0.12278804779052699
162,CC1(CCCCC(=O)O)N=N1,4.7,CC1(CCCCC(=O)O)N=N1,156.185,1.8134,62.02,3,1,5,0,0.857143,0,0,1,0,1,0,2,1,0,,5,4.979487895965576,-0.279487895965576
163,CC=CC#CC(=O)O,2.67,CC=CC#CC(=O)O,110.112,0.6505,37.3,1,1,0,0,0.166667,0,0,1,0,1,0,2,1,0,,5,2.218465566635132,0.4515344333648681
164,CC=Cc1ccc(C(=O)O)cc1,4.49,CC=Cc1ccc(C(=O)O)cc1,162.188,2.4179,37.3,1,1,2,1,0.1,0,0,1,0,1,0,2,1,0,,4,3.9490163326263428,0.5409836673736574
165,CC=Cc1cccc(C(=O)O)c1,4.25,CC=Cc1cccc(C(=O)O)c1,162.188,2.4179,37.3,1,1,2,1,0.1,0,0,1,0,1,0,2,1,0,,3,3.8426926136016846,0.40730738639831543
166,CCC#CC#CC(=O)O,1.9,CCC#CC#CC(=O)O,122.123,0.4878,37.3,1,1,0,0,0.285714,0,0,1,0,1,0,2,1,0,,2,2.590904474258423,-0.6909044742584229
167,CCC#CC(=O)O,2.61,CCC#CC(=O)O,98.101,0.4844,37.3,1,1,0,0,0.4,0,0,1,0,1,0,2,1,0,,2,1.9564545154571533,0.6535454845428466
168,CCC(=O)C(=O)O,2.5,CCC(=O)C(=O)O,102.089,0.0501,54.37,2,1,2,0,0.5,0,0,1,0,1,0,2,1,0,,5,3.7254514694213867,-1.2254514694213867
169,CCC(=O)O,4.7335,CCC(=O)O,74.079,0.481,37.3,1,1,1,0,0.666667,0,0,1,0,1,0,2,1,0,,3,4.111696243286133,0.6218037567138675
170,CCC(C(=O)O)(C(=O)O)C(C)C,2.19,CCC(C(=O)O)(C(=O)O)C(C)C,174.196,1.208,74.6,2,2,4,0,0.75,0,0,2,0,2,0,4,2,0,,1,3.9192726612091064,-1.7292726612091065
171,CCC(C(=O)O)(C(=O)O)c1ccccc1,1.9,CCC(C(=O)O)(C(=O)O)c1ccccc1,208.213,1.5036,74.6,2,2,4,1,0.272727,0,0,2,0,2,0,4,2,0,,2,3.413978099822998,-1.5139780998229981
172,CCC(C(=O)O)C(=O)O,2.975,CCC(C(=O)O)C(=O)O,132.115,0.1818,74.6,2,2,3,0,0.6,0,0,2,0,2,0,4,2,0,,5,3.9062068462371826,-0.9312068462371825
173,CCC(C)(C)C(=O)O,4.93,CCC(C)(C)C(=O)O,116.16,1.5072,37.3,1,1,2,0,0.833333,0,0,1,0,1,0,2,1,0,,4,4.688470363616943,0.24152963638305636
174,CCC(C)(O)C(=O)O,3.73,CCC(C)(O)C(=O)O,118.132,0.232,57.53,2,2,2,0,0.8,0,0,1,0,1,0,2,1,0,,2,7.692599773406982,-3.9625997734069824
175,CCC(C)C(=O)O,4.761,CCC(C)C(=O)O,102.133,1.1171,37.3,1,1,2,0,0.8,0,0,1,0,1,0,2,1,0,,2,5.01643180847168,-0.25543180847167957
176,CCC(C)CC(=O)O,4.766,CCC(C)CC(=O)O,116.16,1.5072,37.3,1,1,3,0,0.833333,0,0,1,0,1,0,2,1,0,,1,5.141758441925049,-0.3757584419250488
177,CCC(C)SCC(=O)O,3.768,CCC(C)SCC(=O)O,148.227,1.6027,37.3,2,1,4,0,0.833333,0,0,1,0,1,0,2,1,0,,3,4.568628787994385,-0.800628787994385
178,CCC(CC(=O)O)(CC(=O)O)c1ccccc1,3.89,CCC(CC(=O)O)(CC(=O)O)c1ccccc1,236.267,2.2838,74.6,2,2,6,1,0.384615,0,0,2,0,2,0,4,2,0,,3,3.7090840339660645,0.18091596603393567
179,CCC(CC)(C(=O)O)C(=O)O,2.2342,CCC(CC)(C(=O)O)C(=O)O,160.169,0.962,74.6,2,2,4,0,0.714286,0,0,2,0,2,0,4,2,0,,2,3.538938045501709,-1.304738045501709
180,CCC(CC)(C(=O)O)C(CC)(CC)C(=O)O,3.84,CCC(CC)(C(=O)O)C(CC)(CC)C(=O)O,230.304,2.7684,74.6,2,2,7,0,0.833333,0,0,2,0,2,0,4,2,0,,2,3.3887267112731934,0.4512732887268065
181,CCC(CC)(C(=O)O)C(CC)(CC)C(=O)OC,5.34,CCC(CC)(C(=O)O)C(CC)(CC)C(=O)OC,244.331,2.8568,63.6,3,1,7,0,0.846154,0,0,1,0,1,0,2,1,0,,3,3.939690113067627,1.400309886932373
182,CCC(CC)(CC(=O)O)CC(=O)O,3.67,CCC(CC)(CC(=O)O)CC(=O)O,188.223,1.7422,74.6,2,2,6,0,0.777778,0,0,2,0,2,0,4,2,0,,4,3.469560146331787,0.20043985366821282
183,CCC(CC)C(CC)(C(=O)O)C(=O)O,2.15,CCC(CC)C(CC)(C(=O)O)C(=O)O,202.25,1.9882,74.6,2,2,6,0,0.8,0,0,2,0,2,0,4,2,0,,2,3.5208587646484375,-1.3708587646484376
184,CCC(N)C(=O)O,9.708666666666668,CCC(N)C(=O)O,103.121,-0.1917,63.32,2,2,2,0,0.75,0,0,1,0,1,0,2,1,0,,3,9.461780548095703,0.24688611857096454
185,CCCC(=O)O,4.8175,CCCC(=O)O,88.106,0.8711,37.3,1,1,2,0,0.75,0,0,1,0,1,0,2,1,0,,4,4.38131046295166,0.43618953704833974
186,CCCC(=O)OC(CC(=O)O)C[N+](C)(C)C.[Cl-],3.56,CCCC(=O)OC(CC(=O)O)C[N+](C)(C)C.[Cl-],267.753,-2.1168,63.6,3,1,7,0,0.818182,0,0,1,0,1,0,2,1,0,,1,3.2187747955322266,0.3412252044677735
187,CCCC(=O)c1ccccc1C(=O)O,4.45,CCCC(=O)c1ccccc1C(=O)O,192.214,2.3676,54.37,2,1,4,1,0.272727,0,0,1,0,1,0,2,1,0,,3,3.8955600261688232,0.5544399738311769
188,CCCC(C(=O)O)C(=O)O,3.0,CCCC(C(=O)O)C(=O)O,146.142,0.5719,74.6,2,2,4,0,0.666667,0,0,2,0,2,0,4,2,0,,4,3.829594850540161,-0.8295948505401611
189,CCCC(C)(C)C(=O)O,4.969,CCCC(C)(C)C(=O)O,130.187,1.8973,37.3,1,1,3,0,0.857143,0,0,1,0,1,0,2,1,0,,5,5.0878825187683105,-0.11888251876831024
190,CCCC(C)C(=O)O,4.782,CCCC(C)C(=O)O,116.16,1.5072,37.3,1,1,3,0,0.833333,0,0,1,0,1,0,2,1,0,,3,4.836318016052246,-0.054318016052246065
191,CCCC(CC(=O)O)(CC(=O)O)c1ccccc1,3.88,CCCC(CC(=O)O)(CC(=O)O)c1ccccc1,250.294,2.6739,74.6,2,2,7,1,0.428571,0,0,2,0,2,0,4,2,0,,5,5.12180757522583,-1.2418075752258302
192,CCCC(CC(=O)O)CC(=O)O,4.32,CCCC(CC(=O)O)CC(=O)O,174.196,1.3521,74.6,2,2,6,0,0.75,0,0,2,0,2,0,4,2,0,,4,3.738246440887451,0.5817535591125491
193,CCCC(CCC)(C(=O)O)C(=O)O,1.9433333333333331,CCCC(CCC)(C(=O)O)C(=O)O,188.223,1.7422,74.6,2,2,6,0,0.777778,0,0,2,0,2,0,4,2,0,,5,3.166335105895996,-1.223001772562663
194,CCCC(CCC)(CC(=O)O)CC(=O)O,3.65,CCCC(CCC)(CC(=O)O)CC(=O)O,216.277,2.5224,74.6,2,2,8,0,0.818182,0,0,2,0,2,0,4,2,0,,2,3.432119846343994,0.21788015365600577
195,CCCC(O)C(=O)O,3.59,CCCC(O)C(=O)O,118.132,0.232,57.53,2,2,3,0,0.8,0,0,1,0,1,0,2,1,0,,2,7.743508815765381,-4.153508815765381
196,CCCCC#CC#CC(=O)O,1.89,CCCCC#CC#CC(=O)O,150.177,1.268,37.3,1,1,2,0,0.444444,0,0,1,0,1,0,2,1,0,,4,3.3230385780334473,-1.4330385780334474
197,CCCCC#CC(=O)O,2.6,CCCCC#CC(=O)O,126.155,1.2646,37.3,1,1,2,0,0.571429,0,0,1,0,1,0,2,1,0,,3,3.7173261642456055,-1.1173261642456054
198,CCCCC(=O)O,4.8,CCCCC(=O)O,102.133,1.2612,37.3,1,1,3,0,0.8,0,0,1,0,1,0,2,1,0,,2,5.082413196563721,-0.2824131965637209
199,CCCCC(CC)(C(=O)O)C(=O)O,2.15,CCCCC(CC)(C(=O)O)C(=O)O,188.223,1.7422,74.6,2,2,6,0,0.777778,0,0,2,0,2,0,4,2,0,,4,3.469560146331787,-1.3195601463317872
200,CCCCC(CCCC)(C(=O)O)C(=O)O,2.175,CCCCC(CCCC)(C(=O)O)C(=O)O,216.277,2.5224,74.6,2,2,8,0,0.818182,0,0,2,0,2,0,4,2,0,,1,3.5542335510253906,-1.3792335510253908
201,CCCCCC(=O)O,4.8,CCCCCC(=O)O,116.16,1.6513,37.3,1,1,4,0,0.833333,0,0,1,0,1,0,2,1,0,,1,5.283870697021484,-0.48387069702148455
202,CCCCCC=CCC=CCCCCCCCC(=O)O,4.77,CCCCCC=CCC=CCCCCCCCC(=O)O,280.452,5.8845,37.3,1,1,14,0,0.722222,0,0,1,0,1,0,2,1,0,,5,3.8357043266296387,0.9342956733703609
203,CCCCCCC(=O)O,4.8,CCCCCCC(=O)O,130.187,2.0414,37.3,1,1,5,0,0.857143,0,0,1,0,1,0,2,1,0,,5,5.402418613433838,-0.6024186134338381
204,CCCCCCCC(=O)OC(CC(=O)O)C[N+](C)(C)C.[Cl-],3.6,CCCCCCCC(=O)OC(CC(=O)O)C[N+](C)(C)C.[Cl-],323.861,-0.5564,63.6,3,1,11,0,0.866667,0,0,1,0,1,0,2,1,0,,4,4.017273426055908,-0.4172734260559081
205,CCCCCCCCCC(=O)OC(CC(=O)O)C[N+](C)(C)C.[Cl-],3.65,CCCCCCCCCC(=O)OC(CC(=O)O)C[N+](C)(C)C.[Cl-],351.915,0.2238,63.6,3,1,13,0,0.882353,0,0,1,0,1,0,2,1,0,,3,4.921774864196777,-1.2717748641967774
206,CCCCCCCCCC[N+](C)(C)C(C)C(=O)O.[Br-],1.75,CCCCCCCCCC[N+](C)(C)C(C)C(=O)O.[Br-],338.33,0.6806,37.3,1,1,11,0,0.933333,0,0,1,0,1,0,2,1,0,,2,5.086124420166016,-3.3361244201660156
207,CCCCCCSCC(=O)O,3.758,CCCCCCSCC(=O)O,176.281,2.3845,37.3,2,1,7,0,0.875,0,0,1,0,1,0,2,1,0,,5,5.153733253479004,-1.395733253479004
208,CCCCCSCC(=O)O,3.753,CCCCCSCC(=O)O,162.254,1.9944,37.3,2,1,6,0,0.857143,0,0,1,0,1,0,2,1,0,,5,4.625959396362305,-0.8729593963623046
209,CCCCNCC(=O)O,10.16,CCCCNCC(=O)O,131.175,0.4607,49.33,2,2,5,0,0.833333,0,0,1,0,1,0,2,1,0,,4,8.252237319946289,1.907762680053711
210,CCCCOP(=O)(CC(=O)O)OCCCC,3.58,CCCCOP(=O)(CC(=O)O)OCCCC,252.247,2.8975,72.83,4,1,10,0,0.9,0,0,1,0,1,0,2,1,0,,1,4.814457416534424,-1.2344574165344238
211,CCCCP(=O)(CCCC)C(C)(O)C(=O)O,2.94,CCCCP(=O)(CCCC)C(C)(O)C(=O)O,250.275,2.7428,74.6,3,2,8,0,0.909091,0,0,1,0,1,0,2,1,0,,1,6.939384937286377,-3.999384937286377
212,CCCCSCC(=O)O,3.739,CCCCSCC(=O)O,148.227,1.6043,37.3,2,1,5,0,0.833333,0,0,1,0,1,0,2,1,0,,1,3.8754825592041016,-0.13648255920410168
213,CCCC[C@H](N)C(=O)O,9.844333333333331,CCCC[C@H](N)C(=O)O,131.175,0.5885,63.32,2,2,4,0,0.833333,0,0,1,0,1,0,2,1,0,,2,10.044955253601074,-0.20062192026774284
214,CCCC[P+](CCCC)(CCCC)CC(=O)O.[Cl-],2.34,CCCC[P+](CCCC)(CCCC)CC(=O)O.[Cl-],296.819,1.4929,37.3,1,1,11,0,0.928571,0,0,1,0,1,0,2,1,0,,2,4.08066987991333,-1.7406698799133302
215,CCCCc1ccc(C(O)C(=O)O)cc1,3.58,CCCCc1ccc(C(O)C(=O)O)cc1,208.257,2.1472,57.53,2,2,5,1,0.416667,0,0,1,0,1,0,2,1,0,,1,3.942004442214966,-0.36200444221496575
216,CCCN(CC(=O)O)CC(=O)O,2.44,CCCN(CC(=O)O)CC(=O)O,175.184,-0.1324,77.84,3,2,6,0,0.714286,0,0,2,0,2,0,4,2,0,,5,4.178309917449951,-1.7383099174499512
217,CCCNCC(=O)O,10.11,CCCNCC(=O)O,117.148,0.0706,49.33,2,2,4,0,0.8,0,0,1,0,1,0,2,1,0,,1,10.667638778686523,-0.557638778686524
218,CCCN[C@@H](C)C(=O)O,10.19,CCCN[C@@H](C)C(=O)O,131.175,0.4591,49.33,2,2,4,0,0.833333,0,0,1,0,1,0,2,1,0,,5,9.683979034423828,0.5060209655761714
219,CCCSCC(=O)O,3.729,CCCSCC(=O)O,134.2,1.2142,37.3,2,1,4,0,0.8,0,0,1,0,1,0,2,1,0,,5,4.268435955047607,-0.5394359550476073
220,CCC[C@H](N)C(=O)O,9.819,CCC[C@H](N)C(=O)O,117.148,0.1984,63.32,2,2,3,0,0.8,0,0,1,0,1,0,2,1,0,,1,10.15760612487793,-0.33860612487792885
221,CCN(CC)CC(=O)O,10.483333333333334,CCN(CC)CC(=O)O,131.175,0.4128,40.54,2,1,4,0,0.833333,0,0,1,0,1,0,2,1,0,,4,6.763908386230469,3.7194249471028655
222,CCNCC(=O)O,10.165,CCNCC(=O)O,103.121,-0.3195,49.33,2,2,3,0,0.75,0,0,1,0,1,0,2,1,0,,2,9.997576713562012,0.16742328643798743
223,CCN[C@@H](C)C(=O)O,10.22,CCN[C@@H](C)C(=O)O,117.148,0.069,49.33,2,2,3,0,0.8,0,0,1,0,1,0,2,1,0,,2,9.873181343078613,0.34681865692138736
224,CCOC(=O)C(C)(C)C(=O)O,3.49,CCOC(=O)C(C)(C)C(=O)O,160.169,0.6603,63.6,3,1,3,0,0.714286,0,0,1,0,1,0,2,1,0,,3,3.727665424346924,-0.23766542434692361
225,CCOC(=O)C(C)SC(C)C(=O)O,3.76,CCOC(=O)C(C)SC(C)C(=O)O,206.263,1.1443,63.6,4,1,5,0,0.75,0,0,1,0,1,0,2,1,0,,3,3.8981411457061768,-0.13814114570617697
226,CCOC(=O)C(C)SCC(=O)O,3.77,CCOC(=O)C(C)SCC(=O)O,192.236,0.7558,63.6,4,1,5,0,0.714286,0,0,1,0,1,0,2,1,0,,4,3.6153790950775146,0.15462090492248537
227,CCOC(=O)C(CC)(C(=O)O)C(C)C,4.07,CCOC(=O)C(CC)(C(=O)O)C(C)C,202.25,1.6865,63.6,3,1,5,0,0.8,0,0,1,0,1,0,2,1,0,,4,4.243513584136963,-0.1735135841369626
228,CCOC(=O)C(CC)(CC)C(=O)O,3.790000000000001,CCOC(=O)C(CC)(CC)C(=O)O,188.223,1.4405,63.6,3,1,5,0,0.777778,0,0,1,0,1,0,2,1,0,,4,4.058247089385986,-0.2682470893859854
229,CCOC(=O)C(CC)C(=O)O,3.665,CCOC(=O)C(CC)C(=O)O,160.169,0.6603,63.6,3,1,4,0,0.714286,0,0,1,0,1,0,2,1,0,,2,3.5561609268188477,0.10883907318115238
230,CCOC(=O)CC(=O)O,3.533333333333333,CCOC(=O)CC(=O)O,132.115,0.0242,63.6,3,1,3,0,0.6,0,0,1,0,1,0,2,1,0,,2,3.456380605697632,0.07695272763570138
231,CCOC(=O)CC[C@H](N)C(=O)O,9.19,CCOC(=O)CC[C@H](N)C(=O)O,175.184,-0.2584,89.62,4,2,5,0,0.714286,0,0,1,0,1,0,2,1,0,,4,7.167171478271484,2.022828521728515
232,CCOC(=O)CNc1ccc(C(=O)O)cc1,4.88,CCOC(=O)CNc1ccc(C(=O)O)cc1,223.228,1.3598,75.63,4,2,5,1,0.272727,0,0,1,0,1,0,2,1,0,,5,4.952722072601318,-0.07272207260131847
233,CCOC(=O)CNc1cccc(C(=O)O)c1,4.3,CCOC(=O)CNc1cccc(C(=O)O)c1,223.228,1.3598,75.63,4,2,5,1,0.272727,0,0,1,0,1,0,2,1,0,,1,5.520589828491211,-1.2205898284912111
234,CCOC(=O)CSC(C)(C)C(=O)O,4.59,CCOC(=O)CSC(C)(C)C(=O)O,206.263,1.1459,63.6,4,1,5,0,0.75,0,0,1,0,1,0,2,1,0,,4,3.8270773887634277,0.7629226112365721
235,CCOC(=O)CSC(C)C(=O)O,3.71,CCOC(=O)CSC(C)C(=O)O,192.236,0.7558,63.6,4,1,5,0,0.714286,0,0,1,0,1,0,2,1,0,,4,3.6153790950775146,0.09462090492248532
236,CCOC(=O)CSCC(=O)O,3.66,CCOC(=O)CSCC(=O)O,178.209,0.3673,63.6,4,1,5,0,0.666667,0,0,1,0,1,0,2,1,0,,2,3.266340732574463,0.39365926742553725
237,CCOC(=O)[C@@H](N)CCC(=O)O,7.838,CCOC(=O)[C@@H](N)CCC(=O)O,175.184,-0.2584,89.62,4,2,5,0,0.714286,0,0,1,0,1,0,2,1,0,,2,8.342917442321777,-0.5049174423217773
238,CCOC(=O)c1cc(=O)cc(C(=O)O)o1,1.28,CCOC(=O)c1cc(=O)cc(C(=O)O)o1,212.157,0.5147,93.81,5,1,3,1,0.222222,0,0,1,0,1,0,2,1,0,,3,4.01420783996582,-2.73420783996582
239,CCOC(=S)SCC(=O)O,3.08,CCOC(=S)SCC(=O)O,180.25,1.1256,46.53,4,1,3,0,0.6,0,0,1,0,1,0,2,1,0,,1,2.926384925842285,0.15361507415771491
240,CCOCC(=O)O,3.84,CCOCC(=O)O,104.105,0.1075,46.53,2,1,3,0,0.75,0,0,1,0,1,0,2,1,0,,2,8.549331665039062,-4.709331665039063
241,CCOP(=O)(CC(=O)O)OCC,3.3,CCOP(=O)(CC(=O)O)OCC,196.139,1.3371,72.83,4,1,6,0,0.833333,0,0,1,0,1,0,2,1,0,,2,4.3337721824646,-1.0337721824645998
242,CCOP(=O)(OCC)c1ccc(C(=O)O)cc1,3.63,CCOP(=O)(OCC)c1ccc(C(=O)O)cc1,258.21,2.2762,72.83,4,1,6,1,0.363636,0,0,1,0,1,0,2,1,0,,5,4.067996501922607,-0.43799650192260753
243,CCOP(=O)(OCC)c1cccc(C(=O)O)c1,3.73,CCOP(=O)(OCC)c1cccc(C(=O)O)c1,258.21,2.2762,72.83,4,1,6,1,0.363636,0,0,1,0,1,0,2,1,0,,5,4.067996501922607,-0.33799650192260744
244,CCOc1ccc(C(=O)O)c(C(=O)O)c1,2.74,CCOc1ccc(C(=O)O)c(C(=O)O)c1,210.185,1.4817,83.83,3,2,4,1,0.2,0,0,2,0,2,0,4,2,0,,5,2.34847354888916,0.39152645111084006
245,CCOc1ccc(C(=O)O)c(O)c1,3.2,CCOc1ccc(C(=O)O)c(O)c1,182.175,1.4891,66.76,3,2,3,1,0.222222,0,0,1,0,1,0,2,1,0,,5,3.834968090057373,-0.6349680900573729
246,CCOc1nc(NCC(=O)O)c(N)c(C(=O)O)n1,7.33,CCOc1nc(NCC(=O)O)c(N)c(C(=O)O)n1,256.218,-0.3478,147.66,7,4,6,1,0.333333,0,0,2,0,2,0,4,2,0,,2,8.585415840148926,-1.2554158401489257
247,CCOc1nc2c(c(C(=O)O)n1)N=C(O)CN2,5.31,CCOc1nc2c(c(C(=O)O)n1)N=C(O)CN2,238.203,0.587,116.93,6,3,3,1,0.333333,0,0,1,0,1,0,2,1,0,,3,7.131698131561279,-1.8216981315612797
248,CCSC(=S)SCC(=O)O,2.9400000000000004,CCSC(=S)SCC(=O)O,196.318,1.8422,37.3,4,1,3,0,0.6,0,0,1,0,1,0,2,1,0,,4,3.837113618850708,-0.8971136188507076
249,CCSCC(=O)O,3.911000000000001,CCSCC(=O)O,120.173,0.8241,37.3,2,1,3,0,0.75,0,0,1,0,1,0,2,1,0,,1,4.131588459014893,-0.22058845901489166
250,CCSCCC(N)C(=O)O,9.02,CCSCCC(N)C(=O)O,163.242,0.5415,63.32,3,2,5,0,0.833333,0,0,1,0,1,0,2,1,0,,3,8.72171401977539,0.29828598022460895
251,CCSc1nc(=O)c(C(=O)O)c[nH]1,6.01,CCSc1nc(=O)c(C(=O)O)c[nH]1,200.219,0.5801,83.05,4,2,3,1,0.285714,0,0,1,0,1,0,2,1,0,,2,5.355918884277344,0.654081115722656
252,CC[C@H](C)[C@H](N)C(=O)O,9.74575,CC[C@H](C)[C@H](N)C(=O)O,131.175,0.4444,63.32,2,2,3,0,0.833333,0,0,1,0,1,0,2,1,0,,2,9.894708633422852,-0.14895863342285232
253,CC[C@H](C)[C@H](NC(=O)CN)C(=O)O,8.0,CC[C@H](C)[C@H](NC(=O)CN)C(=O)O,188.227,-0.4394,92.42,3,3,5,0,0.75,0,0,1,0,1,0,2,1,0,,5,8.113222122192383,-0.11322212219238281
254,CCc1ccc(C(=O)O)s1,3.7,CCc1ccc(C(=O)O)s1,156.206,2.0087,37.3,2,1,2,1,0.285714,0,0,1,0,1,0,2,1,0,,5,4.020664691925049,-0.32066469192504865
255,CCc1ccc(C(O)C(=O)O)cc1,3.55,CCc1ccc(C(O)C(=O)O)cc1,180.203,1.367,57.53,2,2,3,1,0.3,0,0,1,0,1,0,2,1,0,,4,4.204186916351318,-0.6541869163513185
256,CN(C)C(=O)OCC(=O)O,3.01,CN(C)C(=O)OCC(=O)O,147.13,-0.2308,66.84,3,1,2,0,0.6,0,0,1,0,1,0,2,1,0,,1,4.139708042144775,-1.1297080421447756
257,CN(C)C(=O)SCC(=O)O,3.52,CN(C)C(=O)SCC(=O)O,163.198,0.4858,57.61,3,1,2,0,0.6,0,0,1,0,1,0,2,1,0,,4,3.155099391937256,0.36490060806274416
258,CN(C)C(=S)NCC(=O)O,3.71,CN(C)C(=S)NCC(=O)O,162.214,-0.4929,52.57,2,2,2,0,0.6,0,0,1,0,1,0,2,1,0,,1,7.168527603149414,-3.458527603149414
259,CN(C)C(=S)OCC(=O)O,2.87,CN(C)C(=S)OCC(=O)O,163.198,-0.0659,49.77,3,1,2,0,0.6,0,0,1,0,1,0,2,1,0,,3,4.677979946136475,-1.8079799461364745
260,CN(C)C(=S)SCC(=O)O,3.35,CN(C)C(=S)SCC(=O)O,179.266,0.6507,40.54,3,1,2,0,0.6,0,0,1,0,1,0,2,1,0,,4,3.4996018409729004,-0.1496018409729003
261,CN(C)C12CCC(C(=O)O)(CC1)C2,3.716,CN(C)C12CCC(C(=O)O)(CC1)C2,183.251,1.3355,40.54,2,1,2,0,0.9,0,0,1,0,1,0,2,1,0,,2,7.207975387573242,-3.491975387573242
262,CN(C)C12CCC(C(=O)O)(CC1)CC2,4.083,CN(C)C12CCC(C(=O)O)(CC1)CC2,197.278,1.7256,40.54,2,1,2,0,0.909091,0,0,1,0,1,0,2,1,0,,1,5.250988483428955,-1.167988483428955
263,CN(C)CC(=O)NCC(=O)O,8.09,CN(C)CC(=O)NCC(=O)O,160.173,-1.2512,69.64,3,2,4,0,0.666667,0,0,1,0,1,0,2,1,0,,1,7.787382125854492,0.30261787414550767
264,CN(C)CC(=O)O,9.848,CN(C)CC(=O)O,103.121,-0.3674,40.54,2,1,2,0,0.75,0,0,1,0,1,0,2,1,0,,4,5.902513027191162,3.9454869728088386
265,CN(C)CC(O)CC(=O)O,3.81,CN(C)CC(O)CC(=O)O,147.174,-0.6164,60.77,3,2,4,0,0.833333,0,0,1,0,1,0,2,1,0,,3,9.037840843200684,-5.227840843200683
266,CN(C)CCC(=O)O,9.85,CN(C)CCC(=O)O,117.148,0.0227,40.54,2,1,3,0,0.8,0,0,1,0,1,0,2,1,0,,3,6.898550033569336,2.9514499664306637
267,CN(C)c1ccc(/N=N/c2ccccc2C(=O)O)cc1,4.82,CN(C)c1ccc(/N=N/c2ccccc2C(=O)O)cc1,269.304,3.8662,65.26,4,1,4,2,0.133333,0,0,1,0,1,0,2,1,0,,1,3.6598153114318848,1.1601846885681155
268,CN(C)c1ccc(C(=O)O)cc1,5.03,CN(C)c1ccc(C(=O)O)cc1,165.192,1.4508,40.54,2,1,2,1,0.222222,0,0,1,0,1,0,2,1,0,,2,5.369766712188721,-0.33976671218872045
269,CN(C)c1cccc(C(=O)O)c1,5.1,CN(C)c1cccc(C(=O)O)c1,165.192,1.4508,40.54,2,1,2,1,0.222222,0,0,1,0,1,0,2,1,0,,4,4.803860187530518,0.29613981246948207
270,CN(C)c1ccccc1C(=O)O,8.5,CN(C)c1ccccc1C(=O)O,165.192,1.4508,40.54,2,1,2,1,0.222222,0,0,1,0,1,0,2,1,0,,3,4.376415729522705,4.123584270477295
271,CN(C)c1nc(NCC(=O)O)c(N)c(C(=O)O)n1,9.81,CN(C)c1nc(NCC(=O)O)c(N)c(C(=O)O)n1,255.234,-0.6805,141.67,7,4,5,1,0.333333,0,0,2,0,2,0,4,2,0,,5,4.6671648025512695,5.142835197448731
272,CN(C)c1nc2c(c(C(=O)O)n1)N=C(O)CN2,7.31,CN(C)c1nc2c(c(C(=O)O)n1)N=C(O)CN2,237.219,0.2543,110.94,6,3,2,1,0.333333,0,0,1,0,1,0,2,1,0,,5,6.528503894805908,0.7814961051940914
273,CN(CC(=O)O)C(=O)CN,8.666666666666666,CN(CC(=O)O)C(=O)CN,146.146,-1.5119,83.63,3,2,3,0,0.6,0,0,1,0,1,0,2,1,0,,3,7.511423587799072,1.1552430788675938
274,CN(CC(=O)O)C(=O)CNC(=O)CN,8.4,CN(CC(=O)O)C(=O)CNC(=O)CN,203.198,-2.3957,112.73,4,3,5,0,0.571429,0,0,1,0,1,0,2,1,0,,3,7.8244709968566895,0.5755290031433109
275,CN(CC(=O)O)C1CCCCC1,10.71,CN(CC(=O)O)C1CCCCC1,171.24,1.3355,40.54,2,1,3,0,0.888889,0,0,1,0,1,0,2,1,0,,5,6.506597518920898,4.203402481079102
276,CN1C2CCC1[C@H](C(=O)O)[C@@H](O)C2,9.7,CN1C2CCC1[C@H](C(=O)O)[C@@H](O)C2,185.223,-0.0854,60.77,3,2,1,0,0.888889,0,0,1,0,1,0,2,1,0,,2,9.368602752685547,0.3313972473144524
277,CN1CCC=C(C(=O)O)C1,9.07,CN1CCC=C(C(=O)O)C1,141.17,0.3329,40.54,2,1,1,0,0.571429,0,0,1,0,1,0,2,1,0,,2,3.5893003940582275,5.480699605941773
278,CN1[C@H]2CC[C@@H]1[C@@H](C(=O)O)[C@@H](O)C2,11.03,CN1[C@H]2CC[C@@H]1[C@@H](C(=O)O)[C@@H](O)C2,185.223,-0.0854,60.77,3,2,1,0,0.888889,0,0,1,0,1,0,2,1,0,,5,9.073843002319336,1.9561569976806634
279,CN1[C@H]2CC[C@@H]1[C@@H](C(=O)O)[C@@H](OC(=O)c1ccccc1)C2,11.8,CN1[C@H]2CC[C@@H]1[C@@H](C(=O)O)[C@@H](OC(=O)c1ccccc1)C2,289.331,1.7793,66.84,4,1,3,1,0.5,0,0,1,0,1,0,2,1,0,,2,3.3461110591888428,8.453888940811158
280,CNCC(=O)O,10.058333333333332,CNCC(=O)O,89.094,-0.7096,49.33,2,2,2,0,0.666667,0,0,1,0,1,0,2,1,0,,3,7.7031073570251465,2.3552259763081853
281,CN[C@@H](C)C(=O)O,10.19,CN[C@@H](C)C(=O)O,103.121,-0.3211,49.33,2,2,2,0,0.75,0,0,1,0,1,0,2,1,0,,4,8.547282218933105,1.642717781066894
282,CNc1ccc(C(=O)O)cc1,5.04,CNc1ccc(C(=O)O)cc1,151.165,1.4265,49.33,2,2,2,1,0.125,0,0,1,0,1,0,2,1,0,,2,4.509440898895264,0.5305591011047364
283,CNc1cccc(C(=O)O)c1,5.1,CNc1cccc(C(=O)O)c1,151.165,1.4265,49.33,2,2,2,1,0.125,0,0,1,0,1,0,2,1,0,,2,4.509440898895264,0.590559101104736
284,CNc1ccccc1C(=O)O,5.34,CNc1ccccc1C(=O)O,151.165,1.4265,49.33,2,2,2,1,0.125,0,0,1,0,1,0,2,1,0,,4,4.445834636688232,0.8941653633117674
285,CO/C=C/C(=O)O,4.85,CO/C=C/C(=O)O,102.089,0.2311,46.53,2,1,2,0,0.25,0,0,1,0,1,0,2,1,0,,4,3.9174184799194336,0.932581520080566
286,COC(=O)C(C(C(=O)O)C(C)(C)C)C(C)(C)C,5.57,COC(=O)C(C(C(=O)O)C(C)(C)C)C(C)(C)C,244.331,2.5686,63.6,3,1,3,0,0.846154,0,0,1,0,1,0,2,1,0,,3,4.353179931640625,1.2168200683593753
287,COC(=O)C(C)(C)C(C)(C)C(=O)O,5.23,COC(=O)C(C)(C)C(C)(C)C(=O)O,188.223,1.2964,63.6,3,1,3,0,0.777778,0,0,1,0,1,0,2,1,0,,3,4.0387654304504395,1.191234569549561
288,COC(=O)C12CCC(C(=O)O)(CC1)C2,4.494,COC(=O)C12CCC(C(=O)O)(CC1)C2,198.218,1.1945,63.6,3,1,2,0,0.8,0,0,1,0,1,0,2,1,0,,1,4.5449748039245605,-0.050974803924560774
289,COC(=O)C1=C(C(=O)O)C2C=CC1C2,3.02,COC(=O)C1=C(C(=O)O)C2C=CC1C2,194.186,0.7465,63.6,3,1,2,0,0.4,0,0,1,0,1,0,2,1,0,,3,3.501692295074463,-0.4816922950744629
290,COC(=O)C1=C(C(=O)O)C2CCC1C2,3.19,COC(=O)C1=C(C(=O)O)C2CCC1C2,196.202,0.9705,63.6,3,1,2,0,0.6,0,0,1,0,1,0,2,1,0,,5,3.532626152038574,-0.34262615203857427
291,COC(=O)C1=C(C(=O)O)CC1,3.19,COC(=O)C1=C(C(=O)O)CC1,156.137,0.3344,63.6,3,1,2,0,0.428571,0,0,1,0,1,0,2,1,0,,1,2.8468964099884033,0.3431035900115966
292,COC(=O)C1=C(C(=O)O)CCC1,2.94,COC(=O)C1=C(C(=O)O)CCC1,170.164,0.7245,63.6,3,1,2,0,0.5,0,0,1,0,1,0,2,1,0,,1,3.736828088760376,-0.796828088760376
293,COC(=O)C1C(C(=O)O)C1(c1ccccc1)c1ccccc1,5.17,COC(=O)C1C(C(=O)O)C1(c1ccccc1)c1ccccc1,296.322,2.4763,63.6,3,1,4,2,0.222222,0,0,1,0,1,0,2,1,0,,2,4.688480854034424,0.4815191459655761
294,COC(=O)C[C@H](N)C(=O)O,8.62,COC(=O)C[C@H](N)C(=O)O,147.13,-1.0386,89.62,4,2,3,0,0.6,0,0,1,0,1,0,2,1,0,,1,8.446406364440918,0.17359363555908125
295,COC(=O)[C@@H]1CC[C@H](CC1)C(=O)O,4.66,COC(=O)[C@H]1CC[C@H](C(=O)O)CC1,186.207,1.0504,63.6,3,1,2,0,0.777778,0,0,1,0,1,0,2,1,0,,4,4.114048004150391,0.5459519958496095
296,COC(=O)c1ccc(C(=O)O)nc1,3.62,COC(=O)c1ccc(C(=O)O)nc1,181.147,0.5664,76.49,4,1,2,1,0.125,0,0,1,0,1,0,2,1,0,,1,2.452017307281494,1.167982692718506
297,COC(=O)c1cccc(C(=O)O)n1,2.65,COC(=O)c1cccc(C(=O)O)n1,181.147,0.5664,76.49,4,1,2,1,0.125,0,0,1,0,1,0,2,1,0,,5,3.4567272663116455,-0.8067272663116456
298,COC(=O)c1ccnc(C(=O)O)c1,3.71,COC(=O)c1ccnc(C(=O)O)c1,181.147,0.5664,76.49,4,1,2,1,0.125,0,0,1,0,1,0,2,1,0,,1,2.452017307281494,1.2579826927185058
299,COC(=O)c1cocc1C(=O)O,3.75,COC(=O)c1cocc1C(=O)O,170.12,0.7644,76.74,4,1,2,1,0.142857,0,0,1,0,1,0,2,1,0,,4,3.2470831871032715,0.5029168128967285
300,COC1=C(C=CC(=C1)OC)/C=C/C(=O)O,4.8,COc1ccc(/C=C/C(=O)O)c(OC)c1,208.213,1.8016,55.76,3,1,4,1,0.181818,0,0,1,0,1,0,2,1,0,,1,4.119806289672852,0.6801937103271483
301,COC1=C(C=CC=C1OC)/C=C/C(=O)O,4.37,COc1cccc(/C=C/C(=O)O)c1OC,208.213,1.8016,55.76,3,1,4,1,0.181818,0,0,1,0,1,0,2,1,0,,1,4.119806289672852,0.25019371032714854
302,COC=1C=C(C=C(C1)OC)/C=C/C(=O)O,4.36,COc1cc(/C=C/C(=O)O)cc(OC)c1,208.213,1.8016,55.76,3,1,4,1,0.181818,0,0,1,0,1,0,2,1,0,,2,4.097409725189209,0.26259027481079134
303,COC=1C=C(C=CC1OC)/C=C/C(=O)O,4.53,COc1ccc(/C=C/C(=O)O)cc1OC,208.213,1.8016,55.76,3,1,4,1,0.181818,0,0,1,0,1,0,2,1,0,,4,3.9665067195892334,0.5634932804107669
304,COCC(=O)O,3.513333333333333,COCC(=O)O,90.078,-0.2826,46.53,2,1,2,0,0.666667,0,0,1,0,1,0,2,1,0,,2,5.486610412597656,-1.973277079264323
305,COCCN(CCOC)CC(=O)O,8.3,COCCN(CCOC)CC(=O)O,191.227,-0.3342,59.0,4,1,8,0,0.875,0,0,1,0,1,0,2,1,0,,4,4.266753196716309,4.033246803283692
306,COP(=O)(OC)c1ccc(C(=O)O)cc1,3.61,COP(=O)(OC)c1ccc(C(=O)O)cc1,230.156,1.496,72.83,4,1,4,1,0.222222,0,0,1,0,1,0,2,1,0,,3,3.4331412315368652,0.17685876846313464
307,COP(=O)(OC)c1cccc(C(=O)O)c1,3.74,COP(=O)(OC)c1cccc(C(=O)O)c1,230.156,1.496,72.83,4,1,4,1,0.222222,0,0,1,0,1,0,2,1,0,,2,3.3769145011901855,0.36308549880981467
308,CO[C@@H](C)[C@H](N)C(=O)O,8.9,CO[C@@H](C)[C@H](N)C(=O)O,133.147,-0.5668,72.55,3,2,3,0,0.8,0,0,1,0,1,0,2,1,0,,1,7.499790191650391,1.4002098083496097
309,CO[C@@H]1CC[C@H](CC1)C(=O)O,4.66,CO[C@H]1CC[C@H](C(=O)O)CC1,158.197,1.2762,46.53,2,1,2,0,0.875,0,0,1,0,1,0,2,1,0,,1,5.828704833984375,-1.1687048339843749
310,COc1cc(/C=C/C(=O)O)ccc1O,4.55,COc1cc(/C=C/C(=O)O)ccc1O,194.186,1.4986,66.76,3,2,3,1,0.1,0,0,1,0,1,0,2,1,0,,5,3.3258161544799805,1.2241838455200194
311,COc1cc(C(=O)O)cc(OC)c1O,4.34,COc1cc(C(=O)O)cc(OC)c1O,198.174,1.1076,75.99,4,2,3,1,0.222222,0,0,1,0,1,0,2,1,0,,1,4.7378973960876465,-0.3978973960876466
312,COc1cc(C(=O)O)cc(OC)c1OC,4.166666666666667,COc1cc(C(=O)O)cc(OC)c1OC,212.201,1.4106,64.99,4,1,4,1,0.3,0,0,1,0,1,0,2,1,0,,1,4.0351715087890625,0.13149515787760446
313,COc1cc(C(=O)O)cc([N+](=O)[O-])c1O,4.12,COc1cc(C(=O)O)cc([N+](=O)[O-])c1O,213.145,1.0072,109.9,5,2,3,1,0.125,0,0,1,0,1,0,2,1,0,,2,3.176612138748169,0.9433878612518312
314,COc1cc(C(=O)O)ccc1O,4.49,COc1cc(C(=O)O)ccc1O,168.148,1.099,66.76,3,2,2,1,0.125,0,0,1,0,1,0,2,1,0,,1,3.569990873336792,0.9200091266632082
315,COc1cc(CC(=O)O)ccc1O,4.41,COc1cc(CC(=O)O)ccc1O,182.175,1.0279,66.76,3,2,3,1,0.222222,0,0,1,0,1,0,2,1,0,,5,4.57355260848999,-0.1635526084899901
316,COc1cc(OC)cc(C(=O)O)c1,3.97,COc1cc(OC)cc(C(=O)O)c1,182.175,1.402,55.76,3,1,3,1,0.222222,0,0,1,0,1,0,2,1,0,,1,3.9444220066070557,0.02557799339294453
317,COc1cc([N+](=O)[O-])cc(C(=O)O)c1O,2.58,COc1cc([N+](=O)[O-])cc(C(=O)O)c1O,213.145,1.0072,109.9,5,2,3,1,0.125,0,0,1,0,1,0,2,1,0,,5,3.6151010990142822,-1.0351010990142822
318,COc1cc2ccccc2cc1C(=O)O,3.8,COc1cc2ccccc2cc1C(=O)O,202.209,2.5466,46.53,2,1,2,2,0.083333,0,0,1,0,1,0,2,1,0,,2,4.3787384033203125,-0.5787384033203127
319,COc1ccc(C(=O)O)c(C(=O)O)c1,2.67,COc1ccc(C(=O)O)c(C(=O)O)c1,196.158,1.0916,83.83,3,2,3,1,0.111111,0,0,2,0,2,0,4,2,0,,4,2.8927485942840576,-0.2227485942840577
320,COc1ccc(C(=O)O)c(N)c1,4.88,COc1ccc(C(=O)O)c(N)c1,167.164,0.9756,72.55,3,2,2,1,0.125,0,0,1,0,1,0,2,1,0,,1,3.383100986480713,1.496899013519287
321,COc1ccc(C(=O)O)c(O)c1,3.31,COc1ccc(C(=O)O)c(O)c1,168.148,1.099,66.76,3,2,2,1,0.125,0,0,1,0,1,0,2,1,0,,2,4.062531471252441,-0.7525314712524414
322,COc1ccc(C(=O)O)c(OC)c1,4.36,COc1ccc(C(=O)O)c(OC)c1,182.175,1.402,55.76,3,1,3,1,0.222222,0,0,1,0,1,0,2,1,0,,3,3.7686126232147217,0.5913873767852786
323,COc1ccc(C(=O)O)c2ccccc12,4.31,COc1ccc(C(=O)O)c2ccccc12,202.209,2.5466,46.53,2,1,2,2,0.083333,0,0,1,0,1,0,2,1,0,,2,4.3787384033203125,-0.06873840332031289
324,COc1ccc(C(=O)O)cc1,4.2783750000000005,COc1ccc(C(=O)O)cc1,152.149,1.3934,46.53,2,1,2,1,0.125,0,0,1,0,1,0,2,1,0,,4,3.974869728088379,0.3035052719116216
325,COc1ccc(C(=O)O)cc1O,4.47,COc1ccc(C(=O)O)cc1O,168.148,1.099,66.76,3,2,2,1,0.125,0,0,1,0,1,0,2,1,0,,1,3.569990873336792,0.9000091266632078
326,COc1ccc(C(=O)O)cc1OC,4.395,COc1ccc(C(=O)O)cc1OC,182.175,1.402,55.76,3,1,3,1,0.222222,0,0,1,0,1,0,2,1,0,,3,3.7686126232147217,0.6263873767852779
327,COc1ccc(C(=O)O)s1,3.8,COc1ccc(C(=O)O)s1,158.178,1.4549,46.53,3,1,2,1,0.166667,0,0,1,0,1,0,2,1,0,,4,3.9790730476379395,-0.17907304763793963
328,COc1ccc(C(O)C(=O)O)cc1,3.42,COc1ccc(C(O)C(=O)O)cc1,182.175,0.8132,66.76,3,2,3,1,0.222222,0,0,1,0,1,0,2,1,0,,2,5.241525173187256,-1.821525173187256
329,COc1ccc(C2CC2C(=O)O)cc1,4.62,COc1ccc(C2CC2C(=O)O)cc1,192.214,1.8833,46.53,2,1,3,1,0.363636,0,0,1,0,1,0,2,1,0,,1,3.6732916831970215,0.9467083168029786
330,COc1ccc(C=O)c(C(=O)O)c1OC,3.065,COc1ccc(C=O)c(C(=O)O)c1OC,210.185,1.2145,72.83,4,1,4,1,0.2,0,0,1,0,1,0,2,1,0,,1,2.3865928649902344,0.6784071350097656
331,COc1ccc(CC(=O)O)cc1,4.07,COc1ccc(CC(=O)O)cc1,166.176,1.3223,46.53,2,1,3,1,0.222222,0,0,1,0,1,0,2,1,0,,3,4.073791027069092,-0.0037910270690915127
332,COc1ccc(CCC(=O)O)cc1,4.71,COc1ccc(CCC(=O)O)cc1,180.203,1.7124,46.53,2,1,4,1,0.3,0,0,1,0,1,0,2,1,0,,5,3.4814658164978027,1.2285341835021972
333,COc1ccc(C[C@H](N)C(=O)O)cc1,9.31,COc1ccc(C[C@H](N)C(=O)O)cc1,195.218,0.6496,72.55,3,2,4,1,0.3,0,0,1,0,1,0,2,1,0,,2,5.4280619621276855,3.881938037872315
334,COc1ccc(N)c(C(=O)O)c1,5.57,COc1ccc(N)c(C(=O)O)c1,167.164,0.9756,72.55,3,2,2,1,0.125,0,0,1,0,1,0,2,1,0,,1,3.383100986480713,2.1868990135192874
335,COc1ccc(NCC(=O)O)cc1,5.096,COc1ccc(NCC(=O)O)cc1,181.191,1.1917,58.56,3,2,4,1,0.222222,0,0,1,0,1,0,2,1,0,,1,4.327075481414795,0.7689245185852052
336,COc1ccc(O)c(C(=O)O)c1,2.94,COc1ccc(O)c(C(=O)O)c1,168.148,1.099,66.76,3,2,2,1,0.125,0,0,1,0,1,0,2,1,0,,1,3.569990873336792,-0.629990873336792
337,COc1ccc(S(=O)(=O)CC(=O)O)cc1,2.602,COc1ccc(S(=O)(=O)CC(=O)O)cc1,230.241,0.5535,80.67,4,1,4,1,0.222222,0,0,1,0,1,0,2,1,0,,3,3.483104705810547,-0.881104705810547
338,COc1ccc(S(=O)CC(=O)O)cc1,2.754,COc1ccc(S(=O)CC(=O)O)cc1,214.242,0.8874,63.6,3,1,4,1,0.222222,0,0,1,0,1,0,2,1,0,,3,3.498764991760254,-0.7447649917602539
339,COc1ccc(SCC(=O)O)cc1,3.7,COc1ccc(SCC(=O)O)cc1,198.243,1.8719,46.53,3,1,4,1,0.222222,0,0,1,0,1,0,2,1,0,,5,3.7517406940460205,-0.05174069404602033
340,COc1ccc2c(CC(N)C(=O)O)c[nH]c2c1,16.7,COc1ccc2c(CC(N)C(=O)O)c[nH]c2c1,234.255,1.1309,88.34,3,3,4,2,0.25,0,0,1,0,1,0,2,1,0,,3,8.566386222839355,8.133613777160644
341,COc1cccc(C(=O)O)c1,3.8745,COc1cccc(C(=O)O)c1,152.149,1.3934,46.53,2,1,2,1,0.125,0,0,1,0,1,0,2,1,0,,5,3.961982250213623,-0.08748225021362321
342,COc1cccc(C(=O)O)c1OC,3.98,COc1cccc(C(=O)O)c1OC,182.175,1.402,55.76,3,1,3,1,0.222222,0,0,1,0,1,0,2,1,0,,3,3.7686126232147217,0.2113873767852783
343,COc1cccc(NCC(=O)O)c1,4.135,COc1cccc(NCC(=O)O)c1,181.191,1.1917,58.56,3,2,4,1,0.222222,0,0,1,0,1,0,2,1,0,,3,4.785886287689209,-0.6508862876892092
344,COc1cccc(OC)c1C(=O)O,3.44,COc1cccc(OC)c1C(=O)O,182.175,1.402,55.76,3,1,3,1,0.222222,0,0,1,0,1,0,2,1,0,,1,3.9444220066070557,-0.5044220066070557
345,COc1cccc(S(=O)(=O)CC(=O)O)c1,2.588,COc1cccc(S(=O)(=O)CC(=O)O)c1,230.241,0.5535,80.67,4,1,4,1,0.222222,0,0,1,0,1,0,2,1,0,,5,2.7308602333068848,-0.1428602333068847
346,COc1cccc(SCC(=O)O)c1,3.546,COc1cccc(SCC(=O)O)c1,198.243,1.8719,46.53,3,1,4,1,0.222222,0,0,1,0,1,0,2,1,0,,1,3.605787754058838,-0.05978775405883807
347,COc1ccccc1C(=O)O,3.9,COc1ccccc1C(=O)O,152.149,1.3934,46.53,2,1,2,1,0.125,0,0,1,0,1,0,2,1,0,,5,3.961982250213623,-0.061982250213623136
348,COc1ccccc1C(O)C(=O)O,3.64,COc1ccccc1C(O)C(=O)O,182.175,0.8132,66.76,3,2,3,1,0.222222,0,0,1,0,1,0,2,1,0,,1,4.398597717285156,-0.7585977172851561
349,COc1coc(C(=O)O)cc1=O,1.53,COc1coc(C(=O)O)cc1=O,170.12,0.3466,76.74,4,1,2,1,0.142857,0,0,1,0,1,0,2,1,0,,4,3.102475881576538,-1.572475881576538
350,CS(=O)(=O)c1ccc(OCC(=O)O)cc1,2.85,CS(=O)(=O)c1ccc(OCC(=O)O)cc1,230.241,0.5535,80.67,4,1,4,1,0.222222,0,0,1,0,1,0,2,1,0,,4,3.3885791301727295,-0.5385791301727294
351,CSC(=S)N(C)CC(=O)O,2.9850000000000003,CSC(=S)N(C)CC(=O)O,179.266,0.6507,40.54,3,1,2,0,0.6,0,0,1,0,1,0,2,1,0,,3,3.788870334625244,-0.8038703346252438
352,CSC(=S)NCC(=O)O,3.19,CSC(=S)NCC(=O)O,165.239,0.3085,49.33,3,2,2,0,0.5,0,0,1,0,1,0,2,1,0,,2,5.189662933349609,-1.9996629333496094
353,CSCC(=O)O,3.655,CSCC(=O)O,106.146,0.434,37.3,2,1,2,0,0.666667,0,0,1,0,1,0,2,1,0,,2,3.8961493968963623,-0.2411493968963625
354,CSCCC(NC(=O)CN)C(=O)O,8.51,CSCCC(NC(=O)CN)C(=O)O,206.267,-0.7324,92.42,4,3,6,0,0.714286,0,0,1,0,1,0,2,1,0,,1,7.931746482849121,0.5782535171508787
355,CSCC[C@H](N)C(=O)O,9.194,CSCC[C@H](N)C(=O)O,149.215,0.1514,63.32,3,2,4,0,0.8,0,0,1,0,1,0,2,1,0,,3,7.993485450744629,1.200514549255372
356,CSC[C@H](N)C(=O)O,8.816666666666668,CSC[C@H](N)C(=O)O,135.188,-0.2387,63.32,3,2,3,0,0.75,0,0,1,0,1,0,2,1,0,,3,8.603118896484375,0.2135477701822932
357,CSC[C@H](NC(=O)CC[C@H](N)C(=O)O)C(=O)NCC(=O)O,9.2,CSC[C@H](NC(=O)CC[C@H](N)C(=O)O)C(=O)NCC(=O)O,321.355,-1.7729,158.82,6,5,10,0,0.636364,0,0,2,0,2,0,4,2,0,,2,4.876792907714844,4.3232070922851555
358,CSc1cccc(SCC(=O)O)c1,3.468,CSc1cccc(SCC(=O)O)c1,214.311,2.5852,37.3,3,1,4,1,0.222222,0,0,1,0,1,0,2,1,0,,3,3.680056571960449,-0.21205657196044925
359,C[C@@H](N)C(=O)N1CCC[C@H]1C(=O)O,8.38,C[C@@H](N)C(=O)N1CCC[C@H]1C(=O)O,186.211,-0.5908,83.63,3,2,2,0,0.75,0,0,1,0,1,0,2,1,0,,1,7.01347541809082,1.3665245819091805
360,C[C@@H](O)[C@H](N)C(=O)O,9.05,C[C@@H](O)[C@H](N)C(=O)O,119.12,-1.2209,83.55,3,3,2,0,0.75,0,0,1,0,1,0,2,1,0,,4,8.995757102966309,0.05424289703369212
361,C[C@@H]1[C@@H](C1)C(=O)O,5.02,C[C@H]1C[C@H]1C(=O)O,100.117,0.727,37.3,1,1,1,0,0.8,0,0,1,0,1,0,2,1,0,,2,4.835517406463623,0.18448259353637653
362,C[C@H](N)C(=O)NCC(=O)NCC(=O)O,8.05,C[C@H](N)C(=O)NCC(=O)NCC(=O)O,203.198,-2.3494,121.52,4,4,5,0,0.571429,0,0,1,0,1,0,2,1,0,,3,7.800048351287842,0.2499516487121589
363,C[C@H](N)C(=O)NCC(=O)O,8.114,C[C@H](N)C(=O)NCC(=O)O,146.146,-1.4656,92.42,3,3,3,0,0.6,0,0,1,0,1,0,2,1,0,,1,8.288818359375,-0.17481835937499923
364,C[C@H](N)C(=O)N[C@@H](C)C(=O)N[C@@H](C)C(=O)N[C@@H](C)C(=O)O,7.9625,C[C@H](N)C(=O)N[C@@H](C)C(=O)N[C@@H](C)C(=O)N[C@@H](C)C(=O)O,302.331,-2.0677,150.62,5,5,7,0,0.666667,0,0,1,0,1,0,2,1,0,,1,6.2845048904418945,1.6779951095581058
365,C[C@H](N)C(=O)N[C@@H](C)C(=O)N[C@@H](C)C(=O)O,8.065999999999999,C[C@H](N)C(=O)N[C@@H](C)C(=O)N[C@@H](C)C(=O)O,231.252,-1.5724,121.52,4,4,5,0,0.666667,0,0,1,0,1,0,2,1,0,,2,8.106528282165527,-0.040528282165528395
366,C[C@H](N)C(=O)N[C@@H](C)C(=O)O,8.286000000000001,C[C@H](N)C(=O)N[C@@H](C)C(=O)O,160.173,-1.0771,92.42,3,3,3,0,0.666667,0,0,1,0,1,0,2,1,0,,4,8.335707664489746,-0.04970766448974473
367,C[C@H](N)C(=O)N[C@@H](CCCCN)C(=O)N[C@@H](C)C(=O)O,10.533333333333331,C[C@H](N)C(=O)N[C@@H](CCCCN)C(=O)N[C@@H](C)C(=O)O,288.348,-1.4633,147.54,5,5,9,0,0.75,0,0,1,0,1,0,2,1,0,,1,4.8224568367004395,5.710876496632892
368,C[C@H](N)C(=O)O,9.847428571428573,C[C@H](N)C(=O)O,89.094,-0.5818,63.32,2,2,1,0,0.666667,0,0,1,0,1,0,2,1,0,,5,9.710025787353516,0.13740278407505713
369,C[C@H](NC(=O)CN)C(=O)NCC(=O)O,8.08,C[C@H](NC(=O)CN)C(=O)NCC(=O)O,203.198,-2.3494,121.52,4,4,5,0,0.571429,0,0,1,0,1,0,2,1,0,,3,7.800048351287842,0.2799516487121583
370,C[C@H](NC(=O)CN)C(=O)O,8.2275,C[C@H](NC(=O)CN)C(=O)O,146.146,-1.4656,92.42,3,3,3,0,0.6,0,0,1,0,1,0,2,1,0,,3,8.354267120361328,-0.12676712036132898
371,C[C@H](NC(=O)CNC(=O)CN)C(=O)O,8.02,C[C@H](NC(=O)CNC(=O)CN)C(=O)O,203.198,-2.3494,121.52,4,4,5,0,0.571429,0,0,1,0,1,0,2,1,0,,3,7.800048351287842,0.21995164871215778
372,C[C@H](NC(=O)[C@@H](N)CCCCN)C(=O)O,10.7,C[C@H](NC(=O)[C@@H](N)CCCCN)C(=O)O,217.269,-0.968,118.44,4,4,7,0,0.777778,0,0,1,0,1,0,2,1,0,,1,6.959975242614746,3.740024757385253
373,C[C@H](NC(=O)[C@H](C)NC(=O)CN)C(=O)O,8.135,C[C@H](NC(=O)[C@H](C)NC(=O)CN)C(=O)O,217.225,-1.9609,121.52,4,4,5,0,0.625,0,0,1,0,1,0,2,1,0,,2,8.2385835647583,-0.103583564758301
374,C[C@H](NCc1ccccc1)C(=O)NCC(=O)O,7.05,C[C@H](NCc1ccccc1)C(=O)NCC(=O)O,236.271,0.3655,78.43,3,3,6,1,0.333333,0,0,1,0,1,0,2,1,0,,5,7.391521453857422,-0.34152145385742205
375,C[C@H](O)[C@H](N)C(=O)O,9.053,C[C@H](O)[C@H](N)C(=O)O,119.12,-1.2209,83.55,3,3,2,0,0.75,0,0,1,0,1,0,2,1,0,,4,8.995757102966309,0.05724289703369223
376,C[C@H]1[C@@H](C1)C(=O)O,5.0,C[C@@H]1C[C@H]1C(=O)O,100.117,0.727,37.3,1,1,1,0,0.8,0,0,1,0,1,0,2,1,0,,4,4.699151515960693,0.30084848403930664
377,C[N+](C)(C)CC(O)CC(=O)O.[Cl-],3.8,C[N+](C)(C)CC(O)CC(=O)O.[Cl-],197.662,-3.4678,57.53,2,2,4,0,0.857143,0,0,1,0,1,0,2,1,0,,3,5.821655750274658,-2.0216557502746584
378,C[N+](C)(C)CCCC(=O)O.[Cl-],4.02,C[N+](C)(C)CCCC(=O)O.[Cl-],181.663,-2.4386,37.3,1,1,4,0,0.857143,0,0,1,0,1,0,2,1,0,,4,4.651044845581055,-0.6310448455810551
379,C[N+](C)(C)c1ccc(CC(=O)O)cc1.[I-],3.75,C[N+](C)(C)c1ccc(CC(=O)O)cc1.[I-],321.158,-1.4856,37.3,1,1,3,1,0.363636,0,0,1,0,1,0,2,1,0,,2,3.7888851165771484,-0.03888511657714844
380,C[N+](C)(C)c1ccc(CCC(=O)O)cc1.[I-],4.22,C[N+](C)(C)c1ccc(CCC(=O)O)cc1.[I-],335.185,-1.0955,37.3,1,1,4,1,0.416667,0,0,1,0,1,0,2,1,0,,5,4.051678657531738,0.16832134246826147
381,C[N+](C)(C)c1cccc(CC(=O)O)c1.[I-],3.66,C[N+](C)(C)c1cccc(CC(=O)O)c1.[I-],321.158,-1.4856,37.3,1,1,3,1,0.363636,0,0,1,0,1,0,2,1,0,,5,3.8276095390319824,-0.16760953903198228
382,C[N+](C)(C)c1cccc(CCC(=O)O)c1.[I-],4.17,C[N+](C)(C)c1cccc(CCC(=O)O)c1.[I-],335.185,-1.0955,37.3,1,1,4,1,0.416667,0,0,1,0,1,0,2,1,0,,2,3.885653018951416,0.2843469810485839
383,C[S+](C)c1ccc(C(=O)O)cc1,3.3,C[S+](C)c1ccc(C(=O)O)cc1,183.252,1.6216,37.3,1,1,2,1,0.222222,1,0,1,0,1,0,2,1,0,,2,4.070427894592285,-0.7704278945922853
384,C[S+](C)c1cccc(C(=O)O)c1,3.2,C[S+](C)c1cccc(C(=O)O)c1,183.252,1.6216,37.3,1,1,2,1,0.222222,1,0,1,0,1,0,2,1,0,,2,4.070427894592285,-0.870427894592285
385,C[Si](C)(C)c1ccc(C(=O)O)cc1,4.234,C[Si](C)(C)c1ccc(C(=O)O)cc1,194.306,1.93,37.3,1,1,2,1,0.3,0,0,1,0,1,0,2,1,0,,3,3.863147735595703,0.37085226440429686
386,C[Si](C)(C)c1cccc(C(=O)O)c1,4.1645,C[Si](C)(C)c1cccc(C(=O)O)c1,194.306,1.93,37.3,1,1,2,1,0.3,0,0,1,0,1,0,2,1,0,,4,3.935976266860962,0.2285237331390384
387,Cc1c(C(=O)O)nnn1-c1ccccc1,3.73,Cc1c(C(=O)O)nnn1-c1ccccc1,203.201,1.27392,68.01,3,1,2,2,0.1,0,0,1,0,1,0,2,1,0,,5,2.374591827392578,1.3554081726074219
388,Cc1c(F)c(F)c(C(=O)O)c(F)c1F,2.0,Cc1c(F)c(F)c(C(=O)O)c(F)c1F,208.11,2.24962,37.3,1,1,1,1,0.125,0,0,1,0,1,0,2,1,0,,4,3.2916300296783447,-1.2916300296783447
389,Cc1cc(=O)c(C(=O)O)c(C)o1,3.36,Cc1cc(=O)c(C(=O)O)c(C)o1,168.148,0.95484,67.51,3,1,1,1,0.25,0,0,1,0,1,0,2,1,0,,5,3.944589614868164,-0.5845896148681642
390,Cc1cc(C(=O)O)c2ccccc2c1,3.72,Cc1cc(C(=O)O)c2ccccc2c1,186.21,2.84642,37.3,1,1,1,2,0.083333,0,0,1,0,1,0,2,1,0,,1,4.0683979988098145,-0.34839799880981426
391,Cc1cc(C(=O)O)cc(C)c1C,4.52,Cc1cc(C(=O)O)cc(C)c1C,164.204,2.31006,37.3,1,1,1,1,0.3,0,0,1,0,1,0,2,1,0,,5,3.7362375259399414,0.7837624740600582
392,Cc1cc(C)c(C(=O)O)c(C)c1,3.498,Cc1cc(C)c(C(=O)O)c(C)c1,164.204,2.31006,37.3,1,1,1,1,0.3,0,0,1,0,1,0,2,1,0,,3,3.9468016624450684,-0.44880166244506814
393,Cc1cc(C)c(C(=O)O)cc1C,4.38,Cc1cc(C)c(C(=O)O)cc1C,164.204,2.31006,37.3,1,1,1,1,0.3,0,0,1,0,1,0,2,1,0,,5,3.7362375259399414,0.6437624740600585
394,Cc1cc(C)c(C)c(C(=O)O)c1,4.01,Cc1cc(C)c(C)c(C(=O)O)c1,164.204,2.31006,37.3,1,1,1,1,0.3,0,0,1,0,1,0,2,1,0,,5,3.7362375259399414,0.2737624740600584
395,Cc1cc(C)c(C)c(C(=O)O)c1C,3.416,Cc1cc(C)c(C)c(C(=O)O)c1C,178.231,2.61848,37.3,1,1,1,1,0.363636,0,0,1,0,1,0,2,1,0,,3,3.9205310344696045,-0.5045310344696046
396,Cc1cc(C)cc(C(=O)O)c1,4.343999999999999,Cc1cc(C)cc(C(=O)O)c1,150.177,2.00164,37.3,1,1,1,1,0.222222,0,0,1,0,1,0,2,1,0,,2,4.099005222320557,0.24499477767944278
397,Cc1cc(C)cc(OCC(=O)O)c1,3.2,Cc1cc(C)cc(OCC(=O)O)c1,180.203,1.76684,46.53,2,1,3,1,0.3,0,0,1,0,1,0,2,1,0,,3,4.094112873077393,-0.8941128730773924
398,Cc1cc(C)n(CC(=O)O)n1,3.9,Cc1cc(C)n(CC(=O)O)n1,154.169,0.58454,55.12,2,1,2,1,0.428571,0,0,1,0,1,0,2,1,0,,3,3.9811906814575195,-0.08119068145751962
399,Cc1cc(Cl)ccc1OCC(=O)O,3.107,Cc1cc(Cl)ccc1OCC(=O)O,200.621,2.11182,46.53,2,1,3,1,0.222222,0,0,1,0,1,0,2,1,0,,5,4.09434700012207,-0.9873470001220701
400,Cc1cc([N+](=O)[O-])c(C)c(C(=O)O)c1O,2.78,Cc1cc([N+](=O)[O-])c(C)c(C(=O)O)c1O,211.173,1.61544,100.67,4,2,2,1,0.222222,0,0,1,0,1,0,2,1,0,,2,4.8656158447265625,-2.0856158447265627
401,Cc1cc2ccccc2c(C(=O)O)c1C,2.831,Cc1cc2ccccc2c(C(=O)O)c1C,200.237,3.15484,37.3,1,1,1,2,0.153846,0,0,1,0,1,0,2,1,0,,3,3.715542793273926,-0.8845427932739258
402,Cc1ccc(C(=O)O)[nH]1,4.88,Cc1ccc(C(=O)O)[nH]1,125.127,1.02132,53.09,1,2,1,1,0.166667,0,0,1,0,1,0,2,1,0,,4,4.617578029632568,0.26242197036743153
403,Cc1ccc(C(=O)O)[se]1,3.82,Cc1ccc(C(=O)O)[se]1,189.072,0.75022,37.3,1,1,1,1,0.166667,0,0,1,0,1,0,2,1,0,,5,3.1649329662323,0.6550670337677
404,Cc1ccc(C(=O)O)c(C)c1,4.2595,Cc1ccc(C(=O)O)c(C)c1,150.177,2.00164,37.3,1,1,1,1,0.222222,0,0,1,0,1,0,2,1,0,,4,4.030359268188477,0.2291407318115235
405,Cc1ccc(C(=O)O)c(C)c1C,4.06,Cc1ccc(C(=O)O)c(C)c1C,164.204,2.31006,37.3,1,1,1,1,0.3,0,0,1,0,1,0,2,1,0,,4,4.046817779541016,0.013182220458983984
406,Cc1ccc(C(=O)O)c(N)c1,5.07,Cc1ccc(C(=O)O)c(N)c1,151.165,1.27542,63.32,2,2,1,1,0.125,0,0,1,0,1,0,2,1,0,,1,4.792717933654785,0.27728206634521513
407,Cc1ccc(C(=O)O)c(O)c1,3.1630000000000003,Cc1ccc(C(=O)O)c(O)c1,152.149,1.39882,57.53,2,2,1,1,0.125,0,0,1,0,1,0,2,1,0,,2,3.325479507446289,-0.1624795074462888
408,Cc1ccc(C(=O)O)cc1,4.383333333333334,Cc1ccc(C(=O)O)cc1,136.15,1.69322,37.3,1,1,1,1,0.125,0,0,1,0,1,0,2,1,0,,5,3.9342284202575684,0.4491049130757654
409,Cc1ccc(C(=O)O)cc1C,4.5,Cc1ccc(C(=O)O)cc1C,150.177,2.00164,37.3,1,1,1,1,0.222222,0,0,1,0,1,0,2,1,0,,3,3.935549259185791,0.564450740814209
410,Cc1ccc(C(=O)O)s1,3.73,Cc1ccc(C(=O)O)s1,142.179,1.75472,37.3,2,1,1,1,0.166667,0,0,1,0,1,0,2,1,0,,1,3.8338351249694824,-0.10383512496948244
411,Cc1ccc(C(=O)c2ccccc2C(=O)O)cc1,3.644,Cc1ccc(C(=O)c2ccccc2C(=O)O)cc1,240.258,2.92422,54.37,2,1,3,2,0.066667,0,0,1,0,1,0,2,1,0,,3,3.9558005332946777,-0.3118005332946776
412,Cc1ccc(C)c(C(=O)O)c1,4.0205,Cc1ccc(C)c(C(=O)O)c1,150.177,2.00164,37.3,1,1,1,1,0.222222,0,0,1,0,1,0,2,1,0,,4,4.030359268188477,-0.009859268188476378
413,Cc1ccc(C)c(C(=O)O)c1C,3.34,Cc1ccc(C)c(C(=O)O)c1C,164.204,2.31006,37.3,1,1,1,1,0.3,0,0,1,0,1,0,2,1,0,,1,4.12380838394165,-0.7838083839416505
414,Cc1ccc(C)c(C(=O)O)c1O,3.23,Cc1ccc(C)c(C(=O)O)c1O,166.176,1.70724,57.53,2,2,1,1,0.222222,0,0,1,0,1,0,2,1,0,,3,3.7043540477752686,-0.4743540477752686
415,Cc1ccc(C)c(C(O)C(=O)O)c1,3.57,Cc1ccc(C)c(C(O)C(=O)O)c1,180.203,1.42144,57.53,2,2,2,1,0.3,0,0,1,0,1,0,2,1,0,,5,3.3291642665863037,0.24083573341369613
416,Cc1ccc(C2CC2C(=O)O)cc1,4.6,Cc1ccc(C2CC2C(=O)O)cc1,176.215,2.18312,37.3,1,1,2,1,0.363636,0,0,1,0,1,0,2,1,0,,4,4.040702819824219,0.5592971801757809
417,Cc1ccc(CC(=O)O)cc1,4.07025,Cc1ccc(CC(=O)O)cc1,150.177,1.62212,37.3,1,1,2,1,0.222222,0,0,1,0,1,0,2,1,0,,4,4.205795764923096,-0.135545764923096
418,Cc1ccc(CCC(=O)O)cc1,4.74,Cc1ccc(CCC(=O)O)cc1,164.204,2.01222,37.3,1,1,3,1,0.3,0,0,1,0,1,0,2,1,0,,3,4.080934047698975,0.6590659523010256
419,Cc1ccc(N)c(C(=O)O)c1,5.13,Cc1ccc(N)c(C(=O)O)c1,151.165,1.27542,63.32,2,2,1,1,0.125,0,0,1,0,1,0,2,1,0,,3,4.434708595275879,0.695291404724121
420,Cc1ccc(NCC(=O)O)cc1,4.85,Cc1ccc(NCC(=O)O)cc1,165.192,1.49152,49.33,2,2,3,1,0.222222,0,0,1,0,1,0,2,1,0,,5,5.0400543212890625,-0.19005432128906286
421,Cc1ccc(O)c(C(=O)O)c1,3.026666666666667,Cc1ccc(O)c(C(=O)O)c1,152.149,1.39882,57.53,2,2,1,1,0.125,0,0,1,0,1,0,2,1,0,,4,3.5859017372131348,-0.5592350705464679
422,Cc1ccc(S(=O)(=O)CC(=O)O)cc1,2.542,Cc1ccc(S(=O)(=O)CC(=O)O)cc1,214.242,0.85332,71.44,3,1,3,1,0.222222,0,0,1,0,1,0,2,1,0,,1,2.6142466068267822,-0.07224660682678241
423,Cc1ccc(S(=O)CC(=O)O)cc1,2.74,Cc1ccc(S(=O)CC(=O)O)cc1,198.243,1.18722,54.37,2,1,3,1,0.222222,0,0,1,0,1,0,2,1,0,,4,3.4892849922180176,-0.7492849922180174
424,Cc1ccc(SCC(=O)O)cc1,3.689,Cc1ccc(SCC(=O)O)cc1,182.244,2.17172,37.3,2,1,3,1,0.222222,0,0,1,0,1,0,2,1,0,,1,3.56447696685791,0.1245230331420899
425,Cc1ccc2ccccc2c1C(=O)O,3.034,Cc1ccc2ccccc2c1C(=O)O,186.21,2.84642,37.3,1,1,1,2,0.083333,0,0,1,0,1,0,2,1,0,,1,4.0683979988098145,-1.0343979988098146
426,Cc1cccc(=O)c(O)c1C(=O)O,2.48,Cc1cccc(=O)c(O)c1C(=O)O,180.159,0.75902,74.6,3,2,1,1,0.111111,0,0,1,0,1,0,2,1,0,,3,3.4311184883117676,-0.9511184883117676
427,Cc1cccc(C(=O)O)c1,4.272666666666667,Cc1cccc(C(=O)O)c1,136.15,1.69322,37.3,1,1,1,1,0.125,0,0,1,0,1,0,2,1,0,,2,3.919283390045166,0.3533832766215008
428,Cc1cccc(C(=O)O)c1C,3.758,Cc1cccc(C(=O)O)c1C,150.177,2.00164,37.3,1,1,1,1,0.222222,0,0,1,0,1,0,2,1,0,,3,3.935549259185791,-0.177549259185791
429,Cc1cccc(C(=O)O)c1O,2.971,Cc1cccc(C(=O)O)c1O,152.149,1.39882,57.53,2,2,1,1,0.125,0,0,1,0,1,0,2,1,0,,5,3.3108789920806885,-0.3398789920806884
430,Cc1cccc(C(=O)O)n1,5.83,Cc1cccc(C(=O)O)n1,137.138,1.08822,50.19,2,1,1,1,0.142857,0,0,1,0,1,0,2,1,0,,2,4.022239685058594,1.8077603149414063
431,Cc1cccc(C)c1C(=O)O,3.307,Cc1cccc(C)c1C(=O)O,150.177,2.00164,37.3,1,1,1,1,0.222222,0,0,1,0,1,0,2,1,0,,2,4.099005222320557,-0.7920052223205567
432,Cc1cccc(NCC(=O)O)c1,4.6,Cc1cccc(NCC(=O)O)c1,165.192,1.49152,49.33,2,2,3,1,0.222222,0,0,1,0,1,0,2,1,0,,1,5.843282222747803,-1.243282222747803
433,Cc1cccc(O)c(=O)c1C(=O)O,3.15,Cc1cccc(O)c(=O)c1C(=O)O,180.159,0.75902,74.6,3,2,1,1,0.111111,0,0,1,0,1,0,2,1,0,,3,3.4311184883117676,-0.28111848831176767
434,Cc1cccc(O)c1C(=O)O,3.24,Cc1cccc(O)c1C(=O)O,152.149,1.39882,57.53,2,2,1,1,0.125,0,0,1,0,1,0,2,1,0,,1,3.156702756881714,0.08329724311828635
435,Cc1cccc(S(=O)(=O)CC(=O)O)c1,2.567,Cc1cccc(S(=O)(=O)CC(=O)O)c1,214.242,0.85332,71.44,3,1,3,1,0.222222,0,0,1,0,1,0,2,1,0,,2,2.942638874053955,-0.3756388740539549
436,Cc1cccc(S(=O)CC(=O)O)c1,2.756,Cc1cccc(S(=O)CC(=O)O)c1,198.243,1.18722,54.37,2,1,3,1,0.222222,0,0,1,0,1,0,2,1,0,,3,3.552244186401367,-0.7962441864013674
437,Cc1cccc(SCC(=O)O)c1,3.604,Cc1cccc(SCC(=O)O)c1,182.244,2.17172,37.3,2,1,3,1,0.222222,0,0,1,0,1,0,2,1,0,,5,3.794621706008911,-0.19062170600891104
438,Cc1cccc2[nH]cc(CC(N)C(=O)O)c12,16.9,Cc1cccc2[nH]cc(CC(N)C(=O)O)c12,218.256,1.43072,79.11,2,3,3,2,0.25,0,0,1,0,1,0,2,1,0,,3,7.436777591705322,9.463222408294676
439,Cc1cccc2c1[C@H](C(=O)O)[C@@]13CC(=O)[C@@](C)(CC[C@H]21)C3,4.24,Cc1cccc2c1[C@H](C(=O)O)[C@@]13CC(=O)[C@@](C)(CC[C@H]21)C3,284.355,3.40982,54.37,2,1,1,1,0.555556,0,0,1,0,1,0,2,1,0,,4,4.1017866134643555,0.13821338653564474
440,Cc1ccccc1C(=O)O,3.914,Cc1ccccc1C(=O)O,136.15,1.69322,37.3,1,1,1,1,0.125,0,0,1,0,1,0,2,1,0,,4,4.086846828460693,-0.1728468284606932
441,Cc1csc(C(=O)O)c1,3.6366666666666663,Cc1csc(C(=O)O)c1,142.179,1.75472,37.3,2,1,1,1,0.166667,0,0,1,0,1,0,2,1,0,,2,3.8144819736480713,-0.17781530698140502
442,Cc1csc(C(=O)O)n1,3.18,Cc1csc(C(=O)O)n1,143.167,1.14972,50.19,3,1,1,1,0.2,0,0,1,0,1,0,2,1,0,,1,4.98019552230835,-1.8001955223083494
443,Cc1nc(C)c(C(=O)O)cc1C(=O)O,2.81,Cc1nc(C)c(C(=O)O)cc1C(=O)O,195.174,1.09484,87.49,3,2,2,1,0.222222,0,0,2,0,2,0,4,2,0,,4,3.582418918609619,-0.7724189186096191
444,Cc1nc[nH]c1C(=O)O,7.01,Cc1nc[nH]c1C(=O)O,126.115,0.41632,65.98,2,2,1,1,0.2,0,0,1,0,1,0,2,1,0,,2,6.277525424957275,0.7324745750427244
445,Cc1ncc(CO)c(C=NC(C(=O)O)C(C)OP(=O)(O)O)c1O,10.48,Cc1ncc(CO)c(C=NC(C(=O)O)C(C)OP(=O)(O)O)c1O,348.248,-0.04218,169.77,7,5,7,1,0.416667,0,0,1,0,1,0,2,1,0,,3,6.325199604034424,4.154800395965577
446,Cc1ncc(CO)c(C=N[C@H](C(=O)O)[C@@H](C)O)c1O,9.89,Cc1ncc(CO)c(C=N[C@H](C(=O)O)[C@@H](C)O)c1O,268.269,-0.15918,123.24,6,4,5,1,0.416667,0,0,1,0,1,0,2,1,0,,2,8.403946876525879,1.4860531234741217
447,Cc1ncoc1C(=O)O,2.88,Cc1ncoc1C(=O)O,127.099,0.68122,63.33,3,1,1,1,0.2,0,0,1,0,1,0,2,1,0,,1,4.58675479888916,-1.7067547988891603
448,Cl/C=C/C(=O)O,3.79,O=C(O)/C=C/Cl,106.508,0.8235,37.3,1,1,1,0,0.0,0,0,1,0,1,0,2,1,0,,3,3.743131160736084,0.04686883926391605
449,ClC1=CC=C(C=C1)[C@H]1[C@@H](C1)C(=O)O,4.53,O=C(O)[C@@H]1C[C@H]1c1ccc(Cl)cc1,196.633,2.5281,37.3,1,1,2,1,0.3,0,0,1,0,1,0,2,1,0,,1,4.20150089263916,0.3284991073608401
450,ClC=1C=C(C=CC1)[C@H]1[C@@H](C1)C(=O)O,4.51,O=C(O)[C@@H]1C[C@H]1c1cccc(Cl)c1,196.633,2.5281,37.3,1,1,2,1,0.3,0,0,1,0,1,0,2,1,0,,1,4.20150089263916,0.30849910736083963
451,Cl[C@@H]1CC[C@H](CC1)C(=O)O,4.58,O=C(O)[C@H]1CC[C@H](Cl)CC1,162.616,1.8686,37.3,1,1,1,0,0.857143,0,0,1,0,1,0,2,1,0,,2,4.171112060546875,0.40888793945312507
452,Cl\C=C/C(=O)O,3.45,O=C(O)/C=C\Cl,106.508,0.8235,37.3,1,1,1,0,0.0,0,0,1,0,1,0,2,1,0,,2,3.9147679805755615,-0.46476798057556135
453,Cn1ccnc1C(=O)O,7.25,Cn1ccnc1C(=O)O,126.115,0.1183,55.12,2,1,1,1,0.2,0,0,1,0,1,0,2,1,0,,1,3.3642077445983887,3.8857922554016113
454,Cn1cnc(C[C@H](NC(=O)CCN)C(=O)O)c1,9.49,Cn1cnc(C[C@H](NC(=O)CCN)C(=O)O)c1,240.263,-1.1192,110.24,4,3,6,1,0.5,0,0,1,0,1,0,2,1,0,,4,8.02476692199707,1.46523307800293
455,FC1=C(C=CC=C1)/C=C/C(=O)O,4.28,O=C(O)/C=C/c1ccccc1F,166.151,1.9235,37.3,1,1,2,1,0.0,0,0,1,0,1,0,2,1,0,,1,4.078815460205078,0.20118453979492212
456,F[B-](F)(F)F.N#[N+]c1ccc(CC(=O)O)cc1,3.24,F[B-](F)(F)F.N#[N+]c1ccc(CC(=O)O)cc1,249.96,3.09828,65.45,2,1,2,1,0.125,0,0,1,0,1,0,2,1,0,,5,2.5624241828918457,0.6775758171081545
457,I/C=C/C(=O)O,3.74,O=C(O)/C=C/I,197.959,1.0197,37.3,1,1,1,0,0.0,0,0,1,0,1,0,2,1,0,,5,3.3748817443847656,0.3651182556152346
458,I\C=C/C(=O)O,3.42,O=C(O)/C=C\I,197.959,1.0197,37.3,1,1,1,0,0.0,0,0,1,0,1,0,2,1,0,,3,3.1347086429595947,0.2852913570404052
459,N#CC12CCC(C(=O)O)(CC1)C2,4.227,N#CC12CCC(C(=O)O)(CC1)C2,165.192,1.54508,61.09,2,1,1,0,0.777778,0,0,1,0,1,0,2,1,0,,3,4.132496356964111,0.09450364303588898
460,N#CC12CCC(C(=O)O)(CC1)CC2,4.545,N#CC12CCC(C(=O)O)(CC1)CC2,179.219,1.93518,61.09,2,1,1,0,0.8,0,0,1,0,1,0,2,1,0,,5,4.590555191040039,-0.045555191040039134
461,N#CC1CCC(C(=O)O)CC1,4.48,N#CC1CCC(C(=O)O)CC1,153.181,1.40098,61.09,2,1,1,0,0.75,0,0,1,0,1,0,2,1,0,,5,3.652021646499634,0.8279783535003666
462,N#CCC(=O)O,2.56025,N#CCC(=O)O,85.062,-0.01532,61.09,2,1,1,0,0.333333,0,0,1,0,1,0,2,1,0,,5,2.790527582168579,-0.2302775821685792
463,N#Cc1ccc(C(=O)O)c(O)c1,2.35,N#Cc1ccc(C(=O)O)c(O)c1,163.132,0.96208,81.32,3,2,1,1,0.0,0,0,1,0,1,0,2,1,0,,5,2.9960403442382812,-0.6460403442382812
464,N#Cc1ccc(O)c(C(=O)O)c1,2.38,N#Cc1ccc(O)c(C(=O)O)c1,163.132,0.96208,81.32,3,2,1,1,0.0,0,0,1,0,1,0,2,1,0,,1,2.53995943069458,-0.15995943069458018
465,N#Cc1ccc(OCC(=O)O)cc1,2.87,N#Cc1ccc(OCC(=O)O)cc1,177.159,1.02168,70.32,3,1,3,1,0.111111,0,0,1,0,1,0,2,1,0,,4,3.1584692001342773,-0.28846920013427724
466,N#Cc1cccc(NCC(=O)O)c1,3.78,N#Cc1cccc(NCC(=O)O)c1,176.175,1.05478,73.12,3,2,3,1,0.111111,0,0,1,0,1,0,2,1,0,,1,3.722212553024292,0.05778744697570781
467,N=C(N)NCCC[C@@H](NC(=O)[C@H](N)Cc1ccc(O)cc1)C(=O)O,9.58,N=C(N)NCCC[C@@H](NC(=O)[C@H](N)Cc1ccc(O)cc1)C(=O)O,337.38,-0.90533,174.55,5,7,9,1,0.4,0,0,1,0,1,0,2,1,0,,3,7.054769039154053,2.5252309608459473
468,NC(=O)C(N)CCC(=O)O,7.88,NC(=O)C(N)CCC(=O)O,146.146,-1.3362,106.41,3,3,4,0,0.6,0,0,1,0,1,0,2,1,0,,5,9.038030624389648,-1.1580306243896485
469,NC(=O)C(O)[C@H](N)C(=O)O,8.29,NC(=O)C(O)[C@H](N)C(=O)O,148.118,-2.7555,126.64,4,4,3,0,0.5,0,0,1,0,1,0,2,1,0,,2,7.4832377433776855,0.8067622566223136
470,NC(=O)CC[C@H](N)C(=O)NCC(=O)O,7.52,NC(=O)CC[C@H](N)C(=O)NCC(=O)O,203.198,-2.22,135.51,4,4,6,0,0.571429,0,0,1,0,1,0,2,1,0,,2,7.210367202758789,0.3096327972412105
471,NC(=O)CC[C@H](N)C(=O)O,9.07,NC(=O)CC[C@H](N)C(=O)O,146.146,-1.3362,106.41,3,3,4,0,0.6,0,0,1,0,1,0,2,1,0,,4,8.33281135559082,0.73718864440918
472,NC(=O)C[C@@](N)(O)C(=O)O,7.2,NC(=O)C[C@@](N)(O)C(=O)O,148.118,-2.4063,126.64,4,4,3,0,0.5,0,0,1,0,1,0,2,1,0,,3,7.324285984039307,-0.12428598403930646
473,NC(=O)C[C@H](N)C(=O)O,8.756666666666668,NC(=O)C[C@H](N)C(=O)O,132.119,-1.7263,106.41,3,3,3,0,0.5,0,0,1,0,1,0,2,1,0,,5,8.701993942260742,0.05467272440592552
474,NC(=O)NCCCC(NC(=O)c1ccccc1)C(=O)O,3.5575,NC(=O)NCCCC(NC(=O)c1ccccc1)C(=O)O,279.296,0.3181,121.52,3,4,7,1,0.307692,0,0,1,0,1,0,2,1,0,,4,8.228143692016602,-4.6706436920166015
475,NC(=O)NCCC[C@H](N)C(=O)O,9.41,NC(=O)NCCC[C@H](N)C(=O)O,175.188,-1.1532,118.44,3,4,5,0,0.666667,0,0,1,0,1,0,2,1,0,,3,8.582184791564941,0.8278152084350587
476,NC(C(=O)O)C(CC(=O)O)C(=O)O,3.6,NC(C(=O)O)C(CC(=O)O)C(=O)O,191.139,-1.4262,137.92,4,4,5,0,0.5,0,0,3,0,3,0,6,3,0,,5,3.1578636169433594,0.4421363830566407
477,NC(CC(=O)O)C(F)(F)F,5.831,NC(CC(=O)O)C(F)(F)F,157.091,0.3507,63.32,2,2,2,0,0.75,0,0,1,0,1,0,2,1,0,,5,8.043895721435547,-2.2128957214355465
478,NC(CC(=O)O)c1ccccc1,9.31,NC(CC(=O)O)c1ccccc1,165.192,1.1611,63.32,2,2,3,1,0.222222,0,0,1,0,1,0,2,1,0,,5,5.928225040435791,3.3817749595642095
479,NC(CC(F)(F)F)C(=O)O,8.171,NC(CC(F)(F)F)C(=O)O,157.091,0.3507,63.32,2,2,2,0,0.75,0,0,1,0,1,0,2,1,0,,1,6.5317487716674805,1.639251228332519
480,NC(Cc1c(F)c(F)c(F)c(F)c1F)C(=O)O,8.47,NC(Cc1c(F)c(F)c(F)c(F)c1F)C(=O)O,255.142,1.3365,63.32,2,2,3,1,0.222222,0,0,1,0,1,0,2,1,0,,2,5.955625534057617,2.5143744659423835
481,NC(Cc1c[nH]c2ccc(O)cc12)C(=O)O,17.95,NC(Cc1c[nH]c2ccc(O)cc12)C(=O)O,220.228,0.8279,99.34,3,4,3,2,0.181818,0,0,1,0,1,0,2,1,0,,1,11.002474784851074,6.947525215148925
482,NC(Cc1c[nH]cn1)C(=O)O,9.16,NC(Cc1c[nH]cn1)C(=O)O,155.157,-0.6359,92.0,3,3,3,1,0.333333,0,0,1,0,1,0,2,1,0,,4,8.658370018005371,0.501629981994629
483,NC(N)=NCCC[C@H](N)C(=O)O,12.48,NC(N)=NCCC[C@H](N)C(=O)O,174.204,-1.5481,127.72,3,4,5,0,0.666667,0,0,1,0,1,0,2,1,0,,1,8.665657997131348,3.8143420028686528
484,NC(N)=NOCC[C@H](N)C(=O)O,9.25,NC(N)=NOCC[C@H](N)C(=O)O,176.176,-2.0066,136.95,4,4,5,0,0.6,0,0,1,0,1,0,2,1,0,,1,8.148183822631836,1.101816177368164
485,NC1=NC(C(=O)O)CS1,8.48,NC1=NC(C(=O)O)CS1,146.171,-0.4989,75.68,4,2,1,0,0.5,0,0,1,0,1,0,2,1,0,,1,6.442715167999268,2.037284832000733
486,NCC(=O)N1CCC[C@H]1C(=O)O,8.5925,NCC(=O)N1CCC[C@H]1C(=O)O,172.184,-0.9793,83.63,3,2,2,0,0.714286,0,0,1,0,1,0,2,1,0,,5,7.983068943023682,0.6094310569763177
487,NCC(=O)NCC(=O)NCC(=O)NC(Cc1c[nH]cn1)C(=O)O,8.11,NCC(=O)NCC(=O)NCC(=O)NC(Cc1c[nH]cn1)C(=O)O,326.313,-3.2873,179.3,6,6,9,1,0.416667,0,0,1,0,1,0,2,1,0,,2,8.685029983520508,-0.5750299835205084
488,NCC(=O)NCC(=O)NCC(=O)NCC(=O)O,7.95,NCC(=O)NCC(=O)NCC(=O)NCC(=O)O,246.223,-3.6217,150.62,5,5,7,0,0.5,0,0,1,0,1,0,2,1,0,,1,6.361271381378174,1.5887286186218263
489,NCC(=O)NCC(=O)NCC(=O)O,8.11,NCC(=O)NCC(=O)NCC(=O)O,189.171,-2.7379,121.52,4,4,5,0,0.5,0,0,1,0,1,0,2,1,0,,3,7.600791931152344,0.5092080688476557
490,NCC(=O)NCC(=O)O,8.231928571428572,NCC(=O)NCC(=O)O,132.119,-1.8541,92.42,3,3,3,0,0.5,0,0,1,0,1,0,2,1,0,,4,8.378331184387207,-0.1464026129586351
491,NCC(=O)N[C@@H](CO)C(=O)NCC(=O)O,7.99,NCC(=O)N[C@@H](CO)C(=O)NCC(=O)O,219.197,-3.377,141.75,5,5,6,0,0.571429,0,0,1,0,1,0,2,1,0,,5,8.18359375,-0.1935937499999998
492,NCC(=O)N[C@@H](CO)C(=O)O,8.24,NCC(=O)N[C@@H](CO)C(=O)O,162.145,-2.4932,112.65,4,4,4,0,0.6,0,0,1,0,1,0,2,1,0,,2,6.872602939605713,1.3673970603942873
493,NCC(=O)N[C@@H](Cc1c[nH]c2ccccc12)C(=O)O,8.06,NCC(=O)N[C@@H](Cc1c[nH]c2ccccc12)C(=O)O,261.281,0.2385,108.21,3,4,5,2,0.230769,0,0,1,0,1,0,2,1,0,,5,11.324507713317871,-3.2645077133178706
494,NCC(=O)N[C@@H](Cc1c[nH]cn1)C(=O)O,8.24,NCC(=O)N[C@@H](Cc1c[nH]cn1)C(=O)O,212.209,-1.5197,121.1,4,4,5,1,0.375,0,0,1,0,1,0,2,1,0,,5,8.157960891723633,0.0820391082763674
495,NCC(=O)N[C@@H](Cc1ccc(O)cc1)C(=O)O,8.24,NCC(=O)N[C@@H](Cc1ccc(O)cc1)C(=O)O,238.243,-0.5372,112.65,4,4,5,1,0.272727,0,0,1,0,1,0,2,1,0,,3,8.252222061157227,-0.01222206115722635
496,NCC(=O)N[C@@H](Cc1ccccc1)C(=O)O,8.245000000000001,NCC(=O)N[C@@H](Cc1ccccc1)C(=O)O,222.244,-0.2428,92.42,3,3,5,1,0.272727,0,0,1,0,1,0,2,1,0,,1,8.763463973999023,-0.5184639739990224
497,NCC(=O)N[C@@H](Cc1cnc[nH]1)C(=O)N[C@@H](CCC(=O)O)C(=O)O,6.65,NCC(=O)N[C@@H](Cc1cnc[nH]1)C(=O)N[C@@H](CCC(=O)O)C(=O)O,341.324,-2.1701,187.5,6,6,10,1,0.461538,0,0,2,0,2,0,4,2,0,,2,5.254192352294922,1.3958076477050785
498,NCC(=O)N[C@@H](Cc1cnc[nH]1)C(=O)O,8.2,NCC(=O)N[C@@H](Cc1cnc[nH]1)C(=O)O,212.209,-1.5197,121.1,4,4,5,1,0.375,0,0,1,0,1,0,2,1,0,,4,7.808560371398926,0.3914396286010735
499,NCC(=O)O,9.746006666666666,NCC(=O)O,75.067,-0.9703,63.32,2,2,1,0,0.5,0,0,1,0,1,0,2,1,0,,2,7.194112777709961,2.5518938889567053
500,NCC(N)C(=O)O,9.555,NCC(N)C(=O)O,104.109,-1.643,89.34,3,3,2,0,0.666667,0,0,1,0,1,0,2,1,0,,5,9.552384376525879,0.0026156234741208095
501,NCC(O)C(=O)O,9.33,NCC(O)C(=O)O,105.093,-1.6094,83.55,3,3,2,0,0.666667,0,0,1,0,1,0,2,1,0,,1,9.772727012634277,-0.4427270126342773
502,NCCC(=O)O,10.2552,NCCC(=O)O,89.094,-0.5802,63.32,2,2,2,0,0.666667,0,0,1,0,1,0,2,1,0,,2,8.550162315368652,1.705037684631348
503,NCCCC(=O)O,10.515175,NCCCC(=O)O,103.121,-0.1901,63.32,2,2,3,0,0.75,0,0,1,0,1,0,2,1,0,,2,10.164198875427246,0.3509761245727532
504,NCCCCC(=O)O,10.6572,NCCCCC(=O)O,117.148,0.2,63.32,2,2,4,0,0.8,0,0,1,0,1,0,2,1,0,,5,10.321394920349121,0.33580507965087847
505,NCCCCCC(=O)O,10.808,NCCCCCC(=O)O,131.175,0.5901,63.32,2,2,5,0,0.833333,0,0,1,0,1,0,2,1,0,,4,8.72468376159668,2.08331623840332
506,NCCCC[C@H](N)C(=O)O,10.69,NCCCC[C@H](N)C(=O)O,146.19,-0.4727,89.34,3,3,5,0,0.833333,0,0,1,0,1,0,2,1,0,,5,9.18120288848877,1.50879711151123
507,NCCC[C@H](N)C(=O)O,8.773333333333333,NCCC[C@H](N)C(=O)O,132.163,-0.8628,89.34,3,3,4,0,0.8,0,0,1,0,1,0,2,1,0,,4,8.97250747680664,-0.1991741434733072
508,NCC[C@H](N)C(=O)O,10.25,NCC[C@H](N)C(=O)O,118.136,-1.2529,89.34,3,3,3,0,0.75,0,0,1,0,1,0,2,1,0,,1,9.467087745666504,0.7829122543334961
509,NC[C@H](N)C(=O)O,9.34,NC[C@H](N)C(=O)O,104.109,-1.643,89.34,3,3,2,0,0.666667,0,0,1,0,1,0,2,1,0,,1,9.923799514770508,-0.583799514770508
510,NCc1ccc(CCC(=O)O)cc1,4.28,NCc1ccc(CCC(=O)O)cc1,179.219,1.1625,63.32,2,2,4,1,0.3,0,0,1,0,1,0,2,1,0,,5,5.169345855712891,-0.8893458557128904
511,NCc1ccccc1CCC(=O)O,4.22,NCc1ccccc1CCC(=O)O,179.219,1.1625,63.32,2,2,4,1,0.3,0,0,1,0,1,0,2,1,0,,4,5.966660976409912,-1.7466609764099124
512,NOCC[C@H](N)C(=O)O,9.2,NOCC[C@H](N)C(=O)O,134.135,-1.3213,98.57,4,3,4,0,0.75,0,0,1,0,1,0,2,1,0,,5,7.439074516296387,1.7609254837036126
513,NS(=O)(=O)c1ccc(C(=O)O)cc1,3.47,NS(=O)(=O)c1ccc(C(=O)O)cc1,201.203,0.0322,97.46,3,2,2,1,0.0,0,0,1,0,1,0,2,1,0,,4,3.6661219596862793,-0.1961219596862791
514,NS(=O)(=O)c1cccc(C(=O)O)c1,3.54,NS(=O)(=O)c1cccc(C(=O)O)c1,201.203,0.0322,97.46,3,2,2,1,0.0,0,0,1,0,1,0,2,1,0,,3,3.6400270462036133,-0.10002704620361325
515,N[C@@H](CC(=O)O)C(=O)O,3.8392857142857135,N[C@@H](CC(=O)O)C(=O)O,133.103,-1.127,100.62,3,3,3,0,0.5,0,0,2,0,2,0,4,2,0,,2,3.6269044876098633,0.21238122667585024
516,N[C@@H](CCC(=O)O)C(=O)O,4.2375,N[C@@H](CCC(=O)O)C(=O)O,147.13,-0.7369,100.62,3,3,4,0,0.6,0,0,2,0,2,0,4,2,0,,2,3.4576714038848877,0.7798285961151121
517,N[C@@H](CCC(=O)OCc1ccccc1)C(=O)O,9.0,N[C@@H](CCC(=O)OCc1ccccc1)C(=O)O,237.255,0.9219,89.62,4,2,6,1,0.333333,0,0,1,0,1,0,2,1,0,,4,5.68911600112915,3.3108839988708496
518,N[C@@H](CCC(F)(F)F)C(=O)O,8.916,N[C@@H](CCC(F)(F)F)C(=O)O,171.118,0.7408,63.32,2,2,3,0,0.8,0,0,1,0,1,0,2,1,0,,2,6.74246072769165,2.17353927230835
519,N[C@@H](CCCC(F)(F)F)C(=O)O,9.463,N[C@@H](CCCC(F)(F)F)C(=O)O,185.145,1.1309,63.32,2,2,4,0,0.833333,0,0,1,0,1,0,2,1,0,,4,6.643928050994873,2.819071949005126
520,N[C@@H](CCS)C(=O)O,8.87,N[C@@H](CCS)C(=O)O,135.188,-0.2818,63.32,3,3,3,0,0.75,0,0,1,0,1,0,2,1,0,,1,8.579984664916992,0.29001533508300703
521,N[C@@H](CCSSCC[C@H](N)C(=O)O)C(=O)O,8.523,N[C@@H](CCSSCC[C@H](N)C(=O)O)C(=O)O,268.36,-0.0282,126.64,6,4,9,0,0.75,0,0,2,0,2,0,4,2,0,,1,6.122961521148682,2.400038478851318
522,N[C@@H](CO)C(=O)NCC(=O)O,7.33,N[C@@H](CO)C(=O)NCC(=O)O,162.145,-2.4932,112.65,4,4,4,0,0.6,0,0,1,0,1,0,2,1,0,,5,7.928106307983398,-0.5981063079833984
523,N[C@@H](CO)C(=O)N[C@@H](CCC(=O)O)C(=O)O,4.34,N[C@@H](CO)C(=O)N[C@@H](CCC(=O)O)C(=O)O,234.208,-2.2598,149.95,5,5,7,0,0.625,0,0,2,0,2,0,4,2,0,,3,4.658102035522461,-0.3181020355224611
524,N[C@@H](CO)C(=O)O,9.161333333333332,N[C@@H](CO)C(=O)O,105.093,-1.6094,83.55,3,3,2,0,0.666667,0,0,1,0,1,0,2,1,0,,1,9.772727012634277,-0.6113936793009458
525,N[C@@H](COP(=O)(O)O)C(=O)O,2.08,N[C@@H](COP(=O)(O)O)C(=O)O,185.072,-1.4924,130.08,4,4,4,0,0.666667,0,0,1,0,1,0,2,1,0,,1,6.438021183013916,-4.358021183013916
526,N[C@@H](CS(=O)(=O)O)C(=O)O,1.89,N[C@@H](CS(=O)(=O)O)C(=O)O,169.158,-1.7139,117.69,4,3,3,0,0.666667,0,1,2,0,4,0,3,1,0,,5,2.0908403396606445,-0.20084033966064463
527,N[C@@H](CS)C(=O)O,8.36,N[C@@H](CS)C(=O)O,121.161,-0.6719,63.32,3,3,2,0,0.666667,0,0,1,0,1,0,2,1,0,,1,8.68565559387207,-0.3256555938720709
528,N[C@@H](Cc1c[nH]c(S)n1)C(=O)O,8.47,N[C@@H](Cc1c[nH]c(S)n1)C(=O)O,187.224,-0.3472,92.0,4,4,3,1,0.333333,0,0,1,0,1,0,2,1,0,,3,8.394393920898438,0.07560607910156314
529,N[C@@H](Cc1c[nH]c2ccccc12)C(=O)O,9.3825,N[C@@H](Cc1c[nH]c2ccccc12)C(=O)O,204.229,1.1223,79.11,2,3,3,2,0.181818,0,0,1,0,1,0,2,1,0,,1,11.497529029846191,-2.115029029846191
530,N[C@@H](Cc1c[nH]nn1)C(=O)O,8.55,N[C@@H](Cc1c[nH]nn1)C(=O)O,156.145,-1.2409,104.89,4,3,3,1,0.4,0,0,1,0,1,0,2,1,0,,2,8.100648880004883,0.4493511199951179
531,N[C@@H](Cc1cc(Br)c(O)c(Br)c1)C(=O)O,6.45,N[C@@H](Cc1cc(Br)c(O)c(Br)c1)C(=O)O,338.983,1.8716,83.55,3,3,3,1,0.222222,0,0,1,0,1,0,2,1,0,,3,6.3509979248046875,0.09900207519531268
532,N[C@@H](Cc1cc(Cl)c(O)c(Cl)c1)C(=O)O,6.47,N[C@@H](Cc1cc(Cl)c(O)c(Cl)c1)C(=O)O,250.081,1.6534,83.55,3,3,3,1,0.222222,0,0,1,0,1,0,2,1,0,,1,7.449467182159424,-0.9794671821594241
533,N[C@@H](Cc1cc(I)c(O)c(I)c1)C(=O)O,6.48,N[C@@H](Cc1cc(I)c(O)c(I)c1)C(=O)O,432.983,1.5558,83.55,3,3,3,1,0.222222,0,0,1,0,1,0,2,1,0,,1,6.628065586090088,-0.14806558609008746
534,N[C@@H](Cc1cc[nH]n1)C(=O)O,8.95,N[C@@H](Cc1cc[nH]n1)C(=O)O,155.157,-0.6359,92.0,3,3,3,1,0.333333,0,0,1,0,1,0,2,1,0,,1,8.939032554626465,0.010967445373534446
535,N[C@@H](Cc1ccc(O)c(O)c1)C(=O)O,8.72,N[C@@H](Cc1ccc(O)c(O)c1)C(=O)O,197.19,0.0522,103.78,4,4,3,1,0.222222,0,0,1,0,1,0,2,1,0,,1,6.319057464599609,2.4009425354003913
536,N[C@@H](Cc1ccc(O)cc1)C(=O)N[C@@H](Cc1ccc(O)cc1)C(=O)O,7.68,N[C@@H](Cc1ccc(O)cc1)C(=O)N[C@@H](Cc1ccc(O)cc1)C(=O)O,344.367,0.7797,132.88,5,5,7,2,0.222222,0,0,1,0,1,0,2,1,0,,2,8.359420776367188,-0.6794207763671878
537,N[C@@H](Cc1ccc(O)cc1)C(=O)O,9.59,N[C@@H](Cc1ccc(O)cc1)C(=O)O,181.191,0.3466,83.55,3,3,3,1,0.222222,0,0,1,0,1,0,2,1,0,,2,7.615382194519043,1.974617805480957
538,N[C@@H](Cc1ccccc1)C(=O)NCC(=O)O,7.68,N[C@@H](Cc1ccccc1)C(=O)NCC(=O)O,222.244,-0.2428,92.42,3,3,5,1,0.272727,0,0,1,0,1,0,2,1,0,,1,8.763463973999023,-1.0834639739990237
539,N[C@@H](Cc1ccccc1)C(=O)O,9.1425,N[C@@H](Cc1ccccc1)C(=O)O,165.192,0.641,63.32,2,2,3,1,0.222222,0,0,1,0,1,0,2,1,0,,3,6.081121921539307,3.0613780784606934
540,N[C@@H](Cc1cn(Cc2ccccc2)cn1)C(=O)O,9.3,N[C@@H](Cc1cn(Cc2ccccc2)cn1)C(=O)O,245.282,0.8858,81.14,3,2,5,2,0.230769,0,0,1,0,1,0,2,1,0,,1,8.541686058044434,0.7583139419555671
541,N[C@@H](Cc1cnc(I)[nH]1)C(=O)O,8.62,N[C@@H](Cc1cnc(I)[nH]1)C(=O)O,281.053,-0.0313,92.0,3,3,3,1,0.333333,0,0,1,0,1,0,2,1,0,,2,8.22280216217041,0.39719783782958906
542,N[C@@H](Cc1cnc[nH]1)C(=O)NCC(=O)O,5.96,N[C@@H](Cc1cnc[nH]1)C(=O)NCC(=O)O,212.209,-1.5197,121.1,4,4,5,1,0.375,0,0,1,0,1,0,2,1,0,,5,8.157960891723633,-2.197960891723633
543,N[C@@H](Cc1cnc[nH]1)C(=O)O,9.281428571428572,N[C@@H](Cc1cnc[nH]1)C(=O)O,155.157,-0.6359,92.0,3,3,3,1,0.333333,0,0,1,0,1,0,2,1,0,,2,8.818215370178223,0.46321320125034937
544,N[C@@H](Cc1nc(I)[nH]c1I)C(=O)O,8.18,N[C@@H](Cc1nc(I)[nH]c1I)C(=O)O,406.949,0.5733,92.0,3,3,3,1,0.333333,0,0,1,0,1,0,2,1,0,,3,7.2965617179870605,0.8834382820129392
545,N[C@H](C(=O)O)C(O)CC(=O)O,4.29,N[C@H](C(=O)O)C(O)CC(=O)O,163.129,-1.7661,120.85,4,4,4,0,0.6,0,0,2,0,2,0,4,2,0,,1,3.9044361114501953,0.3855638885498047
546,N[C@H](C(=O)O)[C@H](O)C(F)(F)F,7.781,N[C@H](C(=O)O)[C@H](O)C(F)(F)F,173.09,-0.6785,83.55,3,3,2,0,0.75,0,0,1,0,1,0,2,1,0,,1,9.740585327148438,-1.9595853271484378
547,Nc1c(C(=O)O)[nH]c(=O)[nH]c1=O,2.63,Nc1c(C(=O)O)[nH]c(=O)[nH]c1=O,171.112,-1.6564,129.04,4,4,1,1,0.0,0,0,1,0,1,0,2,1,0,,2,4.757408142089844,-2.127408142089844
548,Nc1c(NCC(=O)O)nc(Cl)nc1C(=O)O,4.48,Nc1c(NCC(=O)O)nc(Cl)nc1C(=O)O,246.61,-0.0931,138.43,6,4,4,1,0.142857,0,0,2,0,2,0,4,2,0,,5,2.8732545375823975,1.606745462417603
549,Nc1cc(Br)ccc1C(=O)O,4.37,Nc1cc(Br)ccc1C(=O)O,216.034,1.7295,63.32,2,2,1,1,0.0,0,0,1,0,1,0,2,1,0,,1,3.9248876571655273,0.44511234283447276
550,Nc1cc(C(=O)O)c2ccccc2c1,4.39,Nc1cc(C(=O)O)c2ccccc2c1,187.198,2.1202,63.32,2,2,1,2,0.0,0,0,1,0,1,0,2,1,0,,1,4.7352728843688965,-0.3452728843688968
551,Nc1cc(C(=O)O)cc([N+](=O)[O-])c1,3.55,Nc1cc(C(=O)O)cc([N+](=O)[O-])c1,182.135,0.8752,106.46,4,2,2,1,0.0,0,0,1,0,1,0,2,1,0,,1,3.095712423324585,0.45428757667541486
552,Nc1cc(C(=O)O)cc2ccccc12,4.46,Nc1cc(C(=O)O)cc2ccccc12,187.198,2.1202,63.32,2,2,1,2,0.0,0,0,1,0,1,0,2,1,0,,4,4.180949687957764,0.2790503120422363
553,Nc1cc(Cl)ccc1C(=O)O,4.44,Nc1cc(Cl)ccc1C(=O)O,171.583,1.6204,63.32,2,2,1,1,0.0,0,0,1,0,1,0,2,1,0,,1,4.391791820526123,0.048208179473877344
554,Nc1cc(F)ccc1C(=O)O,4.6,Nc1cc(F)ccc1C(=O)O,155.128,1.1061,63.32,2,2,1,1,0.0,0,0,1,0,1,0,2,1,0,,2,4.591530799865723,0.008469200134276988
555,Nc1cc([N+](=O)[O-])ccc1C(=O)O,3.7,Nc1cc([N+](=O)[O-])ccc1C(=O)O,182.135,0.8752,106.46,4,2,2,1,0.0,0,0,1,0,1,0,2,1,0,,5,3.2185652256011963,0.4814347743988039
556,Nc1ccc(Br)cc1C(=O)O,4.41,Nc1ccc(Br)cc1C(=O)O,216.034,1.7295,63.32,2,2,1,1,0.0,0,0,1,0,1,0,2,1,0,,3,3.6575870513916016,0.7524129486083986
557,Nc1ccc(C(=O)O)c(O)c1,3.356666666666667,Nc1ccc(C(=O)O)c(O)c1,153.137,0.6726,83.55,3,3,1,1,0.0,0,0,1,0,1,0,2,1,0,,5,4.492738246917725,-1.1360715802510577
558,Nc1ccc(C(=O)O)cc1,4.832833333333333,Nc1ccc(C(=O)O)cc1,137.138,0.967,63.32,2,2,1,1,0.0,0,0,1,0,1,0,2,1,0,,5,5.520810127258301,-0.6879767939249675
559,Nc1ccc(Cl)cc1C(=O)O,4.35,Nc1ccc(Cl)cc1C(=O)O,171.583,1.6204,63.32,2,2,1,1,0.0,0,0,1,0,1,0,2,1,0,,1,4.391791820526123,-0.0417918205261234
560,Nc1ccc(F)cc1C(=O)O,4.82,Nc1ccc(F)cc1C(=O)O,155.128,1.1061,63.32,2,2,1,1,0.0,0,0,1,0,1,0,2,1,0,,1,4.668721675872803,0.15127832412719755
561,Nc1ccc(O)cc1C(=O)O,5.37,Nc1ccc(O)cc1C(=O)O,153.137,0.6726,83.55,3,3,1,1,0.0,0,0,1,0,1,0,2,1,0,,2,3.4729502201080322,1.8970497798919679
562,Nc1ccc(Oc2ccccc2)cc1C(=O)O,4.88,Nc1ccc(Oc2ccccc2)cc1C(=O)O,229.235,2.7593,72.55,3,2,3,2,0.0,0,0,1,0,1,0,2,1,0,,5,6.428299427032471,-1.5482994270324708
563,Nc1cccc(C(=O)O)c1,4.749,Nc1cccc(C(=O)O)c1,137.138,0.967,63.32,2,2,1,1,0.0,0,0,1,0,1,0,2,1,0,,5,5.520810127258301,-0.7718101272583011
564,Nc1ccccc1C(=O)O,4.911714285714285,Nc1ccccc1C(=O)O,137.138,0.967,63.32,2,2,1,1,0.0,0,0,1,0,1,0,2,1,0,,5,5.520810127258301,-0.6090958415440157
565,O=C(/C=C/c1ccc(O)c(O)c1)O[C@@H]1C[C@](O)(C(=O)O)C[C@@H](O)[C@H]1O,3.545,O=C(/C=C/c1ccc(O)c(O)c1)O[C@@H]1C[C@](O)(C(=O)O)C[C@@H](O)[C@H]1O,354.311,-0.6459,164.75,8,6,4,1,0.375,0,0,1,0,1,0,2,1,0,,5,8.261725425720215,-4.716725425720215
566,O=C(CCNC(=O)OCc1ccccc1)N[C@@H](Cc1cnc[nH]1)C(=O)O,6.964,O=C(CCNC(=O)OCc1ccccc1)N[C@@H](Cc1cnc[nH]1)C(=O)O,360.37,0.8381,133.41,5,4,9,2,0.294118,0,0,1,0,1,0,2,1,0,,5,7.094485759735107,-0.130485759735107
567,O=C(O)/C=C/C(=O)O,3.326,O=C(O)/C=C/C(=O)O,116.072,-0.2882,74.6,2,2,2,0,0.0,0,0,2,0,2,0,4,2,0,,5,2.3176121711730957,1.0083878288269044
568,O=C(O)/C=C/c1ccc(O)cc1,4.64,O=C(O)/C=C/c1ccc(O)cc1,164.16,1.49,57.53,2,2,2,1,0.0,0,0,1,0,1,0,2,1,0,,5,3.062747001647949,1.5772529983520505
569,O=C(O)C#CBr,1.855,O=C(O)C#CBr,148.943,0.4268,37.3,1,1,0,0,0.0,0,0,1,0,1,0,2,1,0,,3,2.7528553009033203,-0.8978553009033203
570,O=C(O)C#CCl,1.845,O=C(O)C#CCl,104.492,0.2707,37.3,1,1,0,0,0.0,0,0,1,0,1,0,2,1,0,,2,1.6410131454467773,0.20398685455322263
571,O=C(O)C#Cc1ccccc1,2.23,O=C(O)C#Cc1ccccc1,146.145,1.1227,37.3,1,1,0,1,0.0,0,0,1,0,1,0,2,1,0,,3,2.833714485168457,-0.603714485168457
572,O=C(O)C(=O)C=S1SCC=C1c1ccccc1,2.75,O=C(O)C(=O)C=S1SCC=C1c1ccccc1,266.343,2.4141,54.37,3,1,3,1,0.083333,0,0,1,0,1,0,2,1,0,,2,2.49216365814209,0.25783634185791016
573,O=C(O)C(=O)O,1.1902222222222223,O=C(O)C(=O)O,90.034,-0.8444,74.6,2,2,0,0,0.0,0,0,2,0,2,0,4,2,0,,4,3.917044162750244,-2.726821940528022
574,O=C(O)C(Br)(Br)Br,0.72,O=C(O)C(Br)(Br)Br,296.74,1.9095,37.3,1,1,0,0,0.5,0,0,1,0,1,0,2,1,0,,2,2.4503321647644043,-1.7303321647644043
575,O=C(O)C(Br)Br,1.48,O=C(O)C(Br)Br,217.844,1.1869,37.3,1,1,1,0,0.5,0,0,1,0,1,0,2,1,0,,5,2.651958703994751,-1.171958703994751
576,O=C(O)C(C(=O)O)c1ccccc1,2.77,O=C(O)C(C(=O)O)c1ccccc1,180.159,0.9394,74.6,2,2,3,1,0.111111,0,0,2,0,2,0,4,2,0,,5,2.525775909423828,0.2442240905761719
577,O=C(O)C(Cc1ccccc1)C(=O)O,2.91,O=C(O)C(Cc1ccccc1)C(=O)O,194.186,1.0145,74.6,2,2,4,1,0.2,0,0,2,0,2,0,4,2,0,,2,2.9671502113342285,-0.057150211334228374
578,O=C(O)C(Cl)(Cl)Cl,0.001,O=C(O)C(Cl)(Cl)Cl,163.387,1.4412,37.3,1,1,0,0,0.5,0,0,1,0,1,0,2,1,0,,2,2.979203462600708,-2.978203462600708
579,O=C(O)C(Cl)Cl,1.3250000000000002,O=C(O)C(Cl)Cl,128.942,0.8747,37.3,1,1,1,0,0.5,0,0,1,0,1,0,2,1,0,,5,1.9508497714996338,-0.6258497714996336
580,O=C(O)C(F)(F)Cl,0.46,O=C(O)C(F)(F)Cl,130.477,0.9026,37.3,1,1,1,0,0.5,0,0,1,0,1,0,2,1,0,,3,3.5169179439544678,-3.056917943954468
581,O=C(O)C(F)(F)F,0.52,O=C(O)C(F)(F)F,114.022,0.6333,37.3,1,1,0,0,0.5,0,0,1,0,1,0,2,1,0,,4,2.686879873275757,-2.166879873275757
582,O=C(O)C(F)F,1.235,O=C(O)C(F)F,96.032,0.3361,37.3,1,1,1,0,0.5,0,0,1,0,1,0,2,1,0,,3,3.7656846046447754,-2.530684604644775
583,O=C(O)C(O)(CO)CO,3.29,O=C(O)C(O)(CO)CO,136.103,-2.2133,97.99,4,4,3,0,0.75,0,0,1,0,1,0,2,1,0,,1,7.5866875648498535,-4.2966875648498535
584,O=C(O)C(O)(O)C(O)(O)C(=O)O,1.95,O=C(O)C(O)(O)C(O)(O)C(=O)O,182.084,-3.4826,155.52,6,6,3,0,0.5,0,0,2,0,2,0,4,2,0,,1,2.449697971343994,-0.4996979713439942
585,O=C(O)C(O)=C(O)C(=O)O,1.57,O=C(O)C(O)=C(O)C(=O)O,148.07,-0.5168,115.06,4,4,2,0,0.0,0,0,2,0,2,0,4,2,0,,3,2.7511582374572754,-1.1811582374572753
586,O=C(O)C(O)C(=O)O,2.37,O=C(O)C(O)C(=O)O,120.06,-1.4835,94.83,3,3,2,0,0.333333,0,0,2,0,2,0,4,2,0,,3,4.356060981750488,-1.9860609817504882
587,O=C(O)C(O)C(O)C(=O)O,2.6,O=C(O)C(O)C(O)C(=O)O,150.086,-2.1226,115.06,4,4,3,0,0.5,0,0,2,0,2,0,4,2,0,,2,2.2220170497894287,0.3779829502105714
588,O=C(O)C(O)C(O)C(O)C(=O)O,3.29,O=C(O)C(O)C(O)C(O)C(=O)O,180.112,-2.7617,135.29,5,5,4,0,0.6,0,0,2,0,2,0,4,2,0,,4,3.5952584743499756,-0.30525847434997555
589,O=C(O)C(O)CC([N+](=O)[O-])([N+](=O)[O-])[N+](=O)[O-],3.05,O=C(O)C(O)CC([N+](=O)[O-])([N+](=O)[O-])[N+](=O)[O-],239.096,-1.6941,186.95,8,2,6,0,0.75,0,0,1,0,1,0,2,1,0,,2,3.24672794342041,-0.19672794342041033
590,O=C(O)C(O)c1ccc(Br)cc1,3.15,O=C(O)C(O)c1ccc(Br)cc1,231.045,1.5671,57.53,2,2,2,1,0.125,0,0,1,0,1,0,2,1,0,,2,2.8425846099853516,0.30741539001464835
591,O=C(O)C(O)c1ccc(Cl)cc1,3.15,O=C(O)C(O)c1ccc(Cl)cc1,186.594,1.458,57.53,2,2,2,1,0.125,0,0,1,0,1,0,2,1,0,,3,3.3429582118988037,-0.1929582118988038
592,O=C(O)C(O)c1ccc(F)cc1,3.19,O=C(O)C(O)c1ccc(F)cc1,170.139,0.9437,57.53,2,2,2,1,0.125,0,0,1,0,1,0,2,1,0,,2,3.6903693675994873,-0.5003693675994874
593,O=C(O)C(O)c1ccc(I)cc1,3.14,O=C(O)C(O)c1ccc(I)cc1,278.045,1.4092,57.53,2,2,2,1,0.125,0,0,1,0,1,0,2,1,0,,1,3.371687173843384,-0.23168717384338366
594,O=C(O)C(O)c1ccccc1,3.165,O=C(O)C(O)c1ccccc1,152.149,0.8046,57.53,2,2,2,1,0.125,0,0,1,0,1,0,2,1,0,,5,3.6153242588043213,-0.45032425880432125
595,O=C(O)C(O)c1ccccc1Br,3.32,O=C(O)C(O)c1ccccc1Br,231.045,1.5671,57.53,2,2,2,1,0.125,0,0,1,0,1,0,2,1,0,,2,2.8425846099853516,0.4774153900146483
596,O=C(O)C(O)c1ccccc1Cl,3.31,O=C(O)C(O)c1ccccc1Cl,186.594,1.458,57.53,2,2,2,1,0.125,0,0,1,0,1,0,2,1,0,,3,3.3429582118988037,-0.03295821189880366
597,O=C(O)C(O)c1ccccc1F,3.3,O=C(O)C(O)c1ccccc1F,170.139,0.9437,57.53,2,2,2,1,0.125,0,0,1,0,1,0,2,1,0,,2,3.6903693675994873,-0.3903693675994875
598,O=C(O)C(S)C(S)C(=O)O,2.71,O=C(O)C(S)C(S)C(=O)O,182.222,-0.2476,74.6,4,4,3,0,0.5,0,0,2,0,2,0,4,2,0,,3,3.4738810062408447,-0.7638810062408448
599,O=C(O)C(SC(C(=O)O)c1ccccc1)c1ccccc1,2.61,O=C(O)C(SC(C(=O)O)c1ccccc1)c1ccccc1,302.351,3.3714,74.6,3,2,6,2,0.125,0,0,2,0,2,0,4,2,0,,3,2.9139227867126465,-0.3039227867126466
600,O=C(O)C1(O)CC(O)C(O)C(O)C1,3.54,O=C(O)C1(O)CC(O)C(O)C(O)C1,192.167,-2.3214,118.22,5,5,1,0,0.857143,0,0,1,0,1,0,2,1,0,,3,7.072022438049316,-3.5320224380493164
601,O=C(O)C1(O)CCCC1,4.0016,O=C(O)C1(O)CCCC1,130.143,0.3761,57.53,2,2,1,0,0.833333,0,0,1,0,1,0,2,1,0,,3,7.451609134674072,-3.4500091346740724
602,O=C(O)C1(O)CCCCC1,4.013666666666667,O=C(O)C1(O)CCCCC1,144.17,0.7662,57.53,2,2,1,0,0.857143,0,0,1,0,1,0,2,1,0,,5,4.239314079284668,-0.2256474126180006
603,O=C(O)C1(O)CCCCCC1,4.063,O=C(O)C1(O)CCCCCC1,158.197,1.1563,57.53,2,2,1,0,0.875,0,0,1,0,1,0,2,1,0,,1,5.777021408081055,-1.714021408081055
604,O=C(O)C12CC(C1)C2,4.09,O=C(O)C12CC(C1)C2,112.128,0.8711,37.3,1,1,1,0,0.833333,0,0,1,0,1,0,2,1,0,,1,4.683948516845703,-0.5939485168457033
605,O=C(O)C12CCC(Br)(CC1)C2,4.356,O=C(O)C12CCC(Br)(CC1)C2,219.078,2.1688,37.3,1,1,1,0,0.875,0,0,1,0,1,0,2,1,0,,3,3.9264960289001465,0.4295039710998534
606,O=C(O)C12CCC(Br)(CC1)CC2,4.619,O=C(O)C12CCC(Br)(CC1)CC2,233.105,2.5589,37.3,1,1,1,0,0.888889,0,0,1,0,1,0,2,1,0,,1,5.158652305603027,-0.5396523056030276
607,O=C(O)C12CCC(C(=O)O)(CC1)C2,4.197,O=C(O)C12CCC(C(=O)O)(CC1)C2,184.191,1.1061,74.6,2,2,2,0,0.777778,0,0,2,0,2,0,4,2,0,,3,3.85188364982605,0.34511635017395026
608,O=C(O)C12CCC(C(=O)O)(CC1)CC2,4.468,O=C(O)C12CCC(C(=O)O)(CC1)CC2,198.218,1.4962,74.6,2,2,2,0,0.8,0,0,2,0,2,0,4,2,0,,4,3.827911138534546,0.6400888614654541
609,O=C(O)C12CCC(C1)C2,4.46,O=C(O)C12CCC(C1)C2,126.155,1.2612,37.3,1,1,1,0,0.857143,0,0,1,0,1,0,2,1,0,,4,4.521732807159424,-0.061732807159423864
610,O=C(O)C12CCC(CC1)C2,4.883,O=C(O)C12CCC(CC1)C2,140.182,1.6513,37.3,1,1,1,0,0.875,0,0,1,0,1,0,2,1,0,,4,4.531651973724365,0.3513480262756348
611,O=C(O)C12CCC(CC1)CC2,5.084,O=C(O)C12CCC(CC1)CC2,154.209,2.0414,37.3,1,1,1,0,0.888889,0,0,1,0,1,0,2,1,0,,4,4.556992053985596,0.5270079460144039
612,O=C(O)C1=C(C(=O)O)C2C=CC1C2,1.32,O=C(O)C1=C(C(=O)O)C2C=CC1C2,180.159,0.6581,74.6,2,2,2,0,0.333333,0,0,2,0,2,0,4,2,0,,4,2.919189929962158,-1.5991899299621581
613,O=C(O)C1=C(C(=O)O)C2CCC1C2,1.32,O=C(O)C1=C(C(=O)O)C2CCC1C2,182.175,0.8821,74.6,2,2,2,0,0.555556,0,0,2,0,2,0,4,2,0,,2,3.2287490367889404,-1.9087490367889404
614,O=C(O)C1=C(C(=O)O)CC1,1.12,O=C(O)C1=C(C(=O)O)CC1,142.11,0.246,74.6,2,2,2,0,0.333333,0,0,2,0,2,0,4,2,0,,5,3.4376683235168457,-2.3176683235168456
615,O=C(O)C1=C(C(=O)O)CCC1,1.64,O=C(O)C1=C(C(=O)O)CCC1,156.137,0.6361,74.6,2,2,2,0,0.428571,0,0,2,0,2,0,4,2,0,,1,2.9532344341278076,-1.3132344341278077
616,O=C(O)C1C(C(=O)O)C1(c1ccccc1)c1ccccc1,2.3666666666666667,O=C(O)C1C(C(=O)O)C1(c1ccccc1)c1ccccc1,282.295,2.3879,74.6,2,2,4,2,0.176471,0,0,2,0,2,0,4,2,0,,5,3.201021432876587,-0.8343547662099202
617,O=C(O)C1C(C(=O)O)C12c1ccccc1-c1ccccc12,3.21,O=C(O)C1C(C(=O)O)C12c1ccccc1-c1ccccc12,280.279,2.3683,74.6,2,2,2,2,0.176471,0,0,2,0,2,0,4,2,0,,2,3.055445671081543,0.154554328918457
618,O=C(O)C1C2C=CC(C2)C1C(=O)O,3.97,O=C(O)C1C2C=CC(C2)C1C(=O)O,182.175,0.5939,74.6,2,2,2,0,0.555556,0,0,2,0,2,0,4,2,0,,1,2.4996588230133057,1.4703411769866945
619,O=C(O)C1C2CCC(C2)C1C(=O)O,4.02,O=C(O)C1C2CCC(C2)C1C(=O)O,184.191,0.8179,74.6,2,2,2,0,0.777778,0,0,2,0,2,0,4,2,0,,3,3.762598752975464,0.2574012470245357
620,O=C(O)C1C2CCC(CC2)C1C(=O)O,4.26,O=C(O)C1C2CCC(CC2)C1C(=O)O,198.218,1.208,74.6,2,2,2,0,0.8,0,0,2,0,2,0,4,2,0,,2,3.8872134685516357,0.37278653144836404
621,O=C(O)C1C2CCC(O2)C1C(=O)O,3.46,O=C(O)C1C2CCC(O2)C1C(=O)O,186.163,-0.0508,83.83,3,2,2,0,0.75,0,0,2,0,2,0,4,2,0,,4,5.155702590942383,-1.6957025909423828
622,O=C(O)C1CC(O)C(O)C(O)C1,4.32,O=C(O)C1CC(O)C(O)C(O)C1,176.168,-1.4363,97.99,4,4,1,0,0.857143,0,0,1,0,1,0,2,1,0,,3,8.050614356994629,-3.7306143569946286
623,O=C(O)C1CC2C=CC1(C(=O)O)CC2,3.85,O=C(O)C1CC2C=CC1(C(=O)O)CC2,196.202,1.1281,74.6,2,2,2,0,0.6,0,0,2,0,2,0,4,2,0,,1,3.44416880607605,0.4058311939239503
624,O=C(O)C1CCCC(C(=O)O)N1,10.12,O=C(O)C1CCCC(C(=O)O)N1,173.168,-0.3337,86.63,3,3,2,0,0.714286,0,0,2,0,2,0,4,2,0,,3,4.001163959503174,6.118836040496825
625,O=C(O)C1CCCCC1,4.895,O=C(O)C1CCCCC1,128.171,1.6513,37.3,1,1,1,0,0.857143,0,0,1,0,1,0,2,1,0,,4,4.499561786651611,0.39543821334838825
626,O=C(O)C1CCCCC1O,4.0,O=C(O)C1CCCCC1O,144.17,0.6221,57.53,2,2,1,0,0.857143,0,0,1,0,1,0,2,1,0,,4,5.072228908538818,-1.0722289085388184
627,O=C(O)C1CSCN1,6.08,O=C(O)C1CSCN1,133.172,-0.2665,49.33,3,2,1,0,0.75,0,0,1,0,1,0,2,1,0,,1,8.312928199768066,-2.2329281997680663
628,O=C(O)C=C(Cl)c1ccccc1,3.56,O=C(O)C=C(Cl)c1ccccc1,182.606,2.3509,37.3,1,1,2,1,0.0,0,0,1,0,1,0,2,1,0,,1,3.3415989875793457,0.21840101242065435
629,O=C(O)C=C=Cc1ccccc1,3.7,O=C(O)C=C=Cc1ccccc1,160.172,1.9395,37.3,1,1,2,1,0.0,0,0,1,0,1,0,2,1,0,,4,3.934462785720825,-0.23446278572082502
630,O=C(O)C=Cc1ccc(O)c(O)c1,4.555,O=C(O)C=Cc1ccc(O)c(O)c1,180.159,1.1956,77.76,3,3,2,1,0.0,0,0,1,0,1,0,2,1,0,,4,3.486001491546631,1.0689985084533689
631,O=C(O)CBr,3.093666666666666,O=C(O)CBr,138.948,0.4659,37.3,1,1,1,0,0.5,0,0,1,0,1,0,2,1,0,,2,2.8013103008270264,0.29235636583963975
632,O=C(O)CC#Cc1ccccc1,3.44,O=C(O)CC#Cc1ccccc1,160.172,1.5128,37.3,1,1,1,1,0.1,0,0,1,0,1,0,2,1,0,,3,3.7524614334106445,-0.3124614334106446
633,O=C(O)CC(=O)C(=O)O,2.22,O=C(O)CC(=O)C(=O)O,132.071,-0.8852,91.67,3,2,3,0,0.25,0,0,2,0,2,0,4,2,0,,2,3.7836592197418213,-1.563659219741821
634,O=C(O)CC(=O)O,2.959142857142857,O=C(O)CC(=O)O,104.061,-0.4543,74.6,2,2,2,0,0.333333,0,0,2,0,2,0,4,2,0,,4,4.523965835571289,-1.564822978428432
635,O=C(O)CC(C(=O)O)C(O)C(=O)O,3.287,O=C(O)CC(C(=O)O)C(O)C(=O)O,192.123,-1.3926,132.13,4,4,5,0,0.5,0,0,3,0,3,0,6,3,0,,1,3.928614854812622,-0.6416148548126221
636,O=C(O)CC(CC(=O)O)(c1ccccc1)c1ccccc1,4.02,O=C(O)CC(CC(=O)O)(c1ccccc1)c1ccccc1,284.311,2.9221,74.6,2,2,6,2,0.176471,0,0,2,0,2,0,4,2,0,,3,3.783738613128662,0.23626138687133746
637,O=C(O)CC(CC(=O)O)c1ccccc1,4.28,O=C(O)CC(CC(=O)O)c1ccccc1,208.213,1.7196,74.6,2,2,5,1,0.272727,0,0,2,0,2,0,4,2,0,,1,2.688230514526367,1.591769485473633
638,O=C(O)CC(CC([N+](=O)[O-])([N+](=O)[O-])[N+](=O)[O-])C(=O)O,3.03,O=C(O)CC(CC([N+](=O)[O-])([N+](=O)[O-])[N+](=O)[O-])C(=O)O,281.133,-0.9641,204.02,8,2,8,0,0.666667,0,0,2,0,2,0,4,2,0,,1,4.080838203430176,-1.050838203430176
639,O=C(O)CC(NCc1ccccc1)C(=O)O,3.34,O=C(O)CC(NCc1ccccc1)C(=O)O,223.228,0.7041,86.63,3,3,6,1,0.272727,0,0,2,0,2,0,4,2,0,,4,5.904910087585449,-2.5649100875854494
640,O=C(O)CC(O)(CC(=O)O)C(=O)O,3.035,O=C(O)CC(O)(CC(=O)O)C(=O)O,192.123,-1.2485,132.13,4,4,5,0,0.5,0,0,3,0,3,0,6,3,0,,1,3.964974880218506,-0.9299748802185057
641,O=C(O)CC(O)C(=O)O,3.22725,O=C(O)CC(O)C(=O)O,134.087,-1.0934,94.83,3,3,3,0,0.5,0,0,2,0,2,0,4,2,0,,4,4.233415603637695,-1.0061656036376951
642,O=C(O)CC(S)C(=O)O,2.8475,O=C(O)CC(S)C(=O)O,150.155,-0.1559,74.6,3,3,3,0,0.5,0,0,2,0,2,0,4,2,0,,4,4.118714332580566,-1.2712143325805663
643,O=C(O)CCBr,4.04,O=C(O)CCBr,152.975,0.856,37.3,1,1,2,0,0.666667,0,0,1,0,1,0,2,1,0,,4,3.367750644683838,0.6722493553161621
644,O=C(O)CCC(=O)O,4.2738,O=C(O)CCC(=O)O,118.088,-0.0642,74.6,2,2,3,0,0.5,0,0,2,0,2,0,4,2,0,,5,2.7031893730163574,1.5706106269836422
645,O=C(O)CCC(CCC(=O)O)C(=O)O,3.99,O=C(O)CCC(CCC(=O)O)C(=O)O,204.178,0.4168,111.9,3,3,7,0,0.625,0,0,3,0,3,0,6,3,0,,2,4.129485607147217,-0.13948560714721658
646,O=C(O)CCC([N+](=O)[O-])([N+](=O)[O-])[N+](=O)[O-],3.64,O=C(O)CCC([N+](=O)[O-])([N+](=O)[O-])[N+](=O)[O-],223.097,-0.6649,166.72,7,1,6,0,0.75,0,0,1,0,1,0,2,1,0,,3,3.148590087890625,0.4914099121093751
647,O=C(O)CCCC(=O)O,4.25,O=C(O)CCCC(=O)O,132.115,0.3259,74.6,2,2,4,0,0.6,0,0,2,0,2,0,4,2,0,,4,3.6763994693756104,0.5736005306243896
648,O=C(O)CCCCC(=O)O,4.386666666666667,O=C(O)CCCCC(=O)O,146.142,0.716,74.6,2,2,5,0,0.666667,0,0,2,0,2,0,4,2,0,,5,3.790250778198242,0.5964158884684245
649,O=C(O)CCCCCC(=O)O,4.484999999999999,O=C(O)CCCCCC(=O)O,160.169,1.1061,74.6,2,2,6,0,0.714286,0,0,2,0,2,0,4,2,0,,5,3.7375175952911377,0.7474824047088617
650,O=C(O)CCCCCCC(=O)O,4.53,O=C(O)CCCCCCC(=O)O,174.196,1.4962,74.6,2,2,7,0,0.75,0,0,2,0,2,0,4,2,0,,4,3.7759854793548584,0.7540145206451419
651,O=C(O)CCCCCCCC(=O)O,4.56,O=C(O)CCCCCCCC(=O)O,188.223,1.8863,74.6,2,2,8,0,0.777778,0,0,2,0,2,0,4,2,0,,2,3.5517117977142334,1.0082882022857662
652,O=C(O)CCCCCCCCC(=O)O,4.49,O=C(O)CCCCCCCCC(=O)O,202.25,2.2764,74.6,2,2,9,0,0.8,0,0,2,0,2,0,4,2,0,,1,3.4309566020965576,1.0590433979034426
653,O=C(O)CCCl,4.005,O=C(O)CCCl,108.524,0.6999,37.3,1,1,2,0,0.666667,0,0,1,0,1,0,2,1,0,,4,3.7071757316589355,0.29782426834106435
654,O=C(O)CCN(CC(=O)O)CC(=O)O,3.71,O=C(O)CCN(CC(=O)O)CC(=O)O,205.166,-1.0677,115.14,4,3,7,0,0.571429,0,0,3,0,3,0,6,3,0,,2,3.92801833152771,-0.21801833152771
655,O=C(O)CCN(CC(=O)O)CP(=O)(O)O,2.72,O=C(O)CCN(CC(=O)O)CP(=O)(O)O,241.136,-1.0171,135.37,4,4,7,0,0.666667,0,0,2,0,2,0,4,2,0,,2,5.661403179168701,-2.941403179168701
656,O=C(O)CCN(F)F,3.74,O=C(O)CCN(F)F,125.074,0.5321,40.54,2,1,3,0,0.666667,0,0,1,0,1,0,2,1,0,,5,6.97606897354126,-3.2360689735412596
657,O=C(O)CCNC(=S)C(=S)NCCC(=O)O,3.76,O=C(O)CCNC(=S)C(=S)NCCC(=O)O,264.328,-0.2302,98.66,4,4,6,0,0.5,0,0,2,0,2,0,4,2,0,,1,6.084451198577881,-2.324451198577881
658,O=C(O)CCOc1ccccc1,4.32,O=C(O)CCOc1ccccc1,166.176,1.5401,46.53,2,1,4,1,0.222222,0,0,1,0,1,0,2,1,0,,2,4.558614253997803,-0.23861425399780245
659,O=C(O)CCP(CCC(=O)O)CCC(=O)O,3.81,O=C(O)CCP(CCC(=O)O)CCC(=O)O,250.187,0.8924,111.9,3,3,9,0,0.666667,0,0,3,0,3,0,6,3,0,,1,2.9979710578918457,0.8120289421081544
660,O=C(O)CCS,4.38,O=C(O)CCS,106.146,0.3909,37.3,2,2,2,0,0.666667,0,0,1,0,1,0,2,1,0,,4,5.998227596282959,-1.618227596282959
661,O=C(O)CCSCCC(=O)O,3.84,O=C(O)CCSCCC(=O)O,178.209,0.669,74.6,3,2,6,0,0.666667,0,0,2,0,2,0,4,2,0,,4,3.862276315689087,-0.022276315689087056
662,O=C(O)CCc1ccc(Cl)cc1,4.66,O=C(O)CCc1ccc(Cl)cc1,184.622,2.3572,37.3,1,1,3,1,0.222222,0,0,1,0,1,0,2,1,0,,3,3.892979621887207,0.7670203781127931
663,O=C(O)CCc1ccc([N+](=O)[O-])cc1,4.54,O=C(O)CCc1ccc([N+](=O)[O-])cc1,195.174,1.612,80.44,3,1,4,1,0.222222,0,0,1,0,1,0,2,1,0,,5,4.097090721130371,0.44290927886962894
664,O=C(O)CCc1cccc([N+](=O)[O-])c1,4.53,O=C(O)CCc1cccc([N+](=O)[O-])c1,195.174,1.612,80.44,3,1,4,1,0.222222,0,0,1,0,1,0,2,1,0,,1,3.9906439781188965,0.5393560218811038
665,O=C(O)CCc1ccccc1,4.688,O=C(O)CCc1ccccc1,150.177,1.7038,37.3,1,1,3,1,0.222222,0,0,1,0,1,0,2,1,0,,5,4.306853294372559,0.38114670562744113
666,O=C(O)CCc1ccccc1Br,4.58,O=C(O)CCc1ccccc1Br,229.073,2.4663,37.3,1,1,3,1,0.222222,0,0,1,0,1,0,2,1,0,,1,3.892487049102783,0.6875129508972169
667,O=C(O)CCc1ccccc1F,4.6,O=C(O)CCc1ccccc1F,168.167,1.8429,37.3,1,1,3,1,0.222222,0,0,1,0,1,0,2,1,0,,3,4.090815544128418,0.5091844558715817
668,O=C(O)CCc1ccccc1O,4.75,O=C(O)CCc1ccccc1O,166.176,1.4094,57.53,2,2,3,1,0.222222,0,0,1,0,1,0,2,1,0,,4,4.556240081787109,0.19375991821289062
669,O=C(O)CCc1ncc[nH]1,7.56,O=C(O)CCc1ncc[nH]1,140.142,0.4269,65.98,2,2,3,1,0.333333,0,0,1,0,1,0,2,1,0,,3,6.377136707305908,1.1828632926940914
670,O=C(O)CCl,2.934,O=C(O)CCl,94.497,0.3098,37.3,1,1,1,0,0.5,0,0,1,0,1,0,2,1,0,,3,3.71809983253479,-0.7840998325347899
671,O=C(O)CF,2.8113333333333337,O=C(O)CF,78.042,0.0405,37.3,1,1,1,0,0.5,0,0,1,0,1,0,2,1,0,,4,3.664330005645752,-0.8529966723124183
672,O=C(O)CI,3.324666666666667,O=C(O)CI,185.948,0.506,37.3,1,1,1,0,0.5,0,0,1,0,1,0,2,1,0,,2,2.7099695205688477,0.6146971460978192
673,O=C(O)CN(CC(=O)O)C1CCCCC1,2.22,O=C(O)CN(CC(=O)O)C1CCCCC1,215.249,0.7903,77.84,3,2,5,0,0.8,0,0,2,0,2,0,4,2,0,,4,3.9709346294403076,-1.7509346294403074
674,O=C(O)CN(CC(=O)O)CC(=O)Nc1ccc(Br)cc1,2.2,O=C(O)CN(CC(=O)O)CC(=O)Nc1ccc(Br)cc1,345.149,0.8588,106.94,4,3,7,1,0.25,0,0,2,0,2,0,4,2,0,,4,5.469176769256592,-3.2691767692565916
675,O=C(O)CN(CC(=O)O)CC(=O)c1ccccc1,1.875,O=C(O)CN(CC(=O)O)CC(=O)c1ccccc1,251.238,0.3405,94.91,4,2,7,1,0.25,0,0,2,0,2,0,4,2,0,,4,5.92846155166626,-4.05346155166626
676,O=C(O)CN(CC(=O)O)CC(=O)c1cccs1,7.46,O=C(O)CN(CC(=O)O)CC(=O)c1cccs1,257.267,0.402,94.91,5,2,7,1,0.3,0,0,2,0,2,0,4,2,0,,5,5.154252529144287,2.305747470855713
677,O=C(O)CN(CC(=O)O)Cc1ccc([N+](=O)[O-])cc1,7.65,O=C(O)CN(CC(=O)O)Cc1ccc([N+](=O)[O-])cc1,268.225,0.566,120.98,5,2,7,1,0.272727,0,0,2,0,2,0,4,2,0,,2,7.181159496307373,0.4688405036926273
678,O=C(O)CN(CC(=O)O)Cc1ccccc1,2.2375,O=C(O)CN(CC(=O)O)Cc1ccccc1,223.228,0.6578,77.84,3,2,6,1,0.272727,0,0,2,0,2,0,4,2,0,,4,4.716319561004639,-2.478819561004639
679,O=C(O)CN(CC(=O)O)Cc1ccccc1[N+](=O)[O-],8.29,O=C(O)CN(CC(=O)O)Cc1ccccc1[N+](=O)[O-],268.225,0.566,120.98,5,2,7,1,0.272727,0,0,2,0,2,0,4,2,0,,3,5.822658061981201,2.467341938018798
680,O=C(O)CN(CC(=O)O)Cc1ccccn1,8.215,O=C(O)CN(CC(=O)O)Cc1ccccn1,224.216,0.0528,90.73,4,2,6,1,0.3,0,0,2,0,2,0,4,2,0,,3,4.352303981781006,3.862696018218994
681,O=C(O)CN(CC(=O)O)c1cc(C(=O)O)c(O)cc1C(=O)O,1.61,O=C(O)CN(CC(=O)O)c1cc(C(=O)O)c(O)cc1C(=O)O,313.218,-0.2358,172.67,6,5,7,1,0.166667,0,0,4,0,4,0,8,4,0,,3,2.9519217014312744,-1.3419217014312743
682,O=C(O)CN(CC(=O)O)c1ccc(N(CC(=O)O)CC(=O)O)cc1,2.1,O=C(O)CN(CC(=O)O)c1ccc(N(CC(=O)O)CC(=O)O)cc1,340.288,-0.3622,155.68,6,4,10,1,0.285714,0,0,4,0,4,0,8,4,0,,2,3.9208648204803467,-1.8208648204803466
683,O=C(O)CN(CCCCCCN(CC(=O)O)CC(=O)O)CC(=O)O,2.41,O=C(O)CN(CCCCCCN(CC(=O)O)CC(=O)O)CC(=O)O,348.352,-0.5108,155.68,6,4,15,0,0.714286,0,0,4,0,4,0,8,4,0,,5,2.721648931503296,-0.31164893150329576
684,O=C(O)CN(CCN(CC(=O)O)CC(=O)O)CC(=O)O,2.6500000000000004,O=C(O)CN(CCN(CC(=O)O)CC(=O)O)CC(=O)O,292.244,-2.0712,155.68,6,4,11,0,0.6,0,0,4,0,4,0,8,4,0,,3,5.196915626525879,-2.5469156265258786
685,O=C(O)CN(CCN(CC(=O)O)Cc1ccccn1)Cc1ccccn1,5.63,O=C(O)CN(CCN(CC(=O)O)Cc1ccccn1)Cc1ccccn1,358.398,0.95,106.86,6,2,11,2,0.333333,0,0,2,0,2,0,4,2,0,,5,5.870396137237549,-0.24039613723754893
686,O=C(O)CN(CCO)CC(=O)O,8.7075,O=C(O)CN(CCO)CC(=O)O,177.156,-1.5501,98.07,4,3,6,0,0.666667,0,0,2,0,2,0,4,2,0,,3,4.61627197265625,4.09122802734375
687,O=C(O)CN(CCO)CCO,8.237566666666666,O=C(O)CN(CCO)CCO,163.173,-1.6424,81.0,4,3,6,0,0.833333,0,0,1,0,1,0,2,1,0,,1,8.580476760864258,-0.3429100941975918
688,O=C(O)CN(CCOc1ccccc1)CC(=O)O,8.49,O=C(O)CN(CCOc1ccccc1)CC(=O)O,253.254,0.5366,87.07,4,2,8,1,0.333333,0,0,2,0,2,0,4,2,0,,5,5.397739887237549,3.0922601127624514
689,O=C(O)CN(CP(=O)(O)O)CP(=O)(O)O,2.0,O=C(O)CN(CP(=O)(O)O)CP(=O)(O)O,263.079,-1.3566,155.6,4,5,6,0,0.75,0,0,1,0,1,0,2,1,0,,3,7.018686771392822,-5.018686771392822
690,O=C(O)CN1C(C(=O)O)CCCC1C(=O)O,2.71,O=C(O)CN1C(C(=O)O)CCCC1C(=O)O,231.204,-0.5367,115.14,4,3,4,0,0.666667,0,0,3,0,3,0,6,3,0,,3,2.76191782951355,-0.05191782951354984
691,O=C(O)CN1CCCCC1,10.2,O=C(O)CN1CCCCC1,143.186,0.5569,40.54,2,1,2,0,0.857143,0,0,1,0,1,0,2,1,0,,1,7.405631065368652,2.794368934631347
692,O=C(O)CN1CCOCC1,7.53,O=C(O)CN1CCOCC1,145.158,-0.5968,49.77,3,1,2,0,0.833333,0,0,1,0,1,0,2,1,0,,5,3.5021517276763916,4.027848272323609
693,O=C(O)CNC(=O)c1ccccc1O,3.41,O=C(O)CNC(=O)c1ccccc1O,195.174,0.2066,86.63,3,3,3,1,0.111111,0,0,1,0,1,0,2,1,0,,4,5.114566326141357,-1.7045663261413573
694,O=C(O)CNCC(=O)O,9.46,O=C(O)CNCC(=O)O,133.103,-1.2548,86.63,3,3,4,0,0.5,0,0,2,0,2,0,4,2,0,,2,4.3098649978637695,5.150135002136231
695,O=C(O)CNCCNCC(=O)O,6.483333333333333,O=C(O)CNCCNCC(=O)O,176.172,-1.6652,98.66,4,4,7,0,0.666667,0,0,2,0,2,0,4,2,0,,4,5.414950847625732,1.068382485707601
696,O=C(O)CNc1ccc(Cl)cc1,4.04,O=C(O)CNc1ccc(Cl)cc1,185.61,1.8365,49.33,2,2,3,1,0.125,0,0,1,0,1,0,2,1,0,,3,3.9114434719085693,0.1285565280914307
697,O=C(O)CNc1cccc(Cl)c1,3.93,O=C(O)CNc1cccc(Cl)c1,185.61,1.8365,49.33,2,2,3,1,0.125,0,0,1,0,1,0,2,1,0,,2,3.71366286277771,0.2163371372222902
698,O=C(O)CNc1cccc([N+](=O)[O-])c1,3.752,O=C(O)CNc1cccc([N+](=O)[O-])c1,196.162,1.0913,92.47,4,2,4,1,0.125,0,0,1,0,1,0,2,1,0,,3,3.8659589290618896,-0.11395892906188987
699,O=C(O)CNc1ccccc1,4.39,O=C(O)CNc1ccccc1,151.165,1.1831,49.33,2,2,3,1,0.125,0,0,1,0,1,0,2,1,0,,4,4.616095066070557,-0.22609506607055696
700,O=C(O)CO,3.995,O=C(O)CO,76.051,-0.9367,57.53,2,2,1,0,0.5,0,0,1,0,1,0,2,1,0,,5,6.481785297393799,-2.4867852973937987
701,O=C(O)COC(C(=O)O)c1ccccc1,2.87,O=C(O)COC(C(=O)O)c1ccccc1,210.185,0.9135,83.83,3,2,5,1,0.2,0,0,2,0,2,0,4,2,0,,5,2.6249496936798096,0.24505030632019054
702,O=C(O)COc1cc(Cl)c(Cl)cc1Cl,2.833,O=C(O)COc1cc(Cl)c(Cl)cc1Cl,255.484,3.1102,46.53,2,1,3,1,0.125,0,0,1,0,1,0,2,1,0,,5,2.248741388320923,0.5842586116790773
703,O=C(O)COc1ccc(Cl)cc1,3.009,O=C(O)COc1ccc(Cl)cc1,186.594,1.8034,46.53,2,1,3,1,0.125,0,0,1,0,1,0,2,1,0,,5,3.307408571243286,-0.29840857124328624
704,O=C(O)COc1ccc(Cl)cc1Cl,2.9130000000000003,O=C(O)COc1ccc(Cl)cc1Cl,221.039,2.4568,46.53,2,1,3,1,0.125,0,0,1,0,1,0,2,1,0,,5,3.2955708503723145,-0.3825708503723142
705,O=C(O)COc1ccc([N+](=O)[O-])cc1,2.81,O=C(O)COc1ccc([N+](=O)[O-])cc1,197.146,1.0582,89.67,4,1,4,1,0.125,0,0,1,0,1,0,2,1,0,,3,3.4011270999908447,-0.5911270999908447
706,O=C(O)COc1cccc(Br)c1,3.04,O=C(O)COc1cccc(Br)c1,231.045,1.9125,46.53,2,1,3,1,0.125,0,0,1,0,1,0,2,1,0,,3,3.0325655937194824,0.007434406280517614
707,O=C(O)COc1cccc(Cl)c1,3.04,O=C(O)COc1cccc(Cl)c1,186.594,1.8034,46.53,2,1,3,1,0.125,0,0,1,0,1,0,2,1,0,,3,3.6269283294677734,-0.5869283294677734
708,O=C(O)COc1cccc([N+](=O)[O-])c1,2.91,O=C(O)COc1cccc([N+](=O)[O-])c1,197.146,1.0582,89.67,4,1,4,1,0.125,0,0,1,0,1,0,2,1,0,,3,3.4011270999908447,-0.4911270999908446
709,O=C(O)COc1ccccc1,3.090666666666667,O=C(O)COc1ccccc1,152.149,1.15,46.53,2,1,3,1,0.125,0,0,1,0,1,0,2,1,0,,2,4.028848171234131,-0.938181504567464
710,O=C(O)COc1ccccc1C(=O)O,2.51,O=C(O)COc1ccccc1C(=O)O,196.158,0.8482,83.83,3,2,4,1,0.111111,0,0,2,0,2,0,4,2,0,,3,2.928279161453247,-0.4182791614532473
711,O=C(O)COc1ccccc1O,3.02,O=C(O)COc1ccccc1O,168.148,0.8556,66.76,3,2,3,1,0.125,0,0,1,0,1,0,2,1,0,,4,4.257153034210205,-1.237153034210205
712,O=C(O)COc1ccccc1OCC(=O)O,2.4,O=C(O)COc1ccccc1OCC(=O)O,226.184,0.6134,93.06,4,2,6,1,0.2,0,0,2,0,2,0,4,2,0,,4,4.713257789611816,-2.3132577896118165
713,O=C(O)CP(=O)(c1ccccc1)c1ccccc1,3.62,O=C(O)CP(=O)(c1ccccc1)c1ccccc1,260.229,2.0851,54.37,2,1,4,2,0.071429,0,0,1,0,1,0,2,1,0,,3,3.8285398483276367,-0.2085398483276366
714,O=C(O)CS,3.557,O=C(O)CS,92.119,0.0008,37.3,2,2,1,0,0.5,0,0,1,0,1,0,2,1,0,,4,6.332261562347412,-2.775261562347412
715,O=C(O)CS(=O)(=O)C(F)(F)F,1.88,O=C(O)CS(=O)(=O)C(F)(F)F,192.114,0.0056,71.44,3,1,2,0,0.666667,0,0,1,0,1,0,2,1,0,,3,3.902784824371338,-2.022784824371338
716,O=C(O)CS(=O)(=O)c1ccc(Br)cc1,2.519,O=C(O)CS(=O)(=O)c1ccc(Br)cc1,279.111,1.3074,71.44,3,1,3,1,0.125,0,0,1,0,1,0,2,1,0,,4,2.8513660430908203,-0.3323660430908202
717,O=C(O)CS(=O)(=O)c1ccc(Cl)cc1,2.424,O=C(O)CS(=O)(=O)c1ccc(Cl)cc1,234.66,1.1983,71.44,3,1,3,1,0.125,0,0,1,0,1,0,2,1,0,,2,2.6876561641693115,-0.2636561641693116
718,O=C(O)CS(=O)(=O)c1ccc(F)cc1,2.479,O=C(O)CS(=O)(=O)c1ccc(F)cc1,218.205,0.684,71.44,3,1,3,1,0.125,0,0,1,0,1,0,2,1,0,,4,2.754584550857544,-0.27558455085754385
719,O=C(O)CS(=O)(=O)c1ccc([N+](=O)[O-])cc1,2.33,O=C(O)CS(=O)(=O)c1ccc([N+](=O)[O-])cc1,245.212,0.4531,114.58,5,1,4,1,0.125,0,0,1,0,1,0,2,1,0,,2,2.91196870803833,-0.58196870803833
720,O=C(O)CS(=O)(=O)c1cccc(Br)c1,2.523,O=C(O)CS(=O)(=O)c1cccc(Br)c1,279.111,1.3074,71.44,3,1,3,1,0.125,0,0,1,0,1,0,2,1,0,,2,2.468137502670288,0.054862497329712046
721,O=C(O)CS(=O)(=O)c1cccc(Cl)c1,2.454,O=C(O)CS(=O)(=O)c1cccc(Cl)c1,234.66,1.1983,71.44,3,1,3,1,0.125,0,0,1,0,1,0,2,1,0,,5,2.646183729171753,-0.19218372917175275
722,O=C(O)CS(=O)(=O)c1cccc(F)c1,2.432,O=C(O)CS(=O)(=O)c1cccc(F)c1,218.205,0.684,71.44,3,1,3,1,0.125,0,0,1,0,1,0,2,1,0,,2,2.579918384552002,-0.147918384552002
723,O=C(O)CS(=O)(=O)c1cccc([N+](=O)[O-])c1,2.362,O=C(O)CS(=O)(=O)c1cccc([N+](=O)[O-])c1,245.212,0.4531,114.58,5,1,4,1,0.125,0,0,1,0,1,0,2,1,0,,2,2.91196870803833,-0.54996870803833
724,O=C(O)CS(=O)(=O)c1ccccc1,2.513,O=C(O)CS(=O)(=O)c1ccccc1,200.215,0.5449,71.44,3,1,3,1,0.125,0,0,1,0,1,0,2,1,0,,4,2.935286521911621,-0.4222865219116212
725,O=C(O)CS(=O)C(F)(F)F,2.06,O=C(O)CS(=O)C(F)(F)F,176.115,0.3395,54.37,2,1,2,0,0.666667,0,0,1,0,1,0,2,1,0,,3,3.741504430770874,-1.681504430770874
726,O=C(O)CS(=O)c1ccc(Br)cc1,2.657,O=C(O)CS(=O)c1ccc(Br)cc1,263.112,1.6413,54.37,2,1,3,1,0.125,0,0,1,0,1,0,2,1,0,,5,2.9589617252349854,-0.3019617252349853
727,O=C(O)CS(=O)c1ccc(Cl)cc1,2.664,O=C(O)CS(=O)c1ccc(Cl)cc1,218.661,1.5322,54.37,2,1,3,1,0.125,0,0,1,0,1,0,2,1,0,,5,3.0228452682495117,-0.3588452682495116
728,O=C(O)CS(=O)c1ccc(F)cc1,2.653,O=C(O)CS(=O)c1ccc(F)cc1,202.206,1.0179,54.37,2,1,3,1,0.125,0,0,1,0,1,0,2,1,0,,5,3.0582282543182373,-0.4052282543182373
729,O=C(O)CS(=O)c1cccc(Br)c1,2.674,O=C(O)CS(=O)c1cccc(Br)c1,263.112,1.6413,54.37,2,1,3,1,0.125,0,0,1,0,1,0,2,1,0,,5,2.9589617252349854,-0.2849617252349854
730,O=C(O)CS(=O)c1cccc(Cl)c1,2.663,O=C(O)CS(=O)c1cccc(Cl)c1,218.661,1.5322,54.37,2,1,3,1,0.125,0,0,1,0,1,0,2,1,0,,3,2.843170642852783,-0.1801706428527834
731,O=C(O)CS(=O)c1cccc(F)c1,2.675,O=C(O)CS(=O)c1cccc(F)c1,202.206,1.0179,54.37,2,1,3,1,0.125,0,0,1,0,1,0,2,1,0,,5,3.0582282543182373,-0.3832282543182375
732,O=C(O)CS(=O)c1ccccc1,2.732,O=C(O)CS(=O)c1ccccc1,184.216,0.8788,54.37,2,1,3,1,0.125,0,0,1,0,1,0,2,1,0,,2,3.0515100955963135,-0.31951009559631327
733,O=C(O)CSC(C(=O)O)c1ccccc1,2.98,O=C(O)CSC(C(=O)O)c1ccccc1,226.253,1.6301,74.6,3,2,5,1,0.2,0,0,2,0,2,0,4,2,0,,4,3.253012180328369,-0.27301218032836916
734,O=C(O)CSC(F)(F)F,2.95,O=C(O)CSC(F)(F)F,160.116,1.324,37.3,2,1,2,0,0.666667,0,0,1,0,1,0,2,1,0,,4,3.5794951915740967,-0.6294951915740965
735,O=C(O)CSC(SCC(=O)O)C(SCC(=O)O)SCC(=O)O,2.89,O=C(O)CSC(SCC(=O)O)C(SCC(=O)O)SCC(=O)O,390.482,0.9098,149.2,8,4,13,0,0.6,0,0,4,0,4,0,8,4,0,,5,3.1890439987182617,-0.2990439987182616
736,O=C(O)CSC(SCC(=O)O)c1ccccc1,3.09,O=C(O)CSC(SCC(=O)O)c1ccccc1,272.347,2.3208,74.6,4,2,7,1,0.272727,0,0,2,0,2,0,4,2,0,,1,3.9297714233398438,-0.8397714233398439
737,O=C(O)CSCC(=O)O,3.1950000000000003,O=C(O)CSCC(=O)O,150.155,-0.1112,74.6,3,2,4,0,0.5,0,0,2,0,2,0,4,2,0,,4,3.437406539916992,-0.2424065399169919
738,O=C(O)CSCCSCC(=O)O,3.175,O=C(O)CSCCSCC(=O)O,210.276,0.622,74.6,4,2,7,0,0.666667,0,0,2,0,2,0,4,2,0,,4,4.174238681793213,-0.9992386817932131
739,O=C(O)CSCc1ccccc1,3.708,O=C(O)CSCc1ccccc1,182.244,2.0044,37.3,2,1,4,1,0.222222,0,0,1,0,1,0,2,1,0,,2,3.790468692779541,-0.08246869277954083
740,O=C(O)CSSCC(=O)O,3.06,O=C(O)CSSCC(=O)O,182.222,0.537,74.6,4,2,5,0,0.5,0,0,2,0,2,0,4,2,0,,5,3.8505353927612305,-0.7905353927612304
741,O=C(O)CSc1ccc(Br)cc1,3.54,O=C(O)CSc1ccc(Br)cc1,247.113,2.6258,37.3,2,1,3,1,0.125,0,0,1,0,1,0,2,1,0,,2,3.3100109100341797,0.22998908996582035
742,O=C(O)CSc1ccc(Cl)cc1,3.53,O=C(O)CSc1ccc(Cl)cc1,202.662,2.5167,37.3,2,1,3,1,0.125,0,0,1,0,1,0,2,1,0,,1,3.2911202907562256,0.23887970924377422
743,O=C(O)CSc1ccc(F)cc1,3.584,O=C(O)CSc1ccc(F)cc1,186.207,2.0024,37.3,2,1,3,1,0.125,0,0,1,0,1,0,2,1,0,,2,3.400007486343384,0.18399251365661629
744,O=C(O)CSc1ccc([N+](=O)[O-])cc1,3.375,O=C(O)CSc1ccc([N+](=O)[O-])cc1,213.214,1.7715,80.44,4,1,4,1,0.125,0,0,1,0,1,0,2,1,0,,5,3.35939884185791,0.015601158142089844
745,O=C(O)CSc1cccc(Br)c1,3.53,O=C(O)CSc1cccc(Br)c1,247.113,2.6258,37.3,2,1,3,1,0.125,0,0,1,0,1,0,2,1,0,,3,3.361905097961426,0.16809490203857402
746,O=C(O)CSc1cccc(Cl)c1,3.6,O=C(O)CSc1cccc(Cl)c1,202.662,2.5167,37.3,2,1,3,1,0.125,0,0,1,0,1,0,2,1,0,,4,3.482805013656616,0.11719498634338388
747,O=C(O)CSc1cccc(F)c1,3.513,O=C(O)CSc1cccc(F)c1,186.207,2.0024,37.3,2,1,3,1,0.125,0,0,1,0,1,0,2,1,0,,2,3.400007486343384,0.11299251365661611
748,O=C(O)CSc1cccc([N+](=O)[O-])c1,3.4,O=C(O)CSc1cccc([N+](=O)[O-])c1,213.214,1.7715,80.44,4,1,4,1,0.125,0,0,1,0,1,0,2,1,0,,2,2.9543936252593994,0.4456063747406005
749,O=C(O)CSc1ccccc1,3.4690000000000003,O=C(O)CSc1ccccc1,168.217,1.8633,37.3,2,1,3,1,0.125,0,0,1,0,1,0,2,1,0,,5,3.8161814212799072,-0.3471814212799069
750,O=C(O)CSc1ccccc1C(=O)O,2.93,O=C(O)CSc1ccccc1C(=O)O,212.226,1.5615,74.6,3,2,4,1,0.111111,0,0,2,0,2,0,4,2,0,,5,2.618405818939209,0.3115941810607912
751,O=C(O)C[As](CC(=O)O)c1ccccc1,3.61,O=C(O)C[As](CC(=O)O)c1ccccc1,270.116,0.5576,74.6,2,2,5,1,0.2,0,0,2,0,2,0,4,2,0,,3,3.8710012435913086,-0.2610012435913087
752,O=C(O)C[C@H](NO)C(=O)O,3.51,O=C(O)C[C@H](NO)C(=O)O,149.102,-1.1069,106.86,4,4,4,0,0.5,0,0,2,0,2,0,4,2,0,,1,3.8271608352661133,-0.3171608352661135
754,O=C(O)C[P+](c1ccccc1)(c1ccccc1)c1ccccc1.[Cl-],1.77,O=C(O)C[P+](c1ccccc1)(c1ccccc1)c1ccccc1.[Cl-],356.789,0.0691,37.3,1,1,5,3,0.05,0,0,1,0,1,0,2,1,0,,3,3.828528642654419,-2.058528642654419
755,O=C(O)C[SH](=O)(O)c1ccc([N+](=O)[O-])cc1,2.586,O=C(O)C[SH](=O)(O)c1ccc([N+](=O)[O-])cc1,247.228,0.528,117.74,4,3,4,1,0.125,0,0,1,0,1,0,2,1,0,,4,4.167891025543213,-1.581891025543213
756,O=C(O)C[SH](=O)(O)c1cccc([N+](=O)[O-])c1,2.624,O=C(O)C[SH](=O)(O)c1cccc([N+](=O)[O-])c1,247.228,0.528,117.74,4,3,4,1,0.125,0,0,1,0,1,0,2,1,0,,2,3.0910303592681885,-0.46703035926818837
757,O=C(O)C[Se]CC(=O)O,3.17,O=C(O)C[Se]CC(=O)O,197.048,-0.3036,74.6,2,2,4,0,0.5,0,0,2,0,2,0,4,2,0,,1,3.90921688079834,-0.7392168807983399
758,O=C(O)Cc1c[nH]cn1,7.43,O=C(O)Cc1c[nH]cn1,126.115,0.0368,65.98,2,2,2,1,0.2,0,0,1,0,1,0,2,1,0,,3,6.347959041595459,1.0820409584045407
759,O=C(O)Cc1ccc(Cl)cc1,3.899,O=C(O)Cc1ccc(Cl)cc1,170.595,1.9671,37.3,1,1,2,1,0.125,0,0,1,0,1,0,2,1,0,,4,3.958981513977051,-0.05998151397705076
760,O=C(O)Cc1ccc(Cl)s1,3.89,O=C(O)Cc1ccc(Cl)s1,176.624,2.0286,37.3,2,1,2,1,0.166667,0,0,1,0,1,0,2,1,0,,4,3.7081048488616943,0.1818951511383058
761,O=C(O)Cc1ccc(F)cc1,3.9325,O=C(O)Cc1ccc(F)cc1,154.14,1.4528,37.3,1,1,2,1,0.125,0,0,1,0,1,0,2,1,0,,3,3.86202073097229,0.07047926902771007
762,O=C(O)Cc1ccc([N+](=O)[O-])cc1,3.7142,O=C(O)Cc1ccc([N+](=O)[O-])cc1,181.147,1.2219,80.44,3,1,3,1,0.125,0,0,1,0,1,0,2,1,0,,4,3.18570876121521,0.52849123878479
763,O=C(O)Cc1ccc2ccccc2c1,4.3,O=C(O)Cc1ccc2ccccc2c1,186.21,2.4669,37.3,1,1,2,2,0.083333,0,0,1,0,1,0,2,1,0,,1,4.366977691650391,-0.0669776916503908
764,O=C(O)Cc1cccc(Cl)c1,3.836,O=C(O)Cc1cccc(Cl)c1,170.595,1.9671,37.3,1,1,2,1,0.125,0,0,1,0,1,0,2,1,0,,4,3.958981513977051,-0.12298151397705093
765,O=C(O)Cc1cccc(F)c1,3.8535,O=C(O)Cc1cccc(F)c1,154.14,1.4528,37.3,1,1,2,1,0.125,0,0,1,0,1,0,2,1,0,,2,4.103898048400879,-0.250398048400879
766,O=C(O)Cc1cccc(O)c(=O)c1C(=O)O,3.75,O=C(O)Cc1cccc(O)c(=O)c1C(=O)O,224.168,0.0777,111.9,4,3,3,1,0.1,0,0,2,0,2,0,4,2,0,,5,2.948943853378296,0.8010561466217041
767,O=C(O)Cc1cccc([N+](=O)[O-])c1,3.97,O=C(O)Cc1cccc([N+](=O)[O-])c1,181.147,1.2219,80.44,3,1,3,1,0.125,0,0,1,0,1,0,2,1,0,,1,3.288837432861328,0.6811625671386721
768,O=C(O)Cc1cccc2ccccc12,4.23,O=C(O)Cc1cccc2ccccc12,186.21,2.4669,37.3,1,1,2,2,0.083333,0,0,1,0,1,0,2,1,0,,4,3.8204901218414307,0.40950987815856976
769,O=C(O)Cc1ccccc(O)c1=O,4.52,O=C(O)Cc1ccccc(O)c1=O,180.159,0.3795,74.6,3,2,2,1,0.111111,0,0,1,0,1,0,2,1,0,,5,2.8438236713409424,1.6761763286590572
770,O=C(O)Cc1ccccc1,4.227125,O=C(O)Cc1ccccc1,136.15,1.3137,37.3,1,1,2,1,0.125,0,0,1,0,1,0,2,1,0,,3,3.9832823276519775,0.24384267234802248
771,O=C(O)Cc1ccccn1,5.68,O=C(O)Cc1ccccn1,137.138,0.7087,50.19,2,1,2,1,0.142857,0,0,1,0,1,0,2,1,0,,5,5.5101518630981445,0.16984813690185518
772,O=C(O)Cc1cccs1,3.89,O=C(O)Cc1cccs1,142.179,1.3752,37.3,2,1,2,1,0.166667,0,0,1,0,1,0,2,1,0,,5,4.035266399383545,-0.1452663993835448
773,O=C(O)[C@@H](O)[C@H](O)[C@H](O)[C@@H](O)C(=O)O,3.08,O=C(O)[C@@H](O)[C@H](O)[C@H](O)[C@@H](O)C(=O)O,210.138,-3.4008,155.52,6,6,5,0,0.666667,0,0,2,0,2,0,4,2,0,,1,4.383547782897949,-1.3035477828979491
774,O=C(O)[C@@H]1CCCN1,10.64,O=C(O)[C@@H]1CCCN1,115.132,-0.177,49.33,2,2,1,0,0.8,0,0,1,0,1,0,2,1,0,,5,7.861655235290527,2.7783447647094732
775,O=C(O)[GeH3],3.5,O=[C](O)[GeH3],120.651,-0.9702,37.3,1,1,0,0,0.0,0,0,1,0,1,0,2,1,0,,5,1.952767014503479,1.547232985496521
776,O=C(O)c1[nH]c(=O)[nH]c(=O)c1Br,2.38,O=C(O)c1[nH]c(=O)[nH]c(=O)c1Br,234.993,-0.4761,103.02,3,3,1,1,0.0,0,0,1,0,1,0,2,1,0,,4,4.229489326477051,-1.8494893264770509
779,O=C(O)c1c(Cl)cccc1Cl,1.707,O=C(O)c1c(Cl)cccc1Cl,191.013,2.6916,37.3,1,1,1,1,0.0,0,0,1,0,1,0,2,1,0,,1,2.6552951335906982,-0.9482951335906982
780,O=C(O)c1c(F)c(F)c(-c2c(F)c(F)c(F)c(F)c2F)c(F)c1F,1.42,O=C(O)c1c(F)c(F)c(-c2c(F)c(F)c(F)c(F)c2F)c(F)c1F,360.131,4.3037,37.3,1,1,2,2,0.0,0,0,1,0,1,0,2,1,0,,5,2.2419891357421875,-0.8219891357421876
781,O=C(O)c1c(F)c(F)c(Br)c(F)c1F,1.66,O=C(O)c1c(F)c(F)c(Br)c(F)c1F,272.979,2.7037,37.3,1,1,1,1,0.0,0,0,1,0,1,0,2,1,0,,5,3.151867628097534,-1.4918676280975343
782,O=C(O)c1c(F)c(F)c(C(F)(F)F)c(F)c1F,1.44,O=C(O)c1c(F)c(F)c(C(F)(F)F)c(F)c1F,262.08,2.96,37.3,1,1,1,1,0.125,0,0,1,0,1,0,2,1,0,,1,2.846210479736328,-1.4062104797363282
783,O=C(O)c1c(F)c(F)c(Cl)c(F)c1F,1.69,O=C(O)c1c(F)c(F)c(Cl)c(F)c1F,228.528,2.5946,37.3,1,1,1,1,0.0,0,0,1,0,1,0,2,1,0,,4,3.1110832691192627,-1.4210832691192627
784,O=C(O)c1c(F)c(F)c(F)c(F)c1F,1.75,O=C(O)c1c(F)c(F)c(F)c(F)c1F,212.073,2.0803,37.3,1,1,1,1,0.0,0,0,1,0,1,0,2,1,0,,5,3.029616117477417,-1.279616117477417
785,O=C(O)c1c(F)c(F)c(O)c(F)c1F,2.27,O=C(O)c1c(F)c(F)c(O)c(F)c1F,210.082,1.6468,57.53,2,2,1,1,0.0,0,0,1,0,1,0,2,1,0,,1,2.550410747528076,-0.28041074752807615
786,O=C(O)c1c(F)c(F)c(S)c(F)c1F,1.67,O=C(O)c1c(F)c(F)c(S)c(F)c1F,226.15,2.2299,37.3,2,2,1,1,0.0,0,0,1,0,1,0,2,1,0,,4,3.4154844284057617,-1.7454844284057618
787,O=C(O)c1c(F)c(F)cc(F)c1F,1.87,O=C(O)c1c(F)c(F)cc(F)c1F,194.083,1.9412,37.3,1,1,1,1,0.0,0,0,1,0,1,0,2,1,0,,5,3.522313117980957,-1.652313117980957
788,O=C(O)c1c(O)cccc1Cl,2.63,O=C(O)c1c(O)cccc1Cl,172.567,1.7438,57.53,2,2,1,1,0.0,0,0,1,0,1,0,2,1,0,,4,3.4102065563201904,-0.7802065563201905
789,O=C(O)c1c(O)cccc1O,1.0605,O=C(O)c1c(O)cccc1O,154.121,0.796,77.76,3,3,1,1,0.0,0,0,1,0,1,0,2,1,0,,2,3.2854506969451904,-2.22495069694519
790,O=C(O)c1c(O)cccc1[N+](=O)[O-],2.24,O=C(O)c1c(O)cccc1[N+](=O)[O-],183.119,0.9986,100.67,4,2,2,1,0.0,0,0,1,0,1,0,2,1,0,,2,3.180094003677368,-0.940094003677368
791,O=C(O)c1c[nH]c(=O)[nH]c1=O,4.16,O=C(O)c1c[nH]c(=O)[nH]c1=O,156.097,-1.2386,103.02,3,3,1,1,0.0,0,0,1,0,1,0,2,1,0,,1,2.4109535217285156,1.7490464782714845
792,O=C(O)c1c[nH]c2ccccc12,3.87,O=C(O)c1c[nH]c2ccccc12,161.16,1.8661,53.09,1,2,1,2,0.0,0,0,1,0,1,0,2,1,0,,1,7.425582408905029,-3.555582408905029
793,O=C(O)c1c[nH]cn1,6.065,O=C(O)c1c[nH]cn1,112.088,0.1079,65.98,2,2,1,1,0.0,0,0,1,0,1,0,2,1,0,,1,3.8403658866882324,2.224634113311768
794,O=C(O)c1c[nH]nn1,3.22,O=C(O)c1c[nH]nn1,113.076,-0.4971,78.87,3,2,1,1,0.0,0,0,1,0,1,0,2,1,0,,4,4.893551349639893,-1.6735513496398924
795,O=C(O)c1cc(=O)[nH]c(=O)[nH]1,1.935,O=C(O)c1cc(=O)[nH]c(=O)[nH]1,156.097,-1.2386,103.02,3,3,1,1,0.0,0,0,1,0,1,0,2,1,0,,2,4.051687240600586,-2.116687240600586
796,O=C(O)c1cc(=O)c(O)co1,-2.34,O=C(O)c1cc(=O)c(O)co1,156.093,0.0436,87.74,4,2,1,1,0.0,0,0,1,0,1,0,2,1,0,,5,3.726890802383423,-6.066890802383423
797,O=C(O)c1cc(=O)cc(-c2ccccc2)o1,1.51,O=C(O)c1cc(=O)cc(-c2ccccc2)o1,216.192,2.005,67.51,3,1,2,2,0.0,0,0,1,0,1,0,2,1,0,,2,3.376579761505127,-1.866579761505127
798,O=C(O)c1cc(=O)cc(-c2ccccc2)s1,2.59,O=C(O)c1cc(=O)cc(-c2ccccc2)s1,232.26,2.4735,54.37,3,1,2,2,0.0,0,0,1,0,1,0,2,1,0,,4,3.3214199542999268,-0.7314199542999269
800,O=C(O)c1cc(=O)cco1,1.5,O=C(O)c1cc(=O)cco1,140.094,0.338,67.51,3,1,1,1,0.0,0,0,1,0,1,0,2,1,0,,5,3.402869701385498,-1.902869701385498
801,O=C(O)c1cc(Br)c[nH]1,4.06,O=C(O)c1cc(Br)c[nH]1,189.996,1.4754,53.09,1,2,1,1,0.0,0,0,1,0,1,0,2,1,0,,5,4.022238731384277,0.037761268615722265
802,O=C(O)c1cc(Br)c[se]1,3.14,O=C(O)c1cc(Br)c[se]1,253.941,1.2043,37.3,1,1,1,1,0.0,0,0,1,0,1,0,2,1,0,,2,3.5389721393585205,-0.3989721393585204
803,O=C(O)c1cc(Br)cc(Br)c1O,2.162,O=C(O)c1cc(Br)cc(Br)c1O,295.914,2.6154,57.53,2,2,1,1,0.0,0,0,1,0,1,0,2,1,0,,4,3.222522497177124,-1.060522497177124
804,O=C(O)c1cc(Br)ccc1O,2.6514,O=C(O)c1cc(Br)ccc1O,217.018,1.8529,57.53,2,2,1,1,0.0,0,0,1,0,1,0,2,1,0,,4,3.157752513885498,-0.5063525138854978
805,O=C(O)c1cc(Br)cs1,3.11,O=C(O)c1cc(Br)cs1,207.048,2.2088,37.3,2,1,1,1,0.0,0,0,1,0,1,0,2,1,0,,3,3.2816073894500732,-0.17160738945007337
806,O=C(O)c1cc(C(=O)O)c(C(=O)O)cc1C(=O)O,1.87,O=C(O)c1cc(C(=O)O)c(C(=O)O)cc1C(=O)O,254.15,0.4794,149.2,4,4,4,1,0.0,0,0,4,0,4,0,8,4,0,,1,0.5679951310157776,1.3020048689842225
807,O=C(O)c1cc(C(=O)O)c(C(=O)O)cc1O,1.86,O=C(O)c1cc(C(=O)O)c(C(=O)O)cc1O,226.14,0.4868,132.13,4,4,3,1,0.0,0,0,3,0,3,0,6,3,0,,4,2.426408052444458,-0.5664080524444579
809,O=C(O)c1cc(C(=O)O)c(O)c(C(=O)O)c1,2.77,O=C(O)c1cc(C(=O)O)c(O)c(C(=O)O)c1,226.14,0.4868,132.13,4,4,3,1,0.0,0,0,3,0,3,0,6,3,0,,2,1.626664638519287,1.143335361480713
810,O=C(O)c1cc(Cl)c[nH]1,4.07,O=C(O)c1cc(Cl)c[nH]1,145.545,1.3663,53.09,1,2,1,1,0.0,0,0,1,0,1,0,2,1,0,,3,4.407301425933838,-0.3373014259338376
811,O=C(O)c1cc(Cl)ccc1Cl,2.466,O=C(O)c1cc(Cl)ccc1Cl,191.013,2.6916,37.3,1,1,1,1,0.0,0,0,1,0,1,0,2,1,0,,5,2.8029990196228027,-0.33699901962280254
812,O=C(O)c1cc(Cl)ccc1O,2.695,O=C(O)c1cc(Cl)ccc1O,172.567,1.7438,57.53,2,2,1,1,0.0,0,0,1,0,1,0,2,1,0,,5,2.760759115219116,-0.06575911521911637
813,O=C(O)c1cc(I)cc(I)c1O,2.299,O=C(O)c1cc(I)cc(I)c1O,389.914,2.2996,57.53,2,2,1,1,0.0,0,0,1,0,1,0,2,1,0,,4,3.1620872020721436,-0.8630872020721436
814,O=C(O)c1cc(I)ccc1O,2.6595000000000004,O=C(O)c1cc(I)ccc1O,264.018,1.695,57.53,2,2,1,1,0.0,0,0,1,0,1,0,2,1,0,,2,2.5552217960357666,0.10427820396423382
815,O=C(O)c1cc(N=Nc2ccc(S(=O)(=O)O)cc2)ccc1O,2.38,O=C(O)c1cc(N=Nc2ccc(S(=O)(=O)O)cc2)ccc1O,322.298,2.7525,136.62,6,3,4,2,0.0,0,1,2,0,4,0,3,2,0,,3,3.070162296295166,-0.6901622962951661
816,O=C(O)c1cc(O)c(O)c(O)c1,4.27,O=C(O)c1cc(O)c(O)c(O)c1,170.12,0.5016,97.99,4,4,1,1,0.0,0,0,1,0,1,0,2,1,0,,1,3.1361942291259766,1.133805770874023
817,O=C(O)c1cc(O)c2ccccc2c1,4.25,O=C(O)c1cc(O)c2ccccc2c1,188.182,2.2436,57.53,2,2,1,2,0.0,0,0,1,0,1,0,2,1,0,,2,3.3522255420684814,0.8977744579315186
818,O=C(O)c1cc(O)cc(O)c1,4.039,O=C(O)c1cc(O)cc(O)c1,154.121,0.796,77.76,3,3,1,1,0.0,0,0,1,0,1,0,2,1,0,,4,3.2433981895446777,0.795601810455322
819,O=C(O)c1cc(O)cc2ccccc12,3.69,O=C(O)c1cc(O)cc2ccccc12,188.182,2.2436,57.53,2,2,1,2,0.0,0,0,1,0,1,0,2,1,0,,5,3.359692096710205,0.33030790328979487
820,O=C(O)c1cc(O)ccc1O,2.9655,O=C(O)c1cc(O)ccc1O,154.121,0.796,77.76,3,3,1,1,0.0,0,0,1,0,1,0,2,1,0,,3,3.495344400405884,-0.5298444004058838
821,O=C(O)c1cc([N+](=O)[O-])c[nH]1,3.37,O=C(O)c1cc([N+](=O)[O-])c[nH]1,156.097,0.6211,96.23,3,2,2,1,0.0,0,0,1,0,1,0,2,1,0,,2,3.7710189819335938,-0.40101898193359364
822,O=C(O)c1cc([N+](=O)[O-])c[se]1,2.74,O=C(O)c1cc([N+](=O)[O-])c[se]1,220.042,0.35,80.44,3,1,2,1,0.0,0,0,1,0,1,0,2,1,0,,5,2.5272960662841797,0.21270393371582053
823,O=C(O)c1cc([N+](=O)[O-])cc([N+](=O)[O-])c1O,0.7,O=C(O)c1cc([N+](=O)[O-])cc([N+](=O)[O-])c1O,228.116,0.9068,143.81,6,2,3,1,0.0,0,0,1,0,1,0,2,1,0,,2,3.0738394260406494,-2.3738394260406492
824,O=C(O)c1cc([N+](=O)[O-])cc2ccccc12,2.83,O=C(O)c1cc([N+](=O)[O-])cc2ccccc12,217.18,2.4462,80.44,3,1,2,2,0.0,0,0,1,0,1,0,2,1,0,,4,3.424299716949463,-0.5942997169494628
825,O=C(O)c1cc([N+](=O)[O-])ccc1O,2.18,O=C(O)c1cc([N+](=O)[O-])ccc1O,183.119,0.9986,100.67,4,2,2,1,0.0,0,0,1,0,1,0,2,1,0,,5,2.214231252670288,-0.034231252670287926
826,O=C(O)c1cc([N+](=O)[O-])cs1,2.835,O=C(O)c1cc([N+](=O)[O-])cs1,173.149,1.3545,80.44,4,1,2,1,0.0,0,0,1,0,1,0,2,1,0,,1,3.023977279663086,-0.18897727966308597
827,O=C(O)c1cc2cc(Br)ccc2[nH]1,16.1,O=C(O)c1cc2cc(Br)ccc2[nH]1,240.056,2.6286,53.09,1,2,1,2,0.0,0,0,1,0,1,0,2,1,0,,4,3.6369409561157227,12.463059043884279
828,O=C(O)c1cc2cc([N+](=O)[O-])ccc2[nH]1,14.91,O=C(O)c1cc2cc([N+](=O)[O-])ccc2[nH]1,206.157,1.7743,96.23,3,2,2,2,0.0,0,0,1,0,1,0,2,1,0,,5,2.9942338466644287,11.915766153335571
829,O=C(O)c1cc2ccccc2cc1O,2.75,O=C(O)c1cc2ccccc2cc1O,188.182,2.2436,57.53,2,2,1,2,0.0,0,0,1,0,1,0,2,1,0,,3,4.191507339477539,-1.441507339477539
830,O=C(O)c1cc[nH]n1,3.74,O=C(O)c1cc[nH]n1,112.088,0.1079,65.98,2,2,1,1,0.0,0,0,1,0,1,0,2,1,0,,3,4.771785736083984,-1.0317857360839842
831,O=C(O)c1ccc(=O)oc1,3.26,O=C(O)c1ccc(=O)oc1,140.094,0.338,67.51,3,1,1,1,0.0,0,0,1,0,1,0,2,1,0,,3,3.097102642059326,0.16289735794067361
832,O=C(O)c1ccc(Br)[nH]1,4.17,O=C(O)c1ccc(Br)[nH]1,189.996,1.4754,53.09,1,2,1,1,0.0,0,0,1,0,1,0,2,1,0,,1,4.30039644241333,-0.13039644241333015
833,O=C(O)c1ccc(Br)[se]1,3.27,O=C(O)c1ccc(Br)[se]1,253.941,1.2043,37.3,1,1,1,1,0.0,0,0,1,0,1,0,2,1,0,,2,3.5389721393585205,-0.2689721393585205
834,O=C(O)c1ccc(Br)c2ccccc12,3.37,O=C(O)c1ccc(Br)c2ccccc12,251.079,3.3005,37.3,1,1,1,2,0.0,0,0,1,0,1,0,2,1,0,,2,4.079113483428955,-0.709113483428955
835,O=C(O)c1ccc(Br)cc1,3.963,O=C(O)c1ccc(Br)cc1,201.019,2.1473,37.3,1,1,1,1,0.0,0,0,1,0,1,0,2,1,0,,4,3.287508249282837,0.6754917507171632
836,O=C(O)c1ccc(Br)cc1C(=O)O,2.5,O=C(O)c1ccc(Br)cc1C(=O)O,245.028,1.8455,74.6,2,2,2,1,0.0,0,0,2,0,2,0,4,2,0,,2,2.767000913619995,-0.2670009136199951
837,O=C(O)c1ccc(Br)cc1O,2.669,O=C(O)c1ccc(Br)cc1O,217.018,1.8529,57.53,2,2,1,1,0.0,0,0,1,0,1,0,2,1,0,,2,2.600430727005005,0.06856927299499516
838,O=C(O)c1ccc(Br)s1,3.245,O=C(O)c1ccc(Br)s1,207.048,2.2088,37.3,2,1,1,1,0.0,0,0,1,0,1,0,2,1,0,,5,2.917125940322876,0.32787405967712413
839,O=C(O)c1ccc(C(=O)O)c(C(=O)O)c1,2.53,O=C(O)c1ccc(C(=O)O)c(C(=O)O)c1,210.141,0.7812,111.9,3,3,3,1,0.0,0,0,3,0,3,0,6,3,0,,3,2.691856861114502,-0.16185686111450215
840,O=C(O)c1ccc(C2CC2)cc1,4.44,O=C(O)c1ccc(C2CC2)cc1,162.188,2.2622,37.3,1,1,2,1,0.3,0,0,1,0,1,0,2,1,0,,4,4.189939975738525,0.250060024261475
841,O=C(O)c1ccc(C=C[N+](=O)[O-])cc1,3.94,O=C(O)c1ccc(C=C[N+](=O)[O-])cc1,193.158,1.6322,80.44,3,1,3,1,0.0,0,0,1,0,1,0,2,1,0,,1,3.0111920833587646,0.9288079166412353
842,O=C(O)c1ccc(Cl)[nH]1,4.32,O=C(O)c1ccc(Cl)[nH]1,145.545,1.3663,53.09,1,2,1,1,0.0,0,0,1,0,1,0,2,1,0,,2,4.313126087188721,0.006873912811279581
843,O=C(O)c1ccc(Cl)[se]1,3.3,O=C(O)c1ccc(Cl)[se]1,209.49,1.0952,37.3,1,1,1,1,0.0,0,0,1,0,1,0,2,1,0,,3,2.832353353500366,0.4676466464996336
844,O=C(O)c1ccc(Cl)c(Cl)c1,3.64,O=C(O)c1ccc(Cl)c(Cl)c1,191.013,2.6916,37.3,1,1,1,1,0.0,0,0,1,0,1,0,2,1,0,,1,2.6552951335906982,0.9847048664093019
845,O=C(O)c1ccc(Cl)c2ccccc12,3.36,O=C(O)c1ccc(Cl)c2ccccc12,206.628,3.1914,37.3,1,1,1,2,0.0,0,0,1,0,1,0,2,1,0,,5,1.7378560304641724,1.6221439695358275
846,O=C(O)c1ccc(Cl)cc1,3.988,O=C(O)c1ccc(Cl)cc1,156.568,2.0382,37.3,1,1,1,1,0.0,0,0,1,0,1,0,2,1,0,,5,3.5482847690582275,0.43971523094177245
847,O=C(O)c1ccc(Cl)cc1Cl,2.73,O=C(O)c1ccc(Cl)cc1Cl,191.013,2.6916,37.3,1,1,1,1,0.0,0,0,1,0,1,0,2,1,0,,5,2.8029990196228027,-0.07299901962280275
848,O=C(O)c1ccc(Cl)s1,3.3150000000000004,O=C(O)c1ccc(Cl)s1,162.597,2.0997,37.3,2,1,1,1,0.0,0,0,1,0,1,0,2,1,0,,2,3.7033915519714355,-0.38839155197143516
849,O=C(O)c1ccc(F)c2ccccc12,3.7,O=C(O)c1ccc(F)c2ccccc12,190.173,2.6771,37.3,1,1,1,2,0.0,0,0,1,0,1,0,2,1,0,,3,4.053795337677002,-0.3537953376770018
850,O=C(O)c1ccc(F)cc1,3.907428571428572,O=C(O)c1ccc(F)cc1,140.113,1.5239,37.3,1,1,1,1,0.0,0,0,1,0,1,0,2,1,0,,3,3.941488027572632,-0.03405945614405992
851,O=C(O)c1ccc(I)cc1,3.9635,O=C(O)c1ccc(I)cc1,248.019,1.9894,37.3,1,1,1,1,0.0,0,0,1,0,1,0,2,1,0,,4,3.018397092819214,0.9451029071807859
852,O=C(O)c1ccc(I)cc1O,2.75,O=C(O)c1ccc(I)cc1O,264.018,1.695,57.53,2,2,1,1,0.0,0,0,1,0,1,0,2,1,0,,2,2.5552217960357666,0.1947782039642334
853,O=C(O)c1ccc(O)c(=O)cc1,4.05,O=C(O)c1ccc(O)c(=O)cc1,166.132,0.4506,74.6,3,2,1,1,0.0,0,0,1,0,1,0,2,1,0,,2,3.5442538261413574,0.5057461738586424
854,O=C(O)c1ccc(O)c(O)c1,4.3755,O=C(O)c1ccc(O)c(O)c1,154.121,0.796,77.76,3,3,1,1,0.0,0,0,1,0,1,0,2,1,0,,3,3.495344400405884,0.8801555995941159
855,O=C(O)c1ccc(O)cc1,4.566666666666666,O=C(O)c1ccc(O)cc1,138.122,1.0904,57.53,2,2,1,1,0.0,0,0,1,0,1,0,2,1,0,,3,3.808015823364258,0.7586508433024086
856,O=C(O)c1ccc(O)cc1O,3.20875,O=C(O)c1ccc(O)cc1O,154.121,0.796,77.76,3,3,1,1,0.0,0,0,1,0,1,0,2,1,0,,4,3.2433981895446777,-0.03464818954467752
857,O=C(O)c1ccc([N+](=O)[O-])[nH]1,3.22,O=C(O)c1ccc([N+](=O)[O-])[nH]1,156.097,0.6211,96.23,3,2,2,1,0.0,0,0,1,0,1,0,2,1,0,,3,3.930124282836914,-0.7101242828369139
858,O=C(O)c1ccc([N+](=O)[O-])[se]1,2.63,O=C(O)c1ccc([N+](=O)[O-])[se]1,220.042,0.35,80.44,3,1,2,1,0.0,0,0,1,0,1,0,2,1,0,,3,2.352205753326416,0.2777942466735839
859,O=C(O)c1ccc([N+](=O)[O-])c2ccccc12,2.8,O=C(O)c1ccc([N+](=O)[O-])c2ccccc12,217.18,2.4462,80.44,3,1,2,2,0.0,0,0,1,0,1,0,2,1,0,,4,3.424299716949463,-0.6242997169494631
860,O=C(O)c1ccc([N+](=O)[O-])cc1,3.2511666666666668,O=C(O)c1ccc([N+](=O)[O-])cc1,167.12,1.293,80.44,3,1,2,1,0.0,0,0,1,0,1,0,2,1,0,,4,3.264442205429077,-0.013275538762410388
862,O=C(O)c1ccc([N+](=O)[O-])cc1O,2.27,O=C(O)c1ccc([N+](=O)[O-])cc1O,183.119,0.9986,100.67,4,2,2,1,0.0,0,0,1,0,1,0,2,1,0,,4,2.930819272994995,-0.6608192729949951
863,O=C(O)c1ccc([N+](=O)[O-])s1,2.68,O=C(O)c1ccc([N+](=O)[O-])s1,173.149,1.3545,80.44,4,1,2,1,0.0,0,0,1,0,1,0,2,1,0,,4,3.289309024810791,-0.6093090248107909
864,O=C(O)c1ccc2c(c1)OCCO2,4.35,O=C(O)c1ccc2c(c1)OCCO2,180.159,1.156,55.76,3,1,1,1,0.222222,0,0,1,0,1,0,2,1,0,,5,3.3268649578094482,1.0231350421905514
865,O=C(O)c1ccc2c(c1)OCO2,4.5,O=C(O)c1ccc2c(c1)OCO2,166.132,1.1135,55.76,3,1,1,1,0.125,0,0,1,0,1,0,2,1,0,,4,3.4125261306762695,1.0874738693237305
866,O=C(O)c1ccc2ccccc2c1,4.343666666666667,O=C(O)c1ccc2ccccc2c1,172.183,2.538,37.3,1,1,1,2,0.0,0,0,1,0,1,0,2,1,0,,4,4.028974533081055,0.3146921335856119
867,O=C(O)c1ccc2ccccc2n1,4.864,O=C(O)c1ccc2ccccc2n1,173.171,1.933,50.19,2,1,1,2,0.0,0,0,1,0,1,0,2,1,0,,1,5.698323726654053,-0.8343237266540529
868,O=C(O)c1ccc2cccccc1-2,5.5,O=C(O)c1ccc2cccccc1-2,172.183,2.4896,37.3,1,1,1,0,0.0,0,0,1,0,1,0,2,1,0,,5,3.3220174312591553,2.1779825687408447
869,O=C(O)c1ccc2ncccc2c1,4.82,O=C(O)c1ccc2ncccc2c1,173.171,1.933,50.19,2,1,1,2,0.0,0,0,1,0,1,0,2,1,0,,5,5.597290992736816,-0.7772909927368161
870,O=C(O)c1ccc2nccnc2c1,3.64,O=C(O)c1ccc2nccnc2c1,174.159,1.328,63.08,3,1,1,2,0.0,0,0,1,0,1,0,2,1,0,,5,3.9387195110321045,-0.29871951103210437
871,O=C(O)c1ccc[nH]1,4.475,O=C(O)c1ccc[nH]1,111.1,0.7129,53.09,1,2,1,1,0.0,0,0,1,0,1,0,2,1,0,,1,4.88996696472168,-0.41496696472168004
872,O=C(O)c1ccc[se]1,3.6,O=C(O)c1ccc[se]1,175.045,0.4418,37.3,1,1,1,1,0.0,0,0,1,0,1,0,2,1,0,,4,3.2787580490112305,0.3212419509887696
873,O=C(O)c1cccc(Br)c1,3.813,O=C(O)c1cccc(Br)c1,201.019,2.1473,37.3,1,1,1,1,0.0,0,0,1,0,1,0,2,1,0,,1,3.0666580200195312,0.7463419799804689
874,O=C(O)c1cccc(Br)c1C(=O)O,2.27,O=C(O)c1cccc(Br)c1C(=O)O,245.028,1.8455,74.6,2,2,2,1,0.0,0,0,2,0,2,0,4,2,0,,2,2.767000913619995,-0.4970009136199951
875,O=C(O)c1cccc(C(=O)O)c1,3.7,O=C(O)c1cccc(C(=O)O)c1,166.132,1.083,74.6,2,2,2,1,0.0,0,0,2,0,2,0,4,2,0,,4,2.9372994899749756,0.7627005100250246
876,O=C(O)c1cccc(C(=O)O)c1C(=O)O,2.84,O=C(O)c1cccc(C(=O)O)c1C(=O)O,210.141,0.7812,111.9,3,3,3,1,0.0,0,0,3,0,3,0,6,3,0,,4,2.524151563644409,0.3158484363555907
877,O=C(O)c1cccc(C(=O)O)n1,4.6,O=C(O)c1cccc(C(=O)O)n1,167.12,0.478,87.49,3,2,2,1,0.0,0,0,2,0,2,0,4,2,0,,4,3.0715062618255615,1.5284937381744381
878,O=C(O)c1cccc(C=C[N+](=O)[O-])c1,3.87,O=C(O)c1cccc(C=C[N+](=O)[O-])c1,193.158,1.6322,80.44,3,1,3,1,0.0,0,0,1,0,1,0,2,1,0,,2,3.3779852390289307,0.49201476097106944
879,O=C(O)c1cccc(CO)n1,4.61,O=C(O)c1cccc(CO)n1,153.137,0.2721,70.42,3,2,2,1,0.142857,0,0,1,0,1,0,2,1,0,,5,3.183636426925659,1.4263635730743411
880,O=C(O)c1cccc(Cl)c1,3.8295,O=C(O)c1cccc(Cl)c1,156.568,2.0382,37.3,1,1,1,1,0.0,0,0,1,0,1,0,2,1,0,,3,3.7039315700531006,0.12556842994689932
882,O=C(O)c1cccc(F)c1,3.626714285714286,O=C(O)c1cccc(F)c1,140.113,1.5239,37.3,1,1,1,1,0.0,0,0,1,0,1,0,2,1,0,,4,3.8695309162139893,-0.24281663049970348
883,O=C(O)c1cccc(I)c1O,2.52,O=C(O)c1cccc(I)c1O,264.018,1.695,57.53,2,2,1,1,0.0,0,0,1,0,1,0,2,1,0,,3,2.9607019424438477,-0.44070194244384764
884,O=C(O)c1cccc(O)c(=O)c1,3.42,O=C(O)c1cccc(O)c(=O)c1,166.132,0.4506,74.6,3,2,1,1,0.0,0,0,1,0,1,0,2,1,0,,5,3.7533040046691895,-0.3333040046691895
885,O=C(O)c1cccc(O)c(=O)c1C(=O)O,3.24,O=C(O)c1cccc(O)c(=O)c1C(=O)O,210.141,0.1488,111.9,4,3,2,1,0.0,0,0,2,0,2,0,4,2,0,,2,2.6330854892730713,0.6069145107269289
886,O=C(O)c1cccc(O)c1,4.19,O=C(O)c1cccc(O)c1,138.122,1.0904,57.53,2,2,1,1,0.0,0,0,1,0,1,0,2,1,0,,1,3.3797662258148193,0.810233774185181
887,O=C(O)c1cccc(O)c1O,2.914,O=C(O)c1cccc(O)c1O,154.121,0.796,77.76,3,3,1,1,0.0,0,0,1,0,1,0,2,1,0,,5,3.1599743366241455,-0.24597433662414536
888,O=C(O)c1cccc([N+](=O)[O-])c1,3.293333333333333,O=C(O)c1cccc([N+](=O)[O-])c1,167.12,1.293,80.44,3,1,2,1,0.0,0,0,1,0,1,0,2,1,0,,2,3.2995924949645996,-0.006259161631266608
890,O=C(O)c1cccc([N+](=O)[O-])c1O,2.085,O=C(O)c1cccc([N+](=O)[O-])c1O,183.119,0.9986,100.67,4,2,2,1,0.0,0,0,1,0,1,0,2,1,0,,2,3.180094003677368,-1.0950940036773682
891,O=C(O)c1cccc2ccccc12,3.80925,O=C(O)c1cccc2ccccc12,172.183,2.538,37.3,1,1,1,2,0.0,0,0,1,0,1,0,2,1,0,,1,4.9265546798706055,-1.1173046798706054
892,O=C(O)c1cccc2cccnc12,6.8,O=C(O)c1cccc2cccnc12,173.171,1.933,50.19,2,1,1,2,0.0,0,0,1,0,1,0,2,1,0,,2,4.576266765594482,2.2237332344055174
893,O=C(O)c1cccc2nccnc12,4.026,O=C(O)c1cccc2nccnc12,174.159,1.328,63.08,3,1,1,2,0.0,0,0,1,0,1,0,2,1,0,,4,3.729795455932617,0.2962045440673826
894,O=C(O)c1ccccc(O)c1=O,3.2,O=C(O)c1ccccc(O)c1=O,166.132,0.4506,74.6,3,2,1,1,0.0,0,0,1,0,1,0,2,1,0,,2,3.5442538261413574,-0.34425382614135724
895,O=C(O)c1ccccc1,4.093071428571428,O=C(O)c1ccccc1,122.123,1.3848,37.3,1,1,1,1,0.0,0,0,1,0,1,0,2,1,0,,1,3.767888069152832,0.3251833594185962
896,O=C(O)c1ccccc1C(=O)O,2.813333333333333,O=C(O)c1ccccc1C(=O)O,166.132,1.083,74.6,2,2,2,1,0.0,0,0,2,0,2,0,4,2,0,,1,3.4214015007019043,-0.6080681673685713
897,O=C(O)c1ccccc1C(=O)c1ccccc1,3.536,O=C(O)c1ccccc1C(=O)c1ccccc1,226.231,2.6158,54.37,2,1,3,2,0.0,0,0,1,0,1,0,2,1,0,,1,3.8533244132995605,-0.3173244132995605
898,O=C(O)c1ccccc1Cl,3.063333333333333,O=C(O)c1ccccc1Cl,156.568,2.0382,37.3,1,1,1,1,0.0,0,0,1,0,1,0,2,1,0,,2,3.8317575454711914,-0.7684242121378584
899,O=C(O)c1ccccc1Nc1ccccc1,3.925,O=C(O)c1ccccc1Nc1ccccc1,213.236,3.1284,49.33,2,2,3,2,0.0,0,0,1,0,1,0,2,1,0,,4,4.511104583740234,-0.5861045837402346
900,O=C(O)c1ccccc1O,2.9423076923076925,O=C(O)c1ccccc1O,138.122,1.0904,57.53,2,2,1,1,0.0,0,0,1,0,1,0,2,1,0,,3,3.808015823364258,-0.8657081310565653
901,O=C(O)c1ccccc1P(O)O,1.32,O=C(O)c1ccccc1P(O)O,186.103,0.3066,77.76,3,3,2,1,0.0,0,0,1,0,1,0,2,1,0,,1,2.937375068664551,-1.6173750686645507
902,O=C(O)c1ccccc1[N+](=O)[O-],2.1083333333333334,O=C(O)c1ccccc1[N+](=O)[O-],167.12,1.293,80.44,3,1,2,1,0.0,0,0,1,0,1,0,2,1,0,,5,3.4815616607666016,-1.3732283274332682
903,O=C(O)c1cccccc1=O,3.73,O=C(O)c1cccccc1=O,150.133,0.745,54.37,2,1,1,1,0.0,0,0,1,0,1,0,2,1,0,,1,3.6061031818389893,0.12389681816101072
904,O=C(O)c1ccccn1,5.4,O=C(O)c1ccccn1,123.111,0.7798,50.19,2,1,1,1,0.0,0,0,1,0,1,0,2,1,0,,5,4.893428325653076,0.5065716743469242
905,O=C(O)c1cccnc1,4.7725,O=C(O)c1cccnc1,123.111,0.7798,50.19,2,1,1,1,0.0,0,0,1,0,1,0,2,1,0,,2,4.447932720184326,0.3245672798156738
906,O=C(O)c1cccnc1C(=O)O,4.75,O=C(O)c1cccnc1C(=O)O,167.12,0.478,87.49,3,2,2,1,0.0,0,0,2,0,2,0,4,2,0,,3,3.0776073932647705,1.6723926067352295
907,O=C(O)c1ccco1,3.153,O=C(O)c1ccco1,112.084,0.9778,50.44,2,1,1,1,0.0,0,0,1,0,1,0,2,1,0,,5,4.614301681518555,-1.4613016815185547
908,O=C(O)c1cccs1,3.5125,O=C(O)c1cccs1,128.152,1.4463,37.3,2,1,1,1,0.0,0,0,1,0,1,0,2,1,0,,4,4.037888050079346,-0.5253880500793455
909,O=C(O)c1ccnc(C(=O)O)c1,2.2,O=C(O)c1ccnc(C(=O)O)c1,167.12,0.478,87.49,3,2,2,1,0.0,0,0,2,0,2,0,4,2,0,,3,3.0776073932647705,-0.8776073932647703
910,O=C(O)c1ccncc1,4.876666666666666,O=C(O)c1ccncc1,123.111,0.7798,50.19,2,1,1,1,0.0,0,0,1,0,1,0,2,1,0,,2,4.447932720184326,0.42873394648233987
911,O=C(O)c1ccncc1C(=O)O,2.95,O=C(O)c1ccncc1C(=O)O,167.12,0.478,87.49,3,2,2,1,0.0,0,0,2,0,2,0,4,2,0,,4,3.0715062618255615,-0.12150626182556135
912,O=C(O)c1ccncc1O,4.83,O=C(O)c1ccncc1O,139.11,0.4854,70.42,3,2,1,1,0.0,0,0,1,0,1,0,2,1,0,,4,4.432615280151367,0.3973847198486329
913,O=C(O)c1cn(-c2ccccc2)nn1,2.88,O=C(O)c1cn(-c2ccccc2)nn1,189.174,0.9655,68.01,3,1,2,2,0.0,0,0,1,0,1,0,2,1,0,,4,3.777801752090454,-0.8978017520904542
914,O=C(O)c1cnc2ccccc2n1,2.811666666666666,O=C(O)c1cnc2ccccc2n1,174.159,1.328,63.08,3,1,1,2,0.0,0,0,1,0,1,0,2,1,0,,5,3.9387195110321045,-1.1270528443654384
915,O=C(O)c1cncc(C(=O)O)c1,2.72,O=C(O)c1cncc(C(=O)O)c1,167.12,0.478,87.49,3,2,2,1,0.0,0,0,2,0,2,0,4,2,0,,2,3.395721673965454,-0.6757216739654539
916,O=C(O)c1cncc(C(=O)O)c1C(=O)O,2.01,O=C(O)c1cncc(C(=O)O)c1C(=O)O,211.129,0.1762,124.79,4,3,3,1,0.0,0,0,3,0,3,0,6,3,0,,1,1.85726797580719,0.15273202419280985
917,O=C(O)c1cocc1C(=O)O,1.44,O=C(O)c1cocc1C(=O)O,156.093,0.676,87.74,3,2,2,1,0.0,0,0,2,0,2,0,4,2,0,,1,2.559021234512329,-1.1190212345123292
918,O=C(O)c1csccc1=O,4.1,O=C(O)c1csccc1=O,156.162,0.8065,54.37,3,1,1,1,0.0,0,0,1,0,1,0,2,1,0,,1,3.011805534362793,1.0881944656372067
919,O=C(O)c1nc(C(=O)O)c(C(=O)O)c(C(=O)O)c1C(=O)O,0.5,O=C(O)c1nc(C(=O)O)c(C(=O)O)c(C(=O)O)c1C(=O)O,299.147,-0.4274,199.39,6,5,5,1,0.0,0,0,5,0,5,0,10,5,0,,2,2.9509074687957764,-2.4509074687957764
920,O=C(O)c1nc2ccccc2nc1C(=O)O,1.71,O=C(O)c1nc2ccccc2nc1C(=O)O,218.168,1.0262,100.38,4,2,2,2,0.0,0,0,2,0,2,0,4,2,0,,1,4.37692403793335,-2.6669240379333496
921,O=C(O)c1nc2ccccc2nc1Cl,1.83,O=C(O)c1nc2ccccc2nc1Cl,208.604,1.9814,63.08,3,1,1,2,0.0,0,0,1,0,1,0,2,1,0,,5,3.205461025238037,-1.375461025238037
922,O=C(O)c1nc2ccccc2nc1O,2.58,O=C(O)c1nc2ccccc2nc1O,190.158,1.0336,83.31,4,2,1,2,0.0,0,0,1,0,1,0,2,1,0,,4,4.426483154296875,-1.846483154296875
923,O=C(O)c1ncccc1O,5.17,O=C(O)c1ncccc1O,139.11,0.4854,70.42,3,2,1,1,0.0,0,0,1,0,1,0,2,1,0,,2,4.014278411865234,1.1557215881347656
924,O=C(O)c1nnn(-c2ccccc2)c1C(=O)O,2.13,O=C(O)c1nnn(-c2ccccc2)c1C(=O)O,233.183,0.6637,105.31,4,2,3,2,0.0,0,0,2,0,2,0,4,2,0,,3,4.753091335296631,-2.623091335296631
925,O=C(O)c1occc(=O)c1O,7.67,O=C(O)c1occc(=O)c1O,156.093,0.0436,87.74,4,2,1,1,0.0,0,0,1,0,1,0,2,1,0,,5,3.726890802383423,3.943109197616577
926,O=C/C(Cl)=C(/Cl)C(=O)O,4.2,O=C/C(Cl)=C(/Cl)C(=O)O,168.963,0.9591,54.37,2,1,2,0,0.0,0,0,1,0,1,0,2,1,0,,1,2.8701229095458984,1.3298770904541017
927,O=C1CCC(C(=O)O)CC1,4.38,O=C1CCC(C(=O)O)CC1,142.154,0.8303,54.37,2,1,1,0,0.714286,0,0,1,0,1,0,2,1,0,,2,3.2832412719726562,1.0967587280273436
928,O=CC(=O)O,3.22,O=CC(=O)O,74.035,-0.7301,54.37,2,1,1,0,0.0,0,0,1,0,1,0,2,1,0,,2,2.7906365394592285,0.4293634605407717
929,O=CO,3.744857142857143,O=CO,46.025,-0.2992,37.3,1,1,0,0,0.0,0,0,1,0,1,0,2,1,0,,4,2.6758153438568115,1.0690417990003316
930,O=Cc1ccc(C(=O)O)cc1,3.76,O=Cc1ccc(C(=O)O)cc1,150.133,1.1973,54.37,2,1,2,1,0.0,0,0,1,0,1,0,2,1,0,,4,3.656628131866455,0.10337186813354471
931,O=Cc1cccc(C(=O)O)c1,3.84,O=Cc1cccc(C(=O)O)c1,150.133,1.1973,54.37,2,1,2,1,0.0,0,0,1,0,1,0,2,1,0,,1,3.524613380432129,0.31538661956787095
932,O[C@@H]1CC[C@H](CC1)C(=O)O,4.69,O=C(O)[C@H]1CC[C@H](O)CC1,144.17,0.6221,57.53,2,2,1,0,0.857143,0,0,1,0,1,0,2,1,0,,1,4.085903167724609,0.604096832275391
933,[C@@H]1([C@@H](CC1)C(=O)O)C(=O)O,3.94,O=C(O)[C@@H]1CC[C@H]1C(=O)O,144.126,0.1818,74.6,2,2,2,0,0.666667,0,0,2,0,2,0,4,2,0,,4,3.7652182579040527,0.1747817420959472
934,[C@@H]1([C@@H](CC=CC1)C(=O)O)C(=O)O,3.89,O=C(O)[C@@H]1CC=CC[C@H]1C(=O)O,170.164,0.738,74.6,2,2,2,0,0.5,0,0,2,0,2,0,4,2,0,,4,2.992985963821411,0.897014036178589
935,[C@@H]1([C@@H](CCCC1)C(=O)O)C(=O)O,4.199999999999999,O=C(O)[C@@H]1CCCC[C@H]1C(=O)O,172.18,0.962,74.6,2,2,2,0,0.75,0,0,2,0,2,0,4,2,0,,3,3.851404905319214,0.3485950946807854
936,[C@@H]1([C@@H](CCCCC1)C(=O)O)C(=O)O,4.3,O=C(O)[C@@H]1CCCCC[C@H]1C(=O)O,186.207,1.3521,74.6,2,2,2,0,0.777778,0,0,2,0,2,0,4,2,0,,3,3.52097487449646,0.7790251255035399
937,[C@@H]1([C@@H](CCCCCC1)C(=O)O)C(=O)O,4.37,O=C(O)[C@@H]1CCCCCC[C@H]1C(=O)O,200.234,1.7422,74.6,2,2,2,0,0.8,0,0,2,0,2,0,4,2,0,,4,3.818178176879883,0.5518218231201173
938,[C@@H]1([C@H](CC1)C(=O)O)C(=O)O,4.16,O=C(O)[C@H]1CC[C@H]1C(=O)O,144.126,0.1818,74.6,2,2,2,0,0.666667,0,0,2,0,2,0,4,2,0,,1,3.76479434967041,0.39520565032959
939,[C@@H]1([C@H](CC=CC1)C(=O)O)C(=O)O,3.75,O=C(O)[C@H]1CC=CC[C@H]1C(=O)O,170.164,0.738,74.6,2,2,2,0,0.5,0,0,2,0,2,0,4,2,0,,4,2.992985963821411,0.7570140361785889
940,[C@@H]1([C@H](CCCC1)C(=O)O)C(=O)O,4.345000000000001,O=C(O)[C@H]1CCCC[C@H]1C(=O)O,172.18,0.962,74.6,2,2,2,0,0.75,0,0,2,0,2,0,4,2,0,,2,4.114741325378418,0.23025867462158267
941,[C@@H]1([C@H](CCCCC1)C(=O)O)C(=O)O,3.87,O=C(O)[C@H]1CCCCC[C@H]1C(=O)O,186.207,1.3521,74.6,2,2,2,0,0.777778,0,0,2,0,2,0,4,2,0,,5,4.257369518280029,-0.3873695182800292
942,[C@@H]1([C@H](CCCCCC1)C(=O)O)C(=O)O,3.99,O=C(O)[C@H]1CCCCCC[C@H]1C(=O)O,200.234,1.7422,74.6,2,2,2,0,0.8,0,0,2,0,2,0,4,2,0,,2,3.758089303970337,0.2319106960296633
943,[C@H]1(C[C@@H](C1)C(=O)O)C(=O)O,4.08,O=C(O)[C@H]1C[C@@H](C(=O)O)C1,144.126,0.1818,74.6,2,2,2,0,0.666667,0,0,2,0,2,0,4,2,0,,5,4.132449150085449,-0.05244915008544915
944,[C@H]1(C[C@H](C1)C(=O)O)C(=O)O,4.11,O=C(O)[C@H]1C[C@H](C(=O)O)C1,144.126,0.1818,74.6,2,2,2,0,0.666667,0,0,2,0,2,0,4,2,0,,4,3.7652182579040527,0.3447817420959476
945,[N+](=O)([O-])/C=C/C(=O)O,2.58,O=C(O)/C=C/[N+](=O)[O-],117.06,-0.1386,80.44,3,1,2,0,0.0,0,0,1,0,1,0,2,1,0,,3,3.30914306640625,-0.7291430664062499
946,[N+](=O)([O-])C1=CC=C(C=C1)[C@H]1[C@@H](C1)C(=O)O,4.45,O=C(O)[C@@H]1C[C@H]1c1ccc([N+](=O)[O-])cc1,207.185,1.7829,80.44,3,1,3,1,0.3,0,0,1,0,1,0,2,1,0,,3,4.166256427764893,0.2837435722351076
947,[N+](=O)([O-])C=1C=C(C=CC1)[C@H]1[C@@H](C1)C(=O)O,4.41,O=C(O)[C@@H]1C[C@H]1c1cccc([N+](=O)[O-])c1,207.185,1.7829,80.44,3,1,3,1,0.3,0,0,1,0,1,0,2,1,0,,4,4.418987274169922,-0.008987274169921733
948,[Se]1[C@H](CC[C@H]1C(=O)O)C(=O)O,3.24,O=C(O)[C@@H]1CC[C@H](C(=O)O)[Se]1,223.086,0.2306,74.6,2,2,2,0,0.666667,0,0,2,0,2,0,4,2,0,,2,2.9338343143463135,0.30616568565368674
949,CC(C)(C)c1ccc(S(=O)(=O)O)c(C(C)(C)C)n1,4.12,CC(C)(C)c1ccc(S(=O)(=O)O)c(C(C)(C)C)n1,271.382,2.9233,67.26,3,1,1,1,0.615385,0,1,1,0,3,0,1,1,0,,2,3.3669955730438232,0.7530044269561769
950,CS(=O)(=O)O,-1.53,CS(=O)(=O)O,96.107,-0.496,54.37,2,1,0,0,1.0,0,1,1,0,3,0,1,0,0,,1,7.584634780883789,-9.114634780883788
951,Cc1cc(S(=O)(=O)O)cc(C)n1,5.09,Cc1cc(S(=O)(=O)O)cc(C)n1,187.22,0.94514,67.26,3,1,1,1,0.285714,0,1,1,0,3,0,1,1,0,,3,3.771533727645874,1.3184662723541258
952,Cc1cc(S(=O)(=O)O)ccc1N,3.1264,Cc1cc(S(=O)(=O)O)ccc1N,187.22,0.82392,80.39,3,2,1,1,0.142857,0,1,1,0,3,0,1,1,0,,3,3.199519634246826,-0.07311963424682633
953,Cc1ccc(S(=O)(=O)O)c(C)n1,4.89,Cc1ccc(S(=O)(=O)O)c(C)n1,187.22,0.94514,67.26,3,1,1,1,0.285714,0,1,1,0,3,0,1,1,0,,4,3.7410717010498047,1.148928298950195
954,Cc1ccc(S(=O)(=O)O)cc1,-1.34,Cc1ccc(S(=O)(=O)O)cc1,172.205,1.24172,54.37,2,1,1,1,0.142857,0,1,1,0,3,0,1,1,0,,1,4.014488697052002,-5.354488697052002
955,Cc1ccc(S(=O)(=O)O)cc1N,3.6323,Cc1ccc(S(=O)(=O)O)cc1N,187.22,0.82392,80.39,3,2,1,1,0.142857,0,1,1,0,3,0,1,1,0,,2,2.9668281078338623,0.6654718921661376
956,Cc1ccc2c(S(=O)(=O)O)cc(Br)c(O)c2n1,3.32,Cc1ccc2c(S(=O)(=O)O)cc(Br)c(O)c2n1,318.148,2.25802,87.49,4,2,1,2,0.1,0,1,1,0,3,0,1,1,0,,4,3.723219633102417,-0.40321963310241715
957,Cc1ccc2c(S(=O)(=O)O)cc([N+](=O)[O-])c(O)c2n1,6.24,Cc1ccc2c(S(=O)(=O)O)cc([N+](=O)[O-])c(O)c2n1,284.249,1.40372,130.63,6,2,2,2,0.1,0,1,1,0,3,0,1,1,0,,2,6.418840408325195,-0.1788404083251951
958,Cc1ccc2c(S(=O)(=O)O)ccc(O)c2n1,4.68,Cc1ccc2c(S(=O)(=O)O)ccc(O)c2n1,239.252,1.49552,87.49,4,2,1,2,0.1,0,1,1,0,3,0,1,1,0,,3,4.3575873374938965,0.32241266250610323
959,Cc1cccc(C(O)S(=O)(=O)O)n1,4.83,Cc1cccc(C(O)S(=O)(=O)O)n1,203.219,0.26872,87.49,4,2,2,1,0.285714,0,1,1,0,3,0,1,0,0,,2,5.7152838706970215,-0.8852838706970214
960,NCC(O)S(=O)(=O)O,9.175,NCC(O)S(=O)(=O)O,141.148,-1.8487,100.62,4,3,2,0,1.0,0,1,1,0,3,0,1,0,0,,1,8.463590621948242,0.7114093780517585
961,NCCOS(=O)(=O)O,9.135,NCCOS(=O)(=O)O,141.148,-1.2355,89.62,4,2,3,0,1.0,0,1,1,0,4,0,1,0,0,,3,7.080751419067383,2.054248580932617
962,NCCS(=O)(=O)O,8.98335,NCCS(=O)(=O)O,125.149,-1.1671,80.39,3,2,2,0,1.0,0,1,1,0,3,0,1,0,0,,5,8.047545433044434,0.9358045669555661
963,NNc1ccc(S(=O)(=O)O)cc1,2.61,NNc1ccc(S(=O)(=O)O)cc1,188.208,0.2189,92.42,4,3,2,1,0.0,0,1,1,0,3,0,1,1,0,,1,2.5511796474456787,0.058820352554321165
964,NNc1cccc(S(=O)(=O)O)c1,2.43,NNc1cccc(S(=O)(=O)O)c1,188.208,0.2189,92.42,4,3,2,1,0.0,0,1,1,0,3,0,1,1,0,,2,2.9777333736419678,-0.5477333736419676
965,NNc1ccccc1S(=O)(=O)O,2.33,NNc1ccccc1S(=O)(=O)O,188.208,0.2189,92.42,4,3,2,1,0.0,0,1,1,0,3,0,1,1,0,,5,2.649573564529419,-0.3195735645294189
966,N[C@@H](CS(=O)(=O)O)C(=O)O,1.89,N[C@@H](CS(=O)(=O)O)C(=O)O,169.158,-1.7139,117.69,4,3,3,0,0.666667,0,1,2,0,4,0,3,1,0,,1,2.077368974685669,-0.18736897468566904
967,Nc1c(S(=O)(=O)O)ccc2ccccc12,1.71,Nc1c(S(=O)(=O)O)ccc2ccccc12,223.253,1.6687,80.39,3,2,1,2,0.0,0,1,1,0,3,0,1,1,0,,5,3.6742820739746094,-1.9642820739746094
968,Nc1cc(S(=O)(=O)O)c2ccccc2c1,3.7,Nc1cc(S(=O)(=O)O)c2ccccc2c1,223.253,1.6687,80.39,3,2,1,2,0.0,0,1,1,0,3,0,1,1,0,,3,3.6071581840515137,0.0928418159484865
969,Nc1cc(S(=O)(=O)O)cc2ccccc12,3.2,Nc1cc(S(=O)(=O)O)cc2ccccc12,223.253,1.6687,80.39,3,2,1,2,0.0,0,1,1,0,3,0,1,1,0,,5,3.6742820739746094,-0.4742820739746092
970,Nc1ccc(S(=O)(=O)O)c2ccccc12,2.81,Nc1ccc(S(=O)(=O)O)c2ccccc12,223.253,1.6687,80.39,3,2,1,2,0.0,0,1,1,0,3,0,1,1,0,,4,3.6480560302734375,-0.8380560302734374
971,Nc1ccc(S(=O)(=O)O)cc1,3.228825,Nc1ccc(S(=O)(=O)O)cc1,173.193,0.5155,80.39,3,2,1,1,0.0,0,1,1,0,3,0,1,1,0,,1,3.223482608795166,0.0053423912048340405
972,Nc1ccc2c(S(=O)(=O)O)cccc2c1,3.96,Nc1ccc2c(S(=O)(=O)O)cccc2c1,223.253,1.6687,80.39,3,2,1,2,0.0,0,1,1,0,3,0,1,1,0,,4,3.6480560302734375,0.31194396972656246
973,Nc1ccc2cc(S(=O)(=O)O)ccc2c1,3.74,Nc1ccc2cc(S(=O)(=O)O)ccc2c1,223.253,1.6687,80.39,3,2,1,2,0.0,0,1,1,0,3,0,1,1,0,,1,3.2947936058044434,0.44520639419555685
974,Nc1ccc2ccc(S(=O)(=O)O)cc2c1,3.95,Nc1ccc2ccc(S(=O)(=O)O)cc2c1,223.253,1.6687,80.39,3,2,1,2,0.0,0,1,1,0,3,0,1,1,0,,1,3.2947936058044434,0.6552063941955568
975,Nc1ccc2cccc(S(=O)(=O)O)c2c1,3.89,Nc1ccc2cccc(S(=O)(=O)O)c2c1,223.253,1.6687,80.39,3,2,1,2,0.0,0,1,1,0,3,0,1,1,0,,3,3.6071581840515137,0.28284181594848645
976,Nc1ccc2ccccc2c1S(=O)(=O)O,2.35,Nc1ccc2ccccc2c1S(=O)(=O)O,223.253,1.6687,80.39,3,2,1,2,0.0,0,1,1,0,3,0,1,1,0,,4,3.6480560302734375,-1.2980560302734374
977,Nc1cccc(S(=O)(=O)O)c1,3.729025,Nc1cccc(S(=O)(=O)O)c1,173.193,0.5155,80.39,3,2,1,1,0.0,0,1,1,0,3,0,1,1,0,,3,3.295816659927368,0.43320834007263187
978,Nc1cccc2c(S(=O)(=O)O)cccc12,3.69,Nc1cccc2c(S(=O)(=O)O)cccc12,223.253,1.6687,80.39,3,2,1,2,0.0,0,1,1,0,3,0,1,1,0,,3,3.6071581840515137,0.08284181594848627
979,Nc1cccc2cc(S(=O)(=O)O)ccc12,3.8,Nc1cccc2cc(S(=O)(=O)O)ccc12,223.253,1.6687,80.39,3,2,1,2,0.0,0,1,1,0,3,0,1,1,0,,5,3.6742820739746094,0.12571792602539045
980,Nc1cccc2ccc(S(=O)(=O)O)cc12,3.66,Nc1cccc2ccc(S(=O)(=O)O)cc12,223.253,1.6687,80.39,3,2,1,2,0.0,0,1,1,0,3,0,1,1,0,,4,3.6480560302734375,0.011943969726562642
981,Nc1cccc2cccc(S(=O)(=O)O)c12,5.03,Nc1cccc2cccc(S(=O)(=O)O)c12,223.253,1.6687,80.39,3,2,1,2,0.0,0,1,1,0,3,0,1,1,0,,1,3.2947936058044434,1.735206394195557
982,Nc1ccccc1S(=O)(=O)O,2.4746,Nc1ccccc1S(=O)(=O)O,173.193,0.5155,80.39,3,2,1,1,0.0,0,1,1,0,3,0,1,1,0,,3,3.295816659927368,-0.821216659927368
983,O=C(NCCS(=O)(=O)O)C(=S)NCCS(=O)(=O)O,11.97,O=C(NCCS(=O)(=O)O)C(=S)NCCS(=O)(=O)O,320.37,-2.2048,149.87,6,4,6,0,0.666667,0,1,2,0,6,0,2,0,0,,1,3.698316812515259,8.271683187484742
984,O=C(O)c1cc(N=Nc2ccc(S(=O)(=O)O)cc2)ccc1O,2.38,O=C(O)c1cc(N=Nc2ccc(S(=O)(=O)O)cc2)ccc1O,322.298,2.7525,136.62,6,3,4,2,0.0,0,1,2,0,4,0,3,2,0,,5,2.3215365409851074,0.05846345901489247
985,O=C1C(O)=C(S(=O)(=O)O)C(=O)C(O)=C1S(=O)(=O)O,0.75,O=C1C(O)=C(S(=O)(=O)O)C(=O)C(O)=C1S(=O)(=O)O,300.222,-1.547,183.34,8,4,2,0,0.0,0,1,2,0,6,0,2,0,0,,4,4.857264518737793,-4.107264518737793
986,O=C1c2ccccc2C(=O)c2c(O)c(S(=O)(=O)O)cc(O)c21,7.73,O=C1c2ccccc2C(=O)c2c(O)c(S(=O)(=O)O)cc(O)c21,320.278,1.1199,128.97,6,3,1,2,0.0,0,1,1,0,3,0,1,1,0,,1,5.895815372467041,1.8341846275329594
987,O=Nc1c(O)cc(S(=O)(=O)O)c2[nH]ncc12,7.75,O=Nc1c(O)cc(S(=O)(=O)O)c2[nH]ncc12,243.2,0.9131,132.71,6,3,2,2,0.0,0,1,1,0,3,0,1,1,0,,3,7.550806045532227,0.19919395446777344
988,O=Nc1c(O)cc(S(=O)(=O)O)c2cn[nH]c12,5.85,O=Nc1c(O)cc(S(=O)(=O)O)c2cn[nH]c12,243.2,0.9131,132.71,6,3,2,2,0.0,0,1,1,0,3,0,1,1,0,,3,7.550806045532227,-1.700806045532227
989,O=Nc1c(O)ccc2cc(S(=O)(=O)O)ccc12,7.6,O=Nc1c(O)ccc2cc(S(=O)(=O)O)ccc12,253.235,2.19,104.03,5,2,2,2,0.0,0,1,1,0,3,0,1,1,0,,5,6.87894344329834,0.7210565567016598
990,O=Nc1c(S(=O)(=O)O)cc(O)c2[nH]ncc12,8.6,O=Nc1c(S(=O)(=O)O)cc(O)c2[nH]ncc12,243.2,0.9131,132.71,6,3,2,2,0.0,0,1,1,0,3,0,1,1,0,,1,6.7951226234436035,1.8048773765563961
991,O=Nc1c(S(=O)(=O)O)cc(O)c2cn[nH]c12,7.15,O=Nc1c(S(=O)(=O)O)cc(O)c2cn[nH]c12,243.2,0.9131,132.71,6,3,2,2,0.0,0,1,1,0,3,0,1,1,0,,4,7.442343711853027,-0.292343711853027
992,O=Nc1cc(S(=O)(=O)O)c2cn[nH]c2c1O,6.35,O=Nc1cc(S(=O)(=O)O)c2cn[nH]c2c1O,243.2,0.9131,132.71,6,3,2,2,0.0,0,1,1,0,3,0,1,1,0,,4,7.442343711853027,-1.0923437118530277
993,O=Nc1ccc2c(S(=O)(=O)O)cccc2c1O,7.32,O=Nc1ccc2c(S(=O)(=O)O)cccc2c1O,253.235,2.19,104.03,5,2,2,2,0.0,0,1,1,0,3,0,1,1,0,,3,6.560876369476318,0.7591236305236819
994,O=P(O)(O)c1ccccc1N=Nc1c(S(=O)(=O)O)cc2cc(S(=O)(=O)O)c(N=Nc3ccc(Cl)cc3P(=O)(O)O)c(O)c2c1O,-2.0,O=P(O)(O)c1ccccc1N=Nc1c(S(=O)(=O)O)cc2cc(S(=O)(=O)O)c(N=Nc3ccc(Cl)cc3P(=O)(O)O)c(O)c2c1O,722.927,3.8346,313.7,12,8,8,4,0.0,0,1,2,0,6,0,2,2,0,,4,6.145423889160156,-8.145423889160156
995,O=S(=O)(O)C(N=Nc1ccccc1)=NNc1ccccc1,-0.92,O=S(=O)(O)C(N=Nc1ccccc1)=NNc1ccccc1,304.331,3.0412,103.48,5,2,3,2,0.0,0,1,1,0,3,0,1,0,0,,4,7.144860744476318,-8.064860744476318
996,O=S(=O)(O)C(O)c1ccccn1,4.05,O=S(=O)(O)C(O)c1ccccn1,189.192,-0.0397,87.49,4,2,2,1,0.166667,0,1,1,0,3,0,1,0,0,,4,4.208845615386963,-0.15884561538696307
997,O=S(=O)(O)C(O)c1cccnc1,4.6,O=S(=O)(O)C(O)c1cccnc1,189.192,-0.0397,87.49,4,2,2,1,0.166667,0,1,1,0,3,0,1,0,0,,1,4.488525867462158,0.11147413253784144
998,O=S(=O)(O)C(O)c1ccncc1,4.95,O=S(=O)(O)C(O)c1ccncc1,189.192,-0.0397,87.49,4,2,2,1,0.166667,0,1,1,0,3,0,1,0,0,,4,4.208845615386963,0.7411543846130373
999,O=S(=O)(O)CCc1ccccn1,5.14,O=S(=O)(O)CCc1ccccn1,187.22,0.5119,67.26,3,1,3,1,0.285714,0,1,1,0,3,0,1,0,0,,4,3.7791330814361572,1.3608669185638425
1000,O=S(=O)(O)c1c(O)ccc2[nH]ncc12,10.55,O=S(=O)(O)c1c(O)ccc2[nH]ncc12,214.202,0.5152,103.28,4,3,1,2,0.0,0,1,1,0,3,0,1,1,0,,2,8.257314682006836,2.2926853179931648
1001,O=S(=O)(O)c1c(O)ccc2cn[nH]c12,9.45,O=S(=O)(O)c1c(O)ccc2cn[nH]c12,214.202,0.5152,103.28,4,3,1,2,0.0,0,1,1,0,3,0,1,1,0,,2,8.257314682006836,1.1926853179931634
1002,O=S(=O)(O)c1cc(Br)c(O)c2ncccc12,3.22,O=S(=O)(O)c1cc(Br)c(O)c2ncccc12,304.121,1.9496,87.49,4,2,1,2,0.0,0,1,1,0,3,0,1,1,0,,1,2.832857131958008,0.3871428680419924
1003,O=S(=O)(O)c1cc(Br)c2cccnc2c1O,3.565,O=S(=O)(O)c1cc(Br)c2cccnc2c1O,304.121,1.9496,87.49,4,2,1,2,0.0,0,1,1,0,3,0,1,1,0,,5,2.9817521572113037,0.5832478427886962
1004,O=S(=O)(O)c1cc(Cl)c(O)c2ncccc12,2.91,O=S(=O)(O)c1cc(Cl)c(O)c2ncccc12,259.67,1.8405,87.49,4,2,1,2,0.0,0,1,1,0,3,0,1,1,0,,3,4.04000997543335,-1.1300099754333495
1005,O=S(=O)(O)c1cc(Cl)c2cccnc2c1O,3.08,O=S(=O)(O)c1cc(Cl)c2cccnc2c1O,259.67,1.8405,87.49,4,2,1,2,0.0,0,1,1,0,3,0,1,1,0,,1,3.3874399662017822,-0.30743996620178216
1006,O=S(=O)(O)c1cc(I)c(O)c2ncccc12,2.5208,O=S(=O)(O)c1cc(I)c(O)c2ncccc12,351.121,1.7917,87.49,4,2,1,2,0.0,0,1,1,0,3,0,1,1,0,,2,3.7341349124908447,-1.2133349124908448
1007,O=S(=O)(O)c1cc(I)c2cccnc2c1O,3.58,O=S(=O)(O)c1cc(I)c2cccnc2c1O,351.121,1.7917,87.49,4,2,1,2,0.0,0,1,1,0,3,0,1,1,0,,5,2.7580854892730713,0.8219145107269288
1008,O=S(=O)(O)c1cc(N=Nc2ccccc2)c(O)c2ncccc12,3.41,O=S(=O)(O)c1cc(N=Nc2ccccc2)c(O)c2ncccc12,329.337,3.6025,112.21,6,2,3,3,0.0,0,1,1,0,3,0,1,1,0,,4,7.2080254554748535,-3.7980254554748534
1009,O=S(=O)(O)c1cc(O)c2[nH]ncc2c1,8.0,O=S(=O)(O)c1cc(O)c2[nH]ncc2c1,214.202,0.5152,103.28,4,3,1,2,0.0,0,1,1,0,3,0,1,1,0,,5,8.820164680480957,-0.820164680480957
1010,O=S(=O)(O)c1cc(O)c2cn[nH]c2c1,8.1,O=S(=O)(O)c1cc(O)c2cn[nH]c2c1,214.202,0.5152,103.28,4,3,1,2,0.0,0,1,1,0,3,0,1,1,0,,3,8.743351936340332,-0.6433519363403324
1011,O=S(=O)(O)c1cc(O)cc2[nH]ncc12,8.85,O=S(=O)(O)c1cc(O)cc2[nH]ncc12,214.202,0.5152,103.28,4,3,1,2,0.0,0,1,1,0,3,0,1,1,0,,4,8.396971702575684,0.45302829742431605
1012,O=S(=O)(O)c1cc(O)cc2cn[nH]c12,9.65,O=S(=O)(O)c1cc(O)cc2cn[nH]c12,214.202,0.5152,103.28,4,3,1,2,0.0,0,1,1,0,3,0,1,1,0,,1,8.603346824645996,1.0466531753540043
1013,O=S(=O)(O)c1cc2cn[nH]c2c(S(=O)(=O)O)c1O,9.4,O=S(=O)(O)c1cc2cn[nH]c2c(S(=O)(=O)O)c1O,294.266,-0.2381,157.65,6,4,2,2,0.0,0,1,2,0,6,0,2,2,0,,1,2.023815155029297,7.3761848449707035
1014,O=S(=O)(O)c1ccc(N=NN(O)c2ccccc2)cc1,9.99,O=S(=O)(O)c1ccc(N=NN(O)c2ccccc2)cc1,293.304,2.8278,102.56,5,2,4,2,0.0,0,1,1,0,3,0,1,1,0,,4,6.980956554412842,3.0090434455871584
1015,O=S(=O)(O)c1ccc(O)c2[nH]ncc12,7.6,O=S(=O)(O)c1ccc(O)c2[nH]ncc12,214.202,0.5152,103.28,4,3,1,2,0.0,0,1,1,0,3,0,1,1,0,,3,8.743351936340332,-1.1433519363403324
1016,O=S(=O)(O)c1ccc(O)c2cn[nH]c12,7.6,O=S(=O)(O)c1ccc(O)c2cn[nH]c12,214.202,0.5152,103.28,4,3,1,2,0.0,0,1,1,0,3,0,1,1,0,,3,8.743351936340332,-1.1433519363403324
1017,O=S(=O)(O)c1ccc2c(N=Nc3nc4ccccc4s3)c(O)ccc2c1,8.41,O=S(=O)(O)c1ccc2c(N=Nc3nc4ccccc4s3)c(O)ccc2c1,385.426,4.8172,112.21,7,2,3,4,0.0,0,1,1,0,3,0,1,1,0,,2,5.064694404602051,3.3453055953979494
1018,O=S(=O)(O)c1ccc2c(N=Nc3nccs3)c(O)ccc2c1,8.38,O=S(=O)(O)c1ccc2c(N=Nc3nccs3)c(O)ccc2c1,335.366,3.664,112.21,7,2,3,3,0.0,0,1,1,0,3,0,1,1,0,,3,5.0960164070129395,3.2839835929870613
1019,O=S(=O)(O)c1ccc2cccnc2c1O,3.805,O=S(=O)(O)c1ccc2cccnc2c1O,225.225,1.1871,87.49,4,2,1,2,0.0,0,1,1,0,3,0,1,1,0,,5,4.001657962799072,-0.1966579627990721
1020,O=S(=O)(O)c1cccc2ncc(O)cc12,4.09,O=S(=O)(O)c1cccc2ncc(O)cc12,225.225,1.1871,87.49,4,2,1,2,0.0,0,1,1,0,3,0,1,1,0,,4,3.9184587001800537,0.17154129981994615
1021,O=S(=O)(O)c1ccccn1,1.75,O=S(=O)(O)c1ccccn1,159.166,0.3283,67.26,3,1,1,1,0.0,0,1,1,0,3,0,1,1,0,,2,3.0405521392822266,-1.2905521392822266
1022,O=S(=O)(O)c1cccnc1,3.22,O=S(=O)(O)c1cccnc1,159.166,0.3283,67.26,3,1,1,1,0.0,0,1,1,0,3,0,1,1,0,,1,2.6159768104553223,0.6040231895446779
1023,O=S(=O)(O)c1ccncc1,3.44,O=S(=O)(O)c1ccncc1,159.166,0.3283,67.26,3,1,1,1,0.0,0,1,1,0,3,0,1,1,0,,5,2.4426205158233643,0.9973794841766357
1024,O=[N+]([O-])c1cc(S(=O)(=O)O)c2cccnc2c1O,5.6850000000000005,O=[N+]([O-])c1cc(S(=O)(=O)O)c2cccnc2c1O,270.222,1.0953,130.63,6,2,2,2,0.0,0,1,1,0,3,0,1,1,0,,4,6.490088939666748,-0.8050889396667475
1025,O=[N+]([O-])c1ccc(N=Nc2cc(S(=O)(=O)O)c3cccnc3c2O)cc1,7.494,O=[N+]([O-])c1ccc(N=Nc2cc(S(=O)(=O)O)c3cccnc3c2O)cc1,374.334,3.5107,155.35,8,2,4,3,0.0,0,1,1,0,3,0,1,1,0,,2,1.1399869918823242,6.3540130081176756
1026,O=c1cc(S(=O)(=O)O)[nH]c(=O)[nH]1,7.26,O=c1cc(S(=O)(=O)O)[nH]c(=O)[nH]1,192.152,-1.6901,120.09,4,3,1,1,0.0,0,1,1,0,3,0,1,1,0,,3,3.639035940170288,3.6209640598297117
