name,smiles,pka_value,source_index,npa_acidic_h,npa_hydroxyl_o,npa_carbonyl_o,npa_carboxyl_c,npa_ipso_c,npa_ortho_c_mean,npa_meta_c_mean,npa_para_c,wiberg_oh,wiberg_co_single,wiberg_co_double,wiberg_aryl_cooh,esp_max_acidic_h_hartree_per_e,esp_min_carbonyl_o_hartree_per_e,homo_ev,lumo_ev,homo_lumo_gap_ev,dipole_moment_debye,isotropic_polarizability_au,mpi_hartree_per_e,molecular_volume_angstrom3,cooh_local_sasa_angstrom2,cooh_buried_volume_percent,oh_bond_length_angstrom,co_double_bond_length_angstrom,co_single_bond_length_angstrom,aryl_cooh_bond_length_angstrom,benzene_cooh_plane_angle_deg,oh_stretch_frequency_cm1,co_double_stretch_frequency_cm1,descriptor_status,missing_descriptors,descriptor_issues,descriptor_provenance
0,C=C(C)c1ccc(C(=O)O)cc1,4.04,0,0.52884,-0.70501,-0.68758,0.83302,-0.18933,-0.15935,-0.20884,-0.03172,0.7029,1.0717,1.656,1.0264,0.09762249363985882,-0.07260437748529977,-7.990951060167846,-0.7416958432516775,7.2492552169161675,3.7432423379166435,185.37761633333332,0.020106237827614056,215.63633798086553,102.69773707601753,22.8912353515625,0.9707037331435825,1.215485493158815,1.3392629528914977,1.477846437470556,0.46350477072099733,3753.98946,1722.94772,complete,,{},"{""aromatic_cooh_site_count"": 1, ""density_surface"": {""density_cube"": ""/gs/bs/tga-ynabae/kikuchi/pka_prediction/data/benzoicacid_v2/density_cube/sub_0_density.cube"", ""esp_cube"": ""/gs/bs/tga-ynabae/kikuchi/pka_prediction/data/benzoicacid_v2/esp_cube/sub_0_esp.cube"", ""isovalue_e_bohr3"": 0.001, ""local_esp_radius_angstrom"": 2.0, ""local_issues_by_site"": [{}], ""local_values_by_site"": [{""esp_max_acidic_h_hartree_per_e"": 0.09762249363985882, ""esp_min_carbonyl_o_hartree_per_e"": -0.07260437748529977}], ""mpi"": ""arithmetic mean of absolute ESP over all grid-edge isosurface intersections"", ""surface_esp"": ""linear grid-edge crossing samples; nearest-nucleus local patches"", ""volume"": ""occupied density grid; discretized electron-density isosurface volume""}, ""fchk"": ""/gs/bs/tga-ynabae/kikuchi/pka_prediction/data/benzoicacid_v2/formchk/sub_0.fchk"", ""geometric_sampling"": {""buried_center"": ""COOH carbon; reference COOH atoms excluded"", ""buried_radius_angstrom"": 3.5, ""buried_samples"": 32768, ""radii"": ""RDKit vdW"", ""sasa_points_per_atom"": 2000, ""sasa_probe_angstrom"": 1.4}, ""ignored_aliphatic_cooh_count"": 0, ""job_selection"": ""last normally terminated job only"", ""local_atom_indices_0based"": {""acidic_hydrogen"": 19, ""carbonyl_oxygen"": 8, ""carboxyl_carbon"": 7, ""hydroxyl_oxygen"": 9, ""ipso_carbon"": 6, ""meta_carbons"": [4, 11], ""ortho_carbons"": [5, 10], ""para_carbon"": 3, ""ring_atoms"": [3, 4, 5, 6, 10, 11], ""substituent_position_counts"": {""meta"": 0, ""ortho"": 0, ""para"": 1, ""total"": 1}, ""substituted_ring_carbons"": [3]}, ""local_atom_indices_by_site_0based"": [{""acidic_hydrogen"": 19, ""carbonyl_oxygen"": 8, ""carboxyl_carbon"": 7, ""hydroxyl_oxygen"": 9, ""ipso_carbon"": 6, ""meta_carbons"": [4, 11], ""ortho_carbons"": [5, 10], ""para_carbon"": 3, ""ring_atoms"": [3, 4, 5, 6, 10, 11], ""substituent_position_counts"": {""meta"": 0, ""ortho"": 0, ""para"": 1, ""total"": 1}, ""substituted_ring_carbons"": [3]}], ""log"": ""/gs/bs/tga-ynabae/kikuchi/pka_prediction/data/benzoicacid_v2/logfile/sub_0.log"", ""normal_modes"": {""aggregation"": ""mean of independently assigned harmonic-mode frequencies"", ""assignments"": {""co_double_stretch_frequency_cm1"": {""mode_index_0based"": 49, ""projection"": 0.9918481617704114, ""unscaled_cm1"": 1722.94772}, ""oh_stretch_frequency_cm1"": {""mode_index_0based"": 59, ""projection"": 1.1233168212754658, ""unscaled_cm1"": 3753.98946}}, ""assignments_by_site"": [{""assignments"": {""co_double_stretch_frequency_cm1"": {""mode_index_0based"": 49, ""projection"": 0.9918481617704114, ""unscaled_cm1"": 1722.94772}, ""oh_stretch_frequency_cm1"": {""mode_index_0based"": 59, ""projection"": 1.1233168212754658, ""unscaled_cm1"": 3753.98946}}, ""carboxyl_carbon_0based"": 7}], ""precision"": ""fchk"", ""scale"": 1.0}, ""npa_source"": ""selected final log combined-spin NPA table"", ""site_aggregation"": ""equal-weight arithmetic mean; all sites required""}"
1,C=CCc1ccc(C(=O)O)cc1,4.34,1,0.52883,-0.70614,-0.68875,0.83393,-0.19526,-0.158445,-0.22194,0.01826,0.7029,1.0707,1.6556,1.0272,0.0966544447710543,-0.07339663011903924,-8.479368884970356,-0.48619251301011374,7.993176371960241,3.62530808991548,177.978521,0.02076083383431164,217.86687380155993,103.3654511786115,22.9095458984375,0.9707952944478422,1.2155522371687135,1.3397358226449185,1.477761102823678,1.0694741303382713,3753.26075,1720.86071,complete,,{},"{""aromatic_cooh_site_count"": 1, ""density_surface"": {""density_cube"": ""/gs/bs/tga-ynabae/kikuchi/pka_prediction/data/benzoicacid_v2/density_cube/sub_1_density.cube"", ""esp_cube"": ""/gs/bs/tga-ynabae/kikuchi/pka_prediction/data/benzoicacid_v2/esp_cube/sub_1_esp.cube"", ""isovalue_e_bohr3"": 0.001, ""local_esp_radius_angstrom"": 2.0, ""local_issues_by_site"": [{}], ""local_values_by_site"": [{""esp_max_acidic_h_hartree_per_e"": 0.0966544447710543, ""esp_min_carbonyl_o_hartree_per_e"": -0.07339663011903924}], ""mpi"": ""arithmetic mean of absolute ESP over all grid-edge isosurface intersections"", ""surface_esp"": ""linear grid-edge crossing samples; nearest-nucleus local patches"", ""volume"": ""occupied density grid; discretized electron-density isosurface volume""}, ""fchk"": ""/gs/bs/tga-ynabae/kikuchi/pka_prediction/data/benzoicacid_v2/formchk/sub_1.fchk"", ""geometric_sampling"": {""buried_center"": ""COOH carbon; reference COOH atoms excluded"", ""buried_radius_angstrom"": 3.5, ""buried_samples"": 32768, ""radii"": ""RDKit vdW"", ""sasa_points_per_atom"": 2000, ""sasa_probe_angstrom"": 1.4}, ""ignored_aliphatic_cooh_count"": 0, ""job_selection"": ""last normally terminated job only"", ""local_atom_indices_0based"": {""acidic_hydrogen"": 19, ""carbonyl_oxygen"": 8, ""carboxyl_carbon"": 7, ""hydroxyl_oxygen"": 9, ""ipso_carbon"": 6, ""meta_carbons"": [4, 11], ""ortho_carbons"": [5, 10], ""para_carbon"": 3, ""ring_atoms"": [3, 4, 5, 6, 10, 11], ""substituent_position_counts"": {""meta"": 0, ""ortho"": 0, ""para"": 1, ""total"": 1}, ""substituted_ring_carbons"": [3]}, ""local_atom_indices_by_site_0based"": [{""acidic_hydrogen"": 19, ""carbonyl_oxygen"": 8, ""carboxyl_carbon"": 7, ""hydroxyl_oxygen"": 9, ""ipso_carbon"": 6, ""meta_carbons"": [4, 11], ""ortho_carbons"": [5, 10], ""para_carbon"": 3, ""ring_atoms"": [3, 4, 5, 6, 10, 11], ""substituent_position_counts"": {""meta"": 0, ""ortho"": 0, ""para"": 1, ""total"": 1}, ""substituted_ring_carbons"": [3]}], ""log"": ""/gs/bs/tga-ynabae/kikuchi/pka_prediction/data/benzoicacid_v2/logfile/sub_1.log"", ""normal_modes"": {""aggregation"": ""mean of independently assigned harmonic-mode frequencies"", ""assignments"": {""co_double_stretch_frequency_cm1"": {""mode_index_0based"": 48, ""projection"": 1.2712366665178059, ""unscaled_cm1"": 1720.86071}, ""oh_stretch_frequency_cm1"": {""mode_index_0based"": 59, ""projection"": 1.1231586520674122, ""unscaled_cm1"": 3753.26075}}, ""assignments_by_site"": [{""assignments"": {""co_double_stretch_frequency_cm1"": {""mode_index_0based"": 48, ""projection"": 1.2712366665178059, ""unscaled_cm1"": 1720.86071}, ""oh_stretch_frequency_cm1"": {""mode_index_0based"": 59, ""projection"": 1.1231586520674122, ""unscaled_cm1"": 3753.26075}}, ""carboxyl_carbon_0based"": 7}], ""precision"": ""fchk"", ""scale"": 1.0}, ""npa_source"": ""selected final log combined-spin NPA table"", ""site_aggregation"": ""equal-weight arithmetic mean; all sites required""}"
2,C=CCc1cccc(C(=O)O)c1,4.32,2,0.52913,-0.70461,-0.68636,0.83497,-0.1786,-0.17207,-0.11954,-0.17872,0.7024,1.073,1.6589,1.0224,0.09863564503443137,-0.072090449766057,-8.426880569926606,-0.5046575229702029,7.922223046956404,3.3444248849413962,176.72369066666667,0.020093159337893823,217.7293986293,102.00576987813783,22.96142578125,0.9707999839986984,1.2150024608038725,1.338704060752611,1.4806323486781128,0.15237947128518167,3759.04795,1725.28068,complete,,{},"{""aromatic_cooh_site_count"": 1, ""density_surface"": {""density_cube"": ""/gs/bs/tga-ynabae/kikuchi/pka_prediction/data/benzoicacid_v2/density_cube/sub_2_density.cube"", ""esp_cube"": ""/gs/bs/tga-ynabae/kikuchi/pka_prediction/data/benzoicacid_v2/esp_cube/sub_2_esp.cube"", ""isovalue_e_bohr3"": 0.001, ""local_esp_radius_angstrom"": 2.0, ""local_issues_by_site"": [{}], ""local_values_by_site"": [{""esp_max_acidic_h_hartree_per_e"": 0.09863564503443137, ""esp_min_carbonyl_o_hartree_per_e"": -0.072090449766057}], ""mpi"": ""arithmetic mean of absolute ESP over all grid-edge isosurface intersections"", ""surface_esp"": ""linear grid-edge crossing samples; nearest-nucleus local patches"", ""volume"": ""occupied density grid; discretized electron-density isosurface volume""}, ""fchk"": ""/gs/bs/tga-ynabae/kikuchi/pka_prediction/data/benzoicacid_v2/formchk/sub_2.fchk"", ""geometric_sampling"": {""buried_center"": ""COOH carbon; reference COOH atoms excluded"", ""buried_radius_angstrom"": 3.5, ""buried_samples"": 32768, ""radii"": ""RDKit vdW"", ""sasa_points_per_atom"": 2000, ""sasa_probe_angstrom"": 1.4}, ""ignored_aliphatic_cooh_count"": 0, ""job_selection"": ""last normally terminated job only"", ""local_atom_indices_0based"": {""acidic_hydrogen"": 20, ""carbonyl_oxygen"": 9, ""carboxyl_carbon"": 8, ""hydroxyl_oxygen"": 10, ""ipso_carbon"": 7, ""meta_carbons"": [3, 5], ""ortho_carbons"": [6, 11], ""para_carbon"": 4, ""ring_atoms"": [3, 4, 5, 6, 7, 11], ""substituent_position_counts"": {""meta"": 1, ""ortho"": 0, ""para"": 0, ""total"": 1}, ""substituted_ring_carbons"": [3]}, ""local_atom_indices_by_site_0based"": [{""acidic_hydrogen"": 20, ""carbonyl_oxygen"": 9, ""carboxyl_carbon"": 8, ""hydroxyl_oxygen"": 10, ""ipso_carbon"": 7, ""meta_carbons"": [3, 5], ""ortho_carbons"": [6, 11], ""para_carbon"": 4, ""ring_atoms"": [3, 4, 5, 6, 7, 11], ""substituent_position_counts"": {""meta"": 1, ""ortho"": 0, ""para"": 0, ""total"": 1}, ""substituted_ring_carbons"": [3]}], ""log"": ""/gs/bs/tga-ynabae/kikuchi/pka_prediction/data/benzoicacid_v2/logfile/sub_2.log"", ""normal_modes"": {""aggregation"": ""mean of independently assigned harmonic-mode frequencies"", ""assignments"": {""co_double_stretch_frequency_cm1"": {""mode_index_0based"": 49, ""projection"": 1.2864963358879682, ""unscaled_cm1"": 1725.28068}, ""oh_stretch_frequency_cm1"": {""mode_index_0based"": 59, ""projection"": 1.1227615489919218, ""unscaled_cm1"": 3759.04795}}, ""assignments_by_site"": [{""assignments"": {""co_double_stretch_frequency_cm1"": {""mode_index_0based"": 49, ""projection"": 1.2864963358879682, ""unscaled_cm1"": 1725.28068}, ""oh_stretch_frequency_cm1"": {""mode_index_0based"": 59, ""projection"": 1.1227615489919218, ""unscaled_cm1"": 3759.04795}}, ""carboxyl_carbon_0based"": 8}], ""precision"": ""fchk"", ""scale"": 1.0}, ""npa_source"": ""selected final log combined-spin NPA table"", ""site_aggregation"": ""equal-weight arithmetic mean; all sites required""}"
3,CC(=O)Nc1cccc(C(=O)O)c1,4.03,3,0.53004,-0.70174,-0.68206,0.83584,-0.16655,-0.18771500000000002,-0.02286500000000001,-0.21553,0.7016,1.0771,1.6634,1.0168,0.10376109454979925,-0.05931131300886777,-7.979456344755657,-0.5527680701946972,7.426688274560959,2.807564527881924,176.08341959999998,0.028408175447672834,218.83339610259137,102.24729552134582,22.8912353515625,0.9708924867081694,1.2141072643276594,1.3370922465901443,1.4825075889623356,0.33114938113645376,3759.53798,1732.71835,complete,,{},"{""aromatic_cooh_site_count"": 1, ""density_surface"": {""density_cube"": ""/gs/bs/tga-ynabae/kikuchi/pka_prediction/data/benzoicacid_v2/density_cube/sub_3_density.cube"", ""esp_cube"": ""/gs/bs/tga-ynabae/kikuchi/pka_prediction/data/benzoicacid_v2/esp_cube/sub_3_esp.cube"", ""isovalue_e_bohr3"": 0.001, ""local_esp_radius_angstrom"": 2.0, ""local_issues_by_site"": [{}], ""local_values_by_site"": [{""esp_max_acidic_h_hartree_per_e"": 0.10376109454979925, ""esp_min_carbonyl_o_hartree_per_e"": -0.05931131300886777}], ""mpi"": ""arithmetic mean of absolute ESP over all grid-edge isosurface intersections"", ""surface_esp"": ""linear grid-edge crossing samples; nearest-nucleus local patches"", ""volume"": ""occupied density grid; discretized electron-density isosurface volume""}, ""fchk"": ""/gs/bs/tga-ynabae/kikuchi/pka_prediction/data/benzoicacid_v2/formchk/sub_3.fchk"", ""geometric_sampling"": {""buried_center"": ""COOH carbon; reference COOH atoms excluded"", ""buried_radius_angstrom"": 3.5, ""buried_samples"": 32768, ""radii"": ""RDKit vdW"", ""sasa_points_per_atom"": 2000, ""sasa_probe_angstrom"": 1.4}, ""ignored_aliphatic_cooh_count"": 0, ""job_selection"": ""last normally terminated job only"", ""local_atom_indices_0based"": {""acidic_hydrogen"": 20, ""carbonyl_oxygen"": 10, ""carboxyl_carbon"": 9, ""hydroxyl_oxygen"": 11, ""ipso_carbon"": 8, ""meta_carbons"": [4, 6], ""ortho_carbons"": [7, 12], ""para_carbon"": 5, ""ring_atoms"": [4, 5, 6, 7, 8, 12], ""substituent_position_counts"": {""meta"": 1, ""ortho"": 0, ""para"": 0, ""total"": 1}, ""substituted_ring_carbons"": [4]}, ""local_atom_indices_by_site_0based"": [{""acidic_hydrogen"": 20, ""carbonyl_oxygen"": 10, ""carboxyl_carbon"": 9, ""hydroxyl_oxygen"": 11, ""ipso_carbon"": 8, ""meta_carbons"": [4, 6], ""ortho_carbons"": [7, 12], ""para_carbon"": 5, ""ring_atoms"": [4, 5, 6, 7, 8, 12], ""substituent_position_counts"": {""meta"": 1, ""ortho"": 0, ""para"": 0, ""total"": 1}, ""substituted_ring_carbons"": [4]}], ""log"": ""/gs/bs/tga-ynabae/kikuchi/pka_prediction/data/benzoicacid_v2/logfile/sub_3.log"", ""normal_modes"": {""aggregation"": ""mean of independently assigned harmonic-mode frequencies"", ""assignments"": {""co_double_stretch_frequency_cm1"": {""mode_index_0based"": 50, ""projection"": 1.2756314336971126, ""unscaled_cm1"": 1732.71835}, ""oh_stretch_frequency_cm1"": {""mode_index_0based"": 59, ""projection"": 1.1226201088785734, ""unscaled_cm1"": 3759.53798}}, ""assignments_by_site"": [{""assignments"": {""co_double_stretch_frequency_cm1"": {""mode_index_0based"": 50, ""projection"": 1.2756314336971126, ""unscaled_cm1"": 1732.71835}, ""oh_stretch_frequency_cm1"": {""mode_index_0based"": 59, ""projection"": 1.1226201088785734, ""unscaled_cm1"": 3759.53798}}, ""carboxyl_carbon_0based"": 9}], ""precision"": ""fchk"", ""scale"": 1.0}, ""npa_source"": ""selected final log combined-spin NPA table"", ""site_aggregation"": ""equal-weight arithmetic mean; all sites required""}"
4,CC(=O)Oc1ccc(C(=O)O)cc1,3.92,4,0.53006,-0.70259,-0.68252,0.83478,-0.18538,-0.14881,-0.242705,0.31707,0.7016,1.0758,1.6621,1.0199,0.10086690366868188,-0.06905354351670023,-8.88079735022169,-0.5616998158859808,8.319097534335707,4.449966316157621,162.20348266666667,0.02677366120716643,214.71753506714043,102.75651627456618,22.9095458984375,0.9708513809130379,1.2143530636679645,1.3374507751073093,1.4808304135892891,0.07918800027123928,3750.06492,1728.86219,complete,,{},"{""aromatic_cooh_site_count"": 1, ""density_surface"": {""density_cube"": ""/gs/bs/tga-ynabae/kikuchi/pka_prediction/data/benzoicacid_v2/density_cube/sub_4_density.cube"", ""esp_cube"": ""/gs/bs/tga-ynabae/kikuchi/pka_prediction/data/benzoicacid_v2/esp_cube/sub_4_esp.cube"", ""isovalue_e_bohr3"": 0.001, ""local_esp_radius_angstrom"": 2.0, ""local_issues_by_site"": [{}], ""local_values_by_site"": [{""esp_max_acidic_h_hartree_per_e"": 0.10086690366868188, ""esp_min_carbonyl_o_hartree_per_e"": -0.06905354351670023}], ""mpi"": ""arithmetic mean of absolute ESP over all grid-edge isosurface intersections"", ""surface_esp"": ""linear grid-edge crossing samples; nearest-nucleus local patches"", ""volume"": ""occupied density grid; discretized electron-density isosurface volume""}, ""fchk"": ""/gs/bs/tga-ynabae/kikuchi/pka_prediction/data/benzoicacid_v2/formchk/sub_4.fchk"", ""geometric_sampling"": {""buried_center"": ""COOH carbon; reference COOH atoms excluded"", ""buried_radius_angstrom"": 3.5, ""buried_samples"": 32768, ""radii"": ""RDKit vdW"", ""sasa_points_per_atom"": 2000, ""sasa_probe_angstrom"": 1.4}, ""ignored_aliphatic_cooh_count"": 0, ""job_selection"": ""last normally terminated job only"", ""local_atom_indices_0based"": {""acidic_hydrogen"": 18, ""carbonyl_oxygen"": 9, ""carboxyl_carbon"": 8, ""hydroxyl_oxygen"": 10, ""ipso_carbon"": 7, ""meta_carbons"": [5, 12], ""ortho_carbons"": [6, 11], ""para_carbon"": 4, ""ring_atoms"": [4, 5, 6, 7, 11, 12], ""substituent_position_counts"": {""meta"": 0, ""ortho"": 0, ""para"": 1, ""total"": 1}, ""substituted_ring_carbons"": [4]}, ""local_atom_indices_by_site_0based"": [{""acidic_hydrogen"": 18, ""carbonyl_oxygen"": 9, ""carboxyl_carbon"": 8, ""hydroxyl_oxygen"": 10, ""ipso_carbon"": 7, ""meta_carbons"": [5, 12], ""ortho_carbons"": [6, 11], ""para_carbon"": 4, ""ring_atoms"": [4, 5, 6, 7, 11, 12], ""substituent_position_counts"": {""meta"": 0, ""ortho"": 0, ""para"": 1, ""total"": 1}, ""substituted_ring_carbons"": [4]}], ""log"": ""/gs/bs/tga-ynabae/kikuchi/pka_prediction/data/benzoicacid_v2/logfile/sub_4.log"", ""normal_modes"": {""aggregation"": ""mean of independently assigned harmonic-mode frequencies"", ""assignments"": {""co_double_stretch_frequency_cm1"": {""mode_index_0based"": 47, ""projection"": 1.2833036618284468, ""unscaled_cm1"": 1728.86219}, ""oh_stretch_frequency_cm1"": {""mode_index_0based"": 56, ""projection"": 1.1234131008667179, ""unscaled_cm1"": 3750.06492}}, ""assignments_by_site"": [{""assignments"": {""co_double_stretch_frequency_cm1"": {""mode_index_0based"": 47, ""projection"": 1.2833036618284468, ""unscaled_cm1"": 1728.86219}, ""oh_stretch_frequency_cm1"": {""mode_index_0based"": 56, ""projection"": 1.1234131008667179, ""unscaled_cm1"": 3750.06492}}, ""carboxyl_carbon_0based"": 8}], ""precision"": ""fchk"", ""scale"": 1.0}, ""npa_source"": ""selected final log combined-spin NPA table"", ""site_aggregation"": ""equal-weight arithmetic mean; all sites required""}"
5,CC(=O)Oc1ccccc1C(=O)O,3.38,5,0.53127,-0.69354,-0.67676,0.84059,-0.2051,0.090335,-0.23121000000000003,-0.1667,0.6986,1.0864,1.6665,1.0089,0.10361166681319164,-0.06765926444271128,-8.811599774608046,-0.5534114453265429,8.258188329281504,3.478157945919433,162.39391933333332,0.02796052965643481,213.57626422312487,85.07216136028062,26.89208984375,0.9715612440777195,1.2135494654394192,1.3327916327787006,1.485682335243003,20.88699052935261,3737.08624,1726.1503,complete,,{},"{""aromatic_cooh_site_count"": 1, ""density_surface"": {""density_cube"": ""/gs/bs/tga-ynabae/kikuchi/pka_prediction/data/benzoicacid_v2/density_cube/sub_5_density.cube"", ""esp_cube"": ""/gs/bs/tga-ynabae/kikuchi/pka_prediction/data/benzoicacid_v2/esp_cube/sub_5_esp.cube"", ""isovalue_e_bohr3"": 0.001, ""local_esp_radius_angstrom"": 2.0, ""local_issues_by_site"": [{}], ""local_values_by_site"": [{""esp_max_acidic_h_hartree_per_e"": 0.10361166681319164, ""esp_min_carbonyl_o_hartree_per_e"": -0.06765926444271128}], ""mpi"": ""arithmetic mean of absolute ESP over all grid-edge isosurface intersections"", ""surface_esp"": ""linear grid-edge crossing samples; nearest-nucleus local patches"", ""volume"": ""occupied density grid; discretized electron-density isosurface volume""}, ""fchk"": ""/gs/bs/tga-ynabae/kikuchi/pka_prediction/data/benzoicacid_v2/formchk/sub_5.fchk"", ""geometric_sampling"": {""buried_center"": ""COOH carbon; reference COOH atoms excluded"", ""buried_radius_angstrom"": 3.5, ""buried_samples"": 32768, ""radii"": ""RDKit vdW"", ""sasa_points_per_atom"": 2000, ""sasa_probe_angstrom"": 1.4}, ""ignored_aliphatic_cooh_count"": 0, ""job_selection"": ""last normally terminated job only"", ""local_atom_indices_0based"": {""acidic_hydrogen"": 20, ""carbonyl_oxygen"": 11, ""carboxyl_carbon"": 10, ""hydroxyl_oxygen"": 12, ""ipso_carbon"": 9, ""meta_carbons"": [5, 7], ""ortho_carbons"": [4, 8], ""para_carbon"": 6, ""ring_atoms"": [4, 5, 6, 7, 8, 9], ""substituent_position_counts"": {""meta"": 0, ""ortho"": 1, ""para"": 0, ""total"": 1}, ""substituted_ring_carbons"": [4]}, ""local_atom_indices_by_site_0based"": [{""acidic_hydrogen"": 20, ""carbonyl_oxygen"": 11, ""carboxyl_carbon"": 10, ""hydroxyl_oxygen"": 12, ""ipso_carbon"": 9, ""meta_carbons"": [5, 7], ""ortho_carbons"": [4, 8], ""para_carbon"": 6, ""ring_atoms"": [4, 5, 6, 7, 8, 9], ""substituent_position_counts"": {""meta"": 0, ""ortho"": 1, ""para"": 0, ""total"": 1}, ""substituted_ring_carbons"": [4]}], ""log"": ""/gs/bs/tga-ynabae/kikuchi/pka_prediction/data/benzoicacid_v2/logfile/sub_5.log"", ""normal_modes"": {""aggregation"": ""mean of independently assigned harmonic-mode frequencies"", ""assignments"": {""co_double_stretch_frequency_cm1"": {""mode_index_0based"": 47, ""projection"": 1.3365435461924149, ""unscaled_cm1"": 1726.1503}, ""oh_stretch_frequency_cm1"": {""mode_index_0based"": 56, ""projection"": 1.1233787989309285, ""unscaled_cm1"": 3737.08624}}, ""assignments_by_site"": [{""assignments"": {""co_double_stretch_frequency_cm1"": {""mode_index_0based"": 47, ""projection"": 1.3365435461924149, ""unscaled_cm1"": 1726.1503}, ""oh_stretch_frequency_cm1"": {""mode_index_0based"": 56, ""projection"": 1.1233787989309285, ""unscaled_cm1"": 3737.08624}}, ""carboxyl_carbon_0based"": 10}], ""precision"": ""fchk"", ""scale"": 1.0}, ""npa_source"": ""selected final log combined-spin NPA table"", ""site_aggregation"": ""equal-weight arithmetic mean; all sites required""}"
6,CC(=O)c1ccc(C(=O)O)cc1,3.7,6,0.53112,-0.69988,-0.67486,0.83325,-0.15212,-0.1683,-0.17126000000000002,-0.13422,0.7005,1.0797,1.6697,1.0116,0.10766579272997348,-0.06492558392045167,-8.94205828965451,-1.2911097427378424,7.650948546916667,6.281658359470723,163.29506966666665,0.028034242693899675,202.63532665696397,102.37471851937542,22.9034423828125,0.9710071610877045,1.2131396992203225,1.3359900298276646,1.485058500531544,0.03792384975493059,3751.68973,1736.82767,complete,,{},"{""aromatic_cooh_site_count"": 1, ""density_surface"": {""density_cube"": ""/gs/bs/tga-ynabae/kikuchi/pka_prediction/data/benzoicacid_v2/density_cube/sub_6_density.cube"", ""esp_cube"": ""/gs/bs/tga-ynabae/kikuchi/pka_prediction/data/benzoicacid_v2/esp_cube/sub_6_esp.cube"", ""isovalue_e_bohr3"": 0.001, ""local_esp_radius_angstrom"": 2.0, ""local_issues_by_site"": [{}], ""local_values_by_site"": [{""esp_max_acidic_h_hartree_per_e"": 0.10766579272997348, ""esp_min_carbonyl_o_hartree_per_e"": -0.06492558392045167}], ""mpi"": ""arithmetic mean of absolute ESP over all grid-edge isosurface intersections"", ""surface_esp"": ""linear grid-edge crossing samples; nearest-nucleus local patches"", ""volume"": ""occupied density grid; discretized electron-density isosurface volume""}, ""fchk"": ""/gs/bs/tga-ynabae/kikuchi/pka_prediction/data/benzoicacid_v2/formchk/sub_6.fchk"", ""geometric_sampling"": {""buried_center"": ""COOH carbon; reference COOH atoms excluded"", ""buried_radius_angstrom"": 3.5, ""buried_samples"": 32768, ""radii"": ""RDKit vdW"", ""sasa_points_per_atom"": 2000, ""sasa_probe_angstrom"": 1.4}, ""ignored_aliphatic_cooh_count"": 0, ""job_selection"": ""last normally terminated job only"", ""local_atom_indices_0based"": {""acidic_hydrogen"": 17, ""carbonyl_oxygen"": 8, ""carboxyl_carbon"": 7, ""hydroxyl_oxygen"": 9, ""ipso_carbon"": 6, ""meta_carbons"": [4, 11], ""ortho_carbons"": [5, 10], ""para_carbon"": 3, ""ring_atoms"": [3, 4, 5, 6, 10, 11], ""substituent_position_counts"": {""meta"": 0, ""ortho"": 0, ""para"": 1, ""total"": 1}, ""substituted_ring_carbons"": [3]}, ""local_atom_indices_by_site_0based"": [{""acidic_hydrogen"": 17, ""carbonyl_oxygen"": 8, ""carboxyl_carbon"": 7, ""hydroxyl_oxygen"": 9, ""ipso_carbon"": 6, ""meta_carbons"": [4, 11], ""ortho_carbons"": [5, 10], ""para_carbon"": 3, ""ring_atoms"": [3, 4, 5, 6, 10, 11], ""substituent_position_counts"": {""meta"": 0, ""ortho"": 0, ""para"": 1, ""total"": 1}, ""substituted_ring_carbons"": [3]}], ""log"": ""/gs/bs/tga-ynabae/kikuchi/pka_prediction/data/benzoicacid_v2/logfile/sub_6.log"", ""normal_modes"": {""aggregation"": ""mean of independently assigned harmonic-mode frequencies"", ""assignments"": {""co_double_stretch_frequency_cm1"": {""mode_index_0based"": 45, ""projection"": 1.258345585209876, ""unscaled_cm1"": 1736.82767}, ""oh_stretch_frequency_cm1"": {""mode_index_0based"": 53, ""projection"": 1.1232433124310373, ""unscaled_cm1"": 3751.68973}}, ""assignments_by_site"": [{""assignments"": {""co_double_stretch_frequency_cm1"": {""mode_index_0based"": 45, ""projection"": 1.258345585209876, ""unscaled_cm1"": 1736.82767}, ""oh_stretch_frequency_cm1"": {""mode_index_0based"": 53, ""projection"": 1.1232433124310373, ""unscaled_cm1"": 3751.68973}}, ""carboxyl_carbon_0based"": 7}], ""precision"": ""fchk"", ""scale"": 1.0}, ""npa_source"": ""selected final log combined-spin NPA table"", ""site_aggregation"": ""equal-weight arithmetic mean; all sites required""}"
7,CC(=O)c1cccc(C(=O)O)c1,3.827,7,0.53084,-0.70132,-0.67987,0.83621,-0.1822,-0.124435,-0.193935,-0.13691,0.7007,1.0781,1.6655,1.0152,0.09919933171396257,-0.06534260622865162,-8.95278855559289,-0.8797057982586804,8.07308275733421,4.672807003894517,161.86555613333334,0.029735670092731797,202.42264535508232,102.62940743580195,22.8759765625,0.9711177461611921,1.2137589644635862,1.3363059816095948,1.483094987604066,0.005198790030996039,3756.59926,1731.04608,complete,,{},"{""aromatic_cooh_site_count"": 1, ""density_surface"": {""density_cube"": ""/gs/bs/tga-ynabae/kikuchi/pka_prediction/data/benzoicacid_v2/density_cube/sub_7_density.cube"", ""esp_cube"": ""/gs/bs/tga-ynabae/kikuchi/pka_prediction/data/benzoicacid_v2/esp_cube/sub_7_esp.cube"", ""isovalue_e_bohr3"": 0.001, ""local_esp_radius_angstrom"": 2.0, ""local_issues_by_site"": [{}], ""local_values_by_site"": [{""esp_max_acidic_h_hartree_per_e"": 0.09919933171396257, ""esp_min_carbonyl_o_hartree_per_e"": -0.06534260622865162}], ""mpi"": ""arithmetic mean of absolute ESP over all grid-edge isosurface intersections"", ""surface_esp"": ""linear grid-edge crossing samples; nearest-nucleus local patches"", ""volume"": ""occupied density grid; discretized electron-density isosurface volume""}, ""fchk"": ""/gs/bs/tga-ynabae/kikuchi/pka_prediction/data/benzoicacid_v2/formchk/sub_7.fchk"", ""geometric_sampling"": {""buried_center"": ""COOH carbon; reference COOH atoms excluded"", ""buried_radius_angstrom"": 3.5, ""buried_samples"": 32768, ""radii"": ""RDKit vdW"", ""sasa_points_per_atom"": 2000, ""sasa_probe_angstrom"": 1.4}, ""ignored_aliphatic_cooh_count"": 0, ""job_selection"": ""last normally terminated job only"", ""local_atom_indices_0based"": {""acidic_hydrogen"": 18, ""carbonyl_oxygen"": 9, ""carboxyl_carbon"": 8, ""hydroxyl_oxygen"": 10, ""ipso_carbon"": 7, ""meta_carbons"": [3, 5], ""ortho_carbons"": [6, 11], ""para_carbon"": 4, ""ring_atoms"": [3, 4, 5, 6, 7, 11], ""substituent_position_counts"": {""meta"": 1, ""ortho"": 0, ""para"": 0, ""total"": 1}, ""substituted_ring_carbons"": [3]}, ""local_atom_indices_by_site_0based"": [{""acidic_hydrogen"": 18, ""carbonyl_oxygen"": 9, ""carboxyl_carbon"": 8, ""hydroxyl_oxygen"": 10, ""ipso_carbon"": 7, ""meta_carbons"": [3, 5], ""ortho_carbons"": [6, 11], ""para_carbon"": 4, ""ring_atoms"": [3, 4, 5, 6, 7, 11], ""substituent_position_counts"": {""meta"": 1, ""ortho"": 0, ""para"": 0, ""total"": 1}, ""substituted_ring_carbons"": [3]}], ""log"": ""/gs/bs/tga-ynabae/kikuchi/pka_prediction/data/benzoicacid_v2/logfile/sub_7.log"", ""normal_modes"": {""aggregation"": ""mean of independently assigned harmonic-mode frequencies"", ""assignments"": {""co_double_stretch_frequency_cm1"": {""mode_index_0based"": 45, ""projection"": 1.1591117588993936, ""unscaled_cm1"": 1731.04608}, ""oh_stretch_frequency_cm1"": {""mode_index_0based"": 53, ""projection"": 1.1226569716150179, ""unscaled_cm1"": 3756.59926}}, ""assignments_by_site"": [{""assignments"": {""co_double_stretch_frequency_cm1"": {""mode_index_0based"": 45, ""projection"": 1.1591117588993936, ""unscaled_cm1"": 1731.04608}, ""oh_stretch_frequency_cm1"": {""mode_index_0based"": 53, ""projection"": 1.1226569716150179, ""unscaled_cm1"": 3756.59926}}, ""carboxyl_carbon_0based"": 8}], ""precision"": ""fchk"", ""scale"": 1.0}, ""npa_source"": ""selected final log combined-spin NPA table"", ""site_aggregation"": ""equal-weight arithmetic mean; all sites required""}"
8,CC(=O)c1ccccc1C(=O)O,4.123,8,0.52826,-0.69845,-0.67067,0.85133,-0.10278,-0.16714,-0.17064000000000001,-0.20492,0.701,1.0829,1.6918,0.9682,0.08666106701292961,-0.08865634202641347,-8.869021677246511,-0.8232561774987561,8.045765499747755,7.076530351819663,160.32743133333335,0.03441628441656935,202.27473757272418,93.74380531420492,28.72314453125,0.9719447907102597,1.2106306963756774,1.334737969868932,1.495518783789991,70.72175002214306,3734.86032,1747.57715,complete,,{},"{""aromatic_cooh_site_count"": 1, ""density_surface"": {""density_cube"": ""/gs/bs/tga-ynabae/kikuchi/pka_prediction/data/benzoicacid_v2/density_cube/sub_8_density.cube"", ""esp_cube"": ""/gs/bs/tga-ynabae/kikuchi/pka_prediction/data/benzoicacid_v2/esp_cube/sub_8_esp.cube"", ""isovalue_e_bohr3"": 0.001, ""local_esp_radius_angstrom"": 2.0, ""local_issues_by_site"": [{}], ""local_values_by_site"": [{""esp_max_acidic_h_hartree_per_e"": 0.08666106701292961, ""esp_min_carbonyl_o_hartree_per_e"": -0.08865634202641347}], ""mpi"": ""arithmetic mean of absolute ESP over all grid-edge isosurface intersections"", ""surface_esp"": ""linear grid-edge crossing samples; nearest-nucleus local patches"", ""volume"": ""occupied density grid; discretized electron-density isosurface volume""}, ""fchk"": ""/gs/bs/tga-ynabae/kikuchi/pka_prediction/data/benzoicacid_v2/formchk/sub_8.fchk"", ""geometric_sampling"": {""buried_center"": ""COOH carbon; reference COOH atoms excluded"", ""buried_radius_angstrom"": 3.5, ""buried_samples"": 32768, ""radii"": ""RDKit vdW"", ""sasa_points_per_atom"": 2000, ""sasa_probe_angstrom"": 1.4}, ""ignored_aliphatic_cooh_count"": 0, ""job_selection"": ""last normally terminated job only"", ""local_atom_indices_0based"": {""acidic_hydrogen"": 19, ""carbonyl_oxygen"": 10, ""carboxyl_carbon"": 9, ""hydroxyl_oxygen"": 11, ""ipso_carbon"": 8, ""meta_carbons"": [4, 6], ""ortho_carbons"": [3, 7], ""para_carbon"": 5, ""ring_atoms"": [3, 4, 5, 6, 7, 8], ""substituent_position_counts"": {""meta"": 0, ""ortho"": 1, ""para"": 0, ""total"": 1}, ""substituted_ring_carbons"": [3]}, ""local_atom_indices_by_site_0based"": [{""acidic_hydrogen"": 19, ""carbonyl_oxygen"": 10, ""carboxyl_carbon"": 9, ""hydroxyl_oxygen"": 11, ""ipso_carbon"": 8, ""meta_carbons"": [4, 6], ""ortho_carbons"": [3, 7], ""para_carbon"": 5, ""ring_atoms"": [3, 4, 5, 6, 7, 8], ""substituent_position_counts"": {""meta"": 0, ""ortho"": 1, ""para"": 0, ""total"": 1}, ""substituted_ring_carbons"": [3]}], ""log"": ""/gs/bs/tga-ynabae/kikuchi/pka_prediction/data/benzoicacid_v2/logfile/sub_8.log"", ""normal_modes"": {""aggregation"": ""mean of independently assigned harmonic-mode frequencies"", ""assignments"": {""co_double_stretch_frequency_cm1"": {""mode_index_0based"": 45, ""projection"": 1.3710259060316827, ""unscaled_cm1"": 1747.57715}, ""oh_stretch_frequency_cm1"": {""mode_index_0based"": 53, ""projection"": 1.1230371033910178, ""unscaled_cm1"": 3734.86032}}, ""assignments_by_site"": [{""assignments"": {""co_double_stretch_frequency_cm1"": {""mode_index_0based"": 45, ""projection"": 1.3710259060316827, ""unscaled_cm1"": 1747.57715}, ""oh_stretch_frequency_cm1"": {""mode_index_0based"": 53, ""projection"": 1.1230371033910178, ""unscaled_cm1"": 3734.86032}}, ""carboxyl_carbon_0based"": 9}], ""precision"": ""fchk"", ""scale"": 1.0}, ""npa_source"": ""selected final log combined-spin NPA table"", ""site_aggregation"": ""equal-weight arithmetic mean; all sites required""}"
9,CC(C)(C)c1ccc(C(=O)O)cc1,4.382,9,0.52828,-0.7065,-0.69048,0.83397,-0.19916,-0.15786,-0.22735,0.03002,0.7034,1.0697,1.6539,1.0287,0.09479221559497067,-0.07475796136992731,-8.468691463544063,-0.424044686471071,8.044646777072993,3.9957423371513032,195.34538,0.019470844404596243,245.41585168113824,102.23099065547369,22.8240966796875,0.9705628602509978,1.2158209201670707,1.3402951747253795,1.4766807074278463,0.010548327702276145,3758.55848,1721.21494,complete,,{},"{""aromatic_cooh_site_count"": 1, ""density_surface"": {""density_cube"": ""/gs/bs/tga-ynabae/kikuchi/pka_prediction/data/benzoicacid_v2/density_cube/sub_9_density.cube"", ""esp_cube"": ""/gs/bs/tga-ynabae/kikuchi/pka_prediction/data/benzoicacid_v2/esp_cube/sub_9_esp.cube"", ""isovalue_e_bohr3"": 0.001, ""local_esp_radius_angstrom"": 2.0, ""local_issues_by_site"": [{}], ""local_values_by_site"": [{""esp_max_acidic_h_hartree_per_e"": 0.09479221559497067, ""esp_min_carbonyl_o_hartree_per_e"": -0.07475796136992731}], ""mpi"": ""arithmetic mean of absolute ESP over all grid-edge isosurface intersections"", ""surface_esp"": ""linear grid-edge crossing samples; nearest-nucleus local patches"", ""volume"": ""occupied density grid; discretized electron-density isosurface volume""}, ""fchk"": ""/gs/bs/tga-ynabae/kikuchi/pka_prediction/data/benzoicacid_v2/formchk/sub_9.fchk"", ""geometric_sampling"": {""buried_center"": ""COOH carbon; reference COOH atoms excluded"", ""buried_radius_angstrom"": 3.5, ""buried_samples"": 32768, ""radii"": ""RDKit vdW"", ""sasa_points_per_atom"": 2000, ""sasa_probe_angstrom"": 1.4}, ""ignored_aliphatic_cooh_count"": 0, ""job_selection"": ""last normally terminated job only"", ""local_atom_indices_0based"": {""acidic_hydrogen"": 24, ""carbonyl_oxygen"": 9, ""carboxyl_carbon"": 8, ""hydroxyl_oxygen"": 10, ""ipso_carbon"": 7, ""meta_carbons"": [5, 12], ""ortho_carbons"": [6, 11], ""para_carbon"": 4, ""ring_atoms"": [4, 5, 6, 7, 11, 12], ""substituent_position_counts"": {""meta"": 0, ""ortho"": 0, ""para"": 1, ""total"": 1}, ""substituted_ring_carbons"": [4]}, ""local_atom_indices_by_site_0based"": [{""acidic_hydrogen"": 24, ""carbonyl_oxygen"": 9, ""carboxyl_carbon"": 8, ""hydroxyl_oxygen"": 10, ""ipso_carbon"": 7, ""meta_carbons"": [5, 12], ""ortho_carbons"": [6, 11], ""para_carbon"": 4, ""ring_atoms"": [4, 5, 6, 7, 11, 12], ""substituent_position_counts"": {""meta"": 0, ""ortho"": 0, ""para"": 1, ""total"": 1}, ""substituted_ring_carbons"": [4]}], ""log"": ""/gs/bs/tga-ynabae/kikuchi/pka_prediction/data/benzoicacid_v2/logfile/sub_9.log"", ""normal_modes"": {""aggregation"": ""mean of independently assigned harmonic-mode frequencies"", ""assignments"": {""co_double_stretch_frequency_cm1"": {""mode_index_0based"": 60, ""projection"": 1.2519272453046564, ""unscaled_cm1"": 1721.21494}, ""oh_stretch_frequency_cm1"": {""mode_index_0based"": 74, ""projection"": 1.123245553963655, ""unscaled_cm1"": 3758.55848}}, ""assignments_by_site"": [{""assignments"": {""co_double_stretch_frequency_cm1"": {""mode_index_0based"": 60, ""projection"": 1.2519272453046564, ""unscaled_cm1"": 1721.21494}, ""oh_stretch_frequency_cm1"": {""mode_index_0based"": 74, ""projection"": 1.123245553963655, ""unscaled_cm1"": 3758.55848}}, ""carboxyl_carbon_0based"": 8}], ""precision"": ""fchk"", ""scale"": 1.0}, ""npa_source"": ""selected final log combined-spin NPA table"", ""site_aggregation"": ""equal-weight arithmetic mean; all sites required""}"
10,CC(C)(C)c1cccc(C(=O)O)c1,4.204,10,0.52897,-0.70543,-0.68885,0.83568,-0.17865,-0.177,-0.115095,-0.18077,0.7026,1.0718,1.6565,1.0239,0.0966524018664412,-0.07414223865482834,-8.410442443609268,-0.4578973162979184,7.95254512731135,3.9851084379685555,193.86020033333332,0.01906187392945837,245.20708145142663,102.52655169232341,22.918701171875,0.9708027757564293,1.2154998528061656,1.3391838394856028,1.480402831236001,0.006206675513999501,3753.87846,1721.63633,complete,,{},"{""aromatic_cooh_site_count"": 1, ""density_surface"": {""density_cube"": ""/gs/bs/tga-ynabae/kikuchi/pka_prediction/data/benzoicacid_v2/density_cube/sub_10_density.cube"", ""esp_cube"": ""/gs/bs/tga-ynabae/kikuchi/pka_prediction/data/benzoicacid_v2/esp_cube/sub_10_esp.cube"", ""isovalue_e_bohr3"": 0.001, ""local_esp_radius_angstrom"": 2.0, ""local_issues_by_site"": [{}], ""local_values_by_site"": [{""esp_max_acidic_h_hartree_per_e"": 0.0966524018664412, ""esp_min_carbonyl_o_hartree_per_e"": -0.07414223865482834}], ""mpi"": ""arithmetic mean of absolute ESP over all grid-edge isosurface intersections"", ""surface_esp"": ""linear grid-edge crossing samples; nearest-nucleus local patches"", ""volume"": ""occupied density grid; discretized electron-density isosurface volume""}, ""fchk"": ""/gs/bs/tga-ynabae/kikuchi/pka_prediction/data/benzoicacid_v2/formchk/sub_10.fchk"", ""geometric_sampling"": {""buried_center"": ""COOH carbon; reference COOH atoms excluded"", ""buried_radius_angstrom"": 3.5, ""buried_samples"": 32768, ""radii"": ""RDKit vdW"", ""sasa_points_per_atom"": 2000, ""sasa_probe_angstrom"": 1.4}, ""ignored_aliphatic_cooh_count"": 0, ""job_selection"": ""last normally terminated job only"", ""local_atom_indices_0based"": {""acidic_hydrogen"": 25, ""carbonyl_oxygen"": 10, ""carboxyl_carbon"": 9, ""hydroxyl_oxygen"": 11, ""ipso_carbon"": 8, ""meta_carbons"": [4, 6], ""ortho_carbons"": [7, 12], ""para_carbon"": 5, ""ring_atoms"": [4, 5, 6, 7, 8, 12], ""substituent_position_counts"": {""meta"": 1, ""ortho"": 0, ""para"": 0, ""total"": 1}, ""substituted_ring_carbons"": [4]}, ""local_atom_indices_by_site_0based"": [{""acidic_hydrogen"": 25, ""carbonyl_oxygen"": 10, ""carboxyl_carbon"": 9, ""hydroxyl_oxygen"": 11, ""ipso_carbon"": 8, ""meta_carbons"": [4, 6], ""ortho_carbons"": [7, 12], ""para_carbon"": 5, ""ring_atoms"": [4, 5, 6, 7, 8, 12], ""substituent_position_counts"": {""meta"": 1, ""ortho"": 0, ""para"": 0, ""total"": 1}, ""substituted_ring_carbons"": [4]}], ""log"": ""/gs/bs/tga-ynabae/kikuchi/pka_prediction/data/benzoicacid_v2/logfile/sub_10.log"", ""normal_modes"": {""aggregation"": ""mean of independently assigned harmonic-mode frequencies"", ""assignments"": {""co_double_stretch_frequency_cm1"": {""mode_index_0based"": 60, ""projection"": 1.2713161060761247, ""unscaled_cm1"": 1721.63633}, ""oh_stretch_frequency_cm1"": {""mode_index_0based"": 74, ""projection"": 1.123294698866306, ""unscaled_cm1"": 3753.87846}}, ""assignments_by_site"": [{""assignments"": {""co_double_stretch_frequency_cm1"": {""mode_index_0based"": 60, ""projection"": 1.2713161060761247, ""unscaled_cm1"": 1721.63633}, ""oh_stretch_frequency_cm1"": {""mode_index_0based"": 74, ""projection"": 1.123294698866306, ""unscaled_cm1"": 3753.87846}}, ""carboxyl_carbon_0based"": 9}], ""precision"": ""fchk"", ""scale"": 1.0}, ""npa_source"": ""selected final log combined-spin NPA table"", ""site_aggregation"": ""equal-weight arithmetic mean; all sites required""}"
11,CC(C)c1ccc(C(=O)O)cc1,4.36,11,0.52828,-0.70635,-0.69067,0.83375,-0.19929,-0.158655,-0.226385,0.02586,0.7034,1.0701,1.6534,1.029,0.09508433921480876,-0.07447976405922616,-8.483619031388116,-0.41974457994816256,8.063874451439952,3.893852665272394,177.59687233333332,0.019923201506741345,224.2025125641075,102.49058045643982,22.943115234375,0.9707135369013007,1.215975319156378,1.3397934630414887,1.4769898205687404,0.001215478053193312,3749.49547,1718.40959,complete,,{},"{""aromatic_cooh_site_count"": 1, ""density_surface"": {""density_cube"": ""/gs/bs/tga-ynabae/kikuchi/pka_prediction/data/benzoicacid_v2/density_cube/sub_11_density.cube"", ""esp_cube"": ""/gs/bs/tga-ynabae/kikuchi/pka_prediction/data/benzoicacid_v2/esp_cube/sub_11_esp.cube"", ""isovalue_e_bohr3"": 0.001, ""local_esp_radius_angstrom"": 2.0, ""local_issues_by_site"": [{}], ""local_values_by_site"": [{""esp_max_acidic_h_hartree_per_e"": 0.09508433921480876, ""esp_min_carbonyl_o_hartree_per_e"": -0.07447976405922616}], ""mpi"": ""arithmetic mean of absolute ESP over all grid-edge isosurface intersections"", ""surface_esp"": ""linear grid-edge crossing samples; nearest-nucleus local patches"", ""volume"": ""occupied density grid; discretized electron-density isosurface volume""}, ""fchk"": ""/gs/bs/tga-ynabae/kikuchi/pka_prediction/data/benzoicacid_v2/formchk/sub_11.fchk"", ""geometric_sampling"": {""buried_center"": ""COOH carbon; reference COOH atoms excluded"", ""buried_radius_angstrom"": 3.5, ""buried_samples"": 32768, ""radii"": ""RDKit vdW"", ""sasa_points_per_atom"": 2000, ""sasa_probe_angstrom"": 1.4}, ""ignored_aliphatic_cooh_count"": 0, ""job_selection"": ""last normally terminated job only"", ""local_atom_indices_0based"": {""acidic_hydrogen"": 21, ""carbonyl_oxygen"": 8, ""carboxyl_carbon"": 7, ""hydroxyl_oxygen"": 9, ""ipso_carbon"": 6, ""meta_carbons"": [4, 11], ""ortho_carbons"": [5, 10], ""para_carbon"": 3, ""ring_atoms"": [3, 4, 5, 6, 10, 11], ""substituent_position_counts"": {""meta"": 0, ""ortho"": 0, ""para"": 1, ""total"": 1}, ""substituted_ring_carbons"": [3]}, ""local_atom_indices_by_site_0based"": [{""acidic_hydrogen"": 21, ""carbonyl_oxygen"": 8, ""carboxyl_carbon"": 7, ""hydroxyl_oxygen"": 9, ""ipso_carbon"": 6, ""meta_carbons"": [4, 11], ""ortho_carbons"": [5, 10], ""para_carbon"": 3, ""ring_atoms"": [3, 4, 5, 6, 10, 11], ""substituent_position_counts"": {""meta"": 0, ""ortho"": 0, ""para"": 1, ""total"": 1}, ""substituted_ring_carbons"": [3]}], ""log"": ""/gs/bs/tga-ynabae/kikuchi/pka_prediction/data/benzoicacid_v2/logfile/sub_11.log"", ""normal_modes"": {""aggregation"": ""mean of independently assigned harmonic-mode frequencies"", ""assignments"": {""co_double_stretch_frequency_cm1"": {""mode_index_0based"": 53, ""projection"": 1.2651937978211596, ""unscaled_cm1"": 1718.40959}, ""oh_stretch_frequency_cm1"": {""mode_index_0based"": 65, ""projection"": 1.1237755314663935, ""unscaled_cm1"": 3749.49547}}, ""assignments_by_site"": [{""assignments"": {""co_double_stretch_frequency_cm1"": {""mode_index_0based"": 53, ""projection"": 1.2651937978211596, ""unscaled_cm1"": 1718.40959}, ""oh_stretch_frequency_cm1"": {""mode_index_0based"": 65, ""projection"": 1.1237755314663935, ""unscaled_cm1"": 3749.49547}}, ""carboxyl_carbon_0based"": 7}], ""precision"": ""fchk"", ""scale"": 1.0}, ""npa_source"": ""selected final log combined-spin NPA table"", ""site_aggregation"": ""equal-weight arithmetic mean; all sites required""}"
12,CC(C)c1cccc(C(=O)O)c1O,2.76,12,0.54296,-0.72624,-0.68106,0.83962,-0.25844,0.113005,-0.16034,-0.16713,0.686,1.0382,1.6635,1.046,0.1170780286778384,-0.06631052808900198,-7.872402968881252,-0.4389906247219773,7.433412344159275,2.0059169523616847,184.75497033333332,0.018697488969229025,231.07075323551638,95.5947845818102,25.5950927734375,0.9710269758924693,1.212910903501094,1.3471859863011162,1.4746599724440992,2.3962854025666993,3751.48087,1724.62126,complete,,{},"{""aromatic_cooh_site_count"": 1, ""density_surface"": {""density_cube"": ""/gs/bs/tga-ynabae/kikuchi/pka_prediction/data/benzoicacid_v2/density_cube/sub_12_density.cube"", ""esp_cube"": ""/gs/bs/tga-ynabae/kikuchi/pka_prediction/data/benzoicacid_v2/esp_cube/sub_12_esp.cube"", ""isovalue_e_bohr3"": 0.001, ""local_esp_radius_angstrom"": 2.0, ""local_issues_by_site"": [{}], ""local_values_by_site"": [{""esp_max_acidic_h_hartree_per_e"": 0.1170780286778384, ""esp_min_carbonyl_o_hartree_per_e"": -0.06631052808900198}], ""mpi"": ""arithmetic mean of absolute ESP over all grid-edge isosurface intersections"", ""surface_esp"": ""linear grid-edge crossing samples; nearest-nucleus local patches"", ""volume"": ""occupied density grid; discretized electron-density isosurface volume""}, ""fchk"": ""/gs/bs/tga-ynabae/kikuchi/pka_prediction/data/benzoicacid_v2/formchk/sub_12.fchk"", ""geometric_sampling"": {""buried_center"": ""COOH carbon; reference COOH atoms excluded"", ""buried_radius_angstrom"": 3.5, ""buried_samples"": 32768, ""radii"": ""RDKit vdW"", ""sasa_points_per_atom"": 2000, ""sasa_probe_angstrom"": 1.4}, ""ignored_aliphatic_cooh_count"": 0, ""job_selection"": ""last normally terminated job only"", ""local_atom_indices_0based"": {""acidic_hydrogen"": 23, ""carbonyl_oxygen"": 9, ""carboxyl_carbon"": 8, ""hydroxyl_oxygen"": 10, ""ipso_carbon"": 7, ""meta_carbons"": [3, 5], ""ortho_carbons"": [6, 11], ""para_carbon"": 4, ""ring_atoms"": [3, 4, 5, 6, 7, 11], ""substituent_position_counts"": {""meta"": 1, ""ortho"": 1, ""para"": 0, ""total"": 2}, ""substituted_ring_carbons"": [3, 11]}, ""local_atom_indices_by_site_0based"": [{""acidic_hydrogen"": 23, ""carbonyl_oxygen"": 9, ""carboxyl_carbon"": 8, ""hydroxyl_oxygen"": 10, ""ipso_carbon"": 7, ""meta_carbons"": [3, 5], ""ortho_carbons"": [6, 11], ""para_carbon"": 4, ""ring_atoms"": [3, 4, 5, 6, 7, 11], ""substituent_position_counts"": {""meta"": 1, ""ortho"": 1, ""para"": 0, ""total"": 2}, ""substituted_ring_carbons"": [3, 11]}], ""log"": ""/gs/bs/tga-ynabae/kikuchi/pka_prediction/data/benzoicacid_v2/logfile/sub_12.log"", ""normal_modes"": {""aggregation"": ""mean of independently assigned harmonic-mode frequencies"", ""assignments"": {""co_double_stretch_frequency_cm1"": {""mode_index_0based"": 56, ""projection"": 1.304933361357725, ""unscaled_cm1"": 1724.62126}, ""oh_stretch_frequency_cm1"": {""mode_index_0based"": 68, ""projection"": 1.1168312080041076, ""unscaled_cm1"": 3751.48087}}, ""assignments_by_site"": [{""assignments"": {""co_double_stretch_frequency_cm1"": {""mode_index_0based"": 56, ""projection"": 1.304933361357725, ""unscaled_cm1"": 1724.62126}, ""oh_stretch_frequency_cm1"": {""mode_index_0based"": 68, ""projection"": 1.1168312080041076, ""unscaled_cm1"": 3751.48087}}, ""carboxyl_carbon_0based"": 8}], ""precision"": ""fchk"", ""scale"": 1.0}, ""npa_source"": ""selected final log combined-spin NPA table"", ""site_aggregation"": ""equal-weight arithmetic mean; all sites required""}"
13,CC=Cc1ccc(C(=O)O)cc1,4.49,13,0.52866,-0.70596,-0.68862,0.83269,-0.19221,-0.16093000000000002,-0.21002500000000002,-0.03801,0.7031,1.0703,1.6547,1.0283,0.09645395172075606,-0.07310452308356055,-7.8740041956935105,-0.7112950430774607,7.162709152616051,3.468568373541022,187.87349733333335,0.020275983016923634,216.1062891261357,102.64321473551448,22.8607177734375,0.9707098234752409,1.2156046149123254,1.3399179772451926,1.4770975272664384,1.0714008385653442,3753.07179,1719.57192,complete,,{},"{""aromatic_cooh_site_count"": 1, ""density_surface"": {""density_cube"": ""/gs/bs/tga-ynabae/kikuchi/pka_prediction/data/benzoicacid_v2/density_cube/sub_13_density.cube"", ""esp_cube"": ""/gs/bs/tga-ynabae/kikuchi/pka_prediction/data/benzoicacid_v2/esp_cube/sub_13_esp.cube"", ""isovalue_e_bohr3"": 0.001, ""local_esp_radius_angstrom"": 2.0, ""local_issues_by_site"": [{}], ""local_values_by_site"": [{""esp_max_acidic_h_hartree_per_e"": 0.09645395172075606, ""esp_min_carbonyl_o_hartree_per_e"": -0.07310452308356055}], ""mpi"": ""arithmetic mean of absolute ESP over all grid-edge isosurface intersections"", ""surface_esp"": ""linear grid-edge crossing samples; nearest-nucleus local patches"", ""volume"": ""occupied density grid; discretized electron-density isosurface volume""}, ""fchk"": ""/gs/bs/tga-ynabae/kikuchi/pka_prediction/data/benzoicacid_v2/formchk/sub_13.fchk"", ""geometric_sampling"": {""buried_center"": ""COOH carbon; reference COOH atoms excluded"", ""buried_radius_angstrom"": 3.5, ""buried_samples"": 32768, ""radii"": ""RDKit vdW"", ""sasa_points_per_atom"": 2000, ""sasa_probe_angstrom"": 1.4}, ""ignored_aliphatic_cooh_count"": 0, ""job_selection"": ""last normally terminated job only"", ""local_atom_indices_0based"": {""acidic_hydrogen"": 19, ""carbonyl_oxygen"": 8, ""carboxyl_carbon"": 7, ""hydroxyl_oxygen"": 9, ""ipso_carbon"": 6, ""meta_carbons"": [4, 11], ""ortho_carbons"": [5, 10], ""para_carbon"": 3, ""ring_atoms"": [3, 4, 5, 6, 10, 11], ""substituent_position_counts"": {""meta"": 0, ""ortho"": 0, ""para"": 1, ""total"": 1}, ""substituted_ring_carbons"": [3]}, ""local_atom_indices_by_site_0based"": [{""acidic_hydrogen"": 19, ""carbonyl_oxygen"": 8, ""carboxyl_carbon"": 7, ""hydroxyl_oxygen"": 9, ""ipso_carbon"": 6, ""meta_carbons"": [4, 11], ""ortho_carbons"": [5, 10], ""para_carbon"": 3, ""ring_atoms"": [3, 4, 5, 6, 10, 11], ""substituent_position_counts"": {""meta"": 0, ""ortho"": 0, ""para"": 1, ""total"": 1}, ""substituted_ring_carbons"": [3]}], ""log"": ""/gs/bs/tga-ynabae/kikuchi/pka_prediction/data/benzoicacid_v2/logfile/sub_13.log"", ""normal_modes"": {""aggregation"": ""mean of independently assigned harmonic-mode frequencies"", ""assignments"": {""co_double_stretch_frequency_cm1"": {""mode_index_0based"": 48, ""projection"": 1.0930960334234563, ""unscaled_cm1"": 1719.57192}, ""oh_stretch_frequency_cm1"": {""mode_index_0based"": 59, ""projection"": 1.123170492232702, ""unscaled_cm1"": 3753.07179}}, ""assignments_by_site"": [{""assignments"": {""co_double_stretch_frequency_cm1"": {""mode_index_0based"": 48, ""projection"": 1.0930960334234563, ""unscaled_cm1"": 1719.57192}, ""oh_stretch_frequency_cm1"": {""mode_index_0based"": 59, ""projection"": 1.123170492232702, ""unscaled_cm1"": 3753.07179}}, ""carboxyl_carbon_0based"": 7}], ""precision"": ""fchk"", ""scale"": 1.0}, ""npa_source"": ""selected final log combined-spin NPA table"", ""site_aggregation"": ""equal-weight arithmetic mean; all sites required""}"
14,CC=Cc1cccc(C(=O)O)c1,4.25,14,0.52926,-0.70421,-0.68565,0.83561,-0.18001,-0.1647,-0.147575,-0.16609,0.7023,1.0735,1.6598,1.021,0.09869029266401072,-0.07177479068007024,-7.827612999908971,-0.5217377863013134,7.305875213607657,3.4931070813683447,182.5723946666667,0.019508231427573346,216.0782910818085,100.58250274235552,23.065185546875,0.9709589964331423,1.2148931922943735,1.3386574668496536,1.4811284442531414,0.48530869976323593,3753.80789,1725.85118,complete,,{},"{""aromatic_cooh_site_count"": 1, ""density_surface"": {""density_cube"": ""/gs/bs/tga-ynabae/kikuchi/pka_prediction/data/benzoicacid_v2/density_cube/sub_14_density.cube"", ""esp_cube"": ""/gs/bs/tga-ynabae/kikuchi/pka_prediction/data/benzoicacid_v2/esp_cube/sub_14_esp.cube"", ""isovalue_e_bohr3"": 0.001, ""local_esp_radius_angstrom"": 2.0, ""local_issues_by_site"": [{}], ""local_values_by_site"": [{""esp_max_acidic_h_hartree_per_e"": 0.09869029266401072, ""esp_min_carbonyl_o_hartree_per_e"": -0.07177479068007024}], ""mpi"": ""arithmetic mean of absolute ESP over all grid-edge isosurface intersections"", ""surface_esp"": ""linear grid-edge crossing samples; nearest-nucleus local patches"", ""volume"": ""occupied density grid; discretized electron-density isosurface volume""}, ""fchk"": ""/gs/bs/tga-ynabae/kikuchi/pka_prediction/data/benzoicacid_v2/formchk/sub_14.fchk"", ""geometric_sampling"": {""buried_center"": ""COOH carbon; reference COOH atoms excluded"", ""buried_radius_angstrom"": 3.5, ""buried_samples"": 32768, ""radii"": ""RDKit vdW"", ""sasa_points_per_atom"": 2000, ""sasa_probe_angstrom"": 1.4}, ""ignored_aliphatic_cooh_count"": 0, ""job_selection"": ""last normally terminated job only"", ""local_atom_indices_0based"": {""acidic_hydrogen"": 20, ""carbonyl_oxygen"": 9, ""carboxyl_carbon"": 8, ""hydroxyl_oxygen"": 10, ""ipso_carbon"": 7, ""meta_carbons"": [3, 5], ""ortho_carbons"": [6, 11], ""para_carbon"": 4, ""ring_atoms"": [3, 4, 5, 6, 7, 11], ""substituent_position_counts"": {""meta"": 1, ""ortho"": 0, ""para"": 0, ""total"": 1}, ""substituted_ring_carbons"": [3]}, ""local_atom_indices_by_site_0based"": [{""acidic_hydrogen"": 20, ""carbonyl_oxygen"": 9, ""carboxyl_carbon"": 8, ""hydroxyl_oxygen"": 10, ""ipso_carbon"": 7, ""meta_carbons"": [3, 5], ""ortho_carbons"": [6, 11], ""para_carbon"": 4, ""ring_atoms"": [3, 4, 5, 6, 7, 11], ""substituent_position_counts"": {""meta"": 1, ""ortho"": 0, ""para"": 0, ""total"": 1}, ""substituted_ring_carbons"": [3]}], ""log"": ""/gs/bs/tga-ynabae/kikuchi/pka_prediction/data/benzoicacid_v2/logfile/sub_14.log"", ""normal_modes"": {""aggregation"": ""mean of independently assigned harmonic-mode frequencies"", ""assignments"": {""co_double_stretch_frequency_cm1"": {""mode_index_0based"": 48, ""projection"": 1.2698376451304494, ""unscaled_cm1"": 1725.85118}, ""oh_stretch_frequency_cm1"": {""mode_index_0based"": 59, ""projection"": 1.1229970453051026, ""unscaled_cm1"": 3753.80789}}, ""assignments_by_site"": [{""assignments"": {""co_double_stretch_frequency_cm1"": {""mode_index_0based"": 48, ""projection"": 1.2698376451304494, ""unscaled_cm1"": 1725.85118}, ""oh_stretch_frequency_cm1"": {""mode_index_0based"": 59, ""projection"": 1.1229970453051026, ""unscaled_cm1"": 3753.80789}}, ""carboxyl_carbon_0based"": 8}], ""precision"": ""fchk"", ""scale"": 1.0}, ""npa_source"": ""selected final log combined-spin NPA table"", ""site_aggregation"": ""equal-weight arithmetic mean; all sites required""}"
15,CCCC(=O)c1ccccc1C(=O)O,4.45,15,0.52906,-0.69713,-0.6686,0.84962,-0.10776,-0.16532,-0.17371999999999999,-0.20343,0.7002,1.0867,1.691,0.9703,0.08895193630758262,-0.08651277301598732,-8.839585243158574,-0.7905879287005427,8.048997314458031,6.142696247561544,192.83229866666667,0.03015536319221929,248.87630811212202,84.27663156057534,30.035400390625,0.9723113951052557,1.2102923201652203,1.334562717500214,1.4950161002875801,66.07360051080663,3732.35401,1749.28024,complete,,{},"{""aromatic_cooh_site_count"": 1, ""density_surface"": {""density_cube"": ""/gs/bs/tga-ynabae/kikuchi/pka_prediction/data/benzoicacid_v2/density_cube/sub_15_density.cube"", ""esp_cube"": ""/gs/bs/tga-ynabae/kikuchi/pka_prediction/data/benzoicacid_v2/esp_cube/sub_15_esp.cube"", ""isovalue_e_bohr3"": 0.001, ""local_esp_radius_angstrom"": 2.0, ""local_issues_by_site"": [{}], ""local_values_by_site"": [{""esp_max_acidic_h_hartree_per_e"": 0.08895193630758262, ""esp_min_carbonyl_o_hartree_per_e"": -0.08651277301598732}], ""mpi"": ""arithmetic mean of absolute ESP over all grid-edge isosurface intersections"", ""surface_esp"": ""linear grid-edge crossing samples; nearest-nucleus local patches"", ""volume"": ""occupied density grid; discretized electron-density isosurface volume""}, ""fchk"": ""/gs/bs/tga-ynabae/kikuchi/pka_prediction/data/benzoicacid_v2/formchk/sub_15.fchk"", ""geometric_sampling"": {""buried_center"": ""COOH carbon; reference COOH atoms excluded"", ""buried_radius_angstrom"": 3.5, ""buried_samples"": 32768, ""radii"": ""RDKit vdW"", ""sasa_points_per_atom"": 2000, ""sasa_probe_angstrom"": 1.4}, ""ignored_aliphatic_cooh_count"": 0, ""job_selection"": ""last normally terminated job only"", ""local_atom_indices_0based"": {""acidic_hydrogen"": 25, ""carbonyl_oxygen"": 12, ""carboxyl_carbon"": 11, ""hydroxyl_oxygen"": 13, ""ipso_carbon"": 10, ""meta_carbons"": [6, 8], ""ortho_carbons"": [5, 9], ""para_carbon"": 7, ""ring_atoms"": [5, 6, 7, 8, 9, 10], ""substituent_position_counts"": {""meta"": 0, ""ortho"": 1, ""para"": 0, ""total"": 1}, ""substituted_ring_carbons"": [5]}, ""local_atom_indices_by_site_0based"": [{""acidic_hydrogen"": 25, ""carbonyl_oxygen"": 12, ""carboxyl_carbon"": 11, ""hydroxyl_oxygen"": 13, ""ipso_carbon"": 10, ""meta_carbons"": [6, 8], ""ortho_carbons"": [5, 9], ""para_carbon"": 7, ""ring_atoms"": [5, 6, 7, 8, 9, 10], ""substituent_position_counts"": {""meta"": 0, ""ortho"": 1, ""para"": 0, ""total"": 1}, ""substituted_ring_carbons"": [5]}], ""log"": ""/gs/bs/tga-ynabae/kikuchi/pka_prediction/data/benzoicacid_v2/logfile/sub_15.log"", ""normal_modes"": {""aggregation"": ""mean of independently assigned harmonic-mode frequencies"", ""assignments"": {""co_double_stretch_frequency_cm1"": {""mode_index_0based"": 59, ""projection"": 1.3685440198903704, ""unscaled_cm1"": 1749.28024}, ""oh_stretch_frequency_cm1"": {""mode_index_0based"": 71, ""projection"": 1.122927439592799, ""unscaled_cm1"": 3732.35401}}, ""assignments_by_site"": [{""assignments"": {""co_double_stretch_frequency_cm1"": {""mode_index_0based"": 59, ""projection"": 1.3685440198903704, ""unscaled_cm1"": 1749.28024}, ""oh_stretch_frequency_cm1"": {""mode_index_0based"": 71, ""projection"": 1.122927439592799, ""unscaled_cm1"": 3732.35401}}, ""carboxyl_carbon_0based"": 11}], ""precision"": ""fchk"", ""scale"": 1.0}, ""npa_source"": ""selected final log combined-spin NPA table"", ""site_aggregation"": ""equal-weight arithmetic mean; all sites required""}"
16,CCOC(=O)CNc1ccc(C(=O)O)cc1,4.88,16,0.52596,-0.71426,-0.70814,0.82846,-0.24715,-0.13787,-0.28371500000000005,0.2269,0.706,1.0566,1.6296,1.0578,0.08461159173215312,-0.0850948375931664,-7.327592484913649,-0.20569340364616595,7.121899081267483,8.493785352280195,220.161239,0.030895023521759227,277.68138831822876,102.47901939547461,23.0072021484375,0.9701793356229972,1.2195778455333586,1.3451871555333177,1.4643545211566478,0.41137100178544517,3763.36623,1707.22712,complete,,{},"{""aromatic_cooh_site_count"": 1, ""density_surface"": {""density_cube"": ""/gs/bs/tga-ynabae/kikuchi/pka_prediction/data/benzoicacid_v2/density_cube/sub_16_density.cube"", ""esp_cube"": ""/gs/bs/tga-ynabae/kikuchi/pka_prediction/data/benzoicacid_v2/esp_cube/sub_16_esp.cube"", ""isovalue_e_bohr3"": 0.001, ""local_esp_radius_angstrom"": 2.0, ""local_issues_by_site"": [{}], ""local_values_by_site"": [{""esp_max_acidic_h_hartree_per_e"": 0.08461159173215312, ""esp_min_carbonyl_o_hartree_per_e"": -0.0850948375931664}], ""mpi"": ""arithmetic mean of absolute ESP over all grid-edge isosurface intersections"", ""surface_esp"": ""linear grid-edge crossing samples; nearest-nucleus local patches"", ""volume"": ""occupied density grid; discretized electron-density isosurface volume""}, ""fchk"": ""/gs/bs/tga-ynabae/kikuchi/pka_prediction/data/benzoicacid_v2/formchk/sub_16.fchk"", ""geometric_sampling"": {""buried_center"": ""COOH carbon; reference COOH atoms excluded"", ""buried_radius_angstrom"": 3.5, ""buried_samples"": 32768, ""radii"": ""RDKit vdW"", ""sasa_points_per_atom"": 2000, ""sasa_probe_angstrom"": 1.4}, ""ignored_aliphatic_cooh_count"": 0, ""job_selection"": ""last normally terminated job only"", ""local_atom_indices_0based"": {""acidic_hydrogen"": 26, ""carbonyl_oxygen"": 12, ""carboxyl_carbon"": 11, ""hydroxyl_oxygen"": 13, ""ipso_carbon"": 10, ""meta_carbons"": [8, 15], ""ortho_carbons"": [9, 14], ""para_carbon"": 7, ""ring_atoms"": [7, 8, 9, 10, 14, 15], ""substituent_position_counts"": {""meta"": 0, ""ortho"": 0, ""para"": 1, ""total"": 1}, ""substituted_ring_carbons"": [7]}, ""local_atom_indices_by_site_0based"": [{""acidic_hydrogen"": 26, ""carbonyl_oxygen"": 12, ""carboxyl_carbon"": 11, ""hydroxyl_oxygen"": 13, ""ipso_carbon"": 10, ""meta_carbons"": [8, 15], ""ortho_carbons"": [9, 14], ""para_carbon"": 7, ""ring_atoms"": [7, 8, 9, 10, 14, 15], ""substituent_position_counts"": {""meta"": 0, ""ortho"": 0, ""para"": 1, ""total"": 1}, ""substituted_ring_carbons"": [7]}], ""log"": ""/gs/bs/tga-ynabae/kikuchi/pka_prediction/data/benzoicacid_v2/logfile/sub_16.log"", ""normal_modes"": {""aggregation"": ""mean of independently assigned harmonic-mode frequencies"", ""assignments"": {""co_double_stretch_frequency_cm1"": {""mode_index_0based"": 66, ""projection"": 0.9087601045466639, ""unscaled_cm1"": 1707.22712}, ""oh_stretch_frequency_cm1"": {""mode_index_0based"": 80, ""projection"": 1.1230420925602353, ""unscaled_cm1"": 3763.36623}}, ""assignments_by_site"": [{""assignments"": {""co_double_stretch_frequency_cm1"": {""mode_index_0based"": 66, ""projection"": 0.9087601045466639, ""unscaled_cm1"": 1707.22712}, ""oh_stretch_frequency_cm1"": {""mode_index_0based"": 80, ""projection"": 1.1230420925602353, ""unscaled_cm1"": 3763.36623}}, ""carboxyl_carbon_0based"": 11}], ""precision"": ""fchk"", ""scale"": 1.0}, ""npa_source"": ""selected final log combined-spin NPA table"", ""site_aggregation"": ""equal-weight arithmetic mean; all sites required""}"
17,CCOC(=O)CNc1cccc(C(=O)O)c1,4.3,17,0.52914,-0.70497,-0.68594,0.83549,-0.15979,-0.22877999999999998,-0.00974499999999999,-0.22583,0.7024,1.0727,1.66,1.0205,0.09677832172249655,-0.0774265275218188,-7.326221112681009,-0.4774462618965918,6.848774850784418,6.335562469416095,211.562287,0.026839585371167436,277.2235138872882,95.93619716343909,23.0712890625,0.9708121831893052,1.2149382492597276,1.3390137756330165,1.4822874850994574,0.4709032638199347,3752.1603,1725.77692,complete,,{},"{""aromatic_cooh_site_count"": 1, ""density_surface"": {""density_cube"": ""/gs/bs/tga-ynabae/kikuchi/pka_prediction/data/benzoicacid_v2/density_cube/sub_17_density.cube"", ""esp_cube"": ""/gs/bs/tga-ynabae/kikuchi/pka_prediction/data/benzoicacid_v2/esp_cube/sub_17_esp.cube"", ""isovalue_e_bohr3"": 0.001, ""local_esp_radius_angstrom"": 2.0, ""local_issues_by_site"": [{}], ""local_values_by_site"": [{""esp_max_acidic_h_hartree_per_e"": 0.09677832172249655, ""esp_min_carbonyl_o_hartree_per_e"": -0.0774265275218188}], ""mpi"": ""arithmetic mean of absolute ESP over all grid-edge isosurface intersections"", ""surface_esp"": ""linear grid-edge crossing samples; nearest-nucleus local patches"", ""volume"": ""occupied density grid; discretized electron-density isosurface volume""}, ""fchk"": ""/gs/bs/tga-ynabae/kikuchi/pka_prediction/data/benzoicacid_v2/formchk/sub_17.fchk"", ""geometric_sampling"": {""buried_center"": ""COOH carbon; reference COOH atoms excluded"", ""buried_radius_angstrom"": 3.5, ""buried_samples"": 32768, ""radii"": ""RDKit vdW"", ""sasa_points_per_atom"": 2000, ""sasa_probe_angstrom"": 1.4}, ""ignored_aliphatic_cooh_count"": 0, ""job_selection"": ""last normally terminated job only"", ""local_atom_indices_0based"": {""acidic_hydrogen"": 27, ""carbonyl_oxygen"": 13, ""carboxyl_carbon"": 12, ""hydroxyl_oxygen"": 14, ""ipso_carbon"": 11, ""meta_carbons"": [7, 9], ""ortho_carbons"": [10, 15], ""para_carbon"": 8, ""ring_atoms"": [7, 8, 9, 10, 11, 15], ""substituent_position_counts"": {""meta"": 1, ""ortho"": 0, ""para"": 0, ""total"": 1}, ""substituted_ring_carbons"": [7]}, ""local_atom_indices_by_site_0based"": [{""acidic_hydrogen"": 27, ""carbonyl_oxygen"": 13, ""carboxyl_carbon"": 12, ""hydroxyl_oxygen"": 14, ""ipso_carbon"": 11, ""meta_carbons"": [7, 9], ""ortho_carbons"": [10, 15], ""para_carbon"": 8, ""ring_atoms"": [7, 8, 9, 10, 11, 15], ""substituent_position_counts"": {""meta"": 1, ""ortho"": 0, ""para"": 0, ""total"": 1}, ""substituted_ring_carbons"": [7]}], ""log"": ""/gs/bs/tga-ynabae/kikuchi/pka_prediction/data/benzoicacid_v2/logfile/sub_17.log"", ""normal_modes"": {""aggregation"": ""mean of independently assigned harmonic-mode frequencies"", ""assignments"": {""co_double_stretch_frequency_cm1"": {""mode_index_0based"": 66, ""projection"": 1.2738476569314008, ""unscaled_cm1"": 1725.77692}, ""oh_stretch_frequency_cm1"": {""mode_index_0based"": 80, ""projection"": 1.123326097074224, ""unscaled_cm1"": 3752.1603}}, ""assignments_by_site"": [{""assignments"": {""co_double_stretch_frequency_cm1"": {""mode_index_0based"": 66, ""projection"": 1.2738476569314008, ""unscaled_cm1"": 1725.77692}, ""oh_stretch_frequency_cm1"": {""mode_index_0based"": 80, ""projection"": 1.123326097074224, ""unscaled_cm1"": 3752.1603}}, ""carboxyl_carbon_0based"": 12}], ""precision"": ""fchk"", ""scale"": 1.0}, ""npa_source"": ""selected final log combined-spin NPA table"", ""site_aggregation"": ""equal-weight arithmetic mean; all sites required""}"
18,CCOP(=O)(OCC)c1ccc(C(=O)O)cc1,3.63,18,0.53133,-0.69919,-0.67428,0.83416,-0.15383,-0.164535,-0.18451499999999998,-0.41542,0.7003,1.0809,1.6707,1.01,0.10862407414584756,-0.05773535816983752,-8.985354544001591,-0.933134266697228,8.052220277304363,5.309573615847221,229.924121,0.0284579087857601,311.7350238961677,102.75747446032554,22.869873046875,0.9710426360770816,1.2129724076203077,1.3355223692872684,1.4857199709826527,0.651191044773793,3745.12755,1736.60751,complete,,{},"{""aromatic_cooh_site_count"": 1, ""density_surface"": {""density_cube"": ""/gs/bs/tga-ynabae/kikuchi/pka_prediction/data/benzoicacid_v2/density_cube/sub_18_density.cube"", ""esp_cube"": ""/gs/bs/tga-ynabae/kikuchi/pka_prediction/data/benzoicacid_v2/esp_cube/sub_18_esp.cube"", ""isovalue_e_bohr3"": 0.001, ""local_esp_radius_angstrom"": 2.0, ""local_issues_by_site"": [{}], ""local_values_by_site"": [{""esp_max_acidic_h_hartree_per_e"": 0.10862407414584756, ""esp_min_carbonyl_o_hartree_per_e"": -0.05773535816983752}], ""mpi"": ""arithmetic mean of absolute ESP over all grid-edge isosurface intersections"", ""surface_esp"": ""linear grid-edge crossing samples; nearest-nucleus local patches"", ""volume"": ""occupied density grid; discretized electron-density isosurface volume""}, ""fchk"": ""/gs/bs/tga-ynabae/kikuchi/pka_prediction/data/benzoicacid_v2/formchk/sub_18.fchk"", ""geometric_sampling"": {""buried_center"": ""COOH carbon; reference COOH atoms excluded"", ""buried_radius_angstrom"": 3.5, ""buried_samples"": 32768, ""radii"": ""RDKit vdW"", ""sasa_points_per_atom"": 2000, ""sasa_probe_angstrom"": 1.4}, ""ignored_aliphatic_cooh_count"": 0, ""job_selection"": ""last normally terminated job only"", ""local_atom_indices_0based"": {""acidic_hydrogen"": 29, ""carbonyl_oxygen"": 13, ""carboxyl_carbon"": 12, ""hydroxyl_oxygen"": 14, ""ipso_carbon"": 11, ""meta_carbons"": [9, 16], ""ortho_carbons"": [10, 15], ""para_carbon"": 8, ""ring_atoms"": [8, 9, 10, 11, 15, 16], ""substituent_position_counts"": {""meta"": 0, ""ortho"": 0, ""para"": 1, ""total"": 1}, ""substituted_ring_carbons"": [8]}, ""local_atom_indices_by_site_0based"": [{""acidic_hydrogen"": 29, ""carbonyl_oxygen"": 13, ""carboxyl_carbon"": 12, ""hydroxyl_oxygen"": 14, ""ipso_carbon"": 11, ""meta_carbons"": [9, 16], ""ortho_carbons"": [10, 15], ""para_carbon"": 8, ""ring_atoms"": [8, 9, 10, 11, 15, 16], ""substituent_position_counts"": {""meta"": 0, ""ortho"": 0, ""para"": 1, ""total"": 1}, ""substituted_ring_carbons"": [8]}], ""log"": ""/gs/bs/tga-ynabae/kikuchi/pka_prediction/data/benzoicacid_v2/logfile/sub_18.log"", ""normal_modes"": {""aggregation"": ""mean of independently assigned harmonic-mode frequencies"", ""assignments"": {""co_double_stretch_frequency_cm1"": {""mode_index_0based"": 74, ""projection"": 1.3343848221520112, ""unscaled_cm1"": 1736.60751}, ""oh_stretch_frequency_cm1"": {""mode_index_0based"": 89, ""projection"": 1.1235250330884872, ""unscaled_cm1"": 3745.12755}}, ""assignments_by_site"": [{""assignments"": {""co_double_stretch_frequency_cm1"": {""mode_index_0based"": 74, ""projection"": 1.3343848221520112, ""unscaled_cm1"": 1736.60751}, ""oh_stretch_frequency_cm1"": {""mode_index_0based"": 89, ""projection"": 1.1235250330884872, ""unscaled_cm1"": 3745.12755}}, ""carboxyl_carbon_0based"": 12}], ""precision"": ""fchk"", ""scale"": 1.0}, ""npa_source"": ""selected final log combined-spin NPA table"", ""site_aggregation"": ""equal-weight arithmetic mean; all sites required""}"
19,CCOP(=O)(OCC)c1cccc(C(=O)O)c1,3.73,19,0.53128,-0.70103,-0.67758,0.83616,-0.1793,-0.132075,-0.330555,-0.14288,0.7003,1.0784,1.6674,1.0141,0.10719021185407389,-0.0627285645599042,-9.066303846570516,-0.682540482790631,8.383763363779886,3.6565358710569034,228.380859,0.02245148451311105,312.10375231942186,101.59860376226933,22.9736328125,0.9709585257804578,1.2133873957265404,1.3362630178766661,1.4832570354845545,1.4529833157501895,3750.50438,1733.96813,complete,,{},"{""aromatic_cooh_site_count"": 1, ""density_surface"": {""density_cube"": ""/gs/bs/tga-ynabae/kikuchi/pka_prediction/data/benzoicacid_v2/density_cube/sub_19_density.cube"", ""esp_cube"": ""/gs/bs/tga-ynabae/kikuchi/pka_prediction/data/benzoicacid_v2/esp_cube/sub_19_esp.cube"", ""isovalue_e_bohr3"": 0.001, ""local_esp_radius_angstrom"": 2.0, ""local_issues_by_site"": [{}], ""local_values_by_site"": [{""esp_max_acidic_h_hartree_per_e"": 0.10719021185407389, ""esp_min_carbonyl_o_hartree_per_e"": -0.0627285645599042}], ""mpi"": ""arithmetic mean of absolute ESP over all grid-edge isosurface intersections"", ""surface_esp"": ""linear grid-edge crossing samples; nearest-nucleus local patches"", ""volume"": ""occupied density grid; discretized electron-density isosurface volume""}, ""fchk"": ""/gs/bs/tga-ynabae/kikuchi/pka_prediction/data/benzoicacid_v2/formchk/sub_19.fchk"", ""geometric_sampling"": {""buried_center"": ""COOH carbon; reference COOH atoms excluded"", ""buried_radius_angstrom"": 3.5, ""buried_samples"": 32768, ""radii"": ""RDKit vdW"", ""sasa_points_per_atom"": 2000, ""sasa_probe_angstrom"": 1.4}, ""ignored_aliphatic_cooh_count"": 0, ""job_selection"": ""last normally terminated job only"", ""local_atom_indices_0based"": {""acidic_hydrogen"": 30, ""carbonyl_oxygen"": 14, ""carboxyl_carbon"": 13, ""hydroxyl_oxygen"": 15, ""ipso_carbon"": 12, ""meta_carbons"": [8, 10], ""ortho_carbons"": [11, 16], ""para_carbon"": 9, ""ring_atoms"": [8, 9, 10, 11, 12, 16], ""substituent_position_counts"": {""meta"": 1, ""ortho"": 0, ""para"": 0, ""total"": 1}, ""substituted_ring_carbons"": [8]}, ""local_atom_indices_by_site_0based"": [{""acidic_hydrogen"": 30, ""carbonyl_oxygen"": 14, ""carboxyl_carbon"": 13, ""hydroxyl_oxygen"": 15, ""ipso_carbon"": 12, ""meta_carbons"": [8, 10], ""ortho_carbons"": [11, 16], ""para_carbon"": 9, ""ring_atoms"": [8, 9, 10, 11, 12, 16], ""substituent_position_counts"": {""meta"": 1, ""ortho"": 0, ""para"": 0, ""total"": 1}, ""substituted_ring_carbons"": [8]}], ""log"": ""/gs/bs/tga-ynabae/kikuchi/pka_prediction/data/benzoicacid_v2/logfile/sub_19.log"", ""normal_modes"": {""aggregation"": ""mean of independently assigned harmonic-mode frequencies"", ""assignments"": {""co_double_stretch_frequency_cm1"": {""mode_index_0based"": 74, ""projection"": 1.3195548577422032, ""unscaled_cm1"": 1733.96813}, ""oh_stretch_frequency_cm1"": {""mode_index_0based"": 89, ""projection"": 1.1234749782320375, ""unscaled_cm1"": 3750.50438}}, ""assignments_by_site"": [{""assignments"": {""co_double_stretch_frequency_cm1"": {""mode_index_0based"": 74, ""projection"": 1.3195548577422032, ""unscaled_cm1"": 1733.96813}, ""oh_stretch_frequency_cm1"": {""mode_index_0based"": 89, ""projection"": 1.1234749782320375, ""unscaled_cm1"": 3750.50438}}, ""carboxyl_carbon_0based"": 13}], ""precision"": ""fchk"", ""scale"": 1.0}, ""npa_source"": ""selected final log combined-spin NPA table"", ""site_aggregation"": ""equal-weight arithmetic mean; all sites required""}"
20,CCOc1ccc(C(=O)O)c(C(=O)O)c1,2.74,20,0.5299849999999999,-0.69811,-0.6714150000000001,0.8427899999999999,-0.138225,-0.1605975,-0.07100999999999999,0.040950000000000014,0.7004,1.0821,1.6737,0.9978499999999999,0.09393006818716076,-0.08711477860160786,-8.153231223363639,-0.47139910274253205,7.681832120621105,7.429591657573706,192.67567033333333,0.031059633779897358,247.21562127535512,91.51132674271093,28.1219482421875,0.9717561754276726,1.2125262696674226,1.3351534363048891,1.485269677201203,43.11453046412725,3736.51966,1740.5297,complete,,{},"{""aromatic_cooh_site_count"": 2, ""density_surface"": {""density_cube"": ""/gs/bs/tga-ynabae/kikuchi/pka_prediction/data/benzoicacid_v2/density_cube/sub_20_density.cube"", ""esp_cube"": ""/gs/bs/tga-ynabae/kikuchi/pka_prediction/data/benzoicacid_v2/esp_cube/sub_20_esp.cube"", ""isovalue_e_bohr3"": 0.001, ""local_esp_radius_angstrom"": 2.0, ""local_issues_by_site"": [{}, {}], ""local_values_by_site"": [{""esp_max_acidic_h_hartree_per_e"": 0.10018853144150419, ""esp_min_carbonyl_o_hartree_per_e"": -0.08738538887375759}, {""esp_max_acidic_h_hartree_per_e"": 0.08767160493281735, ""esp_min_carbonyl_o_hartree_per_e"": -0.08684416832945814}], ""mpi"": ""arithmetic mean of absolute ESP over all grid-edge isosurface intersections"", ""surface_esp"": ""linear grid-edge crossing samples; nearest-nucleus local patches"", ""volume"": ""occupied density grid; discretized electron-density isosurface volume""}, ""fchk"": ""/gs/bs/tga-ynabae/kikuchi/pka_prediction/data/benzoicacid_v2/formchk/sub_20.fchk"", ""geometric_sampling"": {""buried_center"": ""COOH carbon; reference COOH atoms excluded"", ""buried_radius_angstrom"": 3.5, ""buried_samples"": 32768, ""radii"": ""RDKit vdW"", ""sasa_points_per_atom"": 2000, ""sasa_probe_angstrom"": 1.4}, ""ignored_aliphatic_cooh_count"": 0, ""job_selection"": ""last normally terminated job only"", ""local_atom_indices_by_site_0based"": [{""acidic_hydrogen"": 22, ""carbonyl_oxygen"": 8, ""carboxyl_carbon"": 7, ""hydroxyl_oxygen"": 9, ""ipso_carbon"": 6, ""meta_carbons"": [4, 14], ""ortho_carbons"": [5, 10], ""para_carbon"": 3, ""ring_atoms"": [3, 4, 5, 6, 10, 14], ""substituent_position_counts"": {""meta"": 0, ""ortho"": 1, ""para"": 1, ""total"": 2}, ""substituted_ring_carbons"": [3, 10]}, {""acidic_hydrogen"": 23, ""carbonyl_oxygen"": 12, ""carboxyl_carbon"": 11, ""hydroxyl_oxygen"": 13, ""ipso_carbon"": 10, ""meta_carbons"": [3, 5], ""ortho_carbons"": [6, 14], ""para_carbon"": 4, ""ring_atoms"": [3, 4, 5, 6, 10, 14], ""substituent_position_counts"": {""meta"": 1, ""ortho"": 1, ""para"": 0, ""total"": 2}, ""substituted_ring_carbons"": [3, 6]}], ""log"": ""/gs/bs/tga-ynabae/kikuchi/pka_prediction/data/benzoicacid_v2/logfile/sub_20.log"", ""normal_modes"": {""aggregation"": ""mean of independently assigned harmonic-mode frequencies"", ""assignments_by_site"": [{""assignments"": {""co_double_stretch_frequency_cm1"": {""mode_index_0based"": 57, ""projection"": 1.290857565165254, ""unscaled_cm1"": 1725.15931}, ""oh_stretch_frequency_cm1"": {""mode_index_0based"": 68, ""projection"": 1.1235938195737418, ""unscaled_cm1"": 3745.86505}}, ""carboxyl_carbon_0based"": 7}, {""assignments"": {""co_double_stretch_frequency_cm1"": {""mode_index_0based"": 58, ""projection"": 1.3776650621668385, ""unscaled_cm1"": 1755.90009}, ""oh_stretch_frequency_cm1"": {""mode_index_0based"": 67, ""projection"": 1.122569266538114, ""unscaled_cm1"": 3727.17427}}, ""carboxyl_carbon_0based"": 11}], ""precision"": ""fchk"", ""scale"": 1.0}, ""npa_source"": ""selected final log combined-spin NPA table"", ""site_aggregation"": ""equal-weight arithmetic mean; all sites required""}"
21,CCOc1ccc(C(=O)O)c(O)c1,3.2,21,0.5415,-0.73056,-0.69114,0.83514,-0.29822,0.13809,-0.332245,0.3879,0.6879,1.0307,1.6484,1.0659,0.11325735024503684,-0.07015946824346189,-7.893110670546132,-0.258496662730098,7.634614007816034,3.783089927289288,175.88548133333333,0.02390192812031575,220.97876696747142,95.50967883682446,25.52490234375,0.9708292994215143,1.2150163057809011,1.3502280820011716,1.4639569860177526,0.01710033112648188,3753.64928,1719.6027,complete,,{},"{""aromatic_cooh_site_count"": 1, ""density_surface"": {""density_cube"": ""/gs/bs/tga-ynabae/kikuchi/pka_prediction/data/benzoicacid_v2/density_cube/sub_21_density.cube"", ""esp_cube"": ""/gs/bs/tga-ynabae/kikuchi/pka_prediction/data/benzoicacid_v2/esp_cube/sub_21_esp.cube"", ""isovalue_e_bohr3"": 0.001, ""local_esp_radius_angstrom"": 2.0, ""local_issues_by_site"": [{}], ""local_values_by_site"": [{""esp_max_acidic_h_hartree_per_e"": 0.11325735024503684, ""esp_min_carbonyl_o_hartree_per_e"": -0.07015946824346189}], ""mpi"": ""arithmetic mean of absolute ESP over all grid-edge isosurface intersections"", ""surface_esp"": ""linear grid-edge crossing samples; nearest-nucleus local patches"", ""volume"": ""occupied density grid; discretized electron-density isosurface volume""}, ""fchk"": ""/gs/bs/tga-ynabae/kikuchi/pka_prediction/data/benzoicacid_v2/formchk/sub_21.fchk"", ""geometric_sampling"": {""buried_center"": ""COOH carbon; reference COOH atoms excluded"", ""buried_radius_angstrom"": 3.5, ""buried_samples"": 32768, ""radii"": ""RDKit vdW"", ""sasa_points_per_atom"": 2000, ""sasa_probe_angstrom"": 1.4}, ""ignored_aliphatic_cooh_count"": 0, ""job_selection"": ""last normally terminated job only"", ""local_atom_indices_0based"": {""acidic_hydrogen"": 20, ""carbonyl_oxygen"": 8, ""carboxyl_carbon"": 7, ""hydroxyl_oxygen"": 9, ""ipso_carbon"": 6, ""meta_carbons"": [4, 12], ""ortho_carbons"": [5, 10], ""para_carbon"": 3, ""ring_atoms"": [3, 4, 5, 6, 10, 12], ""substituent_position_counts"": {""meta"": 0, ""ortho"": 1, ""para"": 1, ""total"": 2}, ""substituted_ring_carbons"": [3, 10]}, ""local_atom_indices_by_site_0based"": [{""acidic_hydrogen"": 20, ""carbonyl_oxygen"": 8, ""carboxyl_carbon"": 7, ""hydroxyl_oxygen"": 9, ""ipso_carbon"": 6, ""meta_carbons"": [4, 12], ""ortho_carbons"": [5, 10], ""para_carbon"": 3, ""ring_atoms"": [3, 4, 5, 6, 10, 12], ""substituent_position_counts"": {""meta"": 0, ""ortho"": 1, ""para"": 1, ""total"": 2}, ""substituted_ring_carbons"": [3, 10]}], ""log"": ""/gs/bs/tga-ynabae/kikuchi/pka_prediction/data/benzoicacid_v2/logfile/sub_21.log"", ""normal_modes"": {""aggregation"": ""mean of independently assigned harmonic-mode frequencies"", ""assignments"": {""co_double_stretch_frequency_cm1"": {""mode_index_0based"": 52, ""projection"": 0.9987728020773566, ""unscaled_cm1"": 1719.6027}, ""oh_stretch_frequency_cm1"": {""mode_index_0based"": 62, ""projection"": 1.117925791817932, ""unscaled_cm1"": 3753.64928}}, ""assignments_by_site"": [{""assignments"": {""co_double_stretch_frequency_cm1"": {""mode_index_0based"": 52, ""projection"": 0.9987728020773566, ""unscaled_cm1"": 1719.6027}, ""oh_stretch_frequency_cm1"": {""mode_index_0based"": 62, ""projection"": 1.117925791817932, ""unscaled_cm1"": 3753.64928}}, ""carboxyl_carbon_0based"": 7}], ""precision"": ""fchk"", ""scale"": 1.0}, ""npa_source"": ""selected final log combined-spin NPA table"", ""site_aggregation"": ""equal-weight arithmetic mean; all sites required""}"
22,CN(C)c1ccc(/N=N/c2ccccc2C(=O)O)cc1,4.82,22,0.5281,-0.70118,-0.67533,0.85125,-0.17162,-0.020504999999999995,-0.207065,-0.19288,0.7019,1.0744,1.6803,0.9876,0.08629312180712162,-0.0861438508079124,-6.771463261568709,-1.27005876943547,5.501404492133238,7.027856804895807,366.542339,0.027841771584585274,341.1678200711365,85.84511881676984,29.345703125,0.9718380714794792,1.2123245172643209,1.336988444426782,1.488412487973109,54.84573214417415,3736.42034,1735.96725,complete,,{},"{""aromatic_cooh_site_count"": 1, ""density_surface"": {""density_cube"": ""/gs/bs/tga-ynabae/kikuchi/pka_prediction/data/benzoicacid_v2/density_cube/sub_22_density.cube"", ""esp_cube"": ""/gs/bs/tga-ynabae/kikuchi/pka_prediction/data/benzoicacid_v2/esp_cube/sub_22_esp.cube"", ""isovalue_e_bohr3"": 0.001, ""local_esp_radius_angstrom"": 2.0, ""local_issues_by_site"": [{}], ""local_values_by_site"": [{""esp_max_acidic_h_hartree_per_e"": 0.08629312180712162, ""esp_min_carbonyl_o_hartree_per_e"": -0.0861438508079124}], ""mpi"": ""arithmetic mean of absolute ESP over all grid-edge isosurface intersections"", ""surface_esp"": ""linear grid-edge crossing samples; nearest-nucleus local patches"", ""volume"": ""occupied density grid; discretized electron-density isosurface volume""}, ""fchk"": ""/gs/bs/tga-ynabae/kikuchi/pka_prediction/data/benzoicacid_v2/formchk/sub_22.fchk"", ""geometric_sampling"": {""buried_center"": ""COOH carbon; reference COOH atoms excluded"", ""buried_radius_angstrom"": 3.5, ""buried_samples"": 32768, ""radii"": ""RDKit vdW"", ""sasa_points_per_atom"": 2000, ""sasa_probe_angstrom"": 1.4}, ""ignored_aliphatic_cooh_count"": 0, ""job_selection"": ""last normally terminated job only"", ""local_atom_indices_0based"": {""acidic_hydrogen"": 32, ""carbonyl_oxygen"": 16, ""carboxyl_carbon"": 15, ""hydroxyl_oxygen"": 17, ""ipso_carbon"": 14, ""meta_carbons"": [10, 12], ""ortho_carbons"": [9, 13], ""para_carbon"": 11, ""ring_atoms"": [9, 10, 11, 12, 13, 14], ""substituent_position_counts"": {""meta"": 0, ""ortho"": 1, ""para"": 0, ""total"": 1}, ""substituted_ring_carbons"": [9]}, ""local_atom_indices_by_site_0based"": [{""acidic_hydrogen"": 32, ""carbonyl_oxygen"": 16, ""carboxyl_carbon"": 15, ""hydroxyl_oxygen"": 17, ""ipso_carbon"": 14, ""meta_carbons"": [10, 12], ""ortho_carbons"": [9, 13], ""para_carbon"": 11, ""ring_atoms"": [9, 10, 11, 12, 13, 14], ""substituent_position_counts"": {""meta"": 0, ""ortho"": 1, ""para"": 0, ""total"": 1}, ""substituted_ring_carbons"": [9]}], ""log"": ""/gs/bs/tga-ynabae/kikuchi/pka_prediction/data/benzoicacid_v2/logfile/sub_22.log"", ""normal_modes"": {""aggregation"": ""mean of independently assigned harmonic-mode frequencies"", ""assignments"": {""co_double_stretch_frequency_cm1"": {""mode_index_0based"": 83, ""projection"": 1.3509599471673477, ""unscaled_cm1"": 1735.96725}, ""oh_stretch_frequency_cm1"": {""mode_index_0based"": 98, ""projection"": 1.122855155863509, ""unscaled_cm1"": 3736.42034}}, ""assignments_by_site"": [{""assignments"": {""co_double_stretch_frequency_cm1"": {""mode_index_0based"": 83, ""projection"": 1.3509599471673477, ""unscaled_cm1"": 1735.96725}, ""oh_stretch_frequency_cm1"": {""mode_index_0based"": 98, ""projection"": 1.122855155863509, ""unscaled_cm1"": 3736.42034}}, ""carboxyl_carbon_0based"": 15}], ""precision"": ""fchk"", ""scale"": 1.0}, ""npa_source"": ""selected final log combined-spin NPA table"", ""site_aggregation"": ""equal-weight arithmetic mean; all sites required""}"
23,CN(C)c1ccc(C(=O)O)cc1,5.03,23,0.52517,-0.71565,-0.71229,0.82679,-0.2549,-0.13994,-0.290945,0.23991,0.707,1.0534,1.6244,1.0638,0.08337093206819107,-0.08534001382372276,-7.0081864304592365,-0.1729149462846315,6.835271484174605,6.972300256072024,189.01088033333335,0.028995820412828947,216.00414616151994,102.51579173748488,22.9400634765625,0.969962112887097,1.220431474802409,1.346461900513211,1.4619268050089274,0.40274901227897375,3765.135,1704.20998,complete,,{},"{""aromatic_cooh_site_count"": 1, ""density_surface"": {""density_cube"": ""/gs/bs/tga-ynabae/kikuchi/pka_prediction/data/benzoicacid_v2/density_cube/sub_23_density.cube"", ""esp_cube"": ""/gs/bs/tga-ynabae/kikuchi/pka_prediction/data/benzoicacid_v2/esp_cube/sub_23_esp.cube"", ""isovalue_e_bohr3"": 0.001, ""local_esp_radius_angstrom"": 2.0, ""local_issues_by_site"": [{}], ""local_values_by_site"": [{""esp_max_acidic_h_hartree_per_e"": 0.08337093206819107, ""esp_min_carbonyl_o_hartree_per_e"": -0.08534001382372276}], ""mpi"": ""arithmetic mean of absolute ESP over all grid-edge isosurface intersections"", ""surface_esp"": ""linear grid-edge crossing samples; nearest-nucleus local patches"", ""volume"": ""occupied density grid; discretized electron-density isosurface volume""}, ""fchk"": ""/gs/bs/tga-ynabae/kikuchi/pka_prediction/data/benzoicacid_v2/formchk/sub_23.fchk"", ""geometric_sampling"": {""buried_center"": ""COOH carbon; reference COOH atoms excluded"", ""buried_radius_angstrom"": 3.5, ""buried_samples"": 32768, ""radii"": ""RDKit vdW"", ""sasa_points_per_atom"": 2000, ""sasa_probe_angstrom"": 1.4}, ""ignored_aliphatic_cooh_count"": 0, ""job_selection"": ""last normally terminated job only"", ""local_atom_indices_0based"": {""acidic_hydrogen"": 20, ""carbonyl_oxygen"": 8, ""carboxyl_carbon"": 7, ""hydroxyl_oxygen"": 9, ""ipso_carbon"": 6, ""meta_carbons"": [4, 11], ""ortho_carbons"": [5, 10], ""para_carbon"": 3, ""ring_atoms"": [3, 4, 5, 6, 10, 11], ""substituent_position_counts"": {""meta"": 0, ""ortho"": 0, ""para"": 1, ""total"": 1}, ""substituted_ring_carbons"": [3]}, ""local_atom_indices_by_site_0based"": [{""acidic_hydrogen"": 20, ""carbonyl_oxygen"": 8, ""carboxyl_carbon"": 7, ""hydroxyl_oxygen"": 9, ""ipso_carbon"": 6, ""meta_carbons"": [4, 11], ""ortho_carbons"": [5, 10], ""para_carbon"": 3, ""ring_atoms"": [3, 4, 5, 6, 10, 11], ""substituent_position_counts"": {""meta"": 0, ""ortho"": 0, ""para"": 1, ""total"": 1}, ""substituted_ring_carbons"": [3]}], ""log"": ""/gs/bs/tga-ynabae/kikuchi/pka_prediction/data/benzoicacid_v2/logfile/sub_23.log"", ""normal_modes"": {""aggregation"": ""mean of independently assigned harmonic-mode frequencies"", ""assignments"": {""co_double_stretch_frequency_cm1"": {""mode_index_0based"": 51, ""projection"": 0.8466954289398849, ""unscaled_cm1"": 1704.20998}, ""oh_stretch_frequency_cm1"": {""mode_index_0based"": 62, ""projection"": 1.1233383799572274, ""unscaled_cm1"": 3765.135}}, ""assignments_by_site"": [{""assignments"": {""co_double_stretch_frequency_cm1"": {""mode_index_0based"": 51, ""projection"": 0.8466954289398849, ""unscaled_cm1"": 1704.20998}, ""oh_stretch_frequency_cm1"": {""mode_index_0based"": 62, ""projection"": 1.1233383799572274, ""unscaled_cm1"": 3765.135}}, ""carboxyl_carbon_0based"": 7}], ""precision"": ""fchk"", ""scale"": 1.0}, ""npa_source"": ""selected final log combined-spin NPA table"", ""site_aggregation"": ""equal-weight arithmetic mean; all sites required""}"
24,CN(C)c1cccc(C(=O)O)c1,5.1,24,0.52849,-0.70481,-0.6875,0.83609,-0.16423,-0.226885,-0.0034249999999999975,-0.24293,0.7031,1.0726,1.6589,1.0204,0.09397158575512149,-0.072724625717466,-7.026312424642642,-0.4184121091133008,6.60790031552934,3.526368253898664,177.99464666666665,0.023350336752947964,215.93110110432255,102.21148136509488,22.979736328125,0.9707198375693832,1.2150427279578269,1.3392045105155181,1.4822756498334375,1.8542294098388628,3759.38667,1727.03596,complete,,{},"{""aromatic_cooh_site_count"": 1, ""density_surface"": {""density_cube"": ""/gs/bs/tga-ynabae/kikuchi/pka_prediction/data/benzoicacid_v2/density_cube/sub_24_density.cube"", ""esp_cube"": ""/gs/bs/tga-ynabae/kikuchi/pka_prediction/data/benzoicacid_v2/esp_cube/sub_24_esp.cube"", ""isovalue_e_bohr3"": 0.001, ""local_esp_radius_angstrom"": 2.0, ""local_issues_by_site"": [{}], ""local_values_by_site"": [{""esp_max_acidic_h_hartree_per_e"": 0.09397158575512149, ""esp_min_carbonyl_o_hartree_per_e"": -0.072724625717466}], ""mpi"": ""arithmetic mean of absolute ESP over all grid-edge isosurface intersections"", ""surface_esp"": ""linear grid-edge crossing samples; nearest-nucleus local patches"", ""volume"": ""occupied density grid; discretized electron-density isosurface volume""}, ""fchk"": ""/gs/bs/tga-ynabae/kikuchi/pka_prediction/data/benzoicacid_v2/formchk/sub_24.fchk"", ""geometric_sampling"": {""buried_center"": ""COOH carbon; reference COOH atoms excluded"", ""buried_radius_angstrom"": 3.5, ""buried_samples"": 32768, ""radii"": ""RDKit vdW"", ""sasa_points_per_atom"": 2000, ""sasa_probe_angstrom"": 1.4}, ""ignored_aliphatic_cooh_count"": 0, ""job_selection"": ""last normally terminated job only"", ""local_atom_indices_0based"": {""acidic_hydrogen"": 21, ""carbonyl_oxygen"": 9, ""carboxyl_carbon"": 8, ""hydroxyl_oxygen"": 10, ""ipso_carbon"": 7, ""meta_carbons"": [3, 5], ""ortho_carbons"": [6, 11], ""para_carbon"": 4, ""ring_atoms"": [3, 4, 5, 6, 7, 11], ""substituent_position_counts"": {""meta"": 1, ""ortho"": 0, ""para"": 0, ""total"": 1}, ""substituted_ring_carbons"": [3]}, ""local_atom_indices_by_site_0based"": [{""acidic_hydrogen"": 21, ""carbonyl_oxygen"": 9, ""carboxyl_carbon"": 8, ""hydroxyl_oxygen"": 10, ""ipso_carbon"": 7, ""meta_carbons"": [3, 5], ""ortho_carbons"": [6, 11], ""para_carbon"": 4, ""ring_atoms"": [3, 4, 5, 6, 7, 11], ""substituent_position_counts"": {""meta"": 1, ""ortho"": 0, ""para"": 0, ""total"": 1}, ""substituted_ring_carbons"": [3]}], ""log"": ""/gs/bs/tga-ynabae/kikuchi/pka_prediction/data/benzoicacid_v2/logfile/sub_24.log"", ""normal_modes"": {""aggregation"": ""mean of independently assigned harmonic-mode frequencies"", ""assignments"": {""co_double_stretch_frequency_cm1"": {""mode_index_0based"": 51, ""projection"": 1.2489797477407556, ""unscaled_cm1"": 1727.03596}, ""oh_stretch_frequency_cm1"": {""mode_index_0based"": 62, ""projection"": 1.1227528601797165, ""unscaled_cm1"": 3759.38667}}, ""assignments_by_site"": [{""assignments"": {""co_double_stretch_frequency_cm1"": {""mode_index_0based"": 51, ""projection"": 1.2489797477407556, ""unscaled_cm1"": 1727.03596}, ""oh_stretch_frequency_cm1"": {""mode_index_0based"": 62, ""projection"": 1.1227528601797165, ""unscaled_cm1"": 3759.38667}}, ""carboxyl_carbon_0based"": 8}], ""precision"": ""fchk"", ""scale"": 1.0}, ""npa_source"": ""selected final log combined-spin NPA table"", ""site_aggregation"": ""equal-weight arithmetic mean; all sites required""}"
25,CN(C)c1ccccc1C(=O)O,8.5,25,0.52574,-0.70186,-0.69186,0.83598,-0.22422,0.041650000000000006,-0.273825,-0.16915,0.7042,1.0736,1.656,1.0204,0.09353563612902965,-0.07638289125209562,-7.083075240294842,-0.1932629079810617,6.88981233231378,4.479946761934791,178.74521133333334,0.02446532489839533,215.18894906560723,87.05521318304282,29.7088623046875,0.9711251656934353,1.21670947389907,1.337697724170418,1.4824721772581806,38.30839946732937,3747.43139,1707.18492,complete,,{},"{""aromatic_cooh_site_count"": 1, ""density_surface"": {""density_cube"": ""/gs/bs/tga-ynabae/kikuchi/pka_prediction/data/benzoicacid_v2/density_cube/sub_25_density.cube"", ""esp_cube"": ""/gs/bs/tga-ynabae/kikuchi/pka_prediction/data/benzoicacid_v2/esp_cube/sub_25_esp.cube"", ""isovalue_e_bohr3"": 0.001, ""local_esp_radius_angstrom"": 2.0, ""local_issues_by_site"": [{}], ""local_values_by_site"": [{""esp_max_acidic_h_hartree_per_e"": 0.09353563612902965, ""esp_min_carbonyl_o_hartree_per_e"": -0.07638289125209562}], ""mpi"": ""arithmetic mean of absolute ESP over all grid-edge isosurface intersections"", ""surface_esp"": ""linear grid-edge crossing samples; nearest-nucleus local patches"", ""volume"": ""occupied density grid; discretized electron-density isosurface volume""}, ""fchk"": ""/gs/bs/tga-ynabae/kikuchi/pka_prediction/data/benzoicacid_v2/formchk/sub_25.fchk"", ""geometric_sampling"": {""buried_center"": ""COOH carbon; reference COOH atoms excluded"", ""buried_radius_angstrom"": 3.5, ""buried_samples"": 32768, ""radii"": ""RDKit vdW"", ""sasa_points_per_atom"": 2000, ""sasa_probe_angstrom"": 1.4}, ""ignored_aliphatic_cooh_count"": 0, ""job_selection"": ""last normally terminated job only"", ""local_atom_indices_0based"": {""acidic_hydrogen"": 22, ""carbonyl_oxygen"": 10, ""carboxyl_carbon"": 9, ""hydroxyl_oxygen"": 11, ""ipso_carbon"": 8, ""meta_carbons"": [4, 6], ""ortho_carbons"": [3, 7], ""para_carbon"": 5, ""ring_atoms"": [3, 4, 5, 6, 7, 8], ""substituent_position_counts"": {""meta"": 0, ""ortho"": 1, ""para"": 0, ""total"": 1}, ""substituted_ring_carbons"": [3]}, ""local_atom_indices_by_site_0based"": [{""acidic_hydrogen"": 22, ""carbonyl_oxygen"": 10, ""carboxyl_carbon"": 9, ""hydroxyl_oxygen"": 11, ""ipso_carbon"": 8, ""meta_carbons"": [4, 6], ""ortho_carbons"": [3, 7], ""para_carbon"": 5, ""ring_atoms"": [3, 4, 5, 6, 7, 8], ""substituent_position_counts"": {""meta"": 0, ""ortho"": 1, ""para"": 0, ""total"": 1}, ""substituted_ring_carbons"": [3]}], ""log"": ""/gs/bs/tga-ynabae/kikuchi/pka_prediction/data/benzoicacid_v2/logfile/sub_25.log"", ""normal_modes"": {""aggregation"": ""mean of independently assigned harmonic-mode frequencies"", ""assignments"": {""co_double_stretch_frequency_cm1"": {""mode_index_0based"": 51, ""projection"": 1.2929876914677354, ""unscaled_cm1"": 1707.18492}, ""oh_stretch_frequency_cm1"": {""mode_index_0based"": 62, ""projection"": 1.122965801202602, ""unscaled_cm1"": 3747.43139}}, ""assignments_by_site"": [{""assignments"": {""co_double_stretch_frequency_cm1"": {""mode_index_0based"": 51, ""projection"": 1.2929876914677354, ""unscaled_cm1"": 1707.18492}, ""oh_stretch_frequency_cm1"": {""mode_index_0based"": 62, ""projection"": 1.122965801202602, ""unscaled_cm1"": 3747.43139}}, ""carboxyl_carbon_0based"": 9}], ""precision"": ""fchk"", ""scale"": 1.0}, ""npa_source"": ""selected final log combined-spin NPA table"", ""site_aggregation"": ""equal-weight arithmetic mean; all sites required""}"
26,CNc1ccc(C(=O)O)cc1,5.04,26,0.5248,-0.71655,-0.71465,0.82613,-0.25902,-0.139045,-0.29136,0.23015,0.7072,1.0523,1.6212,1.0675,0.08261139886585703,-0.0857240469637808,-7.093021138024681,-0.13842872626831873,6.954592411756361,6.9897368157497715,169.38319199999998,0.030692035044045426,194.15255835988802,102.86651914133162,22.998046875,0.970050756889676,1.2210032269810283,1.3468897332063847,1.4608742611449113,0.3152113366574626,3762.14063,1703.6175,complete,,{},"{""aromatic_cooh_site_count"": 1, ""density_surface"": {""density_cube"": ""/gs/bs/tga-ynabae/kikuchi/pka_prediction/data/benzoicacid_v2/density_cube/sub_26_density.cube"", ""esp_cube"": ""/gs/bs/tga-ynabae/kikuchi/pka_prediction/data/benzoicacid_v2/esp_cube/sub_26_esp.cube"", ""isovalue_e_bohr3"": 0.001, ""local_esp_radius_angstrom"": 2.0, ""local_issues_by_site"": [{}], ""local_values_by_site"": [{""esp_max_acidic_h_hartree_per_e"": 0.08261139886585703, ""esp_min_carbonyl_o_hartree_per_e"": -0.0857240469637808}], ""mpi"": ""arithmetic mean of absolute ESP over all grid-edge isosurface intersections"", ""surface_esp"": ""linear grid-edge crossing samples; nearest-nucleus local patches"", ""volume"": ""occupied density grid; discretized electron-density isosurface volume""}, ""fchk"": ""/gs/bs/tga-ynabae/kikuchi/pka_prediction/data/benzoicacid_v2/formchk/sub_26.fchk"", ""geometric_sampling"": {""buried_center"": ""COOH carbon; reference COOH atoms excluded"", ""buried_radius_angstrom"": 3.5, ""buried_samples"": 32768, ""radii"": ""RDKit vdW"", ""sasa_points_per_atom"": 2000, ""sasa_probe_angstrom"": 1.4}, ""ignored_aliphatic_cooh_count"": 0, ""job_selection"": ""last normally terminated job only"", ""local_atom_indices_0based"": {""acidic_hydrogen"": 17, ""carbonyl_oxygen"": 7, ""carboxyl_carbon"": 6, ""hydroxyl_oxygen"": 8, ""ipso_carbon"": 5, ""meta_carbons"": [3, 10], ""ortho_carbons"": [4, 9], ""para_carbon"": 2, ""ring_atoms"": [2, 3, 4, 5, 9, 10], ""substituent_position_counts"": {""meta"": 0, ""ortho"": 0, ""para"": 1, ""total"": 1}, ""substituted_ring_carbons"": [2]}, ""local_atom_indices_by_site_0based"": [{""acidic_hydrogen"": 17, ""carbonyl_oxygen"": 7, ""carboxyl_carbon"": 6, ""hydroxyl_oxygen"": 8, ""ipso_carbon"": 5, ""meta_carbons"": [3, 10], ""ortho_carbons"": [4, 9], ""para_carbon"": 2, ""ring_atoms"": [2, 3, 4, 5, 9, 10], ""substituent_position_counts"": {""meta"": 0, ""ortho"": 0, ""para"": 1, ""total"": 1}, ""substituted_ring_carbons"": [2]}], ""log"": ""/gs/bs/tga-ynabae/kikuchi/pka_prediction/data/benzoicacid_v2/logfile/sub_26.log"", ""normal_modes"": {""aggregation"": ""mean of independently assigned harmonic-mode frequencies"", ""assignments"": {""co_double_stretch_frequency_cm1"": {""mode_index_0based"": 44, ""projection"": 0.779508838460007, ""unscaled_cm1"": 1703.6175}, ""oh_stretch_frequency_cm1"": {""mode_index_0based"": 53, ""projection"": 1.1233546182403682, ""unscaled_cm1"": 3762.14063}}, ""assignments_by_site"": [{""assignments"": {""co_double_stretch_frequency_cm1"": {""mode_index_0based"": 44, ""projection"": 0.779508838460007, ""unscaled_cm1"": 1703.6175}, ""oh_stretch_frequency_cm1"": {""mode_index_0based"": 53, ""projection"": 1.1233546182403682, ""unscaled_cm1"": 3762.14063}}, ""carboxyl_carbon_0based"": 6}], ""precision"": ""fchk"", ""scale"": 1.0}, ""npa_source"": ""selected final log combined-spin NPA table"", ""site_aggregation"": ""equal-weight arithmetic mean; all sites required""}"
27,CNc1cccc(C(=O)O)c1,5.1,27,0.52863,-0.70526,-0.68602,0.83568,-0.16504,-0.22192,-0.007089999999999999,-0.25938,0.703,1.0725,1.6604,1.0207,0.09580995674883167,-0.07683185995497029,-7.132840620762499,-0.4111167473453059,6.721723873417194,5.474196132670373,159.29791196666667,0.026734155858159667,194.28656917936186,102.3997727207878,23.040771484375,0.9705559707320699,1.2149136500067508,1.3390945462965056,1.481961640012576,0.6752052176637328,3754.08191,1726.39028,complete,,{},"{""aromatic_cooh_site_count"": 1, ""density_surface"": {""density_cube"": ""/gs/bs/tga-ynabae/kikuchi/pka_prediction/data/benzoicacid_v2/density_cube/sub_27_density.cube"", ""esp_cube"": ""/gs/bs/tga-ynabae/kikuchi/pka_prediction/data/benzoicacid_v2/esp_cube/sub_27_esp.cube"", ""isovalue_e_bohr3"": 0.001, ""local_esp_radius_angstrom"": 2.0, ""local_issues_by_site"": [{}], ""local_values_by_site"": [{""esp_max_acidic_h_hartree_per_e"": 0.09580995674883167, ""esp_min_carbonyl_o_hartree_per_e"": -0.07683185995497029}], ""mpi"": ""arithmetic mean of absolute ESP over all grid-edge isosurface intersections"", ""surface_esp"": ""linear grid-edge crossing samples; nearest-nucleus local patches"", ""volume"": ""occupied density grid; discretized electron-density isosurface volume""}, ""fchk"": ""/gs/bs/tga-ynabae/kikuchi/pka_prediction/data/benzoicacid_v2/formchk/sub_27.fchk"", ""geometric_sampling"": {""buried_center"": ""COOH carbon; reference COOH atoms excluded"", ""buried_radius_angstrom"": 3.5, ""buried_samples"": 32768, ""radii"": ""RDKit vdW"", ""sasa_points_per_atom"": 2000, ""sasa_probe_angstrom"": 1.4}, ""ignored_aliphatic_cooh_count"": 0, ""job_selection"": ""last normally terminated job only"", ""local_atom_indices_0based"": {""acidic_hydrogen"": 18, ""carbonyl_oxygen"": 8, ""carboxyl_carbon"": 7, ""hydroxyl_oxygen"": 9, ""ipso_carbon"": 6, ""meta_carbons"": [2, 4], ""ortho_carbons"": [5, 10], ""para_carbon"": 3, ""ring_atoms"": [2, 3, 4, 5, 6, 10], ""substituent_position_counts"": {""meta"": 1, ""ortho"": 0, ""para"": 0, ""total"": 1}, ""substituted_ring_carbons"": [2]}, ""local_atom_indices_by_site_0based"": [{""acidic_hydrogen"": 18, ""carbonyl_oxygen"": 8, ""carboxyl_carbon"": 7, ""hydroxyl_oxygen"": 9, ""ipso_carbon"": 6, ""meta_carbons"": [2, 4], ""ortho_carbons"": [5, 10], ""para_carbon"": 3, ""ring_atoms"": [2, 3, 4, 5, 6, 10], ""substituent_position_counts"": {""meta"": 1, ""ortho"": 0, ""para"": 0, ""total"": 1}, ""substituted_ring_carbons"": [2]}], ""log"": ""/gs/bs/tga-ynabae/kikuchi/pka_prediction/data/benzoicacid_v2/logfile/sub_27.log"", ""normal_modes"": {""aggregation"": ""mean of independently assigned harmonic-mode frequencies"", ""assignments"": {""co_double_stretch_frequency_cm1"": {""mode_index_0based"": 44, ""projection"": 1.2443977722212054, ""unscaled_cm1"": 1726.39028}, ""oh_stretch_frequency_cm1"": {""mode_index_0based"": 53, ""projection"": 1.1233372649225681, ""unscaled_cm1"": 3754.08191}}, ""assignments_by_site"": [{""assignments"": {""co_double_stretch_frequency_cm1"": {""mode_index_0based"": 44, ""projection"": 1.2443977722212054, ""unscaled_cm1"": 1726.39028}, ""oh_stretch_frequency_cm1"": {""mode_index_0based"": 53, ""projection"": 1.1233372649225681, ""unscaled_cm1"": 3754.08191}}, ""carboxyl_carbon_0based"": 7}], ""precision"": ""fchk"", ""scale"": 1.0}, ""npa_source"": ""selected final log combined-spin NPA table"", ""site_aggregation"": ""equal-weight arithmetic mean; all sites required""}"
28,CNc1ccccc1C(=O)O,5.34,28,0.53304,-0.72243,-0.71066,0.82983,-0.26074,0.054400000000000004,-0.29715,-0.1542,0.6967,1.0465,1.6242,1.0702,0.10168489532194286,-0.07950799107527302,-7.045318571114173,-0.3377723469474784,6.707546224166694,5.610904071097223,164.11021350000001,0.026572008495974117,192.22618006313948,94.21006478788745,25.8148193359375,0.9708318665105574,1.2198849570106043,1.3463073409199315,1.468225096073686,0.0167321232376693,3753.43171,1689.161,complete,,{},"{""aromatic_cooh_site_count"": 1, ""density_surface"": {""density_cube"": ""/gs/bs/tga-ynabae/kikuchi/pka_prediction/data/benzoicacid_v2/density_cube/sub_28_density.cube"", ""esp_cube"": ""/gs/bs/tga-ynabae/kikuchi/pka_prediction/data/benzoicacid_v2/esp_cube/sub_28_esp.cube"", ""isovalue_e_bohr3"": 0.001, ""local_esp_radius_angstrom"": 2.0, ""local_issues_by_site"": [{}], ""local_values_by_site"": [{""esp_max_acidic_h_hartree_per_e"": 0.10168489532194286, ""esp_min_carbonyl_o_hartree_per_e"": -0.07950799107527302}], ""mpi"": ""arithmetic mean of absolute ESP over all grid-edge isosurface intersections"", ""surface_esp"": ""linear grid-edge crossing samples; nearest-nucleus local patches"", ""volume"": ""occupied density grid; discretized electron-density isosurface volume""}, ""fchk"": ""/gs/bs/tga-ynabae/kikuchi/pka_prediction/data/benzoicacid_v2/formchk/sub_28.fchk"", ""geometric_sampling"": {""buried_center"": ""COOH carbon; reference COOH atoms excluded"", ""buried_radius_angstrom"": 3.5, ""buried_samples"": 32768, ""radii"": ""RDKit vdW"", ""sasa_points_per_atom"": 2000, ""sasa_probe_angstrom"": 1.4}, ""ignored_aliphatic_cooh_count"": 0, ""job_selection"": ""last normally terminated job only"", ""local_atom_indices_0based"": {""acidic_hydrogen"": 19, ""carbonyl_oxygen"": 9, ""carboxyl_carbon"": 8, ""hydroxyl_oxygen"": 10, ""ipso_carbon"": 7, ""meta_carbons"": [3, 5], ""ortho_carbons"": [2, 6], ""para_carbon"": 4, ""ring_atoms"": [2, 3, 4, 5, 6, 7], ""substituent_position_counts"": {""meta"": 0, ""ortho"": 1, ""para"": 0, ""total"": 1}, ""substituted_ring_carbons"": [2]}, ""local_atom_indices_by_site_0based"": [{""acidic_hydrogen"": 19, ""carbonyl_oxygen"": 9, ""carboxyl_carbon"": 8, ""hydroxyl_oxygen"": 10, ""ipso_carbon"": 7, ""meta_carbons"": [3, 5], ""ortho_carbons"": [2, 6], ""para_carbon"": 4, ""ring_atoms"": [2, 3, 4, 5, 6, 7], ""substituent_position_counts"": {""meta"": 0, ""ortho"": 1, ""para"": 0, ""total"": 1}, ""substituted_ring_carbons"": [2]}], ""log"": ""/gs/bs/tga-ynabae/kikuchi/pka_prediction/data/benzoicacid_v2/logfile/sub_28.log"", ""normal_modes"": {""aggregation"": ""mean of independently assigned harmonic-mode frequencies"", ""assignments"": {""co_double_stretch_frequency_cm1"": {""mode_index_0based"": 44, ""projection"": 0.6846750205040169, ""unscaled_cm1"": 1689.161}, ""oh_stretch_frequency_cm1"": {""mode_index_0based"": 53, ""projection"": 1.1221356187147489, ""unscaled_cm1"": 3753.43171}}, ""assignments_by_site"": [{""assignments"": {""co_double_stretch_frequency_cm1"": {""mode_index_0based"": 44, ""projection"": 0.6846750205040169, ""unscaled_cm1"": 1689.161}, ""oh_stretch_frequency_cm1"": {""mode_index_0based"": 53, ""projection"": 1.1221356187147489, ""unscaled_cm1"": 3753.43171}}, ""carboxyl_carbon_0based"": 8}], ""precision"": ""fchk"", ""scale"": 1.0}, ""npa_source"": ""selected final log combined-spin NPA table"", ""site_aggregation"": ""equal-weight arithmetic mean; all sites required""}"
29,COP(=O)(OC)c1ccc(C(=O)O)cc1,3.61,29,0.53133,-0.69912,-0.6736,0.83407,-0.15279,-0.164535,-0.18335,-0.41679,0.7003,1.0808,1.6714,1.0095,0.11098976752774682,-0.062320920110717,-9.002115996010303,-0.9487139526915261,8.053402043318778,9.061273852605382,196.479912,0.032971806103095226,263.859884439714,102.64145544362846,22.8424072265625,0.9710274385905369,1.2128183697070896,1.3355156461786215,1.48589003094658,1.5776524876161966,3748.51453,1737.30904,complete,,{},"{""aromatic_cooh_site_count"": 1, ""density_surface"": {""density_cube"": ""/gs/bs/tga-ynabae/kikuchi/pka_prediction/data/benzoicacid_v2/density_cube/sub_29_density.cube"", ""esp_cube"": ""/gs/bs/tga-ynabae/kikuchi/pka_prediction/data/benzoicacid_v2/esp_cube/sub_29_esp.cube"", ""isovalue_e_bohr3"": 0.001, ""local_esp_radius_angstrom"": 2.0, ""local_issues_by_site"": [{}], ""local_values_by_site"": [{""esp_max_acidic_h_hartree_per_e"": 0.11098976752774682, ""esp_min_carbonyl_o_hartree_per_e"": -0.062320920110717}], ""mpi"": ""arithmetic mean of absolute ESP over all grid-edge isosurface intersections"", ""surface_esp"": ""linear grid-edge crossing samples; nearest-nucleus local patches"", ""volume"": ""occupied density grid; discretized electron-density isosurface volume""}, ""fchk"": ""/gs/bs/tga-ynabae/kikuchi/pka_prediction/data/benzoicacid_v2/formchk/sub_29.fchk"", ""geometric_sampling"": {""buried_center"": ""COOH carbon; reference COOH atoms excluded"", ""buried_radius_angstrom"": 3.5, ""buried_samples"": 32768, ""radii"": ""RDKit vdW"", ""sasa_points_per_atom"": 2000, ""sasa_probe_angstrom"": 1.4}, ""ignored_aliphatic_cooh_count"": 0, ""job_selection"": ""last normally terminated job only"", ""local_atom_indices_0based"": {""acidic_hydrogen"": 23, ""carbonyl_oxygen"": 11, ""carboxyl_carbon"": 10, ""hydroxyl_oxygen"": 12, ""ipso_carbon"": 9, ""meta_carbons"": [7, 14], ""ortho_carbons"": [8, 13], ""para_carbon"": 6, ""ring_atoms"": [6, 7, 8, 9, 13, 14], ""substituent_position_counts"": {""meta"": 0, ""ortho"": 0, ""para"": 1, ""total"": 1}, ""substituted_ring_carbons"": [6]}, ""local_atom_indices_by_site_0based"": [{""acidic_hydrogen"": 23, ""carbonyl_oxygen"": 11, ""carboxyl_carbon"": 10, ""hydroxyl_oxygen"": 12, ""ipso_carbon"": 9, ""meta_carbons"": [7, 14], ""ortho_carbons"": [8, 13], ""para_carbon"": 6, ""ring_atoms"": [6, 7, 8, 9, 13, 14], ""substituent_position_counts"": {""meta"": 0, ""ortho"": 0, ""para"": 1, ""total"": 1}, ""substituted_ring_carbons"": [6]}], ""log"": ""/gs/bs/tga-ynabae/kikuchi/pka_prediction/data/benzoicacid_v2/logfile/sub_29.log"", ""normal_modes"": {""aggregation"": ""mean of independently assigned harmonic-mode frequencies"", ""assignments"": {""co_double_stretch_frequency_cm1"": {""mode_index_0based"": 60, ""projection"": 1.326601123633604, ""unscaled_cm1"": 1737.30904}, ""oh_stretch_frequency_cm1"": {""mode_index_0based"": 71, ""projection"": 1.1233400491811896, ""unscaled_cm1"": 3748.51453}}, ""assignments_by_site"": [{""assignments"": {""co_double_stretch_frequency_cm1"": {""mode_index_0based"": 60, ""projection"": 1.326601123633604, ""unscaled_cm1"": 1737.30904}, ""oh_stretch_frequency_cm1"": {""mode_index_0based"": 71, ""projection"": 1.1233400491811896, ""unscaled_cm1"": 3748.51453}}, ""carboxyl_carbon_0based"": 10}], ""precision"": ""fchk"", ""scale"": 1.0}, ""npa_source"": ""selected final log combined-spin NPA table"", ""site_aggregation"": ""equal-weight arithmetic mean; all sites required""}"
30,COP(=O)(OC)c1cccc(C(=O)O)c1,3.74,30,0.53128,-0.70051,-0.67756,0.83608,-0.17919,-0.130625,-0.33128,-0.14237,0.7003,1.0789,1.6675,1.0137,0.10792324630318426,-0.06470473429054413,-9.052177463571704,-0.6819383954951364,8.370239068076568,3.587264180308389,194.97608,0.025646842346191856,264.3678174068159,102.3877247129613,22.8485107421875,0.9710962980224511,1.2133221208717815,1.3361153910423929,1.4832423630286182,1.3082508651782192,3754.3534,1733.15847,complete,,{},"{""aromatic_cooh_site_count"": 1, ""density_surface"": {""density_cube"": ""/gs/bs/tga-ynabae/kikuchi/pka_prediction/data/benzoicacid_v2/density_cube/sub_30_density.cube"", ""esp_cube"": ""/gs/bs/tga-ynabae/kikuchi/pka_prediction/data/benzoicacid_v2/esp_cube/sub_30_esp.cube"", ""isovalue_e_bohr3"": 0.001, ""local_esp_radius_angstrom"": 2.0, ""local_issues_by_site"": [{}], ""local_values_by_site"": [{""esp_max_acidic_h_hartree_per_e"": 0.10792324630318426, ""esp_min_carbonyl_o_hartree_per_e"": -0.06470473429054413}], ""mpi"": ""arithmetic mean of absolute ESP over all grid-edge isosurface intersections"", ""surface_esp"": ""linear grid-edge crossing samples; nearest-nucleus local patches"", ""volume"": ""occupied density grid; discretized electron-density isosurface volume""}, ""fchk"": ""/gs/bs/tga-ynabae/kikuchi/pka_prediction/data/benzoicacid_v2/formchk/sub_30.fchk"", ""geometric_sampling"": {""buried_center"": ""COOH carbon; reference COOH atoms excluded"", ""buried_radius_angstrom"": 3.5, ""buried_samples"": 32768, ""radii"": ""RDKit vdW"", ""sasa_points_per_atom"": 2000, ""sasa_probe_angstrom"": 1.4}, ""ignored_aliphatic_cooh_count"": 0, ""job_selection"": ""last normally terminated job only"", ""local_atom_indices_0based"": {""acidic_hydrogen"": 24, ""carbonyl_oxygen"": 12, ""carboxyl_carbon"": 11, ""hydroxyl_oxygen"": 13, ""ipso_carbon"": 10, ""meta_carbons"": [6, 8], ""ortho_carbons"": [9, 14], ""para_carbon"": 7, ""ring_atoms"": [6, 7, 8, 9, 10, 14], ""substituent_position_counts"": {""meta"": 1, ""ortho"": 0, ""para"": 0, ""total"": 1}, ""substituted_ring_carbons"": [6]}, ""local_atom_indices_by_site_0based"": [{""acidic_hydrogen"": 24, ""carbonyl_oxygen"": 12, ""carboxyl_carbon"": 11, ""hydroxyl_oxygen"": 13, ""ipso_carbon"": 10, ""meta_carbons"": [6, 8], ""ortho_carbons"": [9, 14], ""para_carbon"": 7, ""ring_atoms"": [6, 7, 8, 9, 10, 14], ""substituent_position_counts"": {""meta"": 1, ""ortho"": 0, ""para"": 0, ""total"": 1}, ""substituted_ring_carbons"": [6]}], ""log"": ""/gs/bs/tga-ynabae/kikuchi/pka_prediction/data/benzoicacid_v2/logfile/sub_30.log"", ""normal_modes"": {""aggregation"": ""mean of independently assigned harmonic-mode frequencies"", ""assignments"": {""co_double_stretch_frequency_cm1"": {""mode_index_0based"": 60, ""projection"": 1.356413726300151, ""unscaled_cm1"": 1733.15847}, ""oh_stretch_frequency_cm1"": {""mode_index_0based"": 71, ""projection"": 1.1229042164971772, ""unscaled_cm1"": 3754.3534}}, ""assignments_by_site"": [{""assignments"": {""co_double_stretch_frequency_cm1"": {""mode_index_0based"": 60, ""projection"": 1.356413726300151, ""unscaled_cm1"": 1733.15847}, ""oh_stretch_frequency_cm1"": {""mode_index_0based"": 71, ""projection"": 1.1229042164971772, ""unscaled_cm1"": 3754.3534}}, ""carboxyl_carbon_0based"": 11}], ""precision"": ""fchk"", ""scale"": 1.0}, ""npa_source"": ""selected final log combined-spin NPA table"", ""site_aggregation"": ""equal-weight arithmetic mean; all sites required""}"
31,COc1cc(C(=O)O)cc(OC)c1O,4.34,31,0.52874,-0.70736,-0.69242,0.83324,-0.1734,-0.259165,0.28285499999999997,0.27013,0.7031,1.0677,1.6491,1.033,0.09976471678538684,-0.06680559726170854,-7.629096141145439,-0.3597046916080812,7.269391449537357,0.7898968654786246,180.85008733333333,0.026528378148272833,231.34724986934546,102.41149086138569,23.126220703125,0.9706510792621906,1.2161909941109268,1.3405884041456715,1.4755848462499466,0.0035993157865742216,3757.48773,1718.1524,complete,,{},"{""aromatic_cooh_site_count"": 1, ""density_surface"": {""density_cube"": ""/gs/bs/tga-ynabae/kikuchi/pka_prediction/data/benzoicacid_v2/density_cube/sub_31_density.cube"", ""esp_cube"": ""/gs/bs/tga-ynabae/kikuchi/pka_prediction/data/benzoicacid_v2/esp_cube/sub_31_esp.cube"", ""isovalue_e_bohr3"": 0.001, ""local_esp_radius_angstrom"": 2.0, ""local_issues_by_site"": [{}], ""local_values_by_site"": [{""esp_max_acidic_h_hartree_per_e"": 0.09976471678538684, ""esp_min_carbonyl_o_hartree_per_e"": -0.06680559726170854}], ""mpi"": ""arithmetic mean of absolute ESP over all grid-edge isosurface intersections"", ""surface_esp"": ""linear grid-edge crossing samples; nearest-nucleus local patches"", ""volume"": ""occupied density grid; discretized electron-density isosurface volume""}, ""fchk"": ""/gs/bs/tga-ynabae/kikuchi/pka_prediction/data/benzoicacid_v2/formchk/sub_31.fchk"", ""geometric_sampling"": {""buried_center"": ""COOH carbon; reference COOH atoms excluded"", ""buried_radius_angstrom"": 3.5, ""buried_samples"": 32768, ""radii"": ""RDKit vdW"", ""sasa_points_per_atom"": 2000, ""sasa_probe_angstrom"": 1.4}, ""ignored_aliphatic_cooh_count"": 0, ""job_selection"": ""last normally terminated job only"", ""local_atom_indices_0based"": {""acidic_hydrogen"": 18, ""carbonyl_oxygen"": 6, ""carboxyl_carbon"": 5, ""hydroxyl_oxygen"": 7, ""ipso_carbon"": 4, ""meta_carbons"": [2, 9], ""ortho_carbons"": [3, 8], ""para_carbon"": 12, ""ring_atoms"": [2, 3, 4, 8, 9, 12], ""substituent_position_counts"": {""meta"": 2, ""ortho"": 0, ""para"": 1, ""total"": 3}, ""substituted_ring_carbons"": [2, 9, 12]}, ""local_atom_indices_by_site_0based"": [{""acidic_hydrogen"": 18, ""carbonyl_oxygen"": 6, ""carboxyl_carbon"": 5, ""hydroxyl_oxygen"": 7, ""ipso_carbon"": 4, ""meta_carbons"": [2, 9], ""ortho_carbons"": [3, 8], ""para_carbon"": 12, ""ring_atoms"": [2, 3, 4, 8, 9, 12], ""substituent_position_counts"": {""meta"": 2, ""ortho"": 0, ""para"": 1, ""total"": 3}, ""substituted_ring_carbons"": [2, 9, 12]}], ""log"": ""/gs/bs/tga-ynabae/kikuchi/pka_prediction/data/benzoicacid_v2/logfile/sub_31.log"", ""normal_modes"": {""aggregation"": ""mean of independently assigned harmonic-mode frequencies"", ""assignments"": {""co_double_stretch_frequency_cm1"": {""mode_index_0based"": 55, ""projection"": 1.1428627673407306, ""unscaled_cm1"": 1718.1524}, ""oh_stretch_frequency_cm1"": {""mode_index_0based"": 65, ""projection"": 1.1164643952690139, ""unscaled_cm1"": 3757.48773}}, ""assignments_by_site"": [{""assignments"": {""co_double_stretch_frequency_cm1"": {""mode_index_0based"": 55, ""projection"": 1.1428627673407306, ""unscaled_cm1"": 1718.1524}, ""oh_stretch_frequency_cm1"": {""mode_index_0based"": 65, ""projection"": 1.1164643952690139, ""unscaled_cm1"": 3757.48773}}, ""carboxyl_carbon_0based"": 5}], ""precision"": ""fchk"", ""scale"": 1.0}, ""npa_source"": ""selected final log combined-spin NPA table"", ""site_aggregation"": ""equal-weight arithmetic mean; all sites required""}"
32,COc1cc(C(=O)O)cc(OC)c1OC,4.166666666666667,32,0.52983,-0.70339,-0.68427,0.83522,-0.14828,-0.27175499999999997,0.30998499999999996,0.24884,0.7018,1.0741,1.6597,1.0201,0.1032205707608525,-0.06530747182562519,-7.921151813592919,-0.4953701108549913,7.425781702737928,3.2684306662658407,195.23553066666668,0.024996364147431307,255.56718091641005,102.56252292820702,22.9705810546875,0.9707928873129654,1.2146743548158732,1.33809430764082,1.4817556815575255,0.19762611597660978,3748.95167,1725.14052,complete,,{},"{""aromatic_cooh_site_count"": 1, ""density_surface"": {""density_cube"": ""/gs/bs/tga-ynabae/kikuchi/pka_prediction/data/benzoicacid_v2/density_cube/sub_32_density.cube"", ""esp_cube"": ""/gs/bs/tga-ynabae/kikuchi/pka_prediction/data/benzoicacid_v2/esp_cube/sub_32_esp.cube"", ""isovalue_e_bohr3"": 0.001, ""local_esp_radius_angstrom"": 2.0, ""local_issues_by_site"": [{}], ""local_values_by_site"": [{""esp_max_acidic_h_hartree_per_e"": 0.1032205707608525, ""esp_min_carbonyl_o_hartree_per_e"": -0.06530747182562519}], ""mpi"": ""arithmetic mean of absolute ESP over all grid-edge isosurface intersections"", ""surface_esp"": ""linear grid-edge crossing samples; nearest-nucleus local patches"", ""volume"": ""occupied density grid; discretized electron-density isosurface volume""}, ""fchk"": ""/gs/bs/tga-ynabae/kikuchi/pka_prediction/data/benzoicacid_v2/formchk/sub_32.fchk"", ""geometric_sampling"": {""buried_center"": ""COOH carbon; reference COOH atoms excluded"", ""buried_radius_angstrom"": 3.5, ""buried_samples"": 32768, ""radii"": ""RDKit vdW"", ""sasa_points_per_atom"": 2000, ""sasa_probe_angstrom"": 1.4}, ""ignored_aliphatic_cooh_count"": 0, ""job_selection"": ""last normally terminated job only"", ""local_atom_indices_0based"": {""acidic_hydrogen"": 19, ""carbonyl_oxygen"": 6, ""carboxyl_carbon"": 5, ""hydroxyl_oxygen"": 7, ""ipso_carbon"": 4, ""meta_carbons"": [2, 9], ""ortho_carbons"": [3, 8], ""para_carbon"": 12, ""ring_atoms"": [2, 3, 4, 8, 9, 12], ""substituent_position_counts"": {""meta"": 2, ""ortho"": 0, ""para"": 1, ""total"": 3}, ""substituted_ring_carbons"": [2, 9, 12]}, ""local_atom_indices_by_site_0based"": [{""acidic_hydrogen"": 19, ""carbonyl_oxygen"": 6, ""carboxyl_carbon"": 5, ""hydroxyl_oxygen"": 7, ""ipso_carbon"": 4, ""meta_carbons"": [2, 9], ""ortho_carbons"": [3, 8], ""para_carbon"": 12, ""ring_atoms"": [2, 3, 4, 8, 9, 12], ""substituent_position_counts"": {""meta"": 2, ""ortho"": 0, ""para"": 1, ""total"": 3}, ""substituted_ring_carbons"": [2, 9, 12]}], ""log"": ""/gs/bs/tga-ynabae/kikuchi/pka_prediction/data/benzoicacid_v2/logfile/sub_32.log"", ""normal_modes"": {""aggregation"": ""mean of independently assigned harmonic-mode frequencies"", ""assignments"": {""co_double_stretch_frequency_cm1"": {""mode_index_0based"": 62, ""projection"": 1.3066873876441008, ""unscaled_cm1"": 1725.14052}, ""oh_stretch_frequency_cm1"": {""mode_index_0based"": 74, ""projection"": 1.1236918452447933, ""unscaled_cm1"": 3748.95167}}, ""assignments_by_site"": [{""assignments"": {""co_double_stretch_frequency_cm1"": {""mode_index_0based"": 62, ""projection"": 1.3066873876441008, ""unscaled_cm1"": 1725.14052}, ""oh_stretch_frequency_cm1"": {""mode_index_0based"": 74, ""projection"": 1.1236918452447933, ""unscaled_cm1"": 3748.95167}}, ""carboxyl_carbon_0based"": 5}], ""precision"": ""fchk"", ""scale"": 1.0}, ""npa_source"": ""selected final log combined-spin NPA table"", ""site_aggregation"": ""equal-weight arithmetic mean; all sites required""}"
33,COc1cc(C(=O)O)cc([N+](=O)[O-])c1O,4.12,33,0.53195,-0.70062,-0.67909,0.83592,-0.17806,-0.17234,0.14457,0.36893,0.6997,1.0778,1.6632,1.0183,0.114157383271947,-0.06381340961840962,-8.032057968011735,-1.933005484032003,6.099052483979732,7.999328166066179,188.78123730000002,0.031099852234297565,226.10994992139914,102.67838486527143,22.845458984375,0.9709996461115666,1.2134955930912366,1.3359349827585199,1.4797844098300956,0.029471584234475552,3752.74918,1734.95269,complete,,{},"{""aromatic_cooh_site_count"": 1, ""density_surface"": {""density_cube"": ""/gs/bs/tga-ynabae/kikuchi/pka_prediction/data/benzoicacid_v2/density_cube/sub_33_density.cube"", ""esp_cube"": ""/gs/bs/tga-ynabae/kikuchi/pka_prediction/data/benzoicacid_v2/esp_cube/sub_33_esp.cube"", ""isovalue_e_bohr3"": 0.001, ""local_esp_radius_angstrom"": 2.0, ""local_issues_by_site"": [{}], ""local_values_by_site"": [{""esp_max_acidic_h_hartree_per_e"": 0.114157383271947, ""esp_min_carbonyl_o_hartree_per_e"": -0.06381340961840962}], ""mpi"": ""arithmetic mean of absolute ESP over all grid-edge isosurface intersections"", ""surface_esp"": ""linear grid-edge crossing samples; nearest-nucleus local patches"", ""volume"": ""occupied density grid; discretized electron-density isosurface volume""}, ""fchk"": ""/gs/bs/tga-ynabae/kikuchi/pka_prediction/data/benzoicacid_v2/formchk/sub_33.fchk"", ""geometric_sampling"": {""buried_center"": ""COOH carbon; reference COOH atoms excluded"", ""buried_radius_angstrom"": 3.5, ""buried_samples"": 32768, ""radii"": ""RDKit vdW"", ""sasa_points_per_atom"": 2000, ""sasa_probe_angstrom"": 1.4}, ""ignored_aliphatic_cooh_count"": 0, ""job_selection"": ""last normally terminated job only"", ""local_atom_indices_0based"": {""acidic_hydrogen"": 19, ""carbonyl_oxygen"": 6, ""carboxyl_carbon"": 5, ""hydroxyl_oxygen"": 7, ""ipso_carbon"": 4, ""meta_carbons"": [2, 9], ""ortho_carbons"": [3, 8], ""para_carbon"": 13, ""ring_atoms"": [2, 3, 4, 8, 9, 13], ""substituent_position_counts"": {""meta"": 2, ""ortho"": 0, ""para"": 1, ""total"": 3}, ""substituted_ring_carbons"": [2, 9, 13]}, ""local_atom_indices_by_site_0based"": [{""acidic_hydrogen"": 19, ""carbonyl_oxygen"": 6, ""carboxyl_carbon"": 5, ""hydroxyl_oxygen"": 7, ""ipso_carbon"": 4, ""meta_carbons"": [2, 9], ""ortho_carbons"": [3, 8], ""para_carbon"": 13, ""ring_atoms"": [2, 3, 4, 8, 9, 13], ""substituent_position_counts"": {""meta"": 2, ""ortho"": 0, ""para"": 1, ""total"": 3}, ""substituted_ring_carbons"": [2, 9, 13]}], ""log"": ""/gs/bs/tga-ynabae/kikuchi/pka_prediction/data/benzoicacid_v2/logfile/sub_33.log"", ""normal_modes"": {""aggregation"": ""mean of independently assigned harmonic-mode frequencies"", ""assignments"": {""co_double_stretch_frequency_cm1"": {""mode_index_0based"": 52, ""projection"": 1.2925544651683416, ""unscaled_cm1"": 1734.95269}, ""oh_stretch_frequency_cm1"": {""mode_index_0based"": 59, ""projection"": 1.123129841976926, ""unscaled_cm1"": 3752.74918}}, ""assignments_by_site"": [{""assignments"": {""co_double_stretch_frequency_cm1"": {""mode_index_0based"": 52, ""projection"": 1.2925544651683416, ""unscaled_cm1"": 1734.95269}, ""oh_stretch_frequency_cm1"": {""mode_index_0based"": 59, ""projection"": 1.123129841976926, ""unscaled_cm1"": 3752.74918}}, ""carboxyl_carbon_0based"": 5}], ""precision"": ""fchk"", ""scale"": 1.0}, ""npa_source"": ""selected final log combined-spin NPA table"", ""site_aggregation"": ""equal-weight arithmetic mean; all sites required""}"
34,COc1cc(C(=O)O)ccc1O,4.49,34,0.52811,-0.70858,-0.69435,0.83273,-0.19717,-0.20390999999999998,-0.0015150000000000163,0.31658,0.7037,1.066,1.6476,1.0363,0.09768188432161075,-0.07286677756749341,-7.688774003760627,-0.332570359844526,7.356203643916102,1.8934997392402386,157.06956556666665,0.028985371219749593,198.1764697423005,102.10862562161635,22.991943359375,0.9703966720984423,1.2165484475775388,1.3412990019364464,1.4740289894744476,0.007480408345379492,3748.15292,1718.22776,complete,,{},"{""aromatic_cooh_site_count"": 1, ""density_surface"": {""density_cube"": ""/gs/bs/tga-ynabae/kikuchi/pka_prediction/data/benzoicacid_v2/density_cube/sub_34_density.cube"", ""esp_cube"": ""/gs/bs/tga-ynabae/kikuchi/pka_prediction/data/benzoicacid_v2/esp_cube/sub_34_esp.cube"", ""isovalue_e_bohr3"": 0.001, ""local_esp_radius_angstrom"": 2.0, ""local_issues_by_site"": [{}], ""local_values_by_site"": [{""esp_max_acidic_h_hartree_per_e"": 0.09768188432161075, ""esp_min_carbonyl_o_hartree_per_e"": -0.07286677756749341}], ""mpi"": ""arithmetic mean of absolute ESP over all grid-edge isosurface intersections"", ""surface_esp"": ""linear grid-edge crossing samples; nearest-nucleus local patches"", ""volume"": ""occupied density grid; discretized electron-density isosurface volume""}, ""fchk"": ""/gs/bs/tga-ynabae/kikuchi/pka_prediction/data/benzoicacid_v2/formchk/sub_34.fchk"", ""geometric_sampling"": {""buried_center"": ""COOH carbon; reference COOH atoms excluded"", ""buried_radius_angstrom"": 3.5, ""buried_samples"": 32768, ""radii"": ""RDKit vdW"", ""sasa_points_per_atom"": 2000, ""sasa_probe_angstrom"": 1.4}, ""ignored_aliphatic_cooh_count"": 0, ""job_selection"": ""last normally terminated job only"", ""local_atom_indices_0based"": {""acidic_hydrogen"": 16, ""carbonyl_oxygen"": 6, ""carboxyl_carbon"": 5, ""hydroxyl_oxygen"": 7, ""ipso_carbon"": 4, ""meta_carbons"": [2, 9], ""ortho_carbons"": [3, 8], ""para_carbon"": 10, ""ring_atoms"": [2, 3, 4, 8, 9, 10], ""substituent_position_counts"": {""meta"": 1, ""ortho"": 0, ""para"": 1, ""total"": 2}, ""substituted_ring_carbons"": [2, 10]}, ""local_atom_indices_by_site_0based"": [{""acidic_hydrogen"": 16, ""carbonyl_oxygen"": 6, ""carboxyl_carbon"": 5, ""hydroxyl_oxygen"": 7, ""ipso_carbon"": 4, ""meta_carbons"": [2, 9], ""ortho_carbons"": [3, 8], ""para_carbon"": 10, ""ring_atoms"": [2, 3, 4, 8, 9, 10], ""substituent_position_counts"": {""meta"": 1, ""ortho"": 0, ""para"": 1, ""total"": 2}, ""substituted_ring_carbons"": [2, 10]}], ""log"": ""/gs/bs/tga-ynabae/kikuchi/pka_prediction/data/benzoicacid_v2/logfile/sub_34.log"", ""normal_modes"": {""aggregation"": ""mean of independently assigned harmonic-mode frequencies"", ""assignments"": {""co_double_stretch_frequency_cm1"": {""mode_index_0based"": 45, ""projection"": 1.1420131712985497, ""unscaled_cm1"": 1718.22776}, ""oh_stretch_frequency_cm1"": {""mode_index_0based"": 52, ""projection"": 1.124018715389535, ""unscaled_cm1"": 3748.15292}}, ""assignments_by_site"": [{""assignments"": {""co_double_stretch_frequency_cm1"": {""mode_index_0based"": 45, ""projection"": 1.1420131712985497, ""unscaled_cm1"": 1718.22776}, ""oh_stretch_frequency_cm1"": {""mode_index_0based"": 52, ""projection"": 1.124018715389535, ""unscaled_cm1"": 3748.15292}}, ""carboxyl_carbon_0based"": 5}], ""precision"": ""fchk"", ""scale"": 1.0}, ""npa_source"": ""selected final log combined-spin NPA table"", ""site_aggregation"": ""equal-weight arithmetic mean; all sites required""}"
35,COc1cc(OC)cc(C(=O)O)c1,3.97,35,0.53012,-0.70232,-0.68073,0.83626,-0.13926,-0.26893500000000004,0.34372,-0.3156,0.7014,1.0765,1.6656,1.0142,0.10033289334933651,-0.07566532953287487,-7.754262885120031,-0.5064803157738312,7.2477825693461995,4.955584063012078,171.27600533333336,0.026206322462254433,221.95433732240562,102.16154574986608,22.96142578125,0.9710582856407876,1.2137713152434284,1.3373855244284711,1.485075825094189,0.0028888508456628194,3746.83386,1730.7318,complete,,{},"{""aromatic_cooh_site_count"": 1, ""density_surface"": {""density_cube"": ""/gs/bs/tga-ynabae/kikuchi/pka_prediction/data/benzoicacid_v2/density_cube/sub_35_density.cube"", ""esp_cube"": ""/gs/bs/tga-ynabae/kikuchi/pka_prediction/data/benzoicacid_v2/esp_cube/sub_35_esp.cube"", ""isovalue_e_bohr3"": 0.001, ""local_esp_radius_angstrom"": 2.0, ""local_issues_by_site"": [{}], ""local_values_by_site"": [{""esp_max_acidic_h_hartree_per_e"": 0.10033289334933651, ""esp_min_carbonyl_o_hartree_per_e"": -0.07566532953287487}], ""mpi"": ""arithmetic mean of absolute ESP over all grid-edge isosurface intersections"", ""surface_esp"": ""linear grid-edge crossing samples; nearest-nucleus local patches"", ""volume"": ""occupied density grid; discretized electron-density isosurface volume""}, ""fchk"": ""/gs/bs/tga-ynabae/kikuchi/pka_prediction/data/benzoicacid_v2/formchk/sub_35.fchk"", ""geometric_sampling"": {""buried_center"": ""COOH carbon; reference COOH atoms excluded"", ""buried_radius_angstrom"": 3.5, ""buried_samples"": 32768, ""radii"": ""RDKit vdW"", ""sasa_points_per_atom"": 2000, ""sasa_probe_angstrom"": 1.4}, ""ignored_aliphatic_cooh_count"": 0, ""job_selection"": ""last normally terminated job only"", ""local_atom_indices_0based"": {""acidic_hydrogen"": 21, ""carbonyl_oxygen"": 10, ""carboxyl_carbon"": 9, ""hydroxyl_oxygen"": 11, ""ipso_carbon"": 8, ""meta_carbons"": [2, 4], ""ortho_carbons"": [7, 12], ""para_carbon"": 3, ""ring_atoms"": [2, 3, 4, 7, 8, 12], ""substituent_position_counts"": {""meta"": 2, ""ortho"": 0, ""para"": 0, ""total"": 2}, ""substituted_ring_carbons"": [2, 4]}, ""local_atom_indices_by_site_0based"": [{""acidic_hydrogen"": 21, ""carbonyl_oxygen"": 10, ""carboxyl_carbon"": 9, ""hydroxyl_oxygen"": 11, ""ipso_carbon"": 8, ""meta_carbons"": [2, 4], ""ortho_carbons"": [7, 12], ""para_carbon"": 3, ""ring_atoms"": [2, 3, 4, 7, 8, 12], ""substituent_position_counts"": {""meta"": 2, ""ortho"": 0, ""para"": 0, ""total"": 2}, ""substituted_ring_carbons"": [2, 4]}], ""log"": ""/gs/bs/tga-ynabae/kikuchi/pka_prediction/data/benzoicacid_v2/logfile/sub_35.log"", ""normal_modes"": {""aggregation"": ""mean of independently assigned harmonic-mode frequencies"", ""assignments"": {""co_double_stretch_frequency_cm1"": {""mode_index_0based"": 52, ""projection"": 1.34472863935319, ""unscaled_cm1"": 1730.7318}, ""oh_stretch_frequency_cm1"": {""mode_index_0based"": 62, ""projection"": 1.1234291112366166, ""unscaled_cm1"": 3746.83386}}, ""assignments_by_site"": [{""assignments"": {""co_double_stretch_frequency_cm1"": {""mode_index_0based"": 52, ""projection"": 1.34472863935319, ""unscaled_cm1"": 1730.7318}, ""oh_stretch_frequency_cm1"": {""mode_index_0based"": 62, ""projection"": 1.1234291112366166, ""unscaled_cm1"": 3746.83386}}, ""carboxyl_carbon_0based"": 9}], ""precision"": ""fchk"", ""scale"": 1.0}, ""npa_source"": ""selected final log combined-spin NPA table"", ""site_aggregation"": ""equal-weight arithmetic mean; all sites required""}"
36,COc1cc([N+](=O)[O-])cc(C(=O)O)c1O,2.58,36,0.53129,-0.70438,-0.66588,0.83605,-0.21965,0.1272,0.165945,-0.23455,0.7003,1.0708,1.6765,1.0226,0.10172222960590485,-0.08631113152168929,-8.105340135969216,-1.744235030883465,6.361105105085752,5.654671561564952,189.74188996666666,0.03541992345401149,226.61286910418588,98.69979338894895,24.59716796875,0.9710027884028356,1.211590677653577,1.3395201506733139,1.4808059298285923,9.99881179010031,3746.57857,1742.9838,complete,,{},"{""aromatic_cooh_site_count"": 1, ""density_surface"": {""density_cube"": ""/gs/bs/tga-ynabae/kikuchi/pka_prediction/data/benzoicacid_v2/density_cube/sub_36_density.cube"", ""esp_cube"": ""/gs/bs/tga-ynabae/kikuchi/pka_prediction/data/benzoicacid_v2/esp_cube/sub_36_esp.cube"", ""isovalue_e_bohr3"": 0.001, ""local_esp_radius_angstrom"": 2.0, ""local_issues_by_site"": [{}], ""local_values_by_site"": [{""esp_max_acidic_h_hartree_per_e"": 0.10172222960590485, ""esp_min_carbonyl_o_hartree_per_e"": -0.08631113152168929}], ""mpi"": ""arithmetic mean of absolute ESP over all grid-edge isosurface intersections"", ""surface_esp"": ""linear grid-edge crossing samples; nearest-nucleus local patches"", ""volume"": ""occupied density grid; discretized electron-density isosurface volume""}, ""fchk"": ""/gs/bs/tga-ynabae/kikuchi/pka_prediction/data/benzoicacid_v2/formchk/sub_36.fchk"", ""geometric_sampling"": {""buried_center"": ""COOH carbon; reference COOH atoms excluded"", ""buried_radius_angstrom"": 3.5, ""buried_samples"": 32768, ""radii"": ""RDKit vdW"", ""sasa_points_per_atom"": 2000, ""sasa_probe_angstrom"": 1.4}, ""ignored_aliphatic_cooh_count"": 0, ""job_selection"": ""last normally terminated job only"", ""local_atom_indices_0based"": {""acidic_hydrogen"": 20, ""carbonyl_oxygen"": 11, ""carboxyl_carbon"": 10, ""hydroxyl_oxygen"": 12, ""ipso_carbon"": 9, ""meta_carbons"": [2, 4], ""ortho_carbons"": [8, 13], ""para_carbon"": 3, ""ring_atoms"": [2, 3, 4, 8, 9, 13], ""substituent_position_counts"": {""meta"": 2, ""ortho"": 1, ""para"": 0, ""total"": 3}, ""substituted_ring_carbons"": [2, 4, 13]}, ""local_atom_indices_by_site_0based"": [{""acidic_hydrogen"": 20, ""carbonyl_oxygen"": 11, ""carboxyl_carbon"": 10, ""hydroxyl_oxygen"": 12, ""ipso_carbon"": 9, ""meta_carbons"": [2, 4], ""ortho_carbons"": [8, 13], ""para_carbon"": 3, ""ring_atoms"": [2, 3, 4, 8, 9, 13], ""substituent_position_counts"": {""meta"": 2, ""ortho"": 1, ""para"": 0, ""total"": 3}, ""substituted_ring_carbons"": [2, 4, 13]}], ""log"": ""/gs/bs/tga-ynabae/kikuchi/pka_prediction/data/benzoicacid_v2/logfile/sub_36.log"", ""normal_modes"": {""aggregation"": ""mean of independently assigned harmonic-mode frequencies"", ""assignments"": {""co_double_stretch_frequency_cm1"": {""mode_index_0based"": 52, ""projection"": 1.3643699533590106, ""unscaled_cm1"": 1742.9838}, ""oh_stretch_frequency_cm1"": {""mode_index_0based"": 59, ""projection"": 1.1233556309721047, ""unscaled_cm1"": 3746.57857}}, ""assignments_by_site"": [{""assignments"": {""co_double_stretch_frequency_cm1"": {""mode_index_0based"": 52, ""projection"": 1.3643699533590106, ""unscaled_cm1"": 1742.9838}, ""oh_stretch_frequency_cm1"": {""mode_index_0based"": 59, ""projection"": 1.1233556309721047, ""unscaled_cm1"": 3746.57857}}, ""carboxyl_carbon_0based"": 10}], ""precision"": ""fchk"", ""scale"": 1.0}, ""npa_source"": ""selected final log combined-spin NPA table"", ""site_aggregation"": ""equal-weight arithmetic mean; all sites required""}"
37,COc1cc2ccccc2cc1C(=O)O,3.8,37,0.5277,-0.70815,-0.67378,0.83773,-0.21649,0.13627499999999998,-0.202325,-0.02535,0.7035,1.0659,1.6731,1.021,0.0922930706947133,-0.09905355410943456,-7.40079644734706,-0.7256067900393793,6.675189657307681,4.071590265505733,231.93300966666666,0.025294246888780236,247.77008830426158,98.36358014316178,24.8016357421875,0.9709810385484349,1.2130869501524153,1.3428594884736584,1.4814432577279095,27.303403845250152,3749.60042,1730.34816,complete,,{},"{""aromatic_cooh_site_count"": 1, ""density_surface"": {""density_cube"": ""/gs/bs/tga-ynabae/kikuchi/pka_prediction/data/benzoicacid_v2/density_cube/sub_37_density.cube"", ""esp_cube"": ""/gs/bs/tga-ynabae/kikuchi/pka_prediction/data/benzoicacid_v2/esp_cube/sub_37_esp.cube"", ""isovalue_e_bohr3"": 0.001, ""local_esp_radius_angstrom"": 2.0, ""local_issues_by_site"": [{}], ""local_values_by_site"": [{""esp_max_acidic_h_hartree_per_e"": 0.0922930706947133, ""esp_min_carbonyl_o_hartree_per_e"": -0.09905355410943456}], ""mpi"": ""arithmetic mean of absolute ESP over all grid-edge isosurface intersections"", ""surface_esp"": ""linear grid-edge crossing samples; nearest-nucleus local patches"", ""volume"": ""occupied density grid; discretized electron-density isosurface volume""}, ""fchk"": ""/gs/bs/tga-ynabae/kikuchi/pka_prediction/data/benzoicacid_v2/formchk/sub_37.fchk"", ""geometric_sampling"": {""buried_center"": ""COOH carbon; reference COOH atoms excluded"", ""buried_radius_angstrom"": 3.5, ""buried_samples"": 32768, ""radii"": ""RDKit vdW"", ""sasa_points_per_atom"": 2000, ""sasa_probe_angstrom"": 1.4}, ""ignored_aliphatic_cooh_count"": 0, ""job_selection"": ""last normally terminated job only"", ""local_atom_indices_0based"": {""acidic_hydrogen"": 24, ""carbonyl_oxygen"": 13, ""carboxyl_carbon"": 12, ""hydroxyl_oxygen"": 14, ""ipso_carbon"": 11, ""meta_carbons"": [3, 9], ""ortho_carbons"": [2, 10], ""para_carbon"": 4, ""ring_atoms"": [2, 3, 4, 9, 10, 11], ""substituent_position_counts"": {""meta"": 1, ""ortho"": 1, ""para"": 1, ""total"": 3}, ""substituted_ring_carbons"": [2, 4, 9]}, ""local_atom_indices_by_site_0based"": [{""acidic_hydrogen"": 24, ""carbonyl_oxygen"": 13, ""carboxyl_carbon"": 12, ""hydroxyl_oxygen"": 14, ""ipso_carbon"": 11, ""meta_carbons"": [3, 9], ""ortho_carbons"": [2, 10], ""para_carbon"": 4, ""ring_atoms"": [2, 3, 4, 9, 10, 11], ""substituent_position_counts"": {""meta"": 1, ""ortho"": 1, ""para"": 1, ""total"": 3}, ""substituted_ring_carbons"": [2, 4, 9]}], ""log"": ""/gs/bs/tga-ynabae/kikuchi/pka_prediction/data/benzoicacid_v2/logfile/sub_37.log"", ""normal_modes"": {""aggregation"": ""mean of independently assigned harmonic-mode frequencies"", ""assignments"": {""co_double_stretch_frequency_cm1"": {""mode_index_0based"": 58, ""projection"": 1.3349785485758618, ""unscaled_cm1"": 1730.34816}, ""oh_stretch_frequency_cm1"": {""mode_index_0based"": 68, ""projection"": 1.1231677682184407, ""unscaled_cm1"": 3749.60042}}, ""assignments_by_site"": [{""assignments"": {""co_double_stretch_frequency_cm1"": {""mode_index_0based"": 58, ""projection"": 1.3349785485758618, ""unscaled_cm1"": 1730.34816}, ""oh_stretch_frequency_cm1"": {""mode_index_0based"": 68, ""projection"": 1.1231677682184407, ""unscaled_cm1"": 3749.60042}}, ""carboxyl_carbon_0based"": 12}], ""precision"": ""fchk"", ""scale"": 1.0}, ""npa_source"": ""selected final log combined-spin NPA table"", ""site_aggregation"": ""equal-weight arithmetic mean; all sites required""}"
38,COc1ccc(C(=O)O)c(C(=O)O)c1,2.67,38,0.53163,-0.697755,-0.671875,0.842285,-0.14069500000000001,-0.1597075,-0.069885,0.038949999999999985,0.6983999999999999,1.0812,1.6807500000000002,0.99655,0.10194197926939758,-0.07106090810254387,-8.163814602239063,-0.4963654625467901,7.667449139692273,3.4916055566542354,175.52073366666664,0.030663314031969063,223.45805895225598,91.53499078937409,27.96630859375,0.9720722522535423,1.2118313477338132,1.3347463990631683,1.4865738831807032,42.90616039368327,3734.5598499999996,1741.158965,complete,,{},"{""aromatic_cooh_site_count"": 2, ""density_surface"": {""density_cube"": ""/gs/bs/tga-ynabae/kikuchi/pka_prediction/data/benzoicacid_v2/density_cube/sub_38_density.cube"", ""esp_cube"": ""/gs/bs/tga-ynabae/kikuchi/pka_prediction/data/benzoicacid_v2/esp_cube/sub_38_esp.cube"", ""isovalue_e_bohr3"": 0.001, ""local_esp_radius_angstrom"": 2.0, ""local_issues_by_site"": [{}, {}], ""local_values_by_site"": [{""esp_max_acidic_h_hartree_per_e"": 0.10048318622892241, ""esp_min_carbonyl_o_hartree_per_e"": -0.06867940628011258}, {""esp_max_acidic_h_hartree_per_e"": 0.10340077230987274, ""esp_min_carbonyl_o_hartree_per_e"": -0.07344240992497514}], ""mpi"": ""arithmetic mean of absolute ESP over all grid-edge isosurface intersections"", ""surface_esp"": ""linear grid-edge crossing samples; nearest-nucleus local patches"", ""volume"": ""occupied density grid; discretized electron-density isosurface volume""}, ""fchk"": ""/gs/bs/tga-ynabae/kikuchi/pka_prediction/data/benzoicacid_v2/formchk/sub_38.fchk"", ""geometric_sampling"": {""buried_center"": ""COOH carbon; reference COOH atoms excluded"", ""buried_radius_angstrom"": 3.5, ""buried_samples"": 32768, ""radii"": ""RDKit vdW"", ""sasa_points_per_atom"": 2000, ""sasa_probe_angstrom"": 1.4}, ""ignored_aliphatic_cooh_count"": 0, ""job_selection"": ""last normally terminated job only"", ""local_atom_indices_by_site_0based"": [{""acidic_hydrogen"": 19, ""carbonyl_oxygen"": 7, ""carboxyl_carbon"": 6, ""hydroxyl_oxygen"": 8, ""ipso_carbon"": 5, ""meta_carbons"": [3, 13], ""ortho_carbons"": [4, 9], ""para_carbon"": 2, ""ring_atoms"": [2, 3, 4, 5, 9, 13], ""substituent_position_counts"": {""meta"": 0, ""ortho"": 1, ""para"": 1, ""total"": 2}, ""substituted_ring_carbons"": [2, 9]}, {""acidic_hydrogen"": 20, ""carbonyl_oxygen"": 11, ""carboxyl_carbon"": 10, ""hydroxyl_oxygen"": 12, ""ipso_carbon"": 9, ""meta_carbons"": [2, 4], ""ortho_carbons"": [5, 13], ""para_carbon"": 3, ""ring_atoms"": [2, 3, 4, 5, 9, 13], ""substituent_position_counts"": {""meta"": 1, ""ortho"": 1, ""para"": 0, ""total"": 2}, ""substituted_ring_carbons"": [2, 5]}], ""log"": ""/gs/bs/tga-ynabae/kikuchi/pka_prediction/data/benzoicacid_v2/logfile/sub_38.log"", ""normal_modes"": {""aggregation"": ""mean of independently assigned harmonic-mode frequencies"", ""assignments_by_site"": [{""assignments"": {""co_double_stretch_frequency_cm1"": {""mode_index_0based"": 50, ""projection"": 1.1538080497786722, ""unscaled_cm1"": 1726.57794}, ""oh_stretch_frequency_cm1"": {""mode_index_0based"": 59, ""projection"": 1.1225568148352607, ""unscaled_cm1"": 3746.07057}}, ""carboxyl_carbon_0based"": 6}, {""assignments"": {""co_double_stretch_frequency_cm1"": {""mode_index_0based"": 51, ""projection"": 1.2724419037349841, ""unscaled_cm1"": 1755.73999}, ""oh_stretch_frequency_cm1"": {""mode_index_0based"": 58, ""projection"": 1.1224086865701735, ""unscaled_cm1"": 3723.04913}}, ""carboxyl_carbon_0based"": 10}], ""precision"": ""fchk"", ""scale"": 1.0}, ""npa_source"": ""selected final log combined-spin NPA table"", ""site_aggregation"": ""equal-weight arithmetic mean; all sites required""}"
39,COc1ccc(C(=O)O)c(N)c1,4.88,39,0.52486,-0.71809,-0.72338,0.82376,-0.29274,0.06781499999999999,-0.34643999999999997,0.38222,0.7071,1.0489,1.5913,1.1009,0.08672856985421243,-0.06309704430660482,-7.3068081559851,-0.08364819044299043,7.22315996554211,3.8795183495044743,169.63025676666666,0.026694857129121143,202.84991737271272,94.57635878333275,26.1138916015625,0.9696609659418685,1.225945495817856,1.348580959261008,1.452949943885658,1.183797354761315,3768.96969,1687.49315,complete,,{},"{""aromatic_cooh_site_count"": 1, ""density_surface"": {""density_cube"": ""/gs/bs/tga-ynabae/kikuchi/pka_prediction/data/benzoicacid_v2/density_cube/sub_39_density.cube"", ""esp_cube"": ""/gs/bs/tga-ynabae/kikuchi/pka_prediction/data/benzoicacid_v2/esp_cube/sub_39_esp.cube"", ""isovalue_e_bohr3"": 0.001, ""local_esp_radius_angstrom"": 2.0, ""local_issues_by_site"": [{}], ""local_values_by_site"": [{""esp_max_acidic_h_hartree_per_e"": 0.08672856985421243, ""esp_min_carbonyl_o_hartree_per_e"": -0.06309704430660482}], ""mpi"": ""arithmetic mean of absolute ESP over all grid-edge isosurface intersections"", ""surface_esp"": ""linear grid-edge crossing samples; nearest-nucleus local patches"", ""volume"": ""occupied density grid; discretized electron-density isosurface volume""}, ""fchk"": ""/gs/bs/tga-ynabae/kikuchi/pka_prediction/data/benzoicacid_v2/formchk/sub_39.fchk"", ""geometric_sampling"": {""buried_center"": ""COOH carbon; reference COOH atoms excluded"", ""buried_radius_angstrom"": 3.5, ""buried_samples"": 32768, ""radii"": ""RDKit vdW"", ""sasa_points_per_atom"": 2000, ""sasa_probe_angstrom"": 1.4}, ""ignored_aliphatic_cooh_count"": 0, ""job_selection"": ""last normally terminated job only"", ""local_atom_indices_0based"": {""acidic_hydrogen"": 17, ""carbonyl_oxygen"": 7, ""carboxyl_carbon"": 6, ""hydroxyl_oxygen"": 8, ""ipso_carbon"": 5, ""meta_carbons"": [3, 11], ""ortho_carbons"": [4, 9], ""para_carbon"": 2, ""ring_atoms"": [2, 3, 4, 5, 9, 11], ""substituent_position_counts"": {""meta"": 0, ""ortho"": 1, ""para"": 1, ""total"": 2}, ""substituted_ring_carbons"": [2, 9]}, ""local_atom_indices_by_site_0based"": [{""acidic_hydrogen"": 17, ""carbonyl_oxygen"": 7, ""carboxyl_carbon"": 6, ""hydroxyl_oxygen"": 8, ""ipso_carbon"": 5, ""meta_carbons"": [3, 11], ""ortho_carbons"": [4, 9], ""para_carbon"": 2, ""ring_atoms"": [2, 3, 4, 5, 9, 11], ""substituent_position_counts"": {""meta"": 0, ""ortho"": 1, ""para"": 1, ""total"": 2}, ""substituted_ring_carbons"": [2, 9]}], ""log"": ""/gs/bs/tga-ynabae/kikuchi/pka_prediction/data/benzoicacid_v2/logfile/sub_39.log"", ""normal_modes"": {""aggregation"": ""mean of independently assigned harmonic-mode frequencies"", ""assignments"": {""co_double_stretch_frequency_cm1"": {""mode_index_0based"": 47, ""projection"": 0.7788142949315696, ""unscaled_cm1"": 1687.49315}, ""oh_stretch_frequency_cm1"": {""mode_index_0based"": 56, ""projection"": 1.1233362159516032, ""unscaled_cm1"": 3768.96969}}, ""assignments_by_site"": [{""assignments"": {""co_double_stretch_frequency_cm1"": {""mode_index_0based"": 47, ""projection"": 0.7788142949315696, ""unscaled_cm1"": 1687.49315}, ""oh_stretch_frequency_cm1"": {""mode_index_0based"": 56, ""projection"": 1.1233362159516032, ""unscaled_cm1"": 3768.96969}}, ""carboxyl_carbon_0based"": 6}], ""precision"": ""fchk"", ""scale"": 1.0}, ""npa_source"": ""selected final log combined-spin NPA table"", ""site_aggregation"": ""equal-weight arithmetic mean; all sites required""}"
40,COc1ccc(C(=O)O)c(O)c1,3.31,40,0.52486,-0.70028,-0.7076,0.83275,-0.27802,0.138075,-0.33992500000000003,0.38411,0.705,1.0729,1.628,1.0524,0.08118570403706513,-0.07857124380271317,-7.98639622785829,-0.2586960623262314,7.727700165532059,5.348949367165887,158.3307257,0.030628751796121276,197.80333159500358,98.40231598058054,24.444580078125,0.9710456937551413,1.2194436793144843,1.3395441490723825,1.4715111573619626,0.026740137073477766,3750.62214,1699.78527,complete,,{},"{""aromatic_cooh_site_count"": 1, ""density_surface"": {""density_cube"": ""/gs/bs/tga-ynabae/kikuchi/pka_prediction/data/benzoicacid_v2/density_cube/sub_40_density.cube"", ""esp_cube"": ""/gs/bs/tga-ynabae/kikuchi/pka_prediction/data/benzoicacid_v2/esp_cube/sub_40_esp.cube"", ""isovalue_e_bohr3"": 0.001, ""local_esp_radius_angstrom"": 2.0, ""local_issues_by_site"": [{}], ""local_values_by_site"": [{""esp_max_acidic_h_hartree_per_e"": 0.08118570403706513, ""esp_min_carbonyl_o_hartree_per_e"": -0.07857124380271317}], ""mpi"": ""arithmetic mean of absolute ESP over all grid-edge isosurface intersections"", ""surface_esp"": ""linear grid-edge crossing samples; nearest-nucleus local patches"", ""volume"": ""occupied density grid; discretized electron-density isosurface volume""}, ""fchk"": ""/gs/bs/tga-ynabae/kikuchi/pka_prediction/data/benzoicacid_v2/formchk/sub_40.fchk"", ""geometric_sampling"": {""buried_center"": ""COOH carbon; reference COOH atoms excluded"", ""buried_radius_angstrom"": 3.5, ""buried_samples"": 32768, ""radii"": ""RDKit vdW"", ""sasa_points_per_atom"": 2000, ""sasa_probe_angstrom"": 1.4}, ""ignored_aliphatic_cooh_count"": 0, ""job_selection"": ""last normally terminated job only"", ""local_atom_indices_0based"": {""acidic_hydrogen"": 17, ""carbonyl_oxygen"": 7, ""carboxyl_carbon"": 6, ""hydroxyl_oxygen"": 8, ""ipso_carbon"": 5, ""meta_carbons"": [3, 11], ""ortho_carbons"": [4, 9], ""para_carbon"": 2, ""ring_atoms"": [2, 3, 4, 5, 9, 11], ""substituent_position_counts"": {""meta"": 0, ""ortho"": 1, ""para"": 1, ""total"": 2}, ""substituted_ring_carbons"": [2, 9]}, ""local_atom_indices_by_site_0based"": [{""acidic_hydrogen"": 17, ""carbonyl_oxygen"": 7, ""carboxyl_carbon"": 6, ""hydroxyl_oxygen"": 8, ""ipso_carbon"": 5, ""meta_carbons"": [3, 11], ""ortho_carbons"": [4, 9], ""para_carbon"": 2, ""ring_atoms"": [2, 3, 4, 5, 9, 11], ""substituent_position_counts"": {""meta"": 0, ""ortho"": 1, ""para"": 1, ""total"": 2}, ""substituted_ring_carbons"": [2, 9]}], ""log"": ""/gs/bs/tga-ynabae/kikuchi/pka_prediction/data/benzoicacid_v2/logfile/sub_40.log"", ""normal_modes"": {""aggregation"": ""mean of independently assigned harmonic-mode frequencies"", ""assignments"": {""co_double_stretch_frequency_cm1"": {""mode_index_0based"": 45, ""projection"": 0.8229802618714446, ""unscaled_cm1"": 1699.78527}, ""oh_stretch_frequency_cm1"": {""mode_index_0based"": 52, ""projection"": 1.122692759193125, ""unscaled_cm1"": 3750.62214}}, ""assignments_by_site"": [{""assignments"": {""co_double_stretch_frequency_cm1"": {""mode_index_0based"": 45, ""projection"": 0.8229802618714446, ""unscaled_cm1"": 1699.78527}, ""oh_stretch_frequency_cm1"": {""mode_index_0based"": 52, ""projection"": 1.122692759193125, ""unscaled_cm1"": 3750.62214}}, ""carboxyl_carbon_0based"": 6}], ""precision"": ""fchk"", ""scale"": 1.0}, ""npa_source"": ""selected final log combined-spin NPA table"", ""site_aggregation"": ""equal-weight arithmetic mean; all sites required""}"
41,COc1ccc(C(=O)O)c(OC)c1,4.36,41,0.52376,-0.69887,-0.70965,0.83305,-0.26939,0.14327,-0.34848999999999997,0.38699,0.7057,1.0738,1.6253,1.0516,0.08040000476747408,-0.08016174424264876,-7.877316365627372,-0.25641751091241854,7.620898854714953,5.215538566885218,175.969777,0.027938828711241873,220.9910987201433,98.28725514964282,24.609375,0.9710988748445851,1.2201731643815723,1.3391380731989482,1.4725830197519747,8.636475507426562,3749.13631,1695.54852,complete,,{},"{""aromatic_cooh_site_count"": 1, ""density_surface"": {""density_cube"": ""/gs/bs/tga-ynabae/kikuchi/pka_prediction/data/benzoicacid_v2/density_cube/sub_41_density.cube"", ""esp_cube"": ""/gs/bs/tga-ynabae/kikuchi/pka_prediction/data/benzoicacid_v2/esp_cube/sub_41_esp.cube"", ""isovalue_e_bohr3"": 0.001, ""local_esp_radius_angstrom"": 2.0, ""local_issues_by_site"": [{}], ""local_values_by_site"": [{""esp_max_acidic_h_hartree_per_e"": 0.08040000476747408, ""esp_min_carbonyl_o_hartree_per_e"": -0.08016174424264876}], ""mpi"": ""arithmetic mean of absolute ESP over all grid-edge isosurface intersections"", ""surface_esp"": ""linear grid-edge crossing samples; nearest-nucleus local patches"", ""volume"": ""occupied density grid; discretized electron-density isosurface volume""}, ""fchk"": ""/gs/bs/tga-ynabae/kikuchi/pka_prediction/data/benzoicacid_v2/formchk/sub_41.fchk"", ""geometric_sampling"": {""buried_center"": ""COOH carbon; reference COOH atoms excluded"", ""buried_radius_angstrom"": 3.5, ""buried_samples"": 32768, ""radii"": ""RDKit vdW"", ""sasa_points_per_atom"": 2000, ""sasa_probe_angstrom"": 1.4}, ""ignored_aliphatic_cooh_count"": 0, ""job_selection"": ""last normally terminated job only"", ""local_atom_indices_0based"": {""acidic_hydrogen"": 18, ""carbonyl_oxygen"": 7, ""carboxyl_carbon"": 6, ""hydroxyl_oxygen"": 8, ""ipso_carbon"": 5, ""meta_carbons"": [3, 12], ""ortho_carbons"": [4, 9], ""para_carbon"": 2, ""ring_atoms"": [2, 3, 4, 5, 9, 12], ""substituent_position_counts"": {""meta"": 0, ""ortho"": 1, ""para"": 1, ""total"": 2}, ""substituted_ring_carbons"": [2, 9]}, ""local_atom_indices_by_site_0based"": [{""acidic_hydrogen"": 18, ""carbonyl_oxygen"": 7, ""carboxyl_carbon"": 6, ""hydroxyl_oxygen"": 8, ""ipso_carbon"": 5, ""meta_carbons"": [3, 12], ""ortho_carbons"": [4, 9], ""para_carbon"": 2, ""ring_atoms"": [2, 3, 4, 5, 9, 12], ""substituent_position_counts"": {""meta"": 0, ""ortho"": 1, ""para"": 1, ""total"": 2}, ""substituted_ring_carbons"": [2, 9]}], ""log"": ""/gs/bs/tga-ynabae/kikuchi/pka_prediction/data/benzoicacid_v2/logfile/sub_41.log"", ""normal_modes"": {""aggregation"": ""mean of independently assigned harmonic-mode frequencies"", ""assignments"": {""co_double_stretch_frequency_cm1"": {""mode_index_0based"": 52, ""projection"": 0.804442363335743, ""unscaled_cm1"": 1695.54852}, ""oh_stretch_frequency_cm1"": {""mode_index_0based"": 62, ""projection"": 1.1225551750178588, ""unscaled_cm1"": 3749.13631}}, ""assignments_by_site"": [{""assignments"": {""co_double_stretch_frequency_cm1"": {""mode_index_0based"": 52, ""projection"": 0.804442363335743, ""unscaled_cm1"": 1695.54852}, ""oh_stretch_frequency_cm1"": {""mode_index_0based"": 62, ""projection"": 1.1225551750178588, ""unscaled_cm1"": 3749.13631}}, ""carboxyl_carbon_0based"": 6}], ""precision"": ""fchk"", ""scale"": 1.0}, ""npa_source"": ""selected final log combined-spin NPA table"", ""site_aggregation"": ""equal-weight arithmetic mean; all sites required""}"
42,COc1ccc(C(=O)O)c2ccccc12,4.31,42,0.52782,-0.70402,-0.69797,0.83678,-0.20267,-0.064515,-0.2182,0.39891,0.7022,1.071,1.6453,1.0313,0.09397928384563099,-0.07563748553978156,-7.388712714268191,-0.6259769524467425,6.762735761821449,3.500586979114906,230.03700433333333,0.023892737790119425,246.13416048136287,94.59326055180907,25.927734375,0.9711586878511634,1.2177850750287984,1.3390055936849308,1.4786506029523951,29.291041934870876,3749.46387,1705.22304,complete,,{},"{""aromatic_cooh_site_count"": 1, ""density_surface"": {""density_cube"": ""/gs/bs/tga-ynabae/kikuchi/pka_prediction/data/benzoicacid_v2/density_cube/sub_42_density.cube"", ""esp_cube"": ""/gs/bs/tga-ynabae/kikuchi/pka_prediction/data/benzoicacid_v2/esp_cube/sub_42_esp.cube"", ""isovalue_e_bohr3"": 0.001, ""local_esp_radius_angstrom"": 2.0, ""local_issues_by_site"": [{}], ""local_values_by_site"": [{""esp_max_acidic_h_hartree_per_e"": 0.09397928384563099, ""esp_min_carbonyl_o_hartree_per_e"": -0.07563748553978156}], ""mpi"": ""arithmetic mean of absolute ESP over all grid-edge isosurface intersections"", ""surface_esp"": ""linear grid-edge crossing samples; nearest-nucleus local patches"", ""volume"": ""occupied density grid; discretized electron-density isosurface volume""}, ""fchk"": ""/gs/bs/tga-ynabae/kikuchi/pka_prediction/data/benzoicacid_v2/formchk/sub_42.fchk"", ""geometric_sampling"": {""buried_center"": ""COOH carbon; reference COOH atoms excluded"", ""buried_radius_angstrom"": 3.5, ""buried_samples"": 32768, ""radii"": ""RDKit vdW"", ""sasa_points_per_atom"": 2000, ""sasa_probe_angstrom"": 1.4}, ""ignored_aliphatic_cooh_count"": 0, ""job_selection"": ""last normally terminated job only"", ""local_atom_indices_0based"": {""acidic_hydrogen"": 20, ""carbonyl_oxygen"": 7, ""carboxyl_carbon"": 6, ""hydroxyl_oxygen"": 8, ""ipso_carbon"": 5, ""meta_carbons"": [3, 14], ""ortho_carbons"": [4, 9], ""para_carbon"": 2, ""ring_atoms"": [2, 3, 4, 5, 9, 14], ""substituent_position_counts"": {""meta"": 1, ""ortho"": 1, ""para"": 1, ""total"": 3}, ""substituted_ring_carbons"": [2, 9, 14]}, ""local_atom_indices_by_site_0based"": [{""acidic_hydrogen"": 20, ""carbonyl_oxygen"": 7, ""carboxyl_carbon"": 6, ""hydroxyl_oxygen"": 8, ""ipso_carbon"": 5, ""meta_carbons"": [3, 14], ""ortho_carbons"": [4, 9], ""para_carbon"": 2, ""ring_atoms"": [2, 3, 4, 5, 9, 14], ""substituent_position_counts"": {""meta"": 1, ""ortho"": 1, ""para"": 1, ""total"": 3}, ""substituted_ring_carbons"": [2, 9, 14]}], ""log"": ""/gs/bs/tga-ynabae/kikuchi/pka_prediction/data/benzoicacid_v2/logfile/sub_42.log"", ""normal_modes"": {""aggregation"": ""mean of independently assigned harmonic-mode frequencies"", ""assignments"": {""co_double_stretch_frequency_cm1"": {""mode_index_0based"": 58, ""projection"": 1.1083052806434242, ""unscaled_cm1"": 1705.22304}, ""oh_stretch_frequency_cm1"": {""mode_index_0based"": 68, ""projection"": 1.1227000205926185, ""unscaled_cm1"": 3749.46387}}, ""assignments_by_site"": [{""assignments"": {""co_double_stretch_frequency_cm1"": {""mode_index_0based"": 58, ""projection"": 1.1083052806434242, ""unscaled_cm1"": 1705.22304}, ""oh_stretch_frequency_cm1"": {""mode_index_0based"": 68, ""projection"": 1.1227000205926185, ""unscaled_cm1"": 3749.46387}}, ""carboxyl_carbon_0based"": 6}], ""precision"": ""fchk"", ""scale"": 1.0}, ""npa_source"": ""selected final log combined-spin NPA table"", ""site_aggregation"": ""equal-weight arithmetic mean; all sites required""}"
43,COc1ccc(C(=O)O)cc1,4.2783750000000005,43,0.52774,-0.7086,-0.69698,0.83248,-0.22369,-0.14166499999999999,-0.28665,0.36236,0.704,1.0661,1.6448,1.0393,0.09361066790155118,-0.07429454676925042,-8.010687260920971,-0.3064830868489143,7.704204174072057,3.3017465442630956,150.52139143333332,0.024639831721425316,188.3365232377017,102.6790288917654,22.9949951171875,0.9707201180676626,1.2172252942631288,1.3412402969029185,1.4720519738893365,0.0010453481241550946,3753.61969,1714.21761,complete,,{},"{""aromatic_cooh_site_count"": 1, ""density_surface"": {""density_cube"": ""/gs/bs/tga-ynabae/kikuchi/pka_prediction/data/benzoicacid_v2/density_cube/sub_43_density.cube"", ""esp_cube"": ""/gs/bs/tga-ynabae/kikuchi/pka_prediction/data/benzoicacid_v2/esp_cube/sub_43_esp.cube"", ""isovalue_e_bohr3"": 0.001, ""local_esp_radius_angstrom"": 2.0, ""local_issues_by_site"": [{}], ""local_values_by_site"": [{""esp_max_acidic_h_hartree_per_e"": 0.09361066790155118, ""esp_min_carbonyl_o_hartree_per_e"": -0.07429454676925042}], ""mpi"": ""arithmetic mean of absolute ESP over all grid-edge isosurface intersections"", ""surface_esp"": ""linear grid-edge crossing samples; nearest-nucleus local patches"", ""volume"": ""occupied density grid; discretized electron-density isosurface volume""}, ""fchk"": ""/gs/bs/tga-ynabae/kikuchi/pka_prediction/data/benzoicacid_v2/formchk/sub_43.fchk"", ""geometric_sampling"": {""buried_center"": ""COOH carbon; reference COOH atoms excluded"", ""buried_radius_angstrom"": 3.5, ""buried_samples"": 32768, ""radii"": ""RDKit vdW"", ""sasa_points_per_atom"": 2000, ""sasa_probe_angstrom"": 1.4}, ""ignored_aliphatic_cooh_count"": 0, ""job_selection"": ""last normally terminated job only"", ""local_atom_indices_0based"": {""acidic_hydrogen"": 16, ""carbonyl_oxygen"": 7, ""carboxyl_carbon"": 6, ""hydroxyl_oxygen"": 8, ""ipso_carbon"": 5, ""meta_carbons"": [3, 10], ""ortho_carbons"": [4, 9], ""para_carbon"": 2, ""ring_atoms"": [2, 3, 4, 5, 9, 10], ""substituent_position_counts"": {""meta"": 0, ""ortho"": 0, ""para"": 1, ""total"": 1}, ""substituted_ring_carbons"": [2]}, ""local_atom_indices_by_site_0based"": [{""acidic_hydrogen"": 16, ""carbonyl_oxygen"": 7, ""carboxyl_carbon"": 6, ""hydroxyl_oxygen"": 8, ""ipso_carbon"": 5, ""meta_carbons"": [3, 10], ""ortho_carbons"": [4, 9], ""para_carbon"": 2, ""ring_atoms"": [2, 3, 4, 5, 9, 10], ""substituent_position_counts"": {""meta"": 0, ""ortho"": 0, ""para"": 1, ""total"": 1}, ""substituted_ring_carbons"": [2]}], ""log"": ""/gs/bs/tga-ynabae/kikuchi/pka_prediction/data/benzoicacid_v2/logfile/sub_43.log"", ""normal_modes"": {""aggregation"": ""mean of independently assigned harmonic-mode frequencies"", ""assignments"": {""co_double_stretch_frequency_cm1"": {""mode_index_0based"": 42, ""projection"": 1.1310124543594886, ""unscaled_cm1"": 1714.21761}, ""oh_stretch_frequency_cm1"": {""mode_index_0based"": 50, ""projection"": 1.1234285567465447, ""unscaled_cm1"": 3753.61969}}, ""assignments_by_site"": [{""assignments"": {""co_double_stretch_frequency_cm1"": {""mode_index_0based"": 42, ""projection"": 1.1310124543594886, ""unscaled_cm1"": 1714.21761}, ""oh_stretch_frequency_cm1"": {""mode_index_0based"": 50, ""projection"": 1.1234285567465447, ""unscaled_cm1"": 3753.61969}}, ""carboxyl_carbon_0based"": 6}], ""precision"": ""fchk"", ""scale"": 1.0}, ""npa_source"": ""selected final log combined-spin NPA table"", ""site_aggregation"": ""equal-weight arithmetic mean; all sites required""}"
44,COc1ccc(C(=O)O)cc1O,4.47,44,0.52827,-0.70779,-0.69324,0.8329,-0.19749,-0.19291,-0.006760000000000016,0.30713,0.7035,1.0675,1.6492,1.0347,0.09203227125526996,-0.07471661418910545,-7.711151423296946,-0.3275685369776605,7.383582886319285,5.176762112633239,157.02567793333333,0.028837253596158036,198.09637846635644,102.4547663001889,22.8973388671875,0.9704563517381898,1.2162929080619727,1.3408754742065947,1.4745213851498526,0.011774017517081492,3760.09435,1721.26397,complete,,{},"{""aromatic_cooh_site_count"": 1, ""density_surface"": {""density_cube"": ""/gs/bs/tga-ynabae/kikuchi/pka_prediction/data/benzoicacid_v2/density_cube/sub_44_density.cube"", ""esp_cube"": ""/gs/bs/tga-ynabae/kikuchi/pka_prediction/data/benzoicacid_v2/esp_cube/sub_44_esp.cube"", ""isovalue_e_bohr3"": 0.001, ""local_esp_radius_angstrom"": 2.0, ""local_issues_by_site"": [{}], ""local_values_by_site"": [{""esp_max_acidic_h_hartree_per_e"": 0.09203227125526996, ""esp_min_carbonyl_o_hartree_per_e"": -0.07471661418910545}], ""mpi"": ""arithmetic mean of absolute ESP over all grid-edge isosurface intersections"", ""surface_esp"": ""linear grid-edge crossing samples; nearest-nucleus local patches"", ""volume"": ""occupied density grid; discretized electron-density isosurface volume""}, ""fchk"": ""/gs/bs/tga-ynabae/kikuchi/pka_prediction/data/benzoicacid_v2/formchk/sub_44.fchk"", ""geometric_sampling"": {""buried_center"": ""COOH carbon; reference COOH atoms excluded"", ""buried_radius_angstrom"": 3.5, ""buried_samples"": 32768, ""radii"": ""RDKit vdW"", ""sasa_points_per_atom"": 2000, ""sasa_probe_angstrom"": 1.4}, ""ignored_aliphatic_cooh_count"": 0, ""job_selection"": ""last normally terminated job only"", ""local_atom_indices_0based"": {""acidic_hydrogen"": 17, ""carbonyl_oxygen"": 7, ""carboxyl_carbon"": 6, ""hydroxyl_oxygen"": 8, ""ipso_carbon"": 5, ""meta_carbons"": [3, 10], ""ortho_carbons"": [4, 9], ""para_carbon"": 2, ""ring_atoms"": [2, 3, 4, 5, 9, 10], ""substituent_position_counts"": {""meta"": 1, ""ortho"": 0, ""para"": 1, ""total"": 2}, ""substituted_ring_carbons"": [2, 10]}, ""local_atom_indices_by_site_0based"": [{""acidic_hydrogen"": 17, ""carbonyl_oxygen"": 7, ""carboxyl_carbon"": 6, ""hydroxyl_oxygen"": 8, ""ipso_carbon"": 5, ""meta_carbons"": [3, 10], ""ortho_carbons"": [4, 9], ""para_carbon"": 2, ""ring_atoms"": [2, 3, 4, 5, 9, 10], ""substituent_position_counts"": {""meta"": 1, ""ortho"": 0, ""para"": 1, ""total"": 2}, ""substituted_ring_carbons"": [2, 10]}], ""log"": ""/gs/bs/tga-ynabae/kikuchi/pka_prediction/data/benzoicacid_v2/logfile/sub_44.log"", ""normal_modes"": {""aggregation"": ""mean of independently assigned harmonic-mode frequencies"", ""assignments"": {""co_double_stretch_frequency_cm1"": {""mode_index_0based"": 45, ""projection"": 1.1152528593711486, ""unscaled_cm1"": 1721.26397}, ""oh_stretch_frequency_cm1"": {""mode_index_0based"": 52, ""projection"": 1.1233039784681018, ""unscaled_cm1"": 3760.09435}}, ""assignments_by_site"": [{""assignments"": {""co_double_stretch_frequency_cm1"": {""mode_index_0based"": 45, ""projection"": 1.1152528593711486, ""unscaled_cm1"": 1721.26397}, ""oh_stretch_frequency_cm1"": {""mode_index_0based"": 52, ""projection"": 1.1233039784681018, ""unscaled_cm1"": 3760.09435}}, ""carboxyl_carbon_0based"": 6}], ""precision"": ""fchk"", ""scale"": 1.0}, ""npa_source"": ""selected final log combined-spin NPA table"", ""site_aggregation"": ""equal-weight arithmetic mean; all sites required""}"
45,COc1ccc(C(=O)O)cc1OC,4.395,45,0.52821,-0.70872,-0.69496,0.83265,-0.19828,-0.2051,-0.004014999999999991,0.32776,0.7036,1.066,1.6468,1.0366,0.09644158445887495,-0.07444130498204128,-7.608478672437352,-0.3254322309085377,7.283046441528814,2.3690862360175755,174.75214133333336,0.026608013459237443,221.66778576663344,102.53369881561034,22.918701171875,0.9704671743829646,1.2166388104967822,1.3413110882987584,1.4736586891960646,0.0009937602504946465,3759.04282,1718.5918,complete,,{},"{""aromatic_cooh_site_count"": 1, ""density_surface"": {""density_cube"": ""/gs/bs/tga-ynabae/kikuchi/pka_prediction/data/benzoicacid_v2/density_cube/sub_45_density.cube"", ""esp_cube"": ""/gs/bs/tga-ynabae/kikuchi/pka_prediction/data/benzoicacid_v2/esp_cube/sub_45_esp.cube"", ""isovalue_e_bohr3"": 0.001, ""local_esp_radius_angstrom"": 2.0, ""local_issues_by_site"": [{}], ""local_values_by_site"": [{""esp_max_acidic_h_hartree_per_e"": 0.09644158445887495, ""esp_min_carbonyl_o_hartree_per_e"": -0.07444130498204128}], ""mpi"": ""arithmetic mean of absolute ESP over all grid-edge isosurface intersections"", ""surface_esp"": ""linear grid-edge crossing samples; nearest-nucleus local patches"", ""volume"": ""occupied density grid; discretized electron-density isosurface volume""}, ""fchk"": ""/gs/bs/tga-ynabae/kikuchi/pka_prediction/data/benzoicacid_v2/formchk/sub_45.fchk"", ""geometric_sampling"": {""buried_center"": ""COOH carbon; reference COOH atoms excluded"", ""buried_radius_angstrom"": 3.5, ""buried_samples"": 32768, ""radii"": ""RDKit vdW"", ""sasa_points_per_atom"": 2000, ""sasa_probe_angstrom"": 1.4}, ""ignored_aliphatic_cooh_count"": 0, ""job_selection"": ""last normally terminated job only"", ""local_atom_indices_0based"": {""acidic_hydrogen"": 18, ""carbonyl_oxygen"": 7, ""carboxyl_carbon"": 6, ""hydroxyl_oxygen"": 8, ""ipso_carbon"": 5, ""meta_carbons"": [3, 10], ""ortho_carbons"": [4, 9], ""para_carbon"": 2, ""ring_atoms"": [2, 3, 4, 5, 9, 10], ""substituent_position_counts"": {""meta"": 1, ""ortho"": 0, ""para"": 1, ""total"": 2}, ""substituted_ring_carbons"": [2, 10]}, ""local_atom_indices_by_site_0based"": [{""acidic_hydrogen"": 18, ""carbonyl_oxygen"": 7, ""carboxyl_carbon"": 6, ""hydroxyl_oxygen"": 8, ""ipso_carbon"": 5, ""meta_carbons"": [3, 10], ""ortho_carbons"": [4, 9], ""para_carbon"": 2, ""ring_atoms"": [2, 3, 4, 5, 9, 10], ""substituent_position_counts"": {""meta"": 1, ""ortho"": 0, ""para"": 1, ""total"": 2}, ""substituted_ring_carbons"": [2, 10]}], ""log"": ""/gs/bs/tga-ynabae/kikuchi/pka_prediction/data/benzoicacid_v2/logfile/sub_45.log"", ""normal_modes"": {""aggregation"": ""mean of independently assigned harmonic-mode frequencies"", ""assignments"": {""co_double_stretch_frequency_cm1"": {""mode_index_0based"": 52, ""projection"": 1.1820235562425825, ""unscaled_cm1"": 1718.5918}, ""oh_stretch_frequency_cm1"": {""mode_index_0based"": 62, ""projection"": 1.1231014533862573, ""unscaled_cm1"": 3759.04282}}, ""assignments_by_site"": [{""assignments"": {""co_double_stretch_frequency_cm1"": {""mode_index_0based"": 52, ""projection"": 1.1820235562425825, ""unscaled_cm1"": 1718.5918}, ""oh_stretch_frequency_cm1"": {""mode_index_0based"": 62, ""projection"": 1.1231014533862573, ""unscaled_cm1"": 3759.04282}}, ""carboxyl_carbon_0based"": 6}], ""precision"": ""fchk"", ""scale"": 1.0}, ""npa_source"": ""selected final log combined-spin NPA table"", ""site_aggregation"": ""equal-weight arithmetic mean; all sites required""}"
46,COc1ccc(C=O)c(C(=O)O)c1OC,3.065,46,0.53206,-0.68639,-0.6501,0.84367,-0.1147,0.04712000000000001,0.11290999999999998,-0.28494,0.6969,1.1001,1.7073,0.9611,0.11020284777386041,-0.0722690151038099,-8.060934119656865,-0.9138655276272841,7.147068592029582,8.194958308962686,197.361036,0.033066725146986366,246.99233009440655,85.25932174261823,30.682373046875,0.9728063580354368,1.20885410300543,1.3294718552972307,1.4985195198665553,72.49530790525036,3728.11369,1757.22192,complete,,{},"{""aromatic_cooh_site_count"": 1, ""density_surface"": {""density_cube"": ""/gs/bs/tga-ynabae/kikuchi/pka_prediction/data/benzoicacid_v2/density_cube/sub_46_density.cube"", ""esp_cube"": ""/gs/bs/tga-ynabae/kikuchi/pka_prediction/data/benzoicacid_v2/esp_cube/sub_46_esp.cube"", ""isovalue_e_bohr3"": 0.001, ""local_esp_radius_angstrom"": 2.0, ""local_issues_by_site"": [{}], ""local_values_by_site"": [{""esp_max_acidic_h_hartree_per_e"": 0.11020284777386041, ""esp_min_carbonyl_o_hartree_per_e"": -0.0722690151038099}], ""mpi"": ""arithmetic mean of absolute ESP over all grid-edge isosurface intersections"", ""surface_esp"": ""linear grid-edge crossing samples; nearest-nucleus local patches"", ""volume"": ""occupied density grid; discretized electron-density isosurface volume""}, ""fchk"": ""/gs/bs/tga-ynabae/kikuchi/pka_prediction/data/benzoicacid_v2/formchk/sub_46.fchk"", ""geometric_sampling"": {""buried_center"": ""COOH carbon; reference COOH atoms excluded"", ""buried_radius_angstrom"": 3.5, ""buried_samples"": 32768, ""radii"": ""RDKit vdW"", ""sasa_points_per_atom"": 2000, ""sasa_probe_angstrom"": 1.4}, ""ignored_aliphatic_cooh_count"": 0, ""job_selection"": ""last normally terminated job only"", ""local_atom_indices_0based"": {""acidic_hydrogen"": 21, ""carbonyl_oxygen"": 10, ""carboxyl_carbon"": 9, ""hydroxyl_oxygen"": 11, ""ipso_carbon"": 8, ""meta_carbons"": [2, 4], ""ortho_carbons"": [5, 12], ""para_carbon"": 3, ""ring_atoms"": [2, 3, 4, 5, 8, 12], ""substituent_position_counts"": {""meta"": 1, ""ortho"": 2, ""para"": 0, ""total"": 3}, ""substituted_ring_carbons"": [2, 5, 12]}, ""local_atom_indices_by_site_0based"": [{""acidic_hydrogen"": 21, ""carbonyl_oxygen"": 10, ""carboxyl_carbon"": 9, ""hydroxyl_oxygen"": 11, ""ipso_carbon"": 8, ""meta_carbons"": [2, 4], ""ortho_carbons"": [5, 12], ""para_carbon"": 3, ""ring_atoms"": [2, 3, 4, 5, 8, 12], ""substituent_position_counts"": {""meta"": 1, ""ortho"": 2, ""para"": 0, ""total"": 3}, ""substituted_ring_carbons"": [2, 5, 12]}], ""log"": ""/gs/bs/tga-ynabae/kikuchi/pka_prediction/data/benzoicacid_v2/logfile/sub_46.log"", ""normal_modes"": {""aggregation"": ""mean of independently assigned harmonic-mode frequencies"", ""assignments"": {""co_double_stretch_frequency_cm1"": {""mode_index_0based"": 58, ""projection"": 1.3194214984880273, ""unscaled_cm1"": 1757.22192}, ""oh_stretch_frequency_cm1"": {""mode_index_0based"": 68, ""projection"": 1.1226389600645816, ""unscaled_cm1"": 3728.11369}}, ""assignments_by_site"": [{""assignments"": {""co_double_stretch_frequency_cm1"": {""mode_index_0based"": 58, ""projection"": 1.3194214984880273, ""unscaled_cm1"": 1757.22192}, ""oh_stretch_frequency_cm1"": {""mode_index_0based"": 68, ""projection"": 1.1226389600645816, ""unscaled_cm1"": 3728.11369}}, ""carboxyl_carbon_0based"": 9}], ""precision"": ""fchk"", ""scale"": 1.0}, ""npa_source"": ""selected final log combined-spin NPA table"", ""site_aggregation"": ""equal-weight arithmetic mean; all sites required""}"
47,COc1ccc(N)c(C(=O)O)c1,5.57,47,0.52754,-0.71051,-0.70383,0.83001,-0.23018,0.005135000000000001,0.009615000000000012,-0.23275,0.7042,1.0622,1.6195,1.0653,0.09158309082371045,-0.06154358008718723,-6.920794179123304,-0.40730024974217693,6.513493929381127,4.013949786626132,167.3950401,0.027189067310417883,203.11969687753086,94.01021237122933,26.031494140625,0.9703223851639956,1.2214667071007694,1.3433302223784251,1.4666034195695947,2.6303969358709707,3761.32483,1712.89625,complete,,{},"{""aromatic_cooh_site_count"": 1, ""density_surface"": {""density_cube"": ""/gs/bs/tga-ynabae/kikuchi/pka_prediction/data/benzoicacid_v2/density_cube/sub_47_density.cube"", ""esp_cube"": ""/gs/bs/tga-ynabae/kikuchi/pka_prediction/data/benzoicacid_v2/esp_cube/sub_47_esp.cube"", ""isovalue_e_bohr3"": 0.001, ""local_esp_radius_angstrom"": 2.0, ""local_issues_by_site"": [{}], ""local_values_by_site"": [{""esp_max_acidic_h_hartree_per_e"": 0.09158309082371045, ""esp_min_carbonyl_o_hartree_per_e"": -0.06154358008718723}], ""mpi"": ""arithmetic mean of absolute ESP over all grid-edge isosurface intersections"", ""surface_esp"": ""linear grid-edge crossing samples; nearest-nucleus local patches"", ""volume"": ""occupied density grid; discretized electron-density isosurface volume""}, ""fchk"": ""/gs/bs/tga-ynabae/kikuchi/pka_prediction/data/benzoicacid_v2/formchk/sub_47.fchk"", ""geometric_sampling"": {""buried_center"": ""COOH carbon; reference COOH atoms excluded"", ""buried_radius_angstrom"": 3.5, ""buried_samples"": 32768, ""radii"": ""RDKit vdW"", ""sasa_points_per_atom"": 2000, ""sasa_probe_angstrom"": 1.4}, ""ignored_aliphatic_cooh_count"": 0, ""job_selection"": ""last normally terminated job only"", ""local_atom_indices_0based"": {""acidic_hydrogen"": 19, ""carbonyl_oxygen"": 9, ""carboxyl_carbon"": 8, ""hydroxyl_oxygen"": 10, ""ipso_carbon"": 7, ""meta_carbons"": [2, 4], ""ortho_carbons"": [5, 11], ""para_carbon"": 3, ""ring_atoms"": [2, 3, 4, 5, 7, 11], ""substituent_position_counts"": {""meta"": 1, ""ortho"": 1, ""para"": 0, ""total"": 2}, ""substituted_ring_carbons"": [2, 5]}, ""local_atom_indices_by_site_0based"": [{""acidic_hydrogen"": 19, ""carbonyl_oxygen"": 9, ""carboxyl_carbon"": 8, ""hydroxyl_oxygen"": 10, ""ipso_carbon"": 7, ""meta_carbons"": [2, 4], ""ortho_carbons"": [5, 11], ""para_carbon"": 3, ""ring_atoms"": [2, 3, 4, 5, 7, 11], ""substituent_position_counts"": {""meta"": 1, ""ortho"": 1, ""para"": 0, ""total"": 2}, ""substituted_ring_carbons"": [2, 5]}], ""log"": ""/gs/bs/tga-ynabae/kikuchi/pka_prediction/data/benzoicacid_v2/logfile/sub_47.log"", ""normal_modes"": {""aggregation"": ""mean of independently assigned harmonic-mode frequencies"", ""assignments"": {""co_double_stretch_frequency_cm1"": {""mode_index_0based"": 47, ""projection"": 0.4778892573773923, ""unscaled_cm1"": 1712.89625}, ""oh_stretch_frequency_cm1"": {""mode_index_0based"": 56, ""projection"": 1.1230971981356153, ""unscaled_cm1"": 3761.32483}}, ""assignments_by_site"": [{""assignments"": {""co_double_stretch_frequency_cm1"": {""mode_index_0based"": 47, ""projection"": 0.4778892573773923, ""unscaled_cm1"": 1712.89625}, ""oh_stretch_frequency_cm1"": {""mode_index_0based"": 56, ""projection"": 1.1230971981356153, ""unscaled_cm1"": 3761.32483}}, ""carboxyl_carbon_0based"": 8}], ""precision"": ""fchk"", ""scale"": 1.0}, ""npa_source"": ""selected final log combined-spin NPA table"", ""site_aggregation"": ""equal-weight arithmetic mean; all sites required""}"
48,COc1ccc(O)c(C(=O)O)c1,2.94,48,0.53314,-0.69108,-0.6985,0.84136,-0.23545,0.07726499999999999,0.01657,-0.23291,0.698,1.0946,1.5977,1.0537,0.10881699136537401,-0.0496778183244284,-7.444814592559862,-0.5886031937299119,6.85621139882995,3.7566192335608064,155.89088753333334,0.024563340048640307,196.3792637277642,95.29746425307448,25.9307861328125,0.97136397842868,1.2249433201323834,1.3304310486358497,1.4681717960529261,0.013162831045431637,3752.82858,1679.29906,complete,,{},"{""aromatic_cooh_site_count"": 1, ""density_surface"": {""density_cube"": ""/gs/bs/tga-ynabae/kikuchi/pka_prediction/data/benzoicacid_v2/density_cube/sub_48_density.cube"", ""esp_cube"": ""/gs/bs/tga-ynabae/kikuchi/pka_prediction/data/benzoicacid_v2/esp_cube/sub_48_esp.cube"", ""isovalue_e_bohr3"": 0.001, ""local_esp_radius_angstrom"": 2.0, ""local_issues_by_site"": [{}], ""local_values_by_site"": [{""esp_max_acidic_h_hartree_per_e"": 0.10881699136537401, ""esp_min_carbonyl_o_hartree_per_e"": -0.0496778183244284}], ""mpi"": ""arithmetic mean of absolute ESP over all grid-edge isosurface intersections"", ""surface_esp"": ""linear grid-edge crossing samples; nearest-nucleus local patches"", ""volume"": ""occupied density grid; discretized electron-density isosurface volume""}, ""fchk"": ""/gs/bs/tga-ynabae/kikuchi/pka_prediction/data/benzoicacid_v2/formchk/sub_48.fchk"", ""geometric_sampling"": {""buried_center"": ""COOH carbon; reference COOH atoms excluded"", ""buried_radius_angstrom"": 3.5, ""buried_samples"": 32768, ""radii"": ""RDKit vdW"", ""sasa_points_per_atom"": 2000, ""sasa_probe_angstrom"": 1.4}, ""ignored_aliphatic_cooh_count"": 0, ""job_selection"": ""last normally terminated job only"", ""local_atom_indices_0based"": {""acidic_hydrogen"": 18, ""carbonyl_oxygen"": 9, ""carboxyl_carbon"": 8, ""hydroxyl_oxygen"": 10, ""ipso_carbon"": 7, ""meta_carbons"": [2, 4], ""ortho_carbons"": [5, 11], ""para_carbon"": 3, ""ring_atoms"": [2, 3, 4, 5, 7, 11], ""substituent_position_counts"": {""meta"": 1, ""ortho"": 1, ""para"": 0, ""total"": 2}, ""substituted_ring_carbons"": [2, 5]}, ""local_atom_indices_by_site_0based"": [{""acidic_hydrogen"": 18, ""carbonyl_oxygen"": 9, ""carboxyl_carbon"": 8, ""hydroxyl_oxygen"": 10, ""ipso_carbon"": 7, ""meta_carbons"": [2, 4], ""ortho_carbons"": [5, 11], ""para_carbon"": 3, ""ring_atoms"": [2, 3, 4, 5, 7, 11], ""substituent_position_counts"": {""meta"": 1, ""ortho"": 1, ""para"": 0, ""total"": 2}, ""substituted_ring_carbons"": [2, 5]}], ""log"": ""/gs/bs/tga-ynabae/kikuchi/pka_prediction/data/benzoicacid_v2/logfile/sub_48.log"", ""normal_modes"": {""aggregation"": ""mean of independently assigned harmonic-mode frequencies"", ""assignments"": {""co_double_stretch_frequency_cm1"": {""mode_index_0based"": 44, ""projection"": 0.6938877320078606, ""unscaled_cm1"": 1679.29906}, ""oh_stretch_frequency_cm1"": {""mode_index_0based"": 53, ""projection"": 1.1225326105649491, ""unscaled_cm1"": 3752.82858}}, ""assignments_by_site"": [{""assignments"": {""co_double_stretch_frequency_cm1"": {""mode_index_0based"": 44, ""projection"": 0.6938877320078606, ""unscaled_cm1"": 1679.29906}, ""oh_stretch_frequency_cm1"": {""mode_index_0based"": 53, ""projection"": 1.1225326105649491, ""unscaled_cm1"": 3752.82858}}, ""carboxyl_carbon_0based"": 8}], ""precision"": ""fchk"", ""scale"": 1.0}, ""npa_source"": ""selected final log combined-spin NPA table"", ""site_aggregation"": ""equal-weight arithmetic mean; all sites required""}"
49,COc1cccc(C(=O)O)c1,3.8745,49,0.53016,-0.70396,-0.68346,0.83509,-0.16031,-0.22846,0.060124999999999984,-0.22693,0.7014,1.0747,1.6619,1.0186,0.10250296070599951,-0.071115371523163,-7.9522536661532675,-0.5360131951780391,7.416240470975228,3.6599559232342083,147.29002996666665,0.02336838463365778,188.09258036722537,102.81785587112752,22.9644775390625,0.9710515054277394,1.2145162282139275,1.3378373423295564,1.4828414669074028,0.0009218850002672118,3751.9059,1726.78568,complete,,{},"{""aromatic_cooh_site_count"": 1, ""density_surface"": {""density_cube"": ""/gs/bs/tga-ynabae/kikuchi/pka_prediction/data/benzoicacid_v2/density_cube/sub_49_density.cube"", ""esp_cube"": ""/gs/bs/tga-ynabae/kikuchi/pka_prediction/data/benzoicacid_v2/esp_cube/sub_49_esp.cube"", ""isovalue_e_bohr3"": 0.001, ""local_esp_radius_angstrom"": 2.0, ""local_issues_by_site"": [{}], ""local_values_by_site"": [{""esp_max_acidic_h_hartree_per_e"": 0.10250296070599951, ""esp_min_carbonyl_o_hartree_per_e"": -0.071115371523163}], ""mpi"": ""arithmetic mean of absolute ESP over all grid-edge isosurface intersections"", ""surface_esp"": ""linear grid-edge crossing samples; nearest-nucleus local patches"", ""volume"": ""occupied density grid; discretized electron-density isosurface volume""}, ""fchk"": ""/gs/bs/tga-ynabae/kikuchi/pka_prediction/data/benzoicacid_v2/formchk/sub_49.fchk"", ""geometric_sampling"": {""buried_center"": ""COOH carbon; reference COOH atoms excluded"", ""buried_radius_angstrom"": 3.5, ""buried_samples"": 32768, ""radii"": ""RDKit vdW"", ""sasa_points_per_atom"": 2000, ""sasa_probe_angstrom"": 1.4}, ""ignored_aliphatic_cooh_count"": 0, ""job_selection"": ""last normally terminated job only"", ""local_atom_indices_0based"": {""acidic_hydrogen"": 17, ""carbonyl_oxygen"": 8, ""carboxyl_carbon"": 7, ""hydroxyl_oxygen"": 9, ""ipso_carbon"": 6, ""meta_carbons"": [2, 4], ""ortho_carbons"": [5, 10], ""para_carbon"": 3, ""ring_atoms"": [2, 3, 4, 5, 6, 10], ""substituent_position_counts"": {""meta"": 1, ""ortho"": 0, ""para"": 0, ""total"": 1}, ""substituted_ring_carbons"": [2]}, ""local_atom_indices_by_site_0based"": [{""acidic_hydrogen"": 17, ""carbonyl_oxygen"": 8, ""carboxyl_carbon"": 7, ""hydroxyl_oxygen"": 9, ""ipso_carbon"": 6, ""meta_carbons"": [2, 4], ""ortho_carbons"": [5, 10], ""para_carbon"": 3, ""ring_atoms"": [2, 3, 4, 5, 6, 10], ""substituent_position_counts"": {""meta"": 1, ""ortho"": 0, ""para"": 0, ""total"": 1}, ""substituted_ring_carbons"": [2]}], ""log"": ""/gs/bs/tga-ynabae/kikuchi/pka_prediction/data/benzoicacid_v2/logfile/sub_49.log"", ""normal_modes"": {""aggregation"": ""mean of independently assigned harmonic-mode frequencies"", ""assignments"": {""co_double_stretch_frequency_cm1"": {""mode_index_0based"": 42, ""projection"": 1.2977474294747575, ""unscaled_cm1"": 1726.78568}, ""oh_stretch_frequency_cm1"": {""mode_index_0based"": 50, ""projection"": 1.1232148011445748, ""unscaled_cm1"": 3751.9059}}, ""assignments_by_site"": [{""assignments"": {""co_double_stretch_frequency_cm1"": {""mode_index_0based"": 42, ""projection"": 1.2977474294747575, ""unscaled_cm1"": 1726.78568}, ""oh_stretch_frequency_cm1"": {""mode_index_0based"": 50, ""projection"": 1.1232148011445748, ""unscaled_cm1"": 3751.9059}}, ""carboxyl_carbon_0based"": 7}], ""precision"": ""fchk"", ""scale"": 1.0}, ""npa_source"": ""selected final log combined-spin NPA table"", ""site_aggregation"": ""equal-weight arithmetic mean; all sites required""}"
50,COc1cccc(C(=O)O)c1OC,3.98,50,0.52859,-0.705,-0.67035,0.83969,-0.19623,0.056755,0.044855000000000006,-0.2614,0.7024,1.0713,1.6793,1.0112,0.09606125687176295,-0.1106137382100771,-7.869931848473481,-0.39012555201623855,7.479806296457244,6.074931345095597,170.36492133333334,0.02897063049071756,221.9048893295318,91.93583445002726,27.4261474609375,0.9712879788693891,1.21209430046754,1.3411054434840506,1.4850052154245217,27.218078569389842,3750.1115,1739.54517,complete,,{},"{""aromatic_cooh_site_count"": 1, ""density_surface"": {""density_cube"": ""/gs/bs/tga-ynabae/kikuchi/pka_prediction/data/benzoicacid_v2/density_cube/sub_50_density.cube"", ""esp_cube"": ""/gs/bs/tga-ynabae/kikuchi/pka_prediction/data/benzoicacid_v2/esp_cube/sub_50_esp.cube"", ""isovalue_e_bohr3"": 0.001, ""local_esp_radius_angstrom"": 2.0, ""local_issues_by_site"": [{}], ""local_values_by_site"": [{""esp_max_acidic_h_hartree_per_e"": 0.09606125687176295, ""esp_min_carbonyl_o_hartree_per_e"": -0.1106137382100771}], ""mpi"": ""arithmetic mean of absolute ESP over all grid-edge isosurface intersections"", ""surface_esp"": ""linear grid-edge crossing samples; nearest-nucleus local patches"", ""volume"": ""occupied density grid; discretized electron-density isosurface volume""}, ""fchk"": ""/gs/bs/tga-ynabae/kikuchi/pka_prediction/data/benzoicacid_v2/formchk/sub_50.fchk"", ""geometric_sampling"": {""buried_center"": ""COOH carbon; reference COOH atoms excluded"", ""buried_radius_angstrom"": 3.5, ""buried_samples"": 32768, ""radii"": ""RDKit vdW"", ""sasa_points_per_atom"": 2000, ""sasa_probe_angstrom"": 1.4}, ""ignored_aliphatic_cooh_count"": 0, ""job_selection"": ""last normally terminated job only"", ""local_atom_indices_0based"": {""acidic_hydrogen"": 19, ""carbonyl_oxygen"": 8, ""carboxyl_carbon"": 7, ""hydroxyl_oxygen"": 9, ""ipso_carbon"": 6, ""meta_carbons"": [2, 4], ""ortho_carbons"": [5, 10], ""para_carbon"": 3, ""ring_atoms"": [2, 3, 4, 5, 6, 10], ""substituent_position_counts"": {""meta"": 1, ""ortho"": 1, ""para"": 0, ""total"": 2}, ""substituted_ring_carbons"": [2, 10]}, ""local_atom_indices_by_site_0based"": [{""acidic_hydrogen"": 19, ""carbonyl_oxygen"": 8, ""carboxyl_carbon"": 7, ""hydroxyl_oxygen"": 9, ""ipso_carbon"": 6, ""meta_carbons"": [2, 4], ""ortho_carbons"": [5, 10], ""para_carbon"": 3, ""ring_atoms"": [2, 3, 4, 5, 6, 10], ""substituent_position_counts"": {""meta"": 1, ""ortho"": 1, ""para"": 0, ""total"": 2}, ""substituted_ring_carbons"": [2, 10]}], ""log"": ""/gs/bs/tga-ynabae/kikuchi/pka_prediction/data/benzoicacid_v2/logfile/sub_50.log"", ""normal_modes"": {""aggregation"": ""mean of independently assigned harmonic-mode frequencies"", ""assignments"": {""co_double_stretch_frequency_cm1"": {""mode_index_0based"": 52, ""projection"": 1.351040146144534, ""unscaled_cm1"": 1739.54517}, ""oh_stretch_frequency_cm1"": {""mode_index_0based"": 62, ""projection"": 1.1227497537923963, ""unscaled_cm1"": 3750.1115}}, ""assignments_by_site"": [{""assignments"": {""co_double_stretch_frequency_cm1"": {""mode_index_0based"": 52, ""projection"": 1.351040146144534, ""unscaled_cm1"": 1739.54517}, ""oh_stretch_frequency_cm1"": {""mode_index_0based"": 62, ""projection"": 1.1227497537923963, ""unscaled_cm1"": 3750.1115}}, ""carboxyl_carbon_0based"": 7}], ""precision"": ""fchk"", ""scale"": 1.0}, ""npa_source"": ""selected final log combined-spin NPA table"", ""site_aggregation"": ""equal-weight arithmetic mean; all sites required""}"
51,COc1cccc(OC)c1C(=O)O,3.44,51,0.52713,-0.69683,-0.6666,0.85404,-0.26184,0.37921000000000005,-0.33224,-0.15258,0.7023,1.0847,1.6966,0.9822,0.0840247617233787,-0.09376690167881832,-7.8059911589345425,0.13568796388041476,7.941679122814957,5.279725666148596,168.84492766666668,0.03162275081549877,221.915466765284,96.06186086958267,27.1697998046875,0.9722164269639035,1.2112439651876692,1.3365609327182562,1.4875790364467194,61.86895221278147,3735.4996,1740.74444,complete,,{},"{""aromatic_cooh_site_count"": 1, ""density_surface"": {""density_cube"": ""/gs/bs/tga-ynabae/kikuchi/pka_prediction/data/benzoicacid_v2/density_cube/sub_51_density.cube"", ""esp_cube"": ""/gs/bs/tga-ynabae/kikuchi/pka_prediction/data/benzoicacid_v2/esp_cube/sub_51_esp.cube"", ""isovalue_e_bohr3"": 0.001, ""local_esp_radius_angstrom"": 2.0, ""local_issues_by_site"": [{}], ""local_values_by_site"": [{""esp_max_acidic_h_hartree_per_e"": 0.0840247617233787, ""esp_min_carbonyl_o_hartree_per_e"": -0.09376690167881832}], ""mpi"": ""arithmetic mean of absolute ESP over all grid-edge isosurface intersections"", ""surface_esp"": ""linear grid-edge crossing samples; nearest-nucleus local patches"", ""volume"": ""occupied density grid; discretized electron-density isosurface volume""}, ""fchk"": ""/gs/bs/tga-ynabae/kikuchi/pka_prediction/data/benzoicacid_v2/formchk/sub_51.fchk"", ""geometric_sampling"": {""buried_center"": ""COOH carbon; reference COOH atoms excluded"", ""buried_radius_angstrom"": 3.5, ""buried_samples"": 32768, ""radii"": ""RDKit vdW"", ""sasa_points_per_atom"": 2000, ""sasa_probe_angstrom"": 1.4}, ""ignored_aliphatic_cooh_count"": 0, ""job_selection"": ""last normally terminated job only"", ""local_atom_indices_0based"": {""acidic_hydrogen"": 22, ""carbonyl_oxygen"": 11, ""carboxyl_carbon"": 10, ""hydroxyl_oxygen"": 12, ""ipso_carbon"": 9, ""meta_carbons"": [3, 5], ""ortho_carbons"": [2, 6], ""para_carbon"": 4, ""ring_atoms"": [2, 3, 4, 5, 6, 9], ""substituent_position_counts"": {""meta"": 0, ""ortho"": 2, ""para"": 0, ""total"": 2}, ""substituted_ring_carbons"": [2, 6]}, ""local_atom_indices_by_site_0based"": [{""acidic_hydrogen"": 22, ""carbonyl_oxygen"": 11, ""carboxyl_carbon"": 10, ""hydroxyl_oxygen"": 12, ""ipso_carbon"": 9, ""meta_carbons"": [3, 5], ""ortho_carbons"": [2, 6], ""para_carbon"": 4, ""ring_atoms"": [2, 3, 4, 5, 6, 9], ""substituent_position_counts"": {""meta"": 0, ""ortho"": 2, ""para"": 0, ""total"": 2}, ""substituted_ring_carbons"": [2, 6]}], ""log"": ""/gs/bs/tga-ynabae/kikuchi/pka_prediction/data/benzoicacid_v2/logfile/sub_51.log"", ""normal_modes"": {""aggregation"": ""mean of independently assigned harmonic-mode frequencies"", ""assignments"": {""co_double_stretch_frequency_cm1"": {""mode_index_0based"": 52, ""projection"": 1.375535404452716, ""unscaled_cm1"": 1740.74444}, ""oh_stretch_frequency_cm1"": {""mode_index_0based"": 62, ""projection"": 1.1227656905734362, ""unscaled_cm1"": 3735.4996}}, ""assignments_by_site"": [{""assignments"": {""co_double_stretch_frequency_cm1"": {""mode_index_0based"": 52, ""projection"": 1.375535404452716, ""unscaled_cm1"": 1740.74444}, ""oh_stretch_frequency_cm1"": {""mode_index_0based"": 62, ""projection"": 1.1227656905734362, ""unscaled_cm1"": 3735.4996}}, ""carboxyl_carbon_0based"": 10}], ""precision"": ""fchk"", ""scale"": 1.0}, ""npa_source"": ""selected final log combined-spin NPA table"", ""site_aggregation"": ""equal-weight arithmetic mean; all sites required""}"
52,COc1ccccc1C(=O)O,3.9,52,0.52594,-0.69498,-0.69252,0.83882,-0.23194,0.115525,-0.28225,-0.15882,0.7038,1.0823,1.6507,1.0243,0.08680579892670257,-0.0778761148931253,-7.967518791243701,-0.36897344215460554,7.598545349089096,5.3401597702055605,148.76462853333334,0.02750948525413043,187.54006277029737,97.93659057764911,24.6429443359375,0.9713847212441656,1.2167613032314524,1.3360139326245235,1.481146364789513,25.00321274420354,3747.83401,1706.85198,complete,,{},"{""aromatic_cooh_site_count"": 1, ""density_surface"": {""density_cube"": ""/gs/bs/tga-ynabae/kikuchi/pka_prediction/data/benzoicacid_v2/density_cube/sub_52_density.cube"", ""esp_cube"": ""/gs/bs/tga-ynabae/kikuchi/pka_prediction/data/benzoicacid_v2/esp_cube/sub_52_esp.cube"", ""isovalue_e_bohr3"": 0.001, ""local_esp_radius_angstrom"": 2.0, ""local_issues_by_site"": [{}], ""local_values_by_site"": [{""esp_max_acidic_h_hartree_per_e"": 0.08680579892670257, ""esp_min_carbonyl_o_hartree_per_e"": -0.0778761148931253}], ""mpi"": ""arithmetic mean of absolute ESP over all grid-edge isosurface intersections"", ""surface_esp"": ""linear grid-edge crossing samples; nearest-nucleus local patches"", ""volume"": ""occupied density grid; discretized electron-density isosurface volume""}, ""fchk"": ""/gs/bs/tga-ynabae/kikuchi/pka_prediction/data/benzoicacid_v2/formchk/sub_52.fchk"", ""geometric_sampling"": {""buried_center"": ""COOH carbon; reference COOH atoms excluded"", ""buried_radius_angstrom"": 3.5, ""buried_samples"": 32768, ""radii"": ""RDKit vdW"", ""sasa_points_per_atom"": 2000, ""sasa_probe_angstrom"": 1.4}, ""ignored_aliphatic_cooh_count"": 0, ""job_selection"": ""last normally terminated job only"", ""local_atom_indices_0based"": {""acidic_hydrogen"": 18, ""carbonyl_oxygen"": 9, ""carboxyl_carbon"": 8, ""hydroxyl_oxygen"": 10, ""ipso_carbon"": 7, ""meta_carbons"": [3, 5], ""ortho_carbons"": [2, 6], ""para_carbon"": 4, ""ring_atoms"": [2, 3, 4, 5, 6, 7], ""substituent_position_counts"": {""meta"": 0, ""ortho"": 1, ""para"": 0, ""total"": 1}, ""substituted_ring_carbons"": [2]}, ""local_atom_indices_by_site_0based"": [{""acidic_hydrogen"": 18, ""carbonyl_oxygen"": 9, ""carboxyl_carbon"": 8, ""hydroxyl_oxygen"": 10, ""ipso_carbon"": 7, ""meta_carbons"": [3, 5], ""ortho_carbons"": [2, 6], ""para_carbon"": 4, ""ring_atoms"": [2, 3, 4, 5, 6, 7], ""substituent_position_counts"": {""meta"": 0, ""ortho"": 1, ""para"": 0, ""total"": 1}, ""substituted_ring_carbons"": [2]}], ""log"": ""/gs/bs/tga-ynabae/kikuchi/pka_prediction/data/benzoicacid_v2/logfile/sub_52.log"", ""normal_modes"": {""aggregation"": ""mean of independently assigned harmonic-mode frequencies"", ""assignments"": {""co_double_stretch_frequency_cm1"": {""mode_index_0based"": 42, ""projection"": 1.2571139420162254, ""unscaled_cm1"": 1706.85198}, ""oh_stretch_frequency_cm1"": {""mode_index_0based"": 50, ""projection"": 1.122555619477343, ""unscaled_cm1"": 3747.83401}}, ""assignments_by_site"": [{""assignments"": {""co_double_stretch_frequency_cm1"": {""mode_index_0based"": 42, ""projection"": 1.2571139420162254, ""unscaled_cm1"": 1706.85198}, ""oh_stretch_frequency_cm1"": {""mode_index_0based"": 50, ""projection"": 1.122555619477343, ""unscaled_cm1"": 3747.83401}}, ""carboxyl_carbon_0based"": 8}], ""precision"": ""fchk"", ""scale"": 1.0}, ""npa_source"": ""selected final log combined-spin NPA table"", ""site_aggregation"": ""equal-weight arithmetic mean; all sites required""}"
53,C[Si](C)(C)c1ccc(C(=O)O)cc1,4.234,53,0.52905,-0.70466,-0.68583,0.83392,-0.18424,-0.1683,-0.20862999999999998,-0.42853,0.7026,1.0728,1.6592,1.0226,0.09702768672554984,-0.07271592600778812,-8.629217118188873,-0.5785516178604471,8.050665500328426,3.6316555672014164,210.45701466666665,0.018137048561946374,265.6482904205704,102.4978846593594,22.86376953125,0.9706929165697128,1.2149872857547435,1.3389205392649848,1.4801157424265394,0.005169944946307043,3757.07856,1724.87543,complete,,{},"{""aromatic_cooh_site_count"": 1, ""density_surface"": {""density_cube"": ""/gs/bs/tga-ynabae/kikuchi/pka_prediction/data/benzoicacid_v2/density_cube/sub_53_density.cube"", ""esp_cube"": ""/gs/bs/tga-ynabae/kikuchi/pka_prediction/data/benzoicacid_v2/esp_cube/sub_53_esp.cube"", ""isovalue_e_bohr3"": 0.001, ""local_esp_radius_angstrom"": 2.0, ""local_issues_by_site"": [{}], ""local_values_by_site"": [{""esp_max_acidic_h_hartree_per_e"": 0.09702768672554984, ""esp_min_carbonyl_o_hartree_per_e"": -0.07271592600778812}], ""mpi"": ""arithmetic mean of absolute ESP over all grid-edge isosurface intersections"", ""surface_esp"": ""linear grid-edge crossing samples; nearest-nucleus local patches"", ""volume"": ""occupied density grid; discretized electron-density isosurface volume""}, ""fchk"": ""/gs/bs/tga-ynabae/kikuchi/pka_prediction/data/benzoicacid_v2/formchk/sub_53.fchk"", ""geometric_sampling"": {""buried_center"": ""COOH carbon; reference COOH atoms excluded"", ""buried_radius_angstrom"": 3.5, ""buried_samples"": 32768, ""radii"": ""RDKit vdW"", ""sasa_points_per_atom"": 2000, ""sasa_probe_angstrom"": 1.4}, ""ignored_aliphatic_cooh_count"": 0, ""job_selection"": ""last normally terminated job only"", ""local_atom_indices_0based"": {""acidic_hydrogen"": 24, ""carbonyl_oxygen"": 9, ""carboxyl_carbon"": 8, ""hydroxyl_oxygen"": 10, ""ipso_carbon"": 7, ""meta_carbons"": [5, 12], ""ortho_carbons"": [6, 11], ""para_carbon"": 4, ""ring_atoms"": [4, 5, 6, 7, 11, 12], ""substituent_position_counts"": {""meta"": 0, ""ortho"": 0, ""para"": 1, ""total"": 1}, ""substituted_ring_carbons"": [4]}, ""local_atom_indices_by_site_0based"": [{""acidic_hydrogen"": 24, ""carbonyl_oxygen"": 9, ""carboxyl_carbon"": 8, ""hydroxyl_oxygen"": 10, ""ipso_carbon"": 7, ""meta_carbons"": [5, 12], ""ortho_carbons"": [6, 11], ""para_carbon"": 4, ""ring_atoms"": [4, 5, 6, 7, 11, 12], ""substituent_position_counts"": {""meta"": 0, ""ortho"": 0, ""para"": 1, ""total"": 1}, ""substituted_ring_carbons"": [4]}], ""log"": ""/gs/bs/tga-ynabae/kikuchi/pka_prediction/data/benzoicacid_v2/logfile/sub_53.log"", ""normal_modes"": {""aggregation"": ""mean of independently assigned harmonic-mode frequencies"", ""assignments"": {""co_double_stretch_frequency_cm1"": {""mode_index_0based"": 60, ""projection"": 1.3035360923082706, ""unscaled_cm1"": 1724.87543}, ""oh_stretch_frequency_cm1"": {""mode_index_0based"": 74, ""projection"": 1.123299651513327, ""unscaled_cm1"": 3757.07856}}, ""assignments_by_site"": [{""assignments"": {""co_double_stretch_frequency_cm1"": {""mode_index_0based"": 60, ""projection"": 1.3035360923082706, ""unscaled_cm1"": 1724.87543}, ""oh_stretch_frequency_cm1"": {""mode_index_0based"": 74, ""projection"": 1.123299651513327, ""unscaled_cm1"": 3757.07856}}, ""carboxyl_carbon_0based"": 8}], ""precision"": ""fchk"", ""scale"": 1.0}, ""npa_source"": ""selected final log combined-spin NPA table"", ""site_aggregation"": ""equal-weight arithmetic mean; all sites required""}"
56,Cc1cc(C(=O)O)c2ccccc2c1,3.72,56,0.52903,-0.69911,-0.68374,0.84068,-0.15117,-0.09192499999999999,-0.050714999999999996,-0.16728,0.7009,1.0793,1.6665,1.0086,0.09956681412861668,-0.07254055923405396,-7.570851121284421,-0.6429457416129574,6.927905379671464,2.846806140561948,221.9916093333333,0.021538218818276455,236.88727300522652,94.86037446718052,25.958251953125,0.9716024355769991,1.2148199008494802,1.3362568232960528,1.4865547991662986,36.708652820054176,3745.68824,1720.80408,complete,,{},"{""aromatic_cooh_site_count"": 1, ""density_surface"": {""density_cube"": ""/gs/bs/tga-ynabae/kikuchi/pka_prediction/data/benzoicacid_v2/density_cube/sub_56_density.cube"", ""esp_cube"": ""/gs/bs/tga-ynabae/kikuchi/pka_prediction/data/benzoicacid_v2/esp_cube/sub_56_esp.cube"", ""isovalue_e_bohr3"": 0.001, ""local_esp_radius_angstrom"": 2.0, ""local_issues_by_site"": [{}], ""local_values_by_site"": [{""esp_max_acidic_h_hartree_per_e"": 0.09956681412861668, ""esp_min_carbonyl_o_hartree_per_e"": -0.07254055923405396}], ""mpi"": ""arithmetic mean of absolute ESP over all grid-edge isosurface intersections"", ""surface_esp"": ""linear grid-edge crossing samples; nearest-nucleus local patches"", ""volume"": ""occupied density grid; discretized electron-density isosurface volume""}, ""fchk"": ""/gs/bs/tga-ynabae/kikuchi/pka_prediction/data/benzoicacid_v2/formchk/sub_56.fchk"", ""geometric_sampling"": {""buried_center"": ""COOH carbon; reference COOH atoms excluded"", ""buried_radius_angstrom"": 3.5, ""buried_samples"": 32768, ""radii"": ""RDKit vdW"", ""sasa_points_per_atom"": 2000, ""sasa_probe_angstrom"": 1.4}, ""ignored_aliphatic_cooh_count"": 0, ""job_selection"": ""last normally terminated job only"", ""local_atom_indices_0based"": {""acidic_hydrogen"": 18, ""carbonyl_oxygen"": 5, ""carboxyl_carbon"": 4, ""hydroxyl_oxygen"": 6, ""ipso_carbon"": 3, ""meta_carbons"": [1, 12], ""ortho_carbons"": [2, 7], ""para_carbon"": 13, ""ring_atoms"": [1, 2, 3, 7, 12, 13], ""substituent_position_counts"": {""meta"": 2, ""ortho"": 1, ""para"": 0, ""total"": 3}, ""substituted_ring_carbons"": [1, 7, 12]}, ""local_atom_indices_by_site_0based"": [{""acidic_hydrogen"": 18, ""carbonyl_oxygen"": 5, ""carboxyl_carbon"": 4, ""hydroxyl_oxygen"": 6, ""ipso_carbon"": 3, ""meta_carbons"": [1, 12], ""ortho_carbons"": [2, 7], ""para_carbon"": 13, ""ring_atoms"": [1, 2, 3, 7, 12, 13], ""substituent_position_counts"": {""meta"": 2, ""ortho"": 1, ""para"": 0, ""total"": 3}, ""substituted_ring_carbons"": [1, 7, 12]}], ""log"": ""/gs/bs/tga-ynabae/kikuchi/pka_prediction/data/benzoicacid_v2/logfile/sub_56.log"", ""normal_modes"": {""aggregation"": ""mean of independently assigned harmonic-mode frequencies"", ""assignments"": {""co_double_stretch_frequency_cm1"": {""mode_index_0based"": 55, ""projection"": 1.1590841350712469, ""unscaled_cm1"": 1720.80408}, ""oh_stretch_frequency_cm1"": {""mode_index_0based"": 65, ""projection"": 1.1226486062854946, ""unscaled_cm1"": 3745.68824}}, ""assignments_by_site"": [{""assignments"": {""co_double_stretch_frequency_cm1"": {""mode_index_0based"": 55, ""projection"": 1.1590841350712469, ""unscaled_cm1"": 1720.80408}, ""oh_stretch_frequency_cm1"": {""mode_index_0based"": 65, ""projection"": 1.1226486062854946, ""unscaled_cm1"": 3745.68824}}, ""carboxyl_carbon_0based"": 4}], ""precision"": ""fchk"", ""scale"": 1.0}, ""npa_source"": ""selected final log combined-spin NPA table"", ""site_aggregation"": ""equal-weight arithmetic mean; all sites required""}"
57,Cc1cc(C(=O)O)cc(C)c1C,4.52,57,0.52754,-0.70806,-0.69361,0.83475,-0.18726,-0.17491,-0.034144999999999995,0.01994,0.7041,1.0672,1.6508,1.0316,0.09180190812100794,-0.07738410371993275,-8.199719727065395,-0.3614310146051902,7.838288712460205,4.461799732231262,179.55408333333332,0.022213604417618955,222.05217250397507,102.32638511639995,22.88818359375,0.970420335559236,1.216446358746716,1.3412210178166417,1.4762567996018106,0.0005767365790572726,3760.13928,1717.04541,complete,,{},"{""aromatic_cooh_site_count"": 1, ""density_surface"": {""density_cube"": ""/gs/bs/tga-ynabae/kikuchi/pka_prediction/data/benzoicacid_v2/density_cube/sub_57_density.cube"", ""esp_cube"": ""/gs/bs/tga-ynabae/kikuchi/pka_prediction/data/benzoicacid_v2/esp_cube/sub_57_esp.cube"", ""isovalue_e_bohr3"": 0.001, ""local_esp_radius_angstrom"": 2.0, ""local_issues_by_site"": [{}], ""local_values_by_site"": [{""esp_max_acidic_h_hartree_per_e"": 0.09180190812100794, ""esp_min_carbonyl_o_hartree_per_e"": -0.07738410371993275}], ""mpi"": ""arithmetic mean of absolute ESP over all grid-edge isosurface intersections"", ""surface_esp"": ""linear grid-edge crossing samples; nearest-nucleus local patches"", ""volume"": ""occupied density grid; discretized electron-density isosurface volume""}, ""fchk"": ""/gs/bs/tga-ynabae/kikuchi/pka_prediction/data/benzoicacid_v2/formchk/sub_57.fchk"", ""geometric_sampling"": {""buried_center"": ""COOH carbon; reference COOH atoms excluded"", ""buried_radius_angstrom"": 3.5, ""buried_samples"": 32768, ""radii"": ""RDKit vdW"", ""sasa_points_per_atom"": 2000, ""sasa_probe_angstrom"": 1.4}, ""ignored_aliphatic_cooh_count"": 0, ""job_selection"": ""last normally terminated job only"", ""local_atom_indices_0based"": {""acidic_hydrogen"": 16, ""carbonyl_oxygen"": 5, ""carboxyl_carbon"": 4, ""hydroxyl_oxygen"": 6, ""ipso_carbon"": 3, ""meta_carbons"": [1, 8], ""ortho_carbons"": [2, 7], ""para_carbon"": 10, ""ring_atoms"": [1, 2, 3, 7, 8, 10], ""substituent_position_counts"": {""meta"": 2, ""ortho"": 0, ""para"": 1, ""total"": 3}, ""substituted_ring_carbons"": [1, 8, 10]}, ""local_atom_indices_by_site_0based"": [{""acidic_hydrogen"": 16, ""carbonyl_oxygen"": 5, ""carboxyl_carbon"": 4, ""hydroxyl_oxygen"": 6, ""ipso_carbon"": 3, ""meta_carbons"": [1, 8], ""ortho_carbons"": [2, 7], ""para_carbon"": 10, ""ring_atoms"": [1, 2, 3, 7, 8, 10], ""substituent_position_counts"": {""meta"": 2, ""ortho"": 0, ""para"": 1, ""total"": 3}, ""substituted_ring_carbons"": [1, 8, 10]}], ""log"": ""/gs/bs/tga-ynabae/kikuchi/pka_prediction/data/benzoicacid_v2/logfile/sub_57.log"", ""normal_modes"": {""aggregation"": ""mean of independently assigned harmonic-mode frequencies"", ""assignments"": {""co_double_stretch_frequency_cm1"": {""mode_index_0based"": 53, ""projection"": 1.2436407286275106, ""unscaled_cm1"": 1717.04541}, ""oh_stretch_frequency_cm1"": {""mode_index_0based"": 65, ""projection"": 1.1233521502408397, ""unscaled_cm1"": 3760.13928}}, ""assignments_by_site"": [{""assignments"": {""co_double_stretch_frequency_cm1"": {""mode_index_0based"": 53, ""projection"": 1.2436407286275106, ""unscaled_cm1"": 1717.04541}, ""oh_stretch_frequency_cm1"": {""mode_index_0based"": 65, ""projection"": 1.1233521502408397, ""unscaled_cm1"": 3760.13928}}, ""carboxyl_carbon_0based"": 4}], ""precision"": ""fchk"", ""scale"": 1.0}, ""npa_source"": ""selected final log combined-spin NPA table"", ""site_aggregation"": ""equal-weight arithmetic mean; all sites required""}"
58,Cc1cc(C)c(C(=O)O)c(C)c1,3.498,58,0.52623,-0.70098,-0.67621,0.85148,-0.1898,0.020545,-0.23816500000000002,0.00827,0.7031,1.078,1.6812,0.9926,0.09744719180670587,-0.0734078228471383,-8.17041129533836,0.08237441728939986,8.252785712627759,2.8749673850682878,177.04336766666665,0.01965408894937248,222.8916800176626,82.5326549387513,31.3568115234375,0.9719204449221086,1.2135897097796284,1.338510977048323,1.4873165277281215,53.972052943295175,3737.82958,1734.25178,complete,,{},"{""aromatic_cooh_site_count"": 1, ""density_surface"": {""density_cube"": ""/gs/bs/tga-ynabae/kikuchi/pka_prediction/data/benzoicacid_v2/density_cube/sub_58_density.cube"", ""esp_cube"": ""/gs/bs/tga-ynabae/kikuchi/pka_prediction/data/benzoicacid_v2/esp_cube/sub_58_esp.cube"", ""isovalue_e_bohr3"": 0.001, ""local_esp_radius_angstrom"": 2.0, ""local_issues_by_site"": [{}], ""local_values_by_site"": [{""esp_max_acidic_h_hartree_per_e"": 0.09744719180670587, ""esp_min_carbonyl_o_hartree_per_e"": -0.0734078228471383}], ""mpi"": ""arithmetic mean of absolute ESP over all grid-edge isosurface intersections"", ""surface_esp"": ""linear grid-edge crossing samples; nearest-nucleus local patches"", ""volume"": ""occupied density grid; discretized electron-density isosurface volume""}, ""fchk"": ""/gs/bs/tga-ynabae/kikuchi/pka_prediction/data/benzoicacid_v2/formchk/sub_58.fchk"", ""geometric_sampling"": {""buried_center"": ""COOH carbon; reference COOH atoms excluded"", ""buried_radius_angstrom"": 3.5, ""buried_samples"": 32768, ""radii"": ""RDKit vdW"", ""sasa_points_per_atom"": 2000, ""sasa_probe_angstrom"": 1.4}, ""ignored_aliphatic_cooh_count"": 0, ""job_selection"": ""last normally terminated job only"", ""local_atom_indices_0based"": {""acidic_hydrogen"": 19, ""carbonyl_oxygen"": 7, ""carboxyl_carbon"": 6, ""hydroxyl_oxygen"": 8, ""ipso_carbon"": 5, ""meta_carbons"": [2, 11], ""ortho_carbons"": [3, 9], ""para_carbon"": 1, ""ring_atoms"": [1, 2, 3, 5, 9, 11], ""substituent_position_counts"": {""meta"": 0, ""ortho"": 2, ""para"": 1, ""total"": 3}, ""substituted_ring_carbons"": [1, 3, 9]}, ""local_atom_indices_by_site_0based"": [{""acidic_hydrogen"": 19, ""carbonyl_oxygen"": 7, ""carboxyl_carbon"": 6, ""hydroxyl_oxygen"": 8, ""ipso_carbon"": 5, ""meta_carbons"": [2, 11], ""ortho_carbons"": [3, 9], ""para_carbon"": 1, ""ring_atoms"": [1, 2, 3, 5, 9, 11], ""substituent_position_counts"": {""meta"": 0, ""ortho"": 2, ""para"": 1, ""total"": 3}, ""substituted_ring_carbons"": [1, 3, 9]}], ""log"": ""/gs/bs/tga-ynabae/kikuchi/pka_prediction/data/benzoicacid_v2/logfile/sub_58.log"", ""normal_modes"": {""aggregation"": ""mean of independently assigned harmonic-mode frequencies"", ""assignments"": {""co_double_stretch_frequency_cm1"": {""mode_index_0based"": 53, ""projection"": 1.3457548352996551, ""unscaled_cm1"": 1734.25178}, ""oh_stretch_frequency_cm1"": {""mode_index_0based"": 65, ""projection"": 1.1228519365745848, ""unscaled_cm1"": 3737.82958}}, ""assignments_by_site"": [{""assignments"": {""co_double_stretch_frequency_cm1"": {""mode_index_0based"": 53, ""projection"": 1.3457548352996551, ""unscaled_cm1"": 1734.25178}, ""oh_stretch_frequency_cm1"": {""mode_index_0based"": 65, ""projection"": 1.1228519365745848, ""unscaled_cm1"": 3737.82958}}, ""carboxyl_carbon_0based"": 6}], ""precision"": ""fchk"", ""scale"": 1.0}, ""npa_source"": ""selected final log combined-spin NPA table"", ""site_aggregation"": ""equal-weight arithmetic mean; all sites required""}"
59,Cc1cc(C)c(C(=O)O)cc1C,4.38,59,0.5266,-0.69927,-0.70145,0.83815,-0.20243,-0.06126500000000001,-0.138375,0.01832,0.7033,1.0756,1.6419,1.0301,0.09294311650317791,-0.07732728849720341,-8.019389462242438,-0.2710181198008038,7.748371342441635,3.8175292215504246,180.105454,0.02033272189340811,221.93681012436676,91.16854756827775,26.385498046875,0.9710415073591916,1.2182574586960009,1.3372786886637469,1.4809592484550933,17.62854510090822,3749.11081,1707.43514,complete,,{},"{""aromatic_cooh_site_count"": 1, ""density_surface"": {""density_cube"": ""/gs/bs/tga-ynabae/kikuchi/pka_prediction/data/benzoicacid_v2/density_cube/sub_59_density.cube"", ""esp_cube"": ""/gs/bs/tga-ynabae/kikuchi/pka_prediction/data/benzoicacid_v2/esp_cube/sub_59_esp.cube"", ""isovalue_e_bohr3"": 0.001, ""local_esp_radius_angstrom"": 2.0, ""local_issues_by_site"": [{}], ""local_values_by_site"": [{""esp_max_acidic_h_hartree_per_e"": 0.09294311650317791, ""esp_min_carbonyl_o_hartree_per_e"": -0.07732728849720341}], ""mpi"": ""arithmetic mean of absolute ESP over all grid-edge isosurface intersections"", ""surface_esp"": ""linear grid-edge crossing samples; nearest-nucleus local patches"", ""volume"": ""occupied density grid; discretized electron-density isosurface volume""}, ""fchk"": ""/gs/bs/tga-ynabae/kikuchi/pka_prediction/data/benzoicacid_v2/formchk/sub_59.fchk"", ""geometric_sampling"": {""buried_center"": ""COOH carbon; reference COOH atoms excluded"", ""buried_radius_angstrom"": 3.5, ""buried_samples"": 32768, ""radii"": ""RDKit vdW"", ""sasa_points_per_atom"": 2000, ""sasa_probe_angstrom"": 1.4}, ""ignored_aliphatic_cooh_count"": 0, ""job_selection"": ""last normally terminated job only"", ""local_atom_indices_0based"": {""acidic_hydrogen"": 19, ""carbonyl_oxygen"": 7, ""carboxyl_carbon"": 6, ""hydroxyl_oxygen"": 8, ""ipso_carbon"": 5, ""meta_carbons"": [2, 10], ""ortho_carbons"": [3, 9], ""para_carbon"": 1, ""ring_atoms"": [1, 2, 3, 5, 9, 10], ""substituent_position_counts"": {""meta"": 1, ""ortho"": 1, ""para"": 1, ""total"": 3}, ""substituted_ring_carbons"": [1, 3, 10]}, ""local_atom_indices_by_site_0based"": [{""acidic_hydrogen"": 19, ""carbonyl_oxygen"": 7, ""carboxyl_carbon"": 6, ""hydroxyl_oxygen"": 8, ""ipso_carbon"": 5, ""meta_carbons"": [2, 10], ""ortho_carbons"": [3, 9], ""para_carbon"": 1, ""ring_atoms"": [1, 2, 3, 5, 9, 10], ""substituent_position_counts"": {""meta"": 1, ""ortho"": 1, ""para"": 1, ""total"": 3}, ""substituted_ring_carbons"": [1, 3, 10]}], ""log"": ""/gs/bs/tga-ynabae/kikuchi/pka_prediction/data/benzoicacid_v2/logfile/sub_59.log"", ""normal_modes"": {""aggregation"": ""mean of independently assigned harmonic-mode frequencies"", ""assignments"": {""co_double_stretch_frequency_cm1"": {""mode_index_0based"": 53, ""projection"": 0.8207026456386793, ""unscaled_cm1"": 1707.43514}, ""oh_stretch_frequency_cm1"": {""mode_index_0based"": 65, ""projection"": 1.1227785941049113, ""unscaled_cm1"": 3749.11081}}, ""assignments_by_site"": [{""assignments"": {""co_double_stretch_frequency_cm1"": {""mode_index_0based"": 53, ""projection"": 0.8207026456386793, ""unscaled_cm1"": 1707.43514}, ""oh_stretch_frequency_cm1"": {""mode_index_0based"": 65, ""projection"": 1.1227785941049113, ""unscaled_cm1"": 3749.11081}}, ""carboxyl_carbon_0based"": 6}], ""precision"": ""fchk"", ""scale"": 1.0}, ""npa_source"": ""selected final log combined-spin NPA table"", ""site_aggregation"": ""equal-weight arithmetic mean; all sites required""}"
60,Cc1cc(C)c(C)c(C(=O)O)c1,4.01,60,0.52706,-0.69987,-0.6862,0.84503,-0.17074,-0.08793999999999999,-0.029435,-0.19267,0.7027,1.0784,1.6691,1.0054,0.09664416815162086,-0.07723773347959982,-7.955934876907397,-0.09273331610610204,7.863201560801295,3.6947362567433104,177.42712533333335,0.020846680984385597,222.5205700094741,93.09060536967053,26.6693115234375,0.9715668678468505,1.2151435259055094,1.337233469813742,1.4862329708380213,41.705910763939194,3743.35936,1721.70595,complete,,{},"{""aromatic_cooh_site_count"": 1, ""density_surface"": {""density_cube"": ""/gs/bs/tga-ynabae/kikuchi/pka_prediction/data/benzoicacid_v2/density_cube/sub_60_density.cube"", ""esp_cube"": ""/gs/bs/tga-ynabae/kikuchi/pka_prediction/data/benzoicacid_v2/esp_cube/sub_60_esp.cube"", ""isovalue_e_bohr3"": 0.001, ""local_esp_radius_angstrom"": 2.0, ""local_issues_by_site"": [{}], ""local_values_by_site"": [{""esp_max_acidic_h_hartree_per_e"": 0.09664416815162086, ""esp_min_carbonyl_o_hartree_per_e"": -0.07723773347959982}], ""mpi"": ""arithmetic mean of absolute ESP over all grid-edge isosurface intersections"", ""surface_esp"": ""linear grid-edge crossing samples; nearest-nucleus local patches"", ""volume"": ""occupied density grid; discretized electron-density isosurface volume""}, ""fchk"": ""/gs/bs/tga-ynabae/kikuchi/pka_prediction/data/benzoicacid_v2/formchk/sub_60.fchk"", ""geometric_sampling"": {""buried_center"": ""COOH carbon; reference COOH atoms excluded"", ""buried_radius_angstrom"": 3.5, ""buried_samples"": 32768, ""radii"": ""RDKit vdW"", ""sasa_points_per_atom"": 2000, ""sasa_probe_angstrom"": 1.4}, ""ignored_aliphatic_cooh_count"": 0, ""job_selection"": ""last normally terminated job only"", ""local_atom_indices_0based"": {""acidic_hydrogen"": 22, ""carbonyl_oxygen"": 9, ""carboxyl_carbon"": 8, ""hydroxyl_oxygen"": 10, ""ipso_carbon"": 7, ""meta_carbons"": [1, 3], ""ortho_carbons"": [5, 11], ""para_carbon"": 2, ""ring_atoms"": [1, 2, 3, 5, 7, 11], ""substituent_position_counts"": {""meta"": 2, ""ortho"": 1, ""para"": 0, ""total"": 3}, ""substituted_ring_carbons"": [1, 3, 5]}, ""local_atom_indices_by_site_0based"": [{""acidic_hydrogen"": 22, ""carbonyl_oxygen"": 9, ""carboxyl_carbon"": 8, ""hydroxyl_oxygen"": 10, ""ipso_carbon"": 7, ""meta_carbons"": [1, 3], ""ortho_carbons"": [5, 11], ""para_carbon"": 2, ""ring_atoms"": [1, 2, 3, 5, 7, 11], ""substituent_position_counts"": {""meta"": 2, ""ortho"": 1, ""para"": 0, ""total"": 3}, ""substituted_ring_carbons"": [1, 3, 5]}], ""log"": ""/gs/bs/tga-ynabae/kikuchi/pka_prediction/data/benzoicacid_v2/logfile/sub_60.log"", ""normal_modes"": {""aggregation"": ""mean of independently assigned harmonic-mode frequencies"", ""assignments"": {""co_double_stretch_frequency_cm1"": {""mode_index_0based"": 53, ""projection"": 1.3167185698015118, ""unscaled_cm1"": 1721.70595}, ""oh_stretch_frequency_cm1"": {""mode_index_0based"": 65, ""projection"": 1.1227144962785471, ""unscaled_cm1"": 3743.35936}}, ""assignments_by_site"": [{""assignments"": {""co_double_stretch_frequency_cm1"": {""mode_index_0based"": 53, ""projection"": 1.3167185698015118, ""unscaled_cm1"": 1721.70595}, ""oh_stretch_frequency_cm1"": {""mode_index_0based"": 65, ""projection"": 1.1227144962785471, ""unscaled_cm1"": 3743.35936}}, ""carboxyl_carbon_0based"": 8}], ""precision"": ""fchk"", ""scale"": 1.0}, ""npa_source"": ""selected final log combined-spin NPA table"", ""site_aggregation"": ""equal-weight arithmetic mean; all sites required""}"
61,Cc1cc(C)c(C)c(C(=O)O)c1C,3.416,61,0.52656,-0.70074,-0.66959,0.8538,-0.14621,-0.016165,-0.026825,-0.20608,0.7017,1.0848,1.7021,0.9667,0.09949530848868694,-0.0764635833362415,-7.715746827783396,0.8264342687691679,8.542181096552564,2.7094558320726927,192.00747233333334,0.02022195097655462,245.0110243082604,89.22859839672279,31.09130859375,0.9726215293611885,1.211517323308238,1.3372517965662636,1.4953969154772881,89.98256718051869,3727.95421,1747.77858,complete,,{},"{""aromatic_cooh_site_count"": 1, ""density_surface"": {""density_cube"": ""/gs/bs/tga-ynabae/kikuchi/pka_prediction/data/benzoicacid_v2/density_cube/sub_61_density.cube"", ""esp_cube"": ""/gs/bs/tga-ynabae/kikuchi/pka_prediction/data/benzoicacid_v2/esp_cube/sub_61_esp.cube"", ""isovalue_e_bohr3"": 0.001, ""local_esp_radius_angstrom"": 2.0, ""local_issues_by_site"": [{}], ""local_values_by_site"": [{""esp_max_acidic_h_hartree_per_e"": 0.09949530848868694, ""esp_min_carbonyl_o_hartree_per_e"": -0.0764635833362415}], ""mpi"": ""arithmetic mean of absolute ESP over all grid-edge isosurface intersections"", ""surface_esp"": ""linear grid-edge crossing samples; nearest-nucleus local patches"", ""volume"": ""occupied density grid; discretized electron-density isosurface volume""}, ""fchk"": ""/gs/bs/tga-ynabae/kikuchi/pka_prediction/data/benzoicacid_v2/formchk/sub_61.fchk"", ""geometric_sampling"": {""buried_center"": ""COOH carbon; reference COOH atoms excluded"", ""buried_radius_angstrom"": 3.5, ""buried_samples"": 32768, ""radii"": ""RDKit vdW"", ""sasa_points_per_atom"": 2000, ""sasa_probe_angstrom"": 1.4}, ""ignored_aliphatic_cooh_count"": 0, ""job_selection"": ""last normally terminated job only"", ""local_atom_indices_0based"": {""acidic_hydrogen"": 23, ""carbonyl_oxygen"": 9, ""carboxyl_carbon"": 8, ""hydroxyl_oxygen"": 10, ""ipso_carbon"": 7, ""meta_carbons"": [1, 3], ""ortho_carbons"": [5, 11], ""para_carbon"": 2, ""ring_atoms"": [1, 2, 3, 5, 7, 11], ""substituent_position_counts"": {""meta"": 2, ""ortho"": 2, ""para"": 0, ""total"": 4}, ""substituted_ring_carbons"": [1, 3, 5, 11]}, ""local_atom_indices_by_site_0based"": [{""acidic_hydrogen"": 23, ""carbonyl_oxygen"": 9, ""carboxyl_carbon"": 8, ""hydroxyl_oxygen"": 10, ""ipso_carbon"": 7, ""meta_carbons"": [1, 3], ""ortho_carbons"": [5, 11], ""para_carbon"": 2, ""ring_atoms"": [1, 2, 3, 5, 7, 11], ""substituent_position_counts"": {""meta"": 2, ""ortho"": 2, ""para"": 0, ""total"": 4}, ""substituted_ring_carbons"": [1, 3, 5, 11]}], ""log"": ""/gs/bs/tga-ynabae/kikuchi/pka_prediction/data/benzoicacid_v2/logfile/sub_61.log"", ""normal_modes"": {""aggregation"": ""mean of independently assigned harmonic-mode frequencies"", ""assignments"": {""co_double_stretch_frequency_cm1"": {""mode_index_0based"": 60, ""projection"": 1.3584947743599758, ""unscaled_cm1"": 1747.77858}, ""oh_stretch_frequency_cm1"": {""mode_index_0based"": 74, ""projection"": 1.1227968824825985, ""unscaled_cm1"": 3727.95421}}, ""assignments_by_site"": [{""assignments"": {""co_double_stretch_frequency_cm1"": {""mode_index_0based"": 60, ""projection"": 1.3584947743599758, ""unscaled_cm1"": 1747.77858}, ""oh_stretch_frequency_cm1"": {""mode_index_0based"": 74, ""projection"": 1.1227968824825985, ""unscaled_cm1"": 3727.95421}}, ""carboxyl_carbon_0based"": 8}], ""precision"": ""fchk"", ""scale"": 1.0}, ""npa_source"": ""selected final log combined-spin NPA table"", ""site_aggregation"": ""equal-weight arithmetic mean; all sites required""}"
62,Cc1cc(C)cc(C(=O)O)c1,4.343999999999999,62,0.52839,-0.7058,-0.68835,0.83531,-0.17132,-0.185085,-0.02413,-0.18714,0.7032,1.0711,1.6575,1.0241,0.0952292570694626,-0.07451563297112915,-8.24134841324055,-0.4658731232692418,7.7754752899713075,3.7721988711133907,160.01253526666667,0.021148611791680354,200.91155875316556,102.41068975525901,22.93701171875,0.9705455300863077,1.2153597722493645,1.3396935340016187,1.480431540826379,0.2908395573948435,3758.40322,1722.83743,complete,,{},"{""aromatic_cooh_site_count"": 1, ""density_surface"": {""density_cube"": ""/gs/bs/tga-ynabae/kikuchi/pka_prediction/data/benzoicacid_v2/density_cube/sub_62_density.cube"", ""esp_cube"": ""/gs/bs/tga-ynabae/kikuchi/pka_prediction/data/benzoicacid_v2/esp_cube/sub_62_esp.cube"", ""isovalue_e_bohr3"": 0.001, ""local_esp_radius_angstrom"": 2.0, ""local_issues_by_site"": [{}], ""local_values_by_site"": [{""esp_max_acidic_h_hartree_per_e"": 0.0952292570694626, ""esp_min_carbonyl_o_hartree_per_e"": -0.07451563297112915}], ""mpi"": ""arithmetic mean of absolute ESP over all grid-edge isosurface intersections"", ""surface_esp"": ""linear grid-edge crossing samples; nearest-nucleus local patches"", ""volume"": ""occupied density grid; discretized electron-density isosurface volume""}, ""fchk"": ""/gs/bs/tga-ynabae/kikuchi/pka_prediction/data/benzoicacid_v2/formchk/sub_62.fchk"", ""geometric_sampling"": {""buried_center"": ""COOH carbon; reference COOH atoms excluded"", ""buried_radius_angstrom"": 3.5, ""buried_samples"": 32768, ""radii"": ""RDKit vdW"", ""sasa_points_per_atom"": 2000, ""sasa_probe_angstrom"": 1.4}, ""ignored_aliphatic_cooh_count"": 0, ""job_selection"": ""last normally terminated job only"", ""local_atom_indices_0based"": {""acidic_hydrogen"": 19, ""carbonyl_oxygen"": 8, ""carboxyl_carbon"": 7, ""hydroxyl_oxygen"": 9, ""ipso_carbon"": 6, ""meta_carbons"": [1, 3], ""ortho_carbons"": [5, 10], ""para_carbon"": 2, ""ring_atoms"": [1, 2, 3, 5, 6, 10], ""substituent_position_counts"": {""meta"": 2, ""ortho"": 0, ""para"": 0, ""total"": 2}, ""substituted_ring_carbons"": [1, 3]}, ""local_atom_indices_by_site_0based"": [{""acidic_hydrogen"": 19, ""carbonyl_oxygen"": 8, ""carboxyl_carbon"": 7, ""hydroxyl_oxygen"": 9, ""ipso_carbon"": 6, ""meta_carbons"": [1, 3], ""ortho_carbons"": [5, 10], ""para_carbon"": 2, ""ring_atoms"": [1, 2, 3, 5, 6, 10], ""substituent_position_counts"": {""meta"": 2, ""ortho"": 0, ""para"": 0, ""total"": 2}, ""substituted_ring_carbons"": [1, 3]}], ""log"": ""/gs/bs/tga-ynabae/kikuchi/pka_prediction/data/benzoicacid_v2/logfile/sub_62.log"", ""normal_modes"": {""aggregation"": ""mean of independently assigned harmonic-mode frequencies"", ""assignments"": {""co_double_stretch_frequency_cm1"": {""mode_index_0based"": 46, ""projection"": 1.2487510330664942, ""unscaled_cm1"": 1722.83743}, ""oh_stretch_frequency_cm1"": {""mode_index_0based"": 56, ""projection"": 1.1233970633196833, ""unscaled_cm1"": 3758.40322}}, ""assignments_by_site"": [{""assignments"": {""co_double_stretch_frequency_cm1"": {""mode_index_0based"": 46, ""projection"": 1.2487510330664942, ""unscaled_cm1"": 1722.83743}, ""oh_stretch_frequency_cm1"": {""mode_index_0based"": 56, ""projection"": 1.1233970633196833, ""unscaled_cm1"": 3758.40322}}, ""carboxyl_carbon_0based"": 7}], ""precision"": ""fchk"", ""scale"": 1.0}, ""npa_source"": ""selected final log combined-spin NPA table"", ""site_aggregation"": ""equal-weight arithmetic mean; all sites required""}"
63,Cc1cc([N+](=O)[O-])c(C)c(C(=O)O)c1O,2.78,63,0.53032,-0.69087,-0.65394,0.85026,-0.19895,0.22355999999999998,-0.0187,-0.15002,0.6986,1.0954,1.7095,0.9645,0.10823183176480201,-0.06605155057054059,-8.293376012303767,-1.5395842385762748,6.753791773727492,8.029800181067262,196.64394033333335,0.03380414714264756,238.78070189738776,91.58992939090375,29.3701171875,0.9728633946963223,1.2091292967851865,1.3324818718946376,1.4961862295009984,71.63626822983758,3727.05124,1754.50769,complete,,{},"{""aromatic_cooh_site_count"": 1, ""density_surface"": {""density_cube"": ""/gs/bs/tga-ynabae/kikuchi/pka_prediction/data/benzoicacid_v2/density_cube/sub_63_density.cube"", ""esp_cube"": ""/gs/bs/tga-ynabae/kikuchi/pka_prediction/data/benzoicacid_v2/esp_cube/sub_63_esp.cube"", ""isovalue_e_bohr3"": 0.001, ""local_esp_radius_angstrom"": 2.0, ""local_issues_by_site"": [{}], ""local_values_by_site"": [{""esp_max_acidic_h_hartree_per_e"": 0.10823183176480201, ""esp_min_carbonyl_o_hartree_per_e"": -0.06605155057054059}], ""mpi"": ""arithmetic mean of absolute ESP over all grid-edge isosurface intersections"", ""surface_esp"": ""linear grid-edge crossing samples; nearest-nucleus local patches"", ""volume"": ""occupied density grid; discretized electron-density isosurface volume""}, ""fchk"": ""/gs/bs/tga-ynabae/kikuchi/pka_prediction/data/benzoicacid_v2/formchk/sub_63.fchk"", ""geometric_sampling"": {""buried_center"": ""COOH carbon; reference COOH atoms excluded"", ""buried_radius_angstrom"": 3.5, ""buried_samples"": 32768, ""radii"": ""RDKit vdW"", ""sasa_points_per_atom"": 2000, ""sasa_probe_angstrom"": 1.4}, ""ignored_aliphatic_cooh_count"": 0, ""job_selection"": ""last normally terminated job only"", ""local_atom_indices_0based"": {""acidic_hydrogen"": 22, ""carbonyl_oxygen"": 11, ""carboxyl_carbon"": 10, ""hydroxyl_oxygen"": 12, ""ipso_carbon"": 9, ""meta_carbons"": [1, 3], ""ortho_carbons"": [7, 13], ""para_carbon"": 2, ""ring_atoms"": [1, 2, 3, 7, 9, 13], ""substituent_position_counts"": {""meta"": 2, ""ortho"": 2, ""para"": 0, ""total"": 4}, ""substituted_ring_carbons"": [1, 3, 7, 13]}, ""local_atom_indices_by_site_0based"": [{""acidic_hydrogen"": 22, ""carbonyl_oxygen"": 11, ""carboxyl_carbon"": 10, ""hydroxyl_oxygen"": 12, ""ipso_carbon"": 9, ""meta_carbons"": [1, 3], ""ortho_carbons"": [7, 13], ""para_carbon"": 2, ""ring_atoms"": [1, 2, 3, 7, 9, 13], ""substituent_position_counts"": {""meta"": 2, ""ortho"": 2, ""para"": 0, ""total"": 4}, ""substituted_ring_carbons"": [1, 3, 7, 13]}], ""log"": ""/gs/bs/tga-ynabae/kikuchi/pka_prediction/data/benzoicacid_v2/logfile/sub_63.log"", ""normal_modes"": {""aggregation"": ""mean of independently assigned harmonic-mode frequencies"", ""assignments"": {""co_double_stretch_frequency_cm1"": {""mode_index_0based"": 56, ""projection"": 1.4279286871952326, ""unscaled_cm1"": 1754.50769}, ""oh_stretch_frequency_cm1"": {""mode_index_0based"": 64, ""projection"": 1.1226797761371616, ""unscaled_cm1"": 3727.05124}}, ""assignments_by_site"": [{""assignments"": {""co_double_stretch_frequency_cm1"": {""mode_index_0based"": 56, ""projection"": 1.4279286871952326, ""unscaled_cm1"": 1754.50769}, ""oh_stretch_frequency_cm1"": {""mode_index_0based"": 64, ""projection"": 1.1226797761371616, ""unscaled_cm1"": 3727.05124}}, ""carboxyl_carbon_0based"": 10}], ""precision"": ""fchk"", ""scale"": 1.0}, ""npa_source"": ""selected final log combined-spin NPA table"", ""site_aggregation"": ""equal-weight arithmetic mean; all sites required""}"
64,Cc1cc2ccccc2c(C(=O)O)c1C,2.831,64,0.52753,-0.69873,-0.66725,0.84876,-0.16932,0.035355,-0.05956500000000001,-0.18178,0.701,1.0863,1.7005,0.9726,0.10185431109853575,-0.07669310373921381,-7.474450023515415,-0.25248306528349257,7.221966958231923,3.402516828301075,237.80163433333334,0.02313237148347798,259.2229845172189,88.74234268580015,30.609130859375,0.9727475271148491,1.2113644790303943,1.33653606119699,1.4937005411052966,71.60162035888982,3731.82287,1747.6087,complete,,{},"{""aromatic_cooh_site_count"": 1, ""density_surface"": {""density_cube"": ""/gs/bs/tga-ynabae/kikuchi/pka_prediction/data/benzoicacid_v2/density_cube/sub_64_density.cube"", ""esp_cube"": ""/gs/bs/tga-ynabae/kikuchi/pka_prediction/data/benzoicacid_v2/esp_cube/sub_64_esp.cube"", ""isovalue_e_bohr3"": 0.001, ""local_esp_radius_angstrom"": 2.0, ""local_issues_by_site"": [{}], ""local_values_by_site"": [{""esp_max_acidic_h_hartree_per_e"": 0.10185431109853575, ""esp_min_carbonyl_o_hartree_per_e"": -0.07669310373921381}], ""mpi"": ""arithmetic mean of absolute ESP over all grid-edge isosurface intersections"", ""surface_esp"": ""linear grid-edge crossing samples; nearest-nucleus local patches"", ""volume"": ""occupied density grid; discretized electron-density isosurface volume""}, ""fchk"": ""/gs/bs/tga-ynabae/kikuchi/pka_prediction/data/benzoicacid_v2/formchk/sub_64.fchk"", ""geometric_sampling"": {""buried_center"": ""COOH carbon; reference COOH atoms excluded"", ""buried_radius_angstrom"": 3.5, ""buried_samples"": 32768, ""radii"": ""RDKit vdW"", ""sasa_points_per_atom"": 2000, ""sasa_probe_angstrom"": 1.4}, ""ignored_aliphatic_cooh_count"": 0, ""job_selection"": ""last normally terminated job only"", ""local_atom_indices_0based"": {""acidic_hydrogen"": 23, ""carbonyl_oxygen"": 11, ""carboxyl_carbon"": 10, ""hydroxyl_oxygen"": 12, ""ipso_carbon"": 9, ""meta_carbons"": [1, 3], ""ortho_carbons"": [8, 13], ""para_carbon"": 2, ""ring_atoms"": [1, 2, 3, 8, 9, 13], ""substituent_position_counts"": {""meta"": 2, ""ortho"": 2, ""para"": 0, ""total"": 4}, ""substituted_ring_carbons"": [1, 3, 8, 13]}, ""local_atom_indices_by_site_0based"": [{""acidic_hydrogen"": 23, ""carbonyl_oxygen"": 11, ""carboxyl_carbon"": 10, ""hydroxyl_oxygen"": 12, ""ipso_carbon"": 9, ""meta_carbons"": [1, 3], ""ortho_carbons"": [8, 13], ""para_carbon"": 2, ""ring_atoms"": [1, 2, 3, 8, 9, 13], ""substituent_position_counts"": {""meta"": 2, ""ortho"": 2, ""para"": 0, ""total"": 4}, ""substituted_ring_carbons"": [1, 3, 8, 13]}], ""log"": ""/gs/bs/tga-ynabae/kikuchi/pka_prediction/data/benzoicacid_v2/logfile/sub_64.log"", ""normal_modes"": {""aggregation"": ""mean of independently assigned harmonic-mode frequencies"", ""assignments"": {""co_double_stretch_frequency_cm1"": {""mode_index_0based"": 62, ""projection"": 1.3336316121554301, ""unscaled_cm1"": 1747.6087}, ""oh_stretch_frequency_cm1"": {""mode_index_0based"": 74, ""projection"": 1.1221699416298183, ""unscaled_cm1"": 3731.82287}}, ""assignments_by_site"": [{""assignments"": {""co_double_stretch_frequency_cm1"": {""mode_index_0based"": 62, ""projection"": 1.3336316121554301, ""unscaled_cm1"": 1747.6087}, ""oh_stretch_frequency_cm1"": {""mode_index_0based"": 74, ""projection"": 1.1221699416298183, ""unscaled_cm1"": 3731.82287}}, ""carboxyl_carbon_0based"": 10}], ""precision"": ""fchk"", ""scale"": 1.0}, ""npa_source"": ""selected final log combined-spin NPA table"", ""site_aggregation"": ""equal-weight arithmetic mean; all sites required""}"
65,Cc1ccc(C(=O)O)c(C)c1,4.2595,65,0.52624,-0.71524,-0.68451,0.83277,-0.20632,-0.055654999999999996,-0.23665,0.02003,0.7054,1.0559,1.6554,1.0395,0.09118702366272445,-0.0710474645837453,-8.322197850021952,-0.34529764492925186,7.9769002050927,3.4124817927114433,161.82654006666667,0.019758624136650638,199.44383403920577,90.99384360081163,26.751708984375,0.970192903686978,1.2153886975400832,1.3466977737881007,1.477424966678633,5.320299108262572,3764.49638,1725.69525,complete,,{},"{""aromatic_cooh_site_count"": 1, ""density_surface"": {""density_cube"": ""/gs/bs/tga-ynabae/kikuchi/pka_prediction/data/benzoicacid_v2/density_cube/sub_65_density.cube"", ""esp_cube"": ""/gs/bs/tga-ynabae/kikuchi/pka_prediction/data/benzoicacid_v2/esp_cube/sub_65_esp.cube"", ""isovalue_e_bohr3"": 0.001, ""local_esp_radius_angstrom"": 2.0, ""local_issues_by_site"": [{}], ""local_values_by_site"": [{""esp_max_acidic_h_hartree_per_e"": 0.09118702366272445, ""esp_min_carbonyl_o_hartree_per_e"": -0.0710474645837453}], ""mpi"": ""arithmetic mean of absolute ESP over all grid-edge isosurface intersections"", ""surface_esp"": ""linear grid-edge crossing samples; nearest-nucleus local patches"", ""volume"": ""occupied density grid; discretized electron-density isosurface volume""}, ""fchk"": ""/gs/bs/tga-ynabae/kikuchi/pka_prediction/data/benzoicacid_v2/formchk/sub_65.fchk"", ""geometric_sampling"": {""buried_center"": ""COOH carbon; reference COOH atoms excluded"", ""buried_radius_angstrom"": 3.5, ""buried_samples"": 32768, ""radii"": ""RDKit vdW"", ""sasa_points_per_atom"": 2000, ""sasa_probe_angstrom"": 1.4}, ""ignored_aliphatic_cooh_count"": 0, ""job_selection"": ""last normally terminated job only"", ""local_atom_indices_0based"": {""acidic_hydrogen"": 16, ""carbonyl_oxygen"": 6, ""carboxyl_carbon"": 5, ""hydroxyl_oxygen"": 7, ""ipso_carbon"": 4, ""meta_carbons"": [2, 10], ""ortho_carbons"": [3, 8], ""para_carbon"": 1, ""ring_atoms"": [1, 2, 3, 4, 8, 10], ""substituent_position_counts"": {""meta"": 0, ""ortho"": 1, ""para"": 1, ""total"": 2}, ""substituted_ring_carbons"": [1, 8]}, ""local_atom_indices_by_site_0based"": [{""acidic_hydrogen"": 16, ""carbonyl_oxygen"": 6, ""carboxyl_carbon"": 5, ""hydroxyl_oxygen"": 7, ""ipso_carbon"": 4, ""meta_carbons"": [2, 10], ""ortho_carbons"": [3, 8], ""para_carbon"": 1, ""ring_atoms"": [1, 2, 3, 4, 8, 10], ""substituent_position_counts"": {""meta"": 0, ""ortho"": 1, ""para"": 1, ""total"": 2}, ""substituted_ring_carbons"": [1, 8]}], ""log"": ""/gs/bs/tga-ynabae/kikuchi/pka_prediction/data/benzoicacid_v2/logfile/sub_65.log"", ""normal_modes"": {""aggregation"": ""mean of independently assigned harmonic-mode frequencies"", ""assignments"": {""co_double_stretch_frequency_cm1"": {""mode_index_0based"": 46, ""projection"": 1.2493518209443346, ""unscaled_cm1"": 1725.69525}, ""oh_stretch_frequency_cm1"": {""mode_index_0based"": 56, ""projection"": 1.1229338530263842, ""unscaled_cm1"": 3764.49638}}, ""assignments_by_site"": [{""assignments"": {""co_double_stretch_frequency_cm1"": {""mode_index_0based"": 46, ""projection"": 1.2493518209443346, ""unscaled_cm1"": 1725.69525}, ""oh_stretch_frequency_cm1"": {""mode_index_0based"": 56, ""projection"": 1.1229338530263842, ""unscaled_cm1"": 3764.49638}}, ""carboxyl_carbon_0based"": 5}], ""precision"": ""fchk"", ""scale"": 1.0}, ""npa_source"": ""selected final log combined-spin NPA table"", ""site_aggregation"": ""equal-weight arithmetic mean; all sites required""}"
66,Cc1ccc(C(=O)O)c(C)c1C,4.06,66,0.52595,-0.70937,-0.68397,0.84116,-0.1963,-0.06652,-0.13564,0.00628,0.705,1.0661,1.6639,1.0211,0.09262977542292557,-0.074258516675178,-8.124855897282364,-0.11034829052402033,8.014507606758343,3.3110831430017815,178.96431466666664,0.020757382879098233,220.71143565751908,92.8518443279977,26.7486572265625,0.9709250472479956,1.2149169056972433,1.343609423122382,1.4811384556743452,33.101527964562614,3753.22785,1727.28511,complete,,{},"{""aromatic_cooh_site_count"": 1, ""density_surface"": {""density_cube"": ""/gs/bs/tga-ynabae/kikuchi/pka_prediction/data/benzoicacid_v2/density_cube/sub_66_density.cube"", ""esp_cube"": ""/gs/bs/tga-ynabae/kikuchi/pka_prediction/data/benzoicacid_v2/esp_cube/sub_66_esp.cube"", ""isovalue_e_bohr3"": 0.001, ""local_esp_radius_angstrom"": 2.0, ""local_issues_by_site"": [{}], ""local_values_by_site"": [{""esp_max_acidic_h_hartree_per_e"": 0.09262977542292557, ""esp_min_carbonyl_o_hartree_per_e"": -0.074258516675178}], ""mpi"": ""arithmetic mean of absolute ESP over all grid-edge isosurface intersections"", ""surface_esp"": ""linear grid-edge crossing samples; nearest-nucleus local patches"", ""volume"": ""occupied density grid; discretized electron-density isosurface volume""}, ""fchk"": ""/gs/bs/tga-ynabae/kikuchi/pka_prediction/data/benzoicacid_v2/formchk/sub_66.fchk"", ""geometric_sampling"": {""buried_center"": ""COOH carbon; reference COOH atoms excluded"", ""buried_radius_angstrom"": 3.5, ""buried_samples"": 32768, ""radii"": ""RDKit vdW"", ""sasa_points_per_atom"": 2000, ""sasa_probe_angstrom"": 1.4}, ""ignored_aliphatic_cooh_count"": 0, ""job_selection"": ""last normally terminated job only"", ""local_atom_indices_0based"": {""acidic_hydrogen"": 17, ""carbonyl_oxygen"": 6, ""carboxyl_carbon"": 5, ""hydroxyl_oxygen"": 7, ""ipso_carbon"": 4, ""meta_carbons"": [2, 10], ""ortho_carbons"": [3, 8], ""para_carbon"": 1, ""ring_atoms"": [1, 2, 3, 4, 8, 10], ""substituent_position_counts"": {""meta"": 1, ""ortho"": 1, ""para"": 1, ""total"": 3}, ""substituted_ring_carbons"": [1, 8, 10]}, ""local_atom_indices_by_site_0based"": [{""acidic_hydrogen"": 17, ""carbonyl_oxygen"": 6, ""carboxyl_carbon"": 5, ""hydroxyl_oxygen"": 7, ""ipso_carbon"": 4, ""meta_carbons"": [2, 10], ""ortho_carbons"": [3, 8], ""para_carbon"": 1, ""ring_atoms"": [1, 2, 3, 4, 8, 10], ""substituent_position_counts"": {""meta"": 1, ""ortho"": 1, ""para"": 1, ""total"": 3}, ""substituted_ring_carbons"": [1, 8, 10]}], ""log"": ""/gs/bs/tga-ynabae/kikuchi/pka_prediction/data/benzoicacid_v2/logfile/sub_66.log"", ""normal_modes"": {""aggregation"": ""mean of independently assigned harmonic-mode frequencies"", ""assignments"": {""co_double_stretch_frequency_cm1"": {""mode_index_0based"": 53, ""projection"": 1.2905977797814185, ""unscaled_cm1"": 1727.28511}, ""oh_stretch_frequency_cm1"": {""mode_index_0based"": 65, ""projection"": 1.122843570064376, ""unscaled_cm1"": 3753.22785}}, ""assignments_by_site"": [{""assignments"": {""co_double_stretch_frequency_cm1"": {""mode_index_0based"": 53, ""projection"": 1.2905977797814185, ""unscaled_cm1"": 1727.28511}, ""oh_stretch_frequency_cm1"": {""mode_index_0based"": 65, ""projection"": 1.122843570064376, ""unscaled_cm1"": 3753.22785}}, ""carboxyl_carbon_0based"": 5}], ""precision"": ""fchk"", ""scale"": 1.0}, ""npa_source"": ""selected final log combined-spin NPA table"", ""site_aggregation"": ""equal-weight arithmetic mean; all sites required""}"
67,Cc1ccc(C(=O)O)c(N)c1,5.07,67,0.52554,-0.71554,-0.7172,0.82617,-0.27444,0.055529999999999996,-0.28668000000000005,0.03287,0.7063,1.0535,1.601,1.0881,0.08868602320588218,-0.06284250543379487,-7.270531350834033,-0.2162477319177482,7.054283618916284,2.8527006359779814,163.1824114,0.02294409147895941,192.58467526051498,94.1699937735909,26.031494140625,0.969947695735224,1.2245504387665291,1.3469329691753713,1.457654172675028,1.616882496183767,3765.8778,1692.77479,complete,,{},"{""aromatic_cooh_site_count"": 1, ""density_surface"": {""density_cube"": ""/gs/bs/tga-ynabae/kikuchi/pka_prediction/data/benzoicacid_v2/density_cube/sub_67_density.cube"", ""esp_cube"": ""/gs/bs/tga-ynabae/kikuchi/pka_prediction/data/benzoicacid_v2/esp_cube/sub_67_esp.cube"", ""isovalue_e_bohr3"": 0.001, ""local_esp_radius_angstrom"": 2.0, ""local_issues_by_site"": [{}], ""local_values_by_site"": [{""esp_max_acidic_h_hartree_per_e"": 0.08868602320588218, ""esp_min_carbonyl_o_hartree_per_e"": -0.06284250543379487}], ""mpi"": ""arithmetic mean of absolute ESP over all grid-edge isosurface intersections"", ""surface_esp"": ""linear grid-edge crossing samples; nearest-nucleus local patches"", ""volume"": ""occupied density grid; discretized electron-density isosurface volume""}, ""fchk"": ""/gs/bs/tga-ynabae/kikuchi/pka_prediction/data/benzoicacid_v2/formchk/sub_67.fchk"", ""geometric_sampling"": {""buried_center"": ""COOH carbon; reference COOH atoms excluded"", ""buried_radius_angstrom"": 3.5, ""buried_samples"": 32768, ""radii"": ""RDKit vdW"", ""sasa_points_per_atom"": 2000, ""sasa_probe_angstrom"": 1.4}, ""ignored_aliphatic_cooh_count"": 0, ""job_selection"": ""last normally terminated job only"", ""local_atom_indices_0based"": {""acidic_hydrogen"": 16, ""carbonyl_oxygen"": 6, ""carboxyl_carbon"": 5, ""hydroxyl_oxygen"": 7, ""ipso_carbon"": 4, ""meta_carbons"": [2, 10], ""ortho_carbons"": [3, 8], ""para_carbon"": 1, ""ring_atoms"": [1, 2, 3, 4, 8, 10], ""substituent_position_counts"": {""meta"": 0, ""ortho"": 1, ""para"": 1, ""total"": 2}, ""substituted_ring_carbons"": [1, 8]}, ""local_atom_indices_by_site_0based"": [{""acidic_hydrogen"": 16, ""carbonyl_oxygen"": 6, ""carboxyl_carbon"": 5, ""hydroxyl_oxygen"": 7, ""ipso_carbon"": 4, ""meta_carbons"": [2, 10], ""ortho_carbons"": [3, 8], ""para_carbon"": 1, ""ring_atoms"": [1, 2, 3, 4, 8, 10], ""substituent_position_counts"": {""meta"": 0, ""ortho"": 1, ""para"": 1, ""total"": 2}, ""substituted_ring_carbons"": [1, 8]}], ""log"": ""/gs/bs/tga-ynabae/kikuchi/pka_prediction/data/benzoicacid_v2/logfile/sub_67.log"", ""normal_modes"": {""aggregation"": ""mean of independently assigned harmonic-mode frequencies"", ""assignments"": {""co_double_stretch_frequency_cm1"": {""mode_index_0based"": 44, ""projection"": 0.7214998700619469, ""unscaled_cm1"": 1692.77479}, ""oh_stretch_frequency_cm1"": {""mode_index_0based"": 53, ""projection"": 1.1229287913535708, ""unscaled_cm1"": 3765.8778}}, ""assignments_by_site"": [{""assignments"": {""co_double_stretch_frequency_cm1"": {""mode_index_0based"": 44, ""projection"": 0.7214998700619469, ""unscaled_cm1"": 1692.77479}, ""oh_stretch_frequency_cm1"": {""mode_index_0based"": 53, ""projection"": 1.1229287913535708, ""unscaled_cm1"": 3765.8778}}, ""carboxyl_carbon_0based"": 5}], ""precision"": ""fchk"", ""scale"": 1.0}, ""npa_source"": ""selected final log combined-spin NPA table"", ""site_aggregation"": ""equal-weight arithmetic mean; all sites required""}"
69,Cc1ccc(C(=O)O)cc1,4.383333333333334,69,0.52845,-0.70673,-0.69084,0.83364,-0.20077,-0.157845,-0.22691499999999998,0.012,0.7032,1.0697,1.6533,1.0296,0.09552294206100877,-0.07442963328787823,-8.479857438199016,-0.4232358470628795,8.056621591136135,3.856945680581437,142.8551772666667,0.022833096441589047,177.9584510543388,102.84876914283885,22.91259765625,0.9706434601737807,1.21595378340375,1.340069839414945,1.476836564625178,0.03997086017829994,3757.56879,1720.23992,complete,,{},"{""aromatic_cooh_site_count"": 1, ""density_surface"": {""density_cube"": ""/gs/bs/tga-ynabae/kikuchi/pka_prediction/data/benzoicacid_v2/density_cube/sub_69_density.cube"", ""esp_cube"": ""/gs/bs/tga-ynabae/kikuchi/pka_prediction/data/benzoicacid_v2/esp_cube/sub_69_esp.cube"", ""isovalue_e_bohr3"": 0.001, ""local_esp_radius_angstrom"": 2.0, ""local_issues_by_site"": [{}], ""local_values_by_site"": [{""esp_max_acidic_h_hartree_per_e"": 0.09552294206100877, ""esp_min_carbonyl_o_hartree_per_e"": -0.07442963328787823}], ""mpi"": ""arithmetic mean of absolute ESP over all grid-edge isosurface intersections"", ""surface_esp"": ""linear grid-edge crossing samples; nearest-nucleus local patches"", ""volume"": ""occupied density grid; discretized electron-density isosurface volume""}, ""fchk"": ""/gs/bs/tga-ynabae/kikuchi/pka_prediction/data/benzoicacid_v2/formchk/sub_69.fchk"", ""geometric_sampling"": {""buried_center"": ""COOH carbon; reference COOH atoms excluded"", ""buried_radius_angstrom"": 3.5, ""buried_samples"": 32768, ""radii"": ""RDKit vdW"", ""sasa_points_per_atom"": 2000, ""sasa_probe_angstrom"": 1.4}, ""ignored_aliphatic_cooh_count"": 0, ""job_selection"": ""last normally terminated job only"", ""local_atom_indices_0based"": {""acidic_hydrogen"": 15, ""carbonyl_oxygen"": 6, ""carboxyl_carbon"": 5, ""hydroxyl_oxygen"": 7, ""ipso_carbon"": 4, ""meta_carbons"": [2, 9], ""ortho_carbons"": [3, 8], ""para_carbon"": 1, ""ring_atoms"": [1, 2, 3, 4, 8, 9], ""substituent_position_counts"": {""meta"": 0, ""ortho"": 0, ""para"": 1, ""total"": 1}, ""substituted_ring_carbons"": [1]}, ""local_atom_indices_by_site_0based"": [{""acidic_hydrogen"": 15, ""carbonyl_oxygen"": 6, ""carboxyl_carbon"": 5, ""hydroxyl_oxygen"": 7, ""ipso_carbon"": 4, ""meta_carbons"": [2, 9], ""ortho_carbons"": [3, 8], ""para_carbon"": 1, ""ring_atoms"": [1, 2, 3, 4, 8, 9], ""substituent_position_counts"": {""meta"": 0, ""ortho"": 0, ""para"": 1, ""total"": 1}, ""substituted_ring_carbons"": [1]}], ""log"": ""/gs/bs/tga-ynabae/kikuchi/pka_prediction/data/benzoicacid_v2/logfile/sub_69.log"", ""normal_modes"": {""aggregation"": ""mean of independently assigned harmonic-mode frequencies"", ""assignments"": {""co_double_stretch_frequency_cm1"": {""mode_index_0based"": 39, ""projection"": 1.2441600287223455, ""unscaled_cm1"": 1720.23992}, ""oh_stretch_frequency_cm1"": {""mode_index_0based"": 47, ""projection"": 1.123318074141694, ""unscaled_cm1"": 3757.56879}}, ""assignments_by_site"": [{""assignments"": {""co_double_stretch_frequency_cm1"": {""mode_index_0based"": 39, ""projection"": 1.2441600287223455, ""unscaled_cm1"": 1720.23992}, ""oh_stretch_frequency_cm1"": {""mode_index_0based"": 47, ""projection"": 1.123318074141694, ""unscaled_cm1"": 3757.56879}}, ""carboxyl_carbon_0based"": 5}], ""precision"": ""fchk"", ""scale"": 1.0}, ""npa_source"": ""selected final log combined-spin NPA table"", ""site_aggregation"": ""equal-weight arithmetic mean; all sites required""}"
70,Cc1ccc(C(=O)O)cc1C,4.5,70,0.5278,-0.70705,-0.69255,0.83409,-0.19315,-0.16762,-0.12787500000000002,0.01237,0.7039,1.0688,1.6515,1.0309,0.09306895356664738,-0.07532611871118639,-8.270185162798397,-0.38323521540568345,7.886949947392713,3.8830019718123174,161.1852012,0.02226119451746872,200.11954154290393,102.4064328972134,22.8912353515625,0.9706523127411208,1.2162756375748738,1.3405886677641583,1.4762005183636024,0.005856021181393678,3752.95608,1718.60142,complete,,{},"{""aromatic_cooh_site_count"": 1, ""density_surface"": {""density_cube"": ""/gs/bs/tga-ynabae/kikuchi/pka_prediction/data/benzoicacid_v2/density_cube/sub_70_density.cube"", ""esp_cube"": ""/gs/bs/tga-ynabae/kikuchi/pka_prediction/data/benzoicacid_v2/esp_cube/sub_70_esp.cube"", ""isovalue_e_bohr3"": 0.001, ""local_esp_radius_angstrom"": 2.0, ""local_issues_by_site"": [{}], ""local_values_by_site"": [{""esp_max_acidic_h_hartree_per_e"": 0.09306895356664738, ""esp_min_carbonyl_o_hartree_per_e"": -0.07532611871118639}], ""mpi"": ""arithmetic mean of absolute ESP over all grid-edge isosurface intersections"", ""surface_esp"": ""linear grid-edge crossing samples; nearest-nucleus local patches"", ""volume"": ""occupied density grid; discretized electron-density isosurface volume""}, ""fchk"": ""/gs/bs/tga-ynabae/kikuchi/pka_prediction/data/benzoicacid_v2/formchk/sub_70.fchk"", ""geometric_sampling"": {""buried_center"": ""COOH carbon; reference COOH atoms excluded"", ""buried_radius_angstrom"": 3.5, ""buried_samples"": 32768, ""radii"": ""RDKit vdW"", ""sasa_points_per_atom"": 2000, ""sasa_probe_angstrom"": 1.4}, ""ignored_aliphatic_cooh_count"": 0, ""job_selection"": ""last normally terminated job only"", ""local_atom_indices_0based"": {""acidic_hydrogen"": 16, ""carbonyl_oxygen"": 6, ""carboxyl_carbon"": 5, ""hydroxyl_oxygen"": 7, ""ipso_carbon"": 4, ""meta_carbons"": [2, 9], ""ortho_carbons"": [3, 8], ""para_carbon"": 1, ""ring_atoms"": [1, 2, 3, 4, 8, 9], ""substituent_position_counts"": {""meta"": 1, ""ortho"": 0, ""para"": 1, ""total"": 2}, ""substituted_ring_carbons"": [1, 9]}, ""local_atom_indices_by_site_0based"": [{""acidic_hydrogen"": 16, ""carbonyl_oxygen"": 6, ""carboxyl_carbon"": 5, ""hydroxyl_oxygen"": 7, ""ipso_carbon"": 4, ""meta_carbons"": [2, 9], ""ortho_carbons"": [3, 8], ""para_carbon"": 1, ""ring_atoms"": [1, 2, 3, 4, 8, 9], ""substituent_position_counts"": {""meta"": 1, ""ortho"": 0, ""para"": 1, ""total"": 2}, ""substituted_ring_carbons"": [1, 9]}], ""log"": ""/gs/bs/tga-ynabae/kikuchi/pka_prediction/data/benzoicacid_v2/logfile/sub_70.log"", ""normal_modes"": {""aggregation"": ""mean of independently assigned harmonic-mode frequencies"", ""assignments"": {""co_double_stretch_frequency_cm1"": {""mode_index_0based"": 46, ""projection"": 1.186575542243133, ""unscaled_cm1"": 1718.60142}, ""oh_stretch_frequency_cm1"": {""mode_index_0based"": 56, ""projection"": 1.1233593956369958, ""unscaled_cm1"": 3752.95608}}, ""assignments_by_site"": [{""assignments"": {""co_double_stretch_frequency_cm1"": {""mode_index_0based"": 46, ""projection"": 1.186575542243133, ""unscaled_cm1"": 1718.60142}, ""oh_stretch_frequency_cm1"": {""mode_index_0based"": 56, ""projection"": 1.1233593956369958, ""unscaled_cm1"": 3752.95608}}, ""carboxyl_carbon_0based"": 5}], ""precision"": ""fchk"", ""scale"": 1.0}, ""npa_source"": ""selected final log combined-spin NPA table"", ""site_aggregation"": ""equal-weight arithmetic mean; all sites required""}"
71,Cc1ccc(C(=O)c2ccccc2C(=O)O)cc1,3.644,71,0.53141,-0.69771,-0.66396,0.8379,-0.16989,-0.11937,-0.20508,-0.17014,0.7002,1.0792,1.6586,1.0172,0.1017926373384621,-0.09612818997047447,-8.40073899933088,-0.7762357156861376,7.624503283644741,7.061367801641417,266.54903133333335,0.02753587334893733,300.04345281762625,83.84065704007341,30.0201416015625,0.9711829949154412,1.2137964241511652,1.336012275964163,1.480824907340122,9.726882633108294,3753.07556,1736.24713,complete,,{},"{""aromatic_cooh_site_count"": 1, ""density_surface"": {""density_cube"": ""/gs/bs/tga-ynabae/kikuchi/pka_prediction/data/benzoicacid_v2/density_cube/sub_71_density.cube"", ""esp_cube"": ""/gs/bs/tga-ynabae/kikuchi/pka_prediction/data/benzoicacid_v2/esp_cube/sub_71_esp.cube"", ""isovalue_e_bohr3"": 0.001, ""local_esp_radius_angstrom"": 2.0, ""local_issues_by_site"": [{}], ""local_values_by_site"": [{""esp_max_acidic_h_hartree_per_e"": 0.1017926373384621, ""esp_min_carbonyl_o_hartree_per_e"": -0.09612818997047447}], ""mpi"": ""arithmetic mean of absolute ESP over all grid-edge isosurface intersections"", ""surface_esp"": ""linear grid-edge crossing samples; nearest-nucleus local patches"", ""volume"": ""occupied density grid; discretized electron-density isosurface volume""}, ""fchk"": ""/gs/bs/tga-ynabae/kikuchi/pka_prediction/data/benzoicacid_v2/formchk/sub_71.fchk"", ""geometric_sampling"": {""buried_center"": ""COOH carbon; reference COOH atoms excluded"", ""buried_radius_angstrom"": 3.5, ""buried_samples"": 32768, ""radii"": ""RDKit vdW"", ""sasa_points_per_atom"": 2000, ""sasa_probe_angstrom"": 1.4}, ""ignored_aliphatic_cooh_count"": 0, ""job_selection"": ""last normally terminated job only"", ""local_atom_indices_0based"": {""acidic_hydrogen"": 27, ""carbonyl_oxygen"": 14, ""carboxyl_carbon"": 13, ""hydroxyl_oxygen"": 15, ""ipso_carbon"": 12, ""meta_carbons"": [8, 10], ""ortho_carbons"": [7, 11], ""para_carbon"": 9, ""ring_atoms"": [7, 8, 9, 10, 11, 12], ""substituent_position_counts"": {""meta"": 0, ""ortho"": 1, ""para"": 0, ""total"": 1}, ""substituted_ring_carbons"": [7]}, ""local_atom_indices_by_site_0based"": [{""acidic_hydrogen"": 27, ""carbonyl_oxygen"": 14, ""carboxyl_carbon"": 13, ""hydroxyl_oxygen"": 15, ""ipso_carbon"": 12, ""meta_carbons"": [8, 10], ""ortho_carbons"": [7, 11], ""para_carbon"": 9, ""ring_atoms"": [7, 8, 9, 10, 11, 12], ""substituent_position_counts"": {""meta"": 0, ""ortho"": 1, ""para"": 0, ""total"": 1}, ""substituted_ring_carbons"": [7]}], ""log"": ""/gs/bs/tga-ynabae/kikuchi/pka_prediction/data/benzoicacid_v2/logfile/sub_71.log"", ""normal_modes"": {""aggregation"": ""mean of independently assigned harmonic-mode frequencies"", ""assignments"": {""co_double_stretch_frequency_cm1"": {""mode_index_0based"": 71, ""projection"": 1.3471856463955512, ""unscaled_cm1"": 1736.24713}, ""oh_stretch_frequency_cm1"": {""mode_index_0based"": 83, ""projection"": 1.122999111719355, ""unscaled_cm1"": 3753.07556}}, ""assignments_by_site"": [{""assignments"": {""co_double_stretch_frequency_cm1"": {""mode_index_0based"": 71, ""projection"": 1.3471856463955512, ""unscaled_cm1"": 1736.24713}, ""oh_stretch_frequency_cm1"": {""mode_index_0based"": 83, ""projection"": 1.122999111719355, ""unscaled_cm1"": 3753.07556}}, ""carboxyl_carbon_0based"": 13}], ""precision"": ""fchk"", ""scale"": 1.0}, ""npa_source"": ""selected final log combined-spin NPA table"", ""site_aggregation"": ""equal-weight arithmetic mean; all sites required""}"
72,Cc1ccc(C)c(C(=O)O)c1,4.0205,72,0.52671,-0.71101,-0.68044,0.83635,-0.18164,-0.07714,-0.130655,-0.17651,0.7046,1.0628,1.6636,1.0264,0.09427611923098098,-0.0707291359884216,-8.11643506169468,-0.3649911428539412,7.751443918840739,3.1938654409687106,160.46113396666667,0.019325302614150674,199.70122011439193,91.7955466300812,26.7974853515625,0.9705931958870311,1.214488664451858,1.3441430060083792,1.481501962971761,19.95684098863854,3757.10992,1729.15014,complete,,{},"{""aromatic_cooh_site_count"": 1, ""density_surface"": {""density_cube"": ""/gs/bs/tga-ynabae/kikuchi/pka_prediction/data/benzoicacid_v2/density_cube/sub_72_density.cube"", ""esp_cube"": ""/gs/bs/tga-ynabae/kikuchi/pka_prediction/data/benzoicacid_v2/esp_cube/sub_72_esp.cube"", ""isovalue_e_bohr3"": 0.001, ""local_esp_radius_angstrom"": 2.0, ""local_issues_by_site"": [{}], ""local_values_by_site"": [{""esp_max_acidic_h_hartree_per_e"": 0.09427611923098098, ""esp_min_carbonyl_o_hartree_per_e"": -0.0707291359884216}], ""mpi"": ""arithmetic mean of absolute ESP over all grid-edge isosurface intersections"", ""surface_esp"": ""linear grid-edge crossing samples; nearest-nucleus local patches"", ""volume"": ""occupied density grid; discretized electron-density isosurface volume""}, ""fchk"": ""/gs/bs/tga-ynabae/kikuchi/pka_prediction/data/benzoicacid_v2/formchk/sub_72.fchk"", ""geometric_sampling"": {""buried_center"": ""COOH carbon; reference COOH atoms excluded"", ""buried_radius_angstrom"": 3.5, ""buried_samples"": 32768, ""radii"": ""RDKit vdW"", ""sasa_points_per_atom"": 2000, ""sasa_probe_angstrom"": 1.4}, ""ignored_aliphatic_cooh_count"": 0, ""job_selection"": ""last normally terminated job only"", ""local_atom_indices_0based"": {""acidic_hydrogen"": 19, ""carbonyl_oxygen"": 8, ""carboxyl_carbon"": 7, ""hydroxyl_oxygen"": 9, ""ipso_carbon"": 6, ""meta_carbons"": [1, 3], ""ortho_carbons"": [4, 10], ""para_carbon"": 2, ""ring_atoms"": [1, 2, 3, 4, 6, 10], ""substituent_position_counts"": {""meta"": 1, ""ortho"": 1, ""para"": 0, ""total"": 2}, ""substituted_ring_carbons"": [1, 4]}, ""local_atom_indices_by_site_0based"": [{""acidic_hydrogen"": 19, ""carbonyl_oxygen"": 8, ""carboxyl_carbon"": 7, ""hydroxyl_oxygen"": 9, ""ipso_carbon"": 6, ""meta_carbons"": [1, 3], ""ortho_carbons"": [4, 10], ""para_carbon"": 2, ""ring_atoms"": [1, 2, 3, 4, 6, 10], ""substituent_position_counts"": {""meta"": 1, ""ortho"": 1, ""para"": 0, ""total"": 2}, ""substituted_ring_carbons"": [1, 4]}], ""log"": ""/gs/bs/tga-ynabae/kikuchi/pka_prediction/data/benzoicacid_v2/logfile/sub_72.log"", ""normal_modes"": {""aggregation"": ""mean of independently assigned harmonic-mode frequencies"", ""assignments"": {""co_double_stretch_frequency_cm1"": {""mode_index_0based"": 46, ""projection"": 1.2900003840776848, ""unscaled_cm1"": 1729.15014}, ""oh_stretch_frequency_cm1"": {""mode_index_0based"": 56, ""projection"": 1.1230885100256347, ""unscaled_cm1"": 3757.10992}}, ""assignments_by_site"": [{""assignments"": {""co_double_stretch_frequency_cm1"": {""mode_index_0based"": 46, ""projection"": 1.2900003840776848, ""unscaled_cm1"": 1729.15014}, ""oh_stretch_frequency_cm1"": {""mode_index_0based"": 56, ""projection"": 1.1230885100256347, ""unscaled_cm1"": 3757.10992}}, ""carboxyl_carbon_0based"": 7}], ""precision"": ""fchk"", ""scale"": 1.0}, ""npa_source"": ""selected final log combined-spin NPA table"", ""site_aggregation"": ""equal-weight arithmetic mean; all sites required""}"
73,Cc1ccc(C)c(C(=O)O)c1C,3.34,73,0.52693,-0.69899,-0.67257,0.85298,-0.16001,-0.001895,-0.129835,-0.19573,0.7017,1.0853,1.6924,0.9774,0.10018625492581867,-0.0742126206527863,-7.930392392191262,0.281092822627439,8.211485214818701,2.4082932796700893,175.168801,0.02013954467640016,222.3349602655613,84.50175809013159,31.4056396484375,0.9725560769456595,1.2124920713981517,1.3364627452109774,1.4922939728976454,65.62043867835746,3727.45548,1739.70655,complete,,{},"{""aromatic_cooh_site_count"": 1, ""density_surface"": {""density_cube"": ""/gs/bs/tga-ynabae/kikuchi/pka_prediction/data/benzoicacid_v2/density_cube/sub_73_density.cube"", ""esp_cube"": ""/gs/bs/tga-ynabae/kikuchi/pka_prediction/data/benzoicacid_v2/esp_cube/sub_73_esp.cube"", ""isovalue_e_bohr3"": 0.001, ""local_esp_radius_angstrom"": 2.0, ""local_issues_by_site"": [{}], ""local_values_by_site"": [{""esp_max_acidic_h_hartree_per_e"": 0.10018625492581867, ""esp_min_carbonyl_o_hartree_per_e"": -0.0742126206527863}], ""mpi"": ""arithmetic mean of absolute ESP over all grid-edge isosurface intersections"", ""surface_esp"": ""linear grid-edge crossing samples; nearest-nucleus local patches"", ""volume"": ""occupied density grid; discretized electron-density isosurface volume""}, ""fchk"": ""/gs/bs/tga-ynabae/kikuchi/pka_prediction/data/benzoicacid_v2/formchk/sub_73.fchk"", ""geometric_sampling"": {""buried_center"": ""COOH carbon; reference COOH atoms excluded"", ""buried_radius_angstrom"": 3.5, ""buried_samples"": 32768, ""radii"": ""RDKit vdW"", ""sasa_points_per_atom"": 2000, ""sasa_probe_angstrom"": 1.4}, ""ignored_aliphatic_cooh_count"": 0, ""job_selection"": ""last normally terminated job only"", ""local_atom_indices_0based"": {""acidic_hydrogen"": 20, ""carbonyl_oxygen"": 8, ""carboxyl_carbon"": 7, ""hydroxyl_oxygen"": 9, ""ipso_carbon"": 6, ""meta_carbons"": [1, 3], ""ortho_carbons"": [4, 10], ""para_carbon"": 2, ""ring_atoms"": [1, 2, 3, 4, 6, 10], ""substituent_position_counts"": {""meta"": 1, ""ortho"": 2, ""para"": 0, ""total"": 3}, ""substituted_ring_carbons"": [1, 4, 10]}, ""local_atom_indices_by_site_0based"": [{""acidic_hydrogen"": 20, ""carbonyl_oxygen"": 8, ""carboxyl_carbon"": 7, ""hydroxyl_oxygen"": 9, ""ipso_carbon"": 6, ""meta_carbons"": [1, 3], ""ortho_carbons"": [4, 10], ""para_carbon"": 2, ""ring_atoms"": [1, 2, 3, 4, 6, 10], ""substituent_position_counts"": {""meta"": 1, ""ortho"": 2, ""para"": 0, ""total"": 3}, ""substituted_ring_carbons"": [1, 4, 10]}], ""log"": ""/gs/bs/tga-ynabae/kikuchi/pka_prediction/data/benzoicacid_v2/logfile/sub_73.log"", ""normal_modes"": {""aggregation"": ""mean of independently assigned harmonic-mode frequencies"", ""assignments"": {""co_double_stretch_frequency_cm1"": {""mode_index_0based"": 53, ""projection"": 1.3890025930816163, ""unscaled_cm1"": 1739.70655}, ""oh_stretch_frequency_cm1"": {""mode_index_0based"": 65, ""projection"": 1.1228463004375837, ""unscaled_cm1"": 3727.45548}}, ""assignments_by_site"": [{""assignments"": {""co_double_stretch_frequency_cm1"": {""mode_index_0based"": 53, ""projection"": 1.3890025930816163, ""unscaled_cm1"": 1739.70655}, ""oh_stretch_frequency_cm1"": {""mode_index_0based"": 65, ""projection"": 1.1228463004375837, ""unscaled_cm1"": 3727.45548}}, ""carboxyl_carbon_0based"": 7}], ""precision"": ""fchk"", ""scale"": 1.0}, ""npa_source"": ""selected final log combined-spin NPA table"", ""site_aggregation"": ""equal-weight arithmetic mean; all sites required""}"
74,Cc1ccc(C)c(C(=O)O)c1O,3.23,74,0.53097,-0.68296,-0.71405,0.84355,-0.26201,0.216365,-0.17841500000000002,-0.15155,0.698,1.1011,1.5593,1.0755,0.10815561070363768,-0.04925094517052331,-7.695658702171952,-0.44734981019298187,7.2483088919789695,3.6657440660549234,169.79519633333334,0.0192344952570156,206.64719251372583,83.41605508497747,29.5806884765625,0.9720515637291204,1.2315087993946388,1.3279620087181379,1.469271500616728,0.01446346217807191,3727.20521,1667.96653,complete,,{},"{""aromatic_cooh_site_count"": 1, ""density_surface"": {""density_cube"": ""/gs/bs/tga-ynabae/kikuchi/pka_prediction/data/benzoicacid_v2/density_cube/sub_74_density.cube"", ""esp_cube"": ""/gs/bs/tga-ynabae/kikuchi/pka_prediction/data/benzoicacid_v2/esp_cube/sub_74_esp.cube"", ""isovalue_e_bohr3"": 0.001, ""local_esp_radius_angstrom"": 2.0, ""local_issues_by_site"": [{}], ""local_values_by_site"": [{""esp_max_acidic_h_hartree_per_e"": 0.10815561070363768, ""esp_min_carbonyl_o_hartree_per_e"": -0.04925094517052331}], ""mpi"": ""arithmetic mean of absolute ESP over all grid-edge isosurface intersections"", ""surface_esp"": ""linear grid-edge crossing samples; nearest-nucleus local patches"", ""volume"": ""occupied density grid; discretized electron-density isosurface volume""}, ""fchk"": ""/gs/bs/tga-ynabae/kikuchi/pka_prediction/data/benzoicacid_v2/formchk/sub_74.fchk"", ""geometric_sampling"": {""buried_center"": ""COOH carbon; reference COOH atoms excluded"", ""buried_radius_angstrom"": 3.5, ""buried_samples"": 32768, ""radii"": ""RDKit vdW"", ""sasa_points_per_atom"": 2000, ""sasa_probe_angstrom"": 1.4}, ""ignored_aliphatic_cooh_count"": 0, ""job_selection"": ""last normally terminated job only"", ""local_atom_indices_0based"": {""acidic_hydrogen"": 20, ""carbonyl_oxygen"": 8, ""carboxyl_carbon"": 7, ""hydroxyl_oxygen"": 9, ""ipso_carbon"": 6, ""meta_carbons"": [1, 3], ""ortho_carbons"": [4, 10], ""para_carbon"": 2, ""ring_atoms"": [1, 2, 3, 4, 6, 10], ""substituent_position_counts"": {""meta"": 1, ""ortho"": 2, ""para"": 0, ""total"": 3}, ""substituted_ring_carbons"": [1, 4, 10]}, ""local_atom_indices_by_site_0based"": [{""acidic_hydrogen"": 20, ""carbonyl_oxygen"": 8, ""carboxyl_carbon"": 7, ""hydroxyl_oxygen"": 9, ""ipso_carbon"": 6, ""meta_carbons"": [1, 3], ""ortho_carbons"": [4, 10], ""para_carbon"": 2, ""ring_atoms"": [1, 2, 3, 4, 6, 10], ""substituent_position_counts"": {""meta"": 1, ""ortho"": 2, ""para"": 0, ""total"": 3}, ""substituted_ring_carbons"": [1, 4, 10]}], ""log"": ""/gs/bs/tga-ynabae/kikuchi/pka_prediction/data/benzoicacid_v2/logfile/sub_74.log"", ""normal_modes"": {""aggregation"": ""mean of independently assigned harmonic-mode frequencies"", ""assignments"": {""co_double_stretch_frequency_cm1"": {""mode_index_0based"": 48, ""projection"": 0.4865635577535552, ""unscaled_cm1"": 1667.96653}, ""oh_stretch_frequency_cm1"": {""mode_index_0based"": 59, ""projection"": 1.1229892359430227, ""unscaled_cm1"": 3727.20521}}, ""assignments_by_site"": [{""assignments"": {""co_double_stretch_frequency_cm1"": {""mode_index_0based"": 48, ""projection"": 0.4865635577535552, ""unscaled_cm1"": 1667.96653}, ""oh_stretch_frequency_cm1"": {""mode_index_0based"": 59, ""projection"": 1.1229892359430227, ""unscaled_cm1"": 3727.20521}}, ""carboxyl_carbon_0based"": 7}], ""precision"": ""fchk"", ""scale"": 1.0}, ""npa_source"": ""selected final log combined-spin NPA table"", ""site_aggregation"": ""equal-weight arithmetic mean; all sites required""}"
75,Cc1ccc(N)c(C(=O)O)c1,5.13,75,0.53158,-0.7199,-0.70905,0.83124,-0.25534,0.03763999999999999,-0.177395,-0.15646,0.6985,1.0511,1.6271,1.0655,0.09880521530627048,-0.07912397974519463,-7.135287495825124,-0.3139734671798569,6.821314028645268,4.800272785726509,162.40279113333335,0.02521446822580755,192.75260202241208,94.04112564294066,25.7110595703125,0.9707615666164273,1.2194393455663128,1.3451438293809437,1.468536829073581,1.0156439530508217,3756.87124,1687.1703,complete,,{},"{""aromatic_cooh_site_count"": 1, ""density_surface"": {""density_cube"": ""/gs/bs/tga-ynabae/kikuchi/pka_prediction/data/benzoicacid_v2/density_cube/sub_75_density.cube"", ""esp_cube"": ""/gs/bs/tga-ynabae/kikuchi/pka_prediction/data/benzoicacid_v2/esp_cube/sub_75_esp.cube"", ""isovalue_e_bohr3"": 0.001, ""local_esp_radius_angstrom"": 2.0, ""local_issues_by_site"": [{}], ""local_values_by_site"": [{""esp_max_acidic_h_hartree_per_e"": 0.09880521530627048, ""esp_min_carbonyl_o_hartree_per_e"": -0.07912397974519463}], ""mpi"": ""arithmetic mean of absolute ESP over all grid-edge isosurface intersections"", ""surface_esp"": ""linear grid-edge crossing samples; nearest-nucleus local patches"", ""volume"": ""occupied density grid; discretized electron-density isosurface volume""}, ""fchk"": ""/gs/bs/tga-ynabae/kikuchi/pka_prediction/data/benzoicacid_v2/formchk/sub_75.fchk"", ""geometric_sampling"": {""buried_center"": ""COOH carbon; reference COOH atoms excluded"", ""buried_radius_angstrom"": 3.5, ""buried_samples"": 32768, ""radii"": ""RDKit vdW"", ""sasa_points_per_atom"": 2000, ""sasa_probe_angstrom"": 1.4}, ""ignored_aliphatic_cooh_count"": 0, ""job_selection"": ""last normally terminated job only"", ""local_atom_indices_0based"": {""acidic_hydrogen"": 18, ""carbonyl_oxygen"": 8, ""carboxyl_carbon"": 7, ""hydroxyl_oxygen"": 9, ""ipso_carbon"": 6, ""meta_carbons"": [1, 3], ""ortho_carbons"": [4, 10], ""para_carbon"": 2, ""ring_atoms"": [1, 2, 3, 4, 6, 10], ""substituent_position_counts"": {""meta"": 1, ""ortho"": 1, ""para"": 0, ""total"": 2}, ""substituted_ring_carbons"": [1, 4]}, ""local_atom_indices_by_site_0based"": [{""acidic_hydrogen"": 18, ""carbonyl_oxygen"": 8, ""carboxyl_carbon"": 7, ""hydroxyl_oxygen"": 9, ""ipso_carbon"": 6, ""meta_carbons"": [1, 3], ""ortho_carbons"": [4, 10], ""para_carbon"": 2, ""ring_atoms"": [1, 2, 3, 4, 6, 10], ""substituent_position_counts"": {""meta"": 1, ""ortho"": 1, ""para"": 0, ""total"": 2}, ""substituted_ring_carbons"": [1, 4]}], ""log"": ""/gs/bs/tga-ynabae/kikuchi/pka_prediction/data/benzoicacid_v2/logfile/sub_75.log"", ""normal_modes"": {""aggregation"": ""mean of independently assigned harmonic-mode frequencies"", ""assignments"": {""co_double_stretch_frequency_cm1"": {""mode_index_0based"": 43, ""projection"": 0.8714045576528435, ""unscaled_cm1"": 1687.1703}, ""oh_stretch_frequency_cm1"": {""mode_index_0based"": 53, ""projection"": 1.1218031876511083, ""unscaled_cm1"": 3756.87124}}, ""assignments_by_site"": [{""assignments"": {""co_double_stretch_frequency_cm1"": {""mode_index_0based"": 43, ""projection"": 0.8714045576528435, ""unscaled_cm1"": 1687.1703}, ""oh_stretch_frequency_cm1"": {""mode_index_0based"": 53, ""projection"": 1.1218031876511083, ""unscaled_cm1"": 3756.87124}}, ""carboxyl_carbon_0based"": 7}], ""precision"": ""fchk"", ""scale"": 1.0}, ""npa_source"": ""selected final log combined-spin NPA table"", ""site_aggregation"": ""equal-weight arithmetic mean; all sites required""}"
76,Cc1ccc(O)c(C(=O)O)c1,3.026666666666667,76,0.52714,-0.71337,-0.6833,0.83251,-0.23904,0.10602,-0.17467,-0.15554,0.7045,1.0579,1.6586,1.0422,0.08792120789958449,-0.10783359524106392,-7.816372765380953,-0.43146001779874726,7.384912747582206,5.2745506572400425,149.72742846666668,0.03072784735897989,187.35804290503148,98.5787164080796,24.6307373046875,0.9702967145026186,1.2150703928703648,1.3454053058647732,1.4753215455420332,8.024903009062347,3764.42853,1724.64388,complete,,{},"{""aromatic_cooh_site_count"": 1, ""density_surface"": {""density_cube"": ""/gs/bs/tga-ynabae/kikuchi/pka_prediction/data/benzoicacid_v2/density_cube/sub_76_density.cube"", ""esp_cube"": ""/gs/bs/tga-ynabae/kikuchi/pka_prediction/data/benzoicacid_v2/esp_cube/sub_76_esp.cube"", ""isovalue_e_bohr3"": 0.001, ""local_esp_radius_angstrom"": 2.0, ""local_issues_by_site"": [{}], ""local_values_by_site"": [{""esp_max_acidic_h_hartree_per_e"": 0.08792120789958449, ""esp_min_carbonyl_o_hartree_per_e"": -0.10783359524106392}], ""mpi"": ""arithmetic mean of absolute ESP over all grid-edge isosurface intersections"", ""surface_esp"": ""linear grid-edge crossing samples; nearest-nucleus local patches"", ""volume"": ""occupied density grid; discretized electron-density isosurface volume""}, ""fchk"": ""/gs/bs/tga-ynabae/kikuchi/pka_prediction/data/benzoicacid_v2/formchk/sub_76.fchk"", ""geometric_sampling"": {""buried_center"": ""COOH carbon; reference COOH atoms excluded"", ""buried_radius_angstrom"": 3.5, ""buried_samples"": 32768, ""radii"": ""RDKit vdW"", ""sasa_points_per_atom"": 2000, ""sasa_probe_angstrom"": 1.4}, ""ignored_aliphatic_cooh_count"": 0, ""job_selection"": ""last normally terminated job only"", ""local_atom_indices_0based"": {""acidic_hydrogen"": 17, ""carbonyl_oxygen"": 8, ""carboxyl_carbon"": 7, ""hydroxyl_oxygen"": 9, ""ipso_carbon"": 6, ""meta_carbons"": [1, 3], ""ortho_carbons"": [4, 10], ""para_carbon"": 2, ""ring_atoms"": [1, 2, 3, 4, 6, 10], ""substituent_position_counts"": {""meta"": 1, ""ortho"": 1, ""para"": 0, ""total"": 2}, ""substituted_ring_carbons"": [1, 4]}, ""local_atom_indices_by_site_0based"": [{""acidic_hydrogen"": 17, ""carbonyl_oxygen"": 8, ""carboxyl_carbon"": 7, ""hydroxyl_oxygen"": 9, ""ipso_carbon"": 6, ""meta_carbons"": [1, 3], ""ortho_carbons"": [4, 10], ""para_carbon"": 2, ""ring_atoms"": [1, 2, 3, 4, 6, 10], ""substituent_position_counts"": {""meta"": 1, ""ortho"": 1, ""para"": 0, ""total"": 2}, ""substituted_ring_carbons"": [1, 4]}], ""log"": ""/gs/bs/tga-ynabae/kikuchi/pka_prediction/data/benzoicacid_v2/logfile/sub_76.log"", ""normal_modes"": {""aggregation"": ""mean of independently assigned harmonic-mode frequencies"", ""assignments"": {""co_double_stretch_frequency_cm1"": {""mode_index_0based"": 42, ""projection"": 1.2144426350043847, ""unscaled_cm1"": 1724.64388}, ""oh_stretch_frequency_cm1"": {""mode_index_0based"": 49, ""projection"": 1.1227463801552575, ""unscaled_cm1"": 3764.42853}}, ""assignments_by_site"": [{""assignments"": {""co_double_stretch_frequency_cm1"": {""mode_index_0based"": 42, ""projection"": 1.2144426350043847, ""unscaled_cm1"": 1724.64388}, ""oh_stretch_frequency_cm1"": {""mode_index_0based"": 49, ""projection"": 1.1227463801552575, ""unscaled_cm1"": 3764.42853}}, ""carboxyl_carbon_0based"": 7}], ""precision"": ""fchk"", ""scale"": 1.0}, ""npa_source"": ""selected final log combined-spin NPA table"", ""site_aggregation"": ""equal-weight arithmetic mean; all sites required""}"
77,Cc1ccc2ccccc2c1C(=O)O,3.034,77,0.52817,-0.69879,-0.66734,0.84873,-0.14647,-0.017599999999999998,-0.14675,-0.15185,0.7009,1.0835,1.6949,0.9805,0.10231590571700461,-0.07161227697781995,-7.564846792852312,-0.4364934875078169,7.128353305344495,2.440826505140135,219.19516699999997,0.02212228343112951,236.9090775753419,86.1299356067443,30.8258056640625,0.9724773749033785,1.2118112132847463,1.3369270652385727,1.49120486733984,61.789807409193216,3728.97381,1741.59075,complete,,{},"{""aromatic_cooh_site_count"": 1, ""density_surface"": {""density_cube"": ""/gs/bs/tga-ynabae/kikuchi/pka_prediction/data/benzoicacid_v2/density_cube/sub_77_density.cube"", ""esp_cube"": ""/gs/bs/tga-ynabae/kikuchi/pka_prediction/data/benzoicacid_v2/esp_cube/sub_77_esp.cube"", ""isovalue_e_bohr3"": 0.001, ""local_esp_radius_angstrom"": 2.0, ""local_issues_by_site"": [{}], ""local_values_by_site"": [{""esp_max_acidic_h_hartree_per_e"": 0.10231590571700461, ""esp_min_carbonyl_o_hartree_per_e"": -0.07161227697781995}], ""mpi"": ""arithmetic mean of absolute ESP over all grid-edge isosurface intersections"", ""surface_esp"": ""linear grid-edge crossing samples; nearest-nucleus local patches"", ""volume"": ""occupied density grid; discretized electron-density isosurface volume""}, ""fchk"": ""/gs/bs/tga-ynabae/kikuchi/pka_prediction/data/benzoicacid_v2/formchk/sub_77.fchk"", ""geometric_sampling"": {""buried_center"": ""COOH carbon; reference COOH atoms excluded"", ""buried_radius_angstrom"": 3.5, ""buried_samples"": 32768, ""radii"": ""RDKit vdW"", ""sasa_points_per_atom"": 2000, ""sasa_probe_angstrom"": 1.4}, ""ignored_aliphatic_cooh_count"": 0, ""job_selection"": ""last normally terminated job only"", ""local_atom_indices_0based"": {""acidic_hydrogen"": 23, ""carbonyl_oxygen"": 12, ""carboxyl_carbon"": 11, ""hydroxyl_oxygen"": 13, ""ipso_carbon"": 10, ""meta_carbons"": [2, 4], ""ortho_carbons"": [1, 9], ""para_carbon"": 3, ""ring_atoms"": [1, 2, 3, 4, 9, 10], ""substituent_position_counts"": {""meta"": 1, ""ortho"": 2, ""para"": 0, ""total"": 3}, ""substituted_ring_carbons"": [1, 4, 9]}, ""local_atom_indices_by_site_0based"": [{""acidic_hydrogen"": 23, ""carbonyl_oxygen"": 12, ""carboxyl_carbon"": 11, ""hydroxyl_oxygen"": 13, ""ipso_carbon"": 10, ""meta_carbons"": [2, 4], ""ortho_carbons"": [1, 9], ""para_carbon"": 3, ""ring_atoms"": [1, 2, 3, 4, 9, 10], ""substituent_position_counts"": {""meta"": 1, ""ortho"": 2, ""para"": 0, ""total"": 3}, ""substituted_ring_carbons"": [1, 4, 9]}], ""log"": ""/gs/bs/tga-ynabae/kikuchi/pka_prediction/data/benzoicacid_v2/logfile/sub_77.log"", ""normal_modes"": {""aggregation"": ""mean of independently assigned harmonic-mode frequencies"", ""assignments"": {""co_double_stretch_frequency_cm1"": {""mode_index_0based"": 55, ""projection"": 1.3957593534618447, ""unscaled_cm1"": 1741.59075}, ""oh_stretch_frequency_cm1"": {""mode_index_0based"": 65, ""projection"": 1.1229069718744, ""unscaled_cm1"": 3728.97381}}, ""assignments_by_site"": [{""assignments"": {""co_double_stretch_frequency_cm1"": {""mode_index_0based"": 55, ""projection"": 1.3957593534618447, ""unscaled_cm1"": 1741.59075}, ""oh_stretch_frequency_cm1"": {""mode_index_0based"": 65, ""projection"": 1.1229069718744, ""unscaled_cm1"": 3728.97381}}, ""carboxyl_carbon_0based"": 11}], ""precision"": ""fchk"", ""scale"": 1.0}, ""npa_source"": ""selected final log combined-spin NPA table"", ""site_aggregation"": ""equal-weight arithmetic mean; all sites required""}"
78,Cc1cccc(C(=O)O)c1,4.272666666666667,78,0.52875,-0.70517,-0.68684,0.83486,-0.17884,-0.176695,-0.12288,-0.18361,0.7029,1.0721,1.6589,1.023,0.09661915358933208,-0.07220586991729311,-8.420814498859105,-0.48667218716344207,7.934142311695663,3.1562651470202345,141.47268746666666,0.021455282449890027,177.82213228495308,102.27916697881648,22.9339599609375,0.9706763594318594,1.215054640355696,1.3392288377100732,1.4805280731293022,0.48968539523074567,3751.87325,1725.22358,complete,,{},"{""aromatic_cooh_site_count"": 1, ""density_surface"": {""density_cube"": ""/gs/bs/tga-ynabae/kikuchi/pka_prediction/data/benzoicacid_v2/density_cube/sub_78_density.cube"", ""esp_cube"": ""/gs/bs/tga-ynabae/kikuchi/pka_prediction/data/benzoicacid_v2/esp_cube/sub_78_esp.cube"", ""isovalue_e_bohr3"": 0.001, ""local_esp_radius_angstrom"": 2.0, ""local_issues_by_site"": [{}], ""local_values_by_site"": [{""esp_max_acidic_h_hartree_per_e"": 0.09661915358933208, ""esp_min_carbonyl_o_hartree_per_e"": -0.07220586991729311}], ""mpi"": ""arithmetic mean of absolute ESP over all grid-edge isosurface intersections"", ""surface_esp"": ""linear grid-edge crossing samples; nearest-nucleus local patches"", ""volume"": ""occupied density grid; discretized electron-density isosurface volume""}, ""fchk"": ""/gs/bs/tga-ynabae/kikuchi/pka_prediction/data/benzoicacid_v2/formchk/sub_78.fchk"", ""geometric_sampling"": {""buried_center"": ""COOH carbon; reference COOH atoms excluded"", ""buried_radius_angstrom"": 3.5, ""buried_samples"": 32768, ""radii"": ""RDKit vdW"", ""sasa_points_per_atom"": 2000, ""sasa_probe_angstrom"": 1.4}, ""ignored_aliphatic_cooh_count"": 0, ""job_selection"": ""last normally terminated job only"", ""local_atom_indices_0based"": {""acidic_hydrogen"": 16, ""carbonyl_oxygen"": 7, ""carboxyl_carbon"": 6, ""hydroxyl_oxygen"": 8, ""ipso_carbon"": 5, ""meta_carbons"": [1, 3], ""ortho_carbons"": [4, 9], ""para_carbon"": 2, ""ring_atoms"": [1, 2, 3, 4, 5, 9], ""substituent_position_counts"": {""meta"": 1, ""ortho"": 0, ""para"": 0, ""total"": 1}, ""substituted_ring_carbons"": [1]}, ""local_atom_indices_by_site_0based"": [{""acidic_hydrogen"": 16, ""carbonyl_oxygen"": 7, ""carboxyl_carbon"": 6, ""hydroxyl_oxygen"": 8, ""ipso_carbon"": 5, ""meta_carbons"": [1, 3], ""ortho_carbons"": [4, 9], ""para_carbon"": 2, ""ring_atoms"": [1, 2, 3, 4, 5, 9], ""substituent_position_counts"": {""meta"": 1, ""ortho"": 0, ""para"": 0, ""total"": 1}, ""substituted_ring_carbons"": [1]}], ""log"": ""/gs/bs/tga-ynabae/kikuchi/pka_prediction/data/benzoicacid_v2/logfile/sub_78.log"", ""normal_modes"": {""aggregation"": ""mean of independently assigned harmonic-mode frequencies"", ""assignments"": {""co_double_stretch_frequency_cm1"": {""mode_index_0based"": 39, ""projection"": 1.2505966977817888, ""unscaled_cm1"": 1725.22358}, ""oh_stretch_frequency_cm1"": {""mode_index_0based"": 47, ""projection"": 1.1233531017388085, ""unscaled_cm1"": 3751.87325}}, ""assignments_by_site"": [{""assignments"": {""co_double_stretch_frequency_cm1"": {""mode_index_0based"": 39, ""projection"": 1.2505966977817888, ""unscaled_cm1"": 1725.22358}, ""oh_stretch_frequency_cm1"": {""mode_index_0based"": 47, ""projection"": 1.1233531017388085, ""unscaled_cm1"": 3751.87325}}, ""carboxyl_carbon_0based"": 6}], ""precision"": ""fchk"", ""scale"": 1.0}, ""npa_source"": ""selected final log combined-spin NPA table"", ""site_aggregation"": ""equal-weight arithmetic mean; all sites required""}"
79,Cc1cccc(C(=O)O)c1C,3.758,79,0.52752,-0.69906,-0.68445,0.84424,-0.17298,-0.08541499999999999,-0.12686,-0.19192,0.7023,1.0797,1.6708,1.0036,0.09859915069801117,-0.07615234346985643,-8.192124757050276,-0.09942265717272046,8.092702099877556,3.8363291269531397,158.947261,0.022630728360521796,199.24621150439728,93.31028123597278,26.67236328125,0.9717041567073775,1.2148368580059468,1.3367385397053202,1.4866190958277625,42.21806466384396,3738.59326,1723.68418,complete,,{},"{""aromatic_cooh_site_count"": 1, ""density_surface"": {""density_cube"": ""/gs/bs/tga-ynabae/kikuchi/pka_prediction/data/benzoicacid_v2/density_cube/sub_79_density.cube"", ""esp_cube"": ""/gs/bs/tga-ynabae/kikuchi/pka_prediction/data/benzoicacid_v2/esp_cube/sub_79_esp.cube"", ""isovalue_e_bohr3"": 0.001, ""local_esp_radius_angstrom"": 2.0, ""local_issues_by_site"": [{}], ""local_values_by_site"": [{""esp_max_acidic_h_hartree_per_e"": 0.09859915069801117, ""esp_min_carbonyl_o_hartree_per_e"": -0.07615234346985643}], ""mpi"": ""arithmetic mean of absolute ESP over all grid-edge isosurface intersections"", ""surface_esp"": ""linear grid-edge crossing samples; nearest-nucleus local patches"", ""volume"": ""occupied density grid; discretized electron-density isosurface volume""}, ""fchk"": ""/gs/bs/tga-ynabae/kikuchi/pka_prediction/data/benzoicacid_v2/formchk/sub_79.fchk"", ""geometric_sampling"": {""buried_center"": ""COOH carbon; reference COOH atoms excluded"", ""buried_radius_angstrom"": 3.5, ""buried_samples"": 32768, ""radii"": ""RDKit vdW"", ""sasa_points_per_atom"": 2000, ""sasa_probe_angstrom"": 1.4}, ""ignored_aliphatic_cooh_count"": 0, ""job_selection"": ""last normally terminated job only"", ""local_atom_indices_0based"": {""acidic_hydrogen"": 17, ""carbonyl_oxygen"": 7, ""carboxyl_carbon"": 6, ""hydroxyl_oxygen"": 8, ""ipso_carbon"": 5, ""meta_carbons"": [1, 3], ""ortho_carbons"": [4, 9], ""para_carbon"": 2, ""ring_atoms"": [1, 2, 3, 4, 5, 9], ""substituent_position_counts"": {""meta"": 1, ""ortho"": 1, ""para"": 0, ""total"": 2}, ""substituted_ring_carbons"": [1, 9]}, ""local_atom_indices_by_site_0based"": [{""acidic_hydrogen"": 17, ""carbonyl_oxygen"": 7, ""carboxyl_carbon"": 6, ""hydroxyl_oxygen"": 8, ""ipso_carbon"": 5, ""meta_carbons"": [1, 3], ""ortho_carbons"": [4, 9], ""para_carbon"": 2, ""ring_atoms"": [1, 2, 3, 4, 5, 9], ""substituent_position_counts"": {""meta"": 1, ""ortho"": 1, ""para"": 0, ""total"": 2}, ""substituted_ring_carbons"": [1, 9]}], ""log"": ""/gs/bs/tga-ynabae/kikuchi/pka_prediction/data/benzoicacid_v2/logfile/sub_79.log"", ""normal_modes"": {""aggregation"": ""mean of independently assigned harmonic-mode frequencies"", ""assignments"": {""co_double_stretch_frequency_cm1"": {""mode_index_0based"": 46, ""projection"": 1.316876645968877, ""unscaled_cm1"": 1723.68418}, ""oh_stretch_frequency_cm1"": {""mode_index_0based"": 56, ""projection"": 1.1229056195018825, ""unscaled_cm1"": 3738.59326}}, ""assignments_by_site"": [{""assignments"": {""co_double_stretch_frequency_cm1"": {""mode_index_0based"": 46, ""projection"": 1.316876645968877, ""unscaled_cm1"": 1723.68418}, ""oh_stretch_frequency_cm1"": {""mode_index_0based"": 56, ""projection"": 1.1229056195018825, ""unscaled_cm1"": 3738.59326}}, ""carboxyl_carbon_0based"": 6}], ""precision"": ""fchk"", ""scale"": 1.0}, ""npa_source"": ""selected final log combined-spin NPA table"", ""site_aggregation"": ""equal-weight arithmetic mean; all sites required""}"
80,Cc1cccc(C(=O)O)c1O,2.971,80,0.52588,-0.69598,-0.69639,0.8371,-0.23825,0.10697,-0.172325,-0.16416,0.7038,1.0807,1.6448,1.032,0.0852132191113078,-0.07844761382521542,-7.9363325833859895,-0.36811586443250877,7.5682167189534795,5.922489622478789,149.80448316666664,0.030524391277698317,186.37103903718807,98.24734121497895,24.5941162109375,0.971320624054085,1.2172960586256334,1.3365857740966,1.480304103578443,15.841650706955424,3746.88519,1702.14796,complete,,{},"{""aromatic_cooh_site_count"": 1, ""density_surface"": {""density_cube"": ""/gs/bs/tga-ynabae/kikuchi/pka_prediction/data/benzoicacid_v2/density_cube/sub_80_density.cube"", ""esp_cube"": ""/gs/bs/tga-ynabae/kikuchi/pka_prediction/data/benzoicacid_v2/esp_cube/sub_80_esp.cube"", ""isovalue_e_bohr3"": 0.001, ""local_esp_radius_angstrom"": 2.0, ""local_issues_by_site"": [{}], ""local_values_by_site"": [{""esp_max_acidic_h_hartree_per_e"": 0.0852132191113078, ""esp_min_carbonyl_o_hartree_per_e"": -0.07844761382521542}], ""mpi"": ""arithmetic mean of absolute ESP over all grid-edge isosurface intersections"", ""surface_esp"": ""linear grid-edge crossing samples; nearest-nucleus local patches"", ""volume"": ""occupied density grid; discretized electron-density isosurface volume""}, ""fchk"": ""/gs/bs/tga-ynabae/kikuchi/pka_prediction/data/benzoicacid_v2/formchk/sub_80.fchk"", ""geometric_sampling"": {""buried_center"": ""COOH carbon; reference COOH atoms excluded"", ""buried_radius_angstrom"": 3.5, ""buried_samples"": 32768, ""radii"": ""RDKit vdW"", ""sasa_points_per_atom"": 2000, ""sasa_probe_angstrom"": 1.4}, ""ignored_aliphatic_cooh_count"": 0, ""job_selection"": ""last normally terminated job only"", ""local_atom_indices_0based"": {""acidic_hydrogen"": 17, ""carbonyl_oxygen"": 7, ""carboxyl_carbon"": 6, ""hydroxyl_oxygen"": 8, ""ipso_carbon"": 5, ""meta_carbons"": [1, 3], ""ortho_carbons"": [4, 9], ""para_carbon"": 2, ""ring_atoms"": [1, 2, 3, 4, 5, 9], ""substituent_position_counts"": {""meta"": 1, ""ortho"": 1, ""para"": 0, ""total"": 2}, ""substituted_ring_carbons"": [1, 9]}, ""local_atom_indices_by_site_0based"": [{""acidic_hydrogen"": 17, ""carbonyl_oxygen"": 7, ""carboxyl_carbon"": 6, ""hydroxyl_oxygen"": 8, ""ipso_carbon"": 5, ""meta_carbons"": [1, 3], ""ortho_carbons"": [4, 9], ""para_carbon"": 2, ""ring_atoms"": [1, 2, 3, 4, 5, 9], ""substituent_position_counts"": {""meta"": 1, ""ortho"": 1, ""para"": 0, ""total"": 2}, ""substituted_ring_carbons"": [1, 9]}], ""log"": ""/gs/bs/tga-ynabae/kikuchi/pka_prediction/data/benzoicacid_v2/logfile/sub_80.log"", ""normal_modes"": {""aggregation"": ""mean of independently assigned harmonic-mode frequencies"", ""assignments"": {""co_double_stretch_frequency_cm1"": {""mode_index_0based"": 42, ""projection"": 1.2141698431433732, ""unscaled_cm1"": 1702.14796}, ""oh_stretch_frequency_cm1"": {""mode_index_0based"": 49, ""projection"": 1.122836984799706, ""unscaled_cm1"": 3746.88519}}, ""assignments_by_site"": [{""assignments"": {""co_double_stretch_frequency_cm1"": {""mode_index_0based"": 42, ""projection"": 1.2141698431433732, ""unscaled_cm1"": 1702.14796}, ""oh_stretch_frequency_cm1"": {""mode_index_0based"": 49, ""projection"": 1.122836984799706, ""unscaled_cm1"": 3746.88519}}, ""carboxyl_carbon_0based"": 6}], ""precision"": ""fchk"", ""scale"": 1.0}, ""npa_source"": ""selected final log combined-spin NPA table"", ""site_aggregation"": ""equal-weight arithmetic mean; all sites required""}"
81,Cc1cccc(C)c1C(=O)O,3.307,81,0.52731,-0.69864,-0.67108,0.85197,-0.17917,0.011895,-0.232055,-0.18696,0.7018,1.0825,1.6894,0.9824,0.10095875047502817,-0.07121740104028004,-8.218066623282345,0.07826933885342428,8.29633596213577,2.445937437303535,157.46663266666664,0.020355158781358944,199.96888846109889,82.79449097846475,31.5216064453125,0.9722905285723776,1.2124832727661683,1.336702746696983,1.490949903306572,59.11235895382345,3733.4389,1741.92688,complete,,{},"{""aromatic_cooh_site_count"": 1, ""density_surface"": {""density_cube"": ""/gs/bs/tga-ynabae/kikuchi/pka_prediction/data/benzoicacid_v2/density_cube/sub_81_density.cube"", ""esp_cube"": ""/gs/bs/tga-ynabae/kikuchi/pka_prediction/data/benzoicacid_v2/esp_cube/sub_81_esp.cube"", ""isovalue_e_bohr3"": 0.001, ""local_esp_radius_angstrom"": 2.0, ""local_issues_by_site"": [{}], ""local_values_by_site"": [{""esp_max_acidic_h_hartree_per_e"": 0.10095875047502817, ""esp_min_carbonyl_o_hartree_per_e"": -0.07121740104028004}], ""mpi"": ""arithmetic mean of absolute ESP over all grid-edge isosurface intersections"", ""surface_esp"": ""linear grid-edge crossing samples; nearest-nucleus local patches"", ""volume"": ""occupied density grid; discretized electron-density isosurface volume""}, ""fchk"": ""/gs/bs/tga-ynabae/kikuchi/pka_prediction/data/benzoicacid_v2/formchk/sub_81.fchk"", ""geometric_sampling"": {""buried_center"": ""COOH carbon; reference COOH atoms excluded"", ""buried_radius_angstrom"": 3.5, ""buried_samples"": 32768, ""radii"": ""RDKit vdW"", ""sasa_points_per_atom"": 2000, ""sasa_probe_angstrom"": 1.4}, ""ignored_aliphatic_cooh_count"": 0, ""job_selection"": ""last normally terminated job only"", ""local_atom_indices_0based"": {""acidic_hydrogen"": 20, ""carbonyl_oxygen"": 9, ""carboxyl_carbon"": 8, ""hydroxyl_oxygen"": 10, ""ipso_carbon"": 7, ""meta_carbons"": [2, 4], ""ortho_carbons"": [1, 5], ""para_carbon"": 3, ""ring_atoms"": [1, 2, 3, 4, 5, 7], ""substituent_position_counts"": {""meta"": 0, ""ortho"": 2, ""para"": 0, ""total"": 2}, ""substituted_ring_carbons"": [1, 5]}, ""local_atom_indices_by_site_0based"": [{""acidic_hydrogen"": 20, ""carbonyl_oxygen"": 9, ""carboxyl_carbon"": 8, ""hydroxyl_oxygen"": 10, ""ipso_carbon"": 7, ""meta_carbons"": [2, 4], ""ortho_carbons"": [1, 5], ""para_carbon"": 3, ""ring_atoms"": [1, 2, 3, 4, 5, 7], ""substituent_position_counts"": {""meta"": 0, ""ortho"": 2, ""para"": 0, ""total"": 2}, ""substituted_ring_carbons"": [1, 5]}], ""log"": ""/gs/bs/tga-ynabae/kikuchi/pka_prediction/data/benzoicacid_v2/logfile/sub_81.log"", ""normal_modes"": {""aggregation"": ""mean of independently assigned harmonic-mode frequencies"", ""assignments"": {""co_double_stretch_frequency_cm1"": {""mode_index_0based"": 46, ""projection"": 1.3574790043371263, ""unscaled_cm1"": 1741.92688}, ""oh_stretch_frequency_cm1"": {""mode_index_0based"": 56, ""projection"": 1.122801778058785, ""unscaled_cm1"": 3733.4389}}, ""assignments_by_site"": [{""assignments"": {""co_double_stretch_frequency_cm1"": {""mode_index_0based"": 46, ""projection"": 1.3574790043371263, ""unscaled_cm1"": 1741.92688}, ""oh_stretch_frequency_cm1"": {""mode_index_0based"": 56, ""projection"": 1.122801778058785, ""unscaled_cm1"": 3733.4389}}, ""carboxyl_carbon_0based"": 8}], ""precision"": ""fchk"", ""scale"": 1.0}, ""npa_source"": ""selected final log combined-spin NPA table"", ""site_aggregation"": ""equal-weight arithmetic mean; all sites required""}"
82,Cc1cccc(O)c1C(=O)O,3.24,82,0.52763,-0.69727,-0.67061,0.84959,-0.22988,0.19425,-0.277025,-0.16909,0.7017,1.0837,1.6903,0.9884,0.0951288696694515,-0.09483625120810497,-7.940380658049488,0.013967225369398302,7.954347883418887,3.958910742627226,146.805533,0.029714351695921584,187.44421565280962,88.77415131141777,29.0008544921875,0.9722285894318033,1.2122829415123486,1.336316251729747,1.487991695813861,55.64956903765908,3734.37893,1737.87209,complete,,{},"{""aromatic_cooh_site_count"": 1, ""density_surface"": {""density_cube"": ""/gs/bs/tga-ynabae/kikuchi/pka_prediction/data/benzoicacid_v2/density_cube/sub_82_density.cube"", ""esp_cube"": ""/gs/bs/tga-ynabae/kikuchi/pka_prediction/data/benzoicacid_v2/esp_cube/sub_82_esp.cube"", ""isovalue_e_bohr3"": 0.001, ""local_esp_radius_angstrom"": 2.0, ""local_issues_by_site"": [{}], ""local_values_by_site"": [{""esp_max_acidic_h_hartree_per_e"": 0.0951288696694515, ""esp_min_carbonyl_o_hartree_per_e"": -0.09483625120810497}], ""mpi"": ""arithmetic mean of absolute ESP over all grid-edge isosurface intersections"", ""surface_esp"": ""linear grid-edge crossing samples; nearest-nucleus local patches"", ""volume"": ""occupied density grid; discretized electron-density isosurface volume""}, ""fchk"": ""/gs/bs/tga-ynabae/kikuchi/pka_prediction/data/benzoicacid_v2/formchk/sub_82.fchk"", ""geometric_sampling"": {""buried_center"": ""COOH carbon; reference COOH atoms excluded"", ""buried_radius_angstrom"": 3.5, ""buried_samples"": 32768, ""radii"": ""RDKit vdW"", ""sasa_points_per_atom"": 2000, ""sasa_probe_angstrom"": 1.4}, ""ignored_aliphatic_cooh_count"": 0, ""job_selection"": ""last normally terminated job only"", ""local_atom_indices_0based"": {""acidic_hydrogen"": 18, ""carbonyl_oxygen"": 9, ""carboxyl_carbon"": 8, ""hydroxyl_oxygen"": 10, ""ipso_carbon"": 7, ""meta_carbons"": [2, 4], ""ortho_carbons"": [1, 5], ""para_carbon"": 3, ""ring_atoms"": [1, 2, 3, 4, 5, 7], ""substituent_position_counts"": {""meta"": 0, ""ortho"": 2, ""para"": 0, ""total"": 2}, ""substituted_ring_carbons"": [1, 5]}, ""local_atom_indices_by_site_0based"": [{""acidic_hydrogen"": 18, ""carbonyl_oxygen"": 9, ""carboxyl_carbon"": 8, ""hydroxyl_oxygen"": 10, ""ipso_carbon"": 7, ""meta_carbons"": [2, 4], ""ortho_carbons"": [1, 5], ""para_carbon"": 3, ""ring_atoms"": [1, 2, 3, 4, 5, 7], ""substituent_position_counts"": {""meta"": 0, ""ortho"": 2, ""para"": 0, ""total"": 2}, ""substituted_ring_carbons"": [1, 5]}], ""log"": ""/gs/bs/tga-ynabae/kikuchi/pka_prediction/data/benzoicacid_v2/logfile/sub_82.log"", ""normal_modes"": {""aggregation"": ""mean of independently assigned harmonic-mode frequencies"", ""assignments"": {""co_double_stretch_frequency_cm1"": {""mode_index_0based"": 42, ""projection"": 1.3571453848258244, ""unscaled_cm1"": 1737.87209}, ""oh_stretch_frequency_cm1"": {""mode_index_0based"": 49, ""projection"": 1.1227141916819792, ""unscaled_cm1"": 3734.37893}}, ""assignments_by_site"": [{""assignments"": {""co_double_stretch_frequency_cm1"": {""mode_index_0based"": 42, ""projection"": 1.3571453848258244, ""unscaled_cm1"": 1737.87209}, ""oh_stretch_frequency_cm1"": {""mode_index_0based"": 49, ""projection"": 1.1227141916819792, ""unscaled_cm1"": 3734.37893}}, ""carboxyl_carbon_0based"": 8}], ""precision"": ""fchk"", ""scale"": 1.0}, ""npa_source"": ""selected final log combined-spin NPA table"", ""site_aggregation"": ""equal-weight arithmetic mean; all sites required""}"
83,Cc1ccccc1C(=O)O,3.914,83,0.52795,-0.69672,-0.69051,0.83983,-0.18578,-0.07108999999999999,-0.22930499999999998,-0.17958,0.7019,1.0815,1.6571,1.0148,0.0988211813700655,-0.07364657394061744,-8.437857371024375,-0.32892087484562044,8.108936496178755,3.3290716982916257,141.6954867,0.02179928017697117,176.66258746455364,91.15752057806367,26.416015625,0.9713970125345003,1.2161121120648766,1.3352548228625383,1.4852105155056887,27.644533226566963,3745.92187,1715.3165,complete,,{},"{""aromatic_cooh_site_count"": 1, ""density_surface"": {""density_cube"": ""/gs/bs/tga-ynabae/kikuchi/pka_prediction/data/benzoicacid_v2/density_cube/sub_83_density.cube"", ""esp_cube"": ""/gs/bs/tga-ynabae/kikuchi/pka_prediction/data/benzoicacid_v2/esp_cube/sub_83_esp.cube"", ""isovalue_e_bohr3"": 0.001, ""local_esp_radius_angstrom"": 2.0, ""local_issues_by_site"": [{}], ""local_values_by_site"": [{""esp_max_acidic_h_hartree_per_e"": 0.0988211813700655, ""esp_min_carbonyl_o_hartree_per_e"": -0.07364657394061744}], ""mpi"": ""arithmetic mean of absolute ESP over all grid-edge isosurface intersections"", ""surface_esp"": ""linear grid-edge crossing samples; nearest-nucleus local patches"", ""volume"": ""occupied density grid; discretized electron-density isosurface volume""}, ""fchk"": ""/gs/bs/tga-ynabae/kikuchi/pka_prediction/data/benzoicacid_v2/formchk/sub_83.fchk"", ""geometric_sampling"": {""buried_center"": ""COOH carbon; reference COOH atoms excluded"", ""buried_radius_angstrom"": 3.5, ""buried_samples"": 32768, ""radii"": ""RDKit vdW"", ""sasa_points_per_atom"": 2000, ""sasa_probe_angstrom"": 1.4}, ""ignored_aliphatic_cooh_count"": 0, ""job_selection"": ""last normally terminated job only"", ""local_atom_indices_0based"": {""acidic_hydrogen"": 17, ""carbonyl_oxygen"": 8, ""carboxyl_carbon"": 7, ""hydroxyl_oxygen"": 9, ""ipso_carbon"": 6, ""meta_carbons"": [2, 4], ""ortho_carbons"": [1, 5], ""para_carbon"": 3, ""ring_atoms"": [1, 2, 3, 4, 5, 6], ""substituent_position_counts"": {""meta"": 0, ""ortho"": 1, ""para"": 0, ""total"": 1}, ""substituted_ring_carbons"": [1]}, ""local_atom_indices_by_site_0based"": [{""acidic_hydrogen"": 17, ""carbonyl_oxygen"": 8, ""carboxyl_carbon"": 7, ""hydroxyl_oxygen"": 9, ""ipso_carbon"": 6, ""meta_carbons"": [2, 4], ""ortho_carbons"": [1, 5], ""para_carbon"": 3, ""ring_atoms"": [1, 2, 3, 4, 5, 6], ""substituent_position_counts"": {""meta"": 0, ""ortho"": 1, ""para"": 0, ""total"": 1}, ""substituted_ring_carbons"": [1]}], ""log"": ""/gs/bs/tga-ynabae/kikuchi/pka_prediction/data/benzoicacid_v2/logfile/sub_83.log"", ""normal_modes"": {""aggregation"": ""mean of independently assigned harmonic-mode frequencies"", ""assignments"": {""co_double_stretch_frequency_cm1"": {""mode_index_0based"": 39, ""projection"": 1.2719024685589577, ""unscaled_cm1"": 1715.3165}, ""oh_stretch_frequency_cm1"": {""mode_index_0based"": 47, ""projection"": 1.1226895788269355, ""unscaled_cm1"": 3745.92187}}, ""assignments_by_site"": [{""assignments"": {""co_double_stretch_frequency_cm1"": {""mode_index_0based"": 39, ""projection"": 1.2719024685589577, ""unscaled_cm1"": 1715.3165}, ""oh_stretch_frequency_cm1"": {""mode_index_0based"": 47, ""projection"": 1.1226895788269355, ""unscaled_cm1"": 3745.92187}}, ""carboxyl_carbon_0based"": 7}], ""precision"": ""fchk"", ""scale"": 1.0}, ""npa_source"": ""selected final log combined-spin NPA table"", ""site_aggregation"": ""equal-weight arithmetic mean; all sites required""}"
84,N#Cc1ccc(C(=O)O)c(O)c1,2.35,84,0.53042,-0.70648,-0.66631,0.83225,-0.207,0.11818499999999998,-0.20962999999999998,-0.14858,0.7012,1.0681,1.6755,1.0239,0.10434578713183112,-0.08647551717531135,-8.387012895823748,-1.1846529873914353,7.202359908432312,2.080612126705502,155.81584109999997,0.03508425830791004,188.73781586480672,98.14143812662644,24.652099609375,0.9707855395458437,1.212140826445097,1.3409960676008346,1.4829752764884117,8.665114152939783,3757.40182,1739.64648,complete,,{},"{""aromatic_cooh_site_count"": 1, ""density_surface"": {""density_cube"": ""/gs/bs/tga-ynabae/kikuchi/pka_prediction/data/benzoicacid_v2/density_cube/sub_84_density.cube"", ""esp_cube"": ""/gs/bs/tga-ynabae/kikuchi/pka_prediction/data/benzoicacid_v2/esp_cube/sub_84_esp.cube"", ""isovalue_e_bohr3"": 0.001, ""local_esp_radius_angstrom"": 2.0, ""local_issues_by_site"": [{}], ""local_values_by_site"": [{""esp_max_acidic_h_hartree_per_e"": 0.10434578713183112, ""esp_min_carbonyl_o_hartree_per_e"": -0.08647551717531135}], ""mpi"": ""arithmetic mean of absolute ESP over all grid-edge isosurface intersections"", ""surface_esp"": ""linear grid-edge crossing samples; nearest-nucleus local patches"", ""volume"": ""occupied density grid; discretized electron-density isosurface volume""}, ""fchk"": ""/gs/bs/tga-ynabae/kikuchi/pka_prediction/data/benzoicacid_v2/formchk/sub_84.fchk"", ""geometric_sampling"": {""buried_center"": ""COOH carbon; reference COOH atoms excluded"", ""buried_radius_angstrom"": 3.5, ""buried_samples"": 32768, ""radii"": ""RDKit vdW"", ""sasa_points_per_atom"": 2000, ""sasa_probe_angstrom"": 1.4}, ""ignored_aliphatic_cooh_count"": 0, ""job_selection"": ""last normally terminated job only"", ""local_atom_indices_0based"": {""acidic_hydrogen"": 14, ""carbonyl_oxygen"": 7, ""carboxyl_carbon"": 6, ""hydroxyl_oxygen"": 8, ""ipso_carbon"": 5, ""meta_carbons"": [3, 11], ""ortho_carbons"": [4, 9], ""para_carbon"": 2, ""ring_atoms"": [2, 3, 4, 5, 9, 11], ""substituent_position_counts"": {""meta"": 0, ""ortho"": 1, ""para"": 1, ""total"": 2}, ""substituted_ring_carbons"": [2, 9]}, ""local_atom_indices_by_site_0based"": [{""acidic_hydrogen"": 14, ""carbonyl_oxygen"": 7, ""carboxyl_carbon"": 6, ""hydroxyl_oxygen"": 8, ""ipso_carbon"": 5, ""meta_carbons"": [3, 11], ""ortho_carbons"": [4, 9], ""para_carbon"": 2, ""ring_atoms"": [2, 3, 4, 5, 9, 11], ""substituent_position_counts"": {""meta"": 0, ""ortho"": 1, ""para"": 1, ""total"": 2}, ""substituted_ring_carbons"": [2, 9]}], ""log"": ""/gs/bs/tga-ynabae/kikuchi/pka_prediction/data/benzoicacid_v2/logfile/sub_84.log"", ""normal_modes"": {""aggregation"": ""mean of independently assigned harmonic-mode frequencies"", ""assignments"": {""co_double_stretch_frequency_cm1"": {""mode_index_0based"": 38, ""projection"": 1.3105441937872302, ""unscaled_cm1"": 1739.64648}, ""oh_stretch_frequency_cm1"": {""mode_index_0based"": 43, ""projection"": 1.1229266643401599, ""unscaled_cm1"": 3757.40182}}, ""assignments_by_site"": [{""assignments"": {""co_double_stretch_frequency_cm1"": {""mode_index_0based"": 38, ""projection"": 1.3105441937872302, ""unscaled_cm1"": 1739.64648}, ""oh_stretch_frequency_cm1"": {""mode_index_0based"": 43, ""projection"": 1.1229266643401599, ""unscaled_cm1"": 3757.40182}}, ""carboxyl_carbon_0based"": 6}], ""precision"": ""fchk"", ""scale"": 1.0}, ""npa_source"": ""selected final log combined-spin NPA table"", ""site_aggregation"": ""equal-weight arithmetic mean; all sites required""}"
85,N#Cc1ccc(O)c(C(=O)O)c1,2.38,85,0.53049,-0.70836,-0.66989,0.83447,-0.23481,0.164495,-0.25994,-0.10114,0.7011,1.0656,1.6721,1.0287,0.10185826548807671,-0.08384892454595487,-8.348070000682457,-0.6828883722003701,7.665181628482086,4.8585926979182075,155.4054866,0.03726893627298201,188.78711137068504,98.2057622362087,24.566650390625,0.9706585425060916,1.212410717306442,1.341739060673378,1.4801252111188596,0.05493701344826219,3758.13504,1738.2356,complete,,{},"{""aromatic_cooh_site_count"": 1, ""density_surface"": {""density_cube"": ""/gs/bs/tga-ynabae/kikuchi/pka_prediction/data/benzoicacid_v2/density_cube/sub_85_density.cube"", ""esp_cube"": ""/gs/bs/tga-ynabae/kikuchi/pka_prediction/data/benzoicacid_v2/esp_cube/sub_85_esp.cube"", ""isovalue_e_bohr3"": 0.001, ""local_esp_radius_angstrom"": 2.0, ""local_issues_by_site"": [{}], ""local_values_by_site"": [{""esp_max_acidic_h_hartree_per_e"": 0.10185826548807671, ""esp_min_carbonyl_o_hartree_per_e"": -0.08384892454595487}], ""mpi"": ""arithmetic mean of absolute ESP over all grid-edge isosurface intersections"", ""surface_esp"": ""linear grid-edge crossing samples; nearest-nucleus local patches"", ""volume"": ""occupied density grid; discretized electron-density isosurface volume""}, ""fchk"": ""/gs/bs/tga-ynabae/kikuchi/pka_prediction/data/benzoicacid_v2/formchk/sub_85.fchk"", ""geometric_sampling"": {""buried_center"": ""COOH carbon; reference COOH atoms excluded"", ""buried_radius_angstrom"": 3.5, ""buried_samples"": 32768, ""radii"": ""RDKit vdW"", ""sasa_points_per_atom"": 2000, ""sasa_probe_angstrom"": 1.4}, ""ignored_aliphatic_cooh_count"": 0, ""job_selection"": ""last normally terminated job only"", ""local_atom_indices_0based"": {""acidic_hydrogen"": 15, ""carbonyl_oxygen"": 9, ""carboxyl_carbon"": 8, ""hydroxyl_oxygen"": 10, ""ipso_carbon"": 7, ""meta_carbons"": [2, 4], ""ortho_carbons"": [5, 11], ""para_carbon"": 3, ""ring_atoms"": [2, 3, 4, 5, 7, 11], ""substituent_position_counts"": {""meta"": 1, ""ortho"": 1, ""para"": 0, ""total"": 2}, ""substituted_ring_carbons"": [2, 5]}, ""local_atom_indices_by_site_0based"": [{""acidic_hydrogen"": 15, ""carbonyl_oxygen"": 9, ""carboxyl_carbon"": 8, ""hydroxyl_oxygen"": 10, ""ipso_carbon"": 7, ""meta_carbons"": [2, 4], ""ortho_carbons"": [5, 11], ""para_carbon"": 3, ""ring_atoms"": [2, 3, 4, 5, 7, 11], ""substituent_position_counts"": {""meta"": 1, ""ortho"": 1, ""para"": 0, ""total"": 2}, ""substituted_ring_carbons"": [2, 5]}], ""log"": ""/gs/bs/tga-ynabae/kikuchi/pka_prediction/data/benzoicacid_v2/logfile/sub_85.log"", ""normal_modes"": {""aggregation"": ""mean of independently assigned harmonic-mode frequencies"", ""assignments"": {""co_double_stretch_frequency_cm1"": {""mode_index_0based"": 38, ""projection"": 1.2927436402430128, ""unscaled_cm1"": 1738.2356}, ""oh_stretch_frequency_cm1"": {""mode_index_0based"": 43, ""projection"": 1.1231837222625194, ""unscaled_cm1"": 3758.13504}}, ""assignments_by_site"": [{""assignments"": {""co_double_stretch_frequency_cm1"": {""mode_index_0based"": 38, ""projection"": 1.2927436402430128, ""unscaled_cm1"": 1738.2356}, ""oh_stretch_frequency_cm1"": {""mode_index_0based"": 43, ""projection"": 1.1231837222625194, ""unscaled_cm1"": 3758.13504}}, ""carboxyl_carbon_0based"": 8}], ""precision"": ""fchk"", ""scale"": 1.0}, ""npa_source"": ""selected final log combined-spin NPA table"", ""site_aggregation"": ""equal-weight arithmetic mean; all sites required""}"
86,NS(=O)(=O)c1ccc(C(=O)O)cc1,3.47,86,0.53261,-0.69705,-0.669,0.83422,-0.14421,-0.15589,-0.19117,-0.26347,0.699,1.0841,1.6758,1.0051,0.11289631948345287,-0.0570825248062499,-9.167876740409433,-1.0876393803660027,8.08023736004343,5.992738616452173,168.20872133333333,0.03400458712923508,216.13417682466533,102.32019617887237,22.894287109375,0.9712032380135504,1.2119619731843752,1.3341208399451698,1.4879797247035336,0.5167528330531831,3750.08486,1742.69055,complete,,{},"{""aromatic_cooh_site_count"": 1, ""density_surface"": {""density_cube"": ""/gs/bs/tga-ynabae/kikuchi/pka_prediction/data/benzoicacid_v2/density_cube/sub_86_density.cube"", ""esp_cube"": ""/gs/bs/tga-ynabae/kikuchi/pka_prediction/data/benzoicacid_v2/esp_cube/sub_86_esp.cube"", ""isovalue_e_bohr3"": 0.001, ""local_esp_radius_angstrom"": 2.0, ""local_issues_by_site"": [{}], ""local_values_by_site"": [{""esp_max_acidic_h_hartree_per_e"": 0.11289631948345287, ""esp_min_carbonyl_o_hartree_per_e"": -0.0570825248062499}], ""mpi"": ""arithmetic mean of absolute ESP over all grid-edge isosurface intersections"", ""surface_esp"": ""linear grid-edge crossing samples; nearest-nucleus local patches"", ""volume"": ""occupied density grid; discretized electron-density isosurface volume""}, ""fchk"": ""/gs/bs/tga-ynabae/kikuchi/pka_prediction/data/benzoicacid_v2/formchk/sub_86.fchk"", ""geometric_sampling"": {""buried_center"": ""COOH carbon; reference COOH atoms excluded"", ""buried_radius_angstrom"": 3.5, ""buried_samples"": 32768, ""radii"": ""RDKit vdW"", ""sasa_points_per_atom"": 2000, ""sasa_probe_angstrom"": 1.4}, ""ignored_aliphatic_cooh_count"": 0, ""job_selection"": ""last normally terminated job only"", ""local_atom_indices_0based"": {""acidic_hydrogen"": 17, ""carbonyl_oxygen"": 9, ""carboxyl_carbon"": 8, ""hydroxyl_oxygen"": 10, ""ipso_carbon"": 7, ""meta_carbons"": [5, 12], ""ortho_carbons"": [6, 11], ""para_carbon"": 4, ""ring_atoms"": [4, 5, 6, 7, 11, 12], ""substituent_position_counts"": {""meta"": 0, ""ortho"": 0, ""para"": 1, ""total"": 1}, ""substituted_ring_carbons"": [4]}, ""local_atom_indices_by_site_0based"": [{""acidic_hydrogen"": 17, ""carbonyl_oxygen"": 9, ""carboxyl_carbon"": 8, ""hydroxyl_oxygen"": 10, ""ipso_carbon"": 7, ""meta_carbons"": [5, 12], ""ortho_carbons"": [6, 11], ""para_carbon"": 4, ""ring_atoms"": [4, 5, 6, 7, 11, 12], ""substituent_position_counts"": {""meta"": 0, ""ortho"": 0, ""para"": 1, ""total"": 1}, ""substituted_ring_carbons"": [4]}], ""log"": ""/gs/bs/tga-ynabae/kikuchi/pka_prediction/data/benzoicacid_v2/logfile/sub_86.log"", ""normal_modes"": {""aggregation"": ""mean of independently assigned harmonic-mode frequencies"", ""assignments"": {""co_double_stretch_frequency_cm1"": {""mode_index_0based"": 46, ""projection"": 1.3485131381754205, ""unscaled_cm1"": 1742.69055}, ""oh_stretch_frequency_cm1"": {""mode_index_0based"": 53, ""projection"": 1.1233245669423735, ""unscaled_cm1"": 3750.08486}}, ""assignments_by_site"": [{""assignments"": {""co_double_stretch_frequency_cm1"": {""mode_index_0based"": 46, ""projection"": 1.3485131381754205, ""unscaled_cm1"": 1742.69055}, ""oh_stretch_frequency_cm1"": {""mode_index_0based"": 53, ""projection"": 1.1233245669423735, ""unscaled_cm1"": 3750.08486}}, ""carboxyl_carbon_0based"": 8}], ""precision"": ""fchk"", ""scale"": 1.0}, ""npa_source"": ""selected final log combined-spin NPA table"", ""site_aggregation"": ""equal-weight arithmetic mean; all sites required""}"
87,NS(=O)(=O)c1cccc(C(=O)O)c1,3.54,87,0.53232,-0.69831,-0.67285,0.83624,-0.16742,-0.13938,-0.248565,-0.1618,0.6992,1.082,1.6717,1.0094,0.11398604661305066,-0.06280006125038688,-9.19307453849599,-0.8213698188968572,8.371704719599133,10.155277106894282,168.41974066666666,0.04254461371699513,216.10000537758907,102.54461585008156,22.8851318359375,0.9712604781631696,1.212440276418378,1.334625934937359,1.4847655443962329,0.10955935229784894,3743.2946,1738.01918,complete,,{},"{""aromatic_cooh_site_count"": 1, ""density_surface"": {""density_cube"": ""/gs/bs/tga-ynabae/kikuchi/pka_prediction/data/benzoicacid_v2/density_cube/sub_87_density.cube"", ""esp_cube"": ""/gs/bs/tga-ynabae/kikuchi/pka_prediction/data/benzoicacid_v2/esp_cube/sub_87_esp.cube"", ""isovalue_e_bohr3"": 0.001, ""local_esp_radius_angstrom"": 2.0, ""local_issues_by_site"": [{}], ""local_values_by_site"": [{""esp_max_acidic_h_hartree_per_e"": 0.11398604661305066, ""esp_min_carbonyl_o_hartree_per_e"": -0.06280006125038688}], ""mpi"": ""arithmetic mean of absolute ESP over all grid-edge isosurface intersections"", ""surface_esp"": ""linear grid-edge crossing samples; nearest-nucleus local patches"", ""volume"": ""occupied density grid; discretized electron-density isosurface volume""}, ""fchk"": ""/gs/bs/tga-ynabae/kikuchi/pka_prediction/data/benzoicacid_v2/formchk/sub_87.fchk"", ""geometric_sampling"": {""buried_center"": ""COOH carbon; reference COOH atoms excluded"", ""buried_radius_angstrom"": 3.5, ""buried_samples"": 32768, ""radii"": ""RDKit vdW"", ""sasa_points_per_atom"": 2000, ""sasa_probe_angstrom"": 1.4}, ""ignored_aliphatic_cooh_count"": 0, ""job_selection"": ""last normally terminated job only"", ""local_atom_indices_0based"": {""acidic_hydrogen"": 18, ""carbonyl_oxygen"": 10, ""carboxyl_carbon"": 9, ""hydroxyl_oxygen"": 11, ""ipso_carbon"": 8, ""meta_carbons"": [4, 6], ""ortho_carbons"": [7, 12], ""para_carbon"": 5, ""ring_atoms"": [4, 5, 6, 7, 8, 12], ""substituent_position_counts"": {""meta"": 1, ""ortho"": 0, ""para"": 0, ""total"": 1}, ""substituted_ring_carbons"": [4]}, ""local_atom_indices_by_site_0based"": [{""acidic_hydrogen"": 18, ""carbonyl_oxygen"": 10, ""carboxyl_carbon"": 9, ""hydroxyl_oxygen"": 11, ""ipso_carbon"": 8, ""meta_carbons"": [4, 6], ""ortho_carbons"": [7, 12], ""para_carbon"": 5, ""ring_atoms"": [4, 5, 6, 7, 8, 12], ""substituent_position_counts"": {""meta"": 1, ""ortho"": 0, ""para"": 0, ""total"": 1}, ""substituted_ring_carbons"": [4]}], ""log"": ""/gs/bs/tga-ynabae/kikuchi/pka_prediction/data/benzoicacid_v2/logfile/sub_87.log"", ""normal_modes"": {""aggregation"": ""mean of independently assigned harmonic-mode frequencies"", ""assignments"": {""co_double_stretch_frequency_cm1"": {""mode_index_0based"": 46, ""projection"": 1.3740475511748296, ""unscaled_cm1"": 1738.01918}, ""oh_stretch_frequency_cm1"": {""mode_index_0based"": 53, ""projection"": 1.1235333647003687, ""unscaled_cm1"": 3743.2946}}, ""assignments_by_site"": [{""assignments"": {""co_double_stretch_frequency_cm1"": {""mode_index_0based"": 46, ""projection"": 1.3740475511748296, ""unscaled_cm1"": 1738.01918}, ""oh_stretch_frequency_cm1"": {""mode_index_0based"": 53, ""projection"": 1.1235333647003687, ""unscaled_cm1"": 3743.2946}}, ""carboxyl_carbon_0based"": 9}], ""precision"": ""fchk"", ""scale"": 1.0}, ""npa_source"": ""selected final log combined-spin NPA table"", ""site_aggregation"": ""equal-weight arithmetic mean; all sites required""}"
88,Nc1cc(Br)ccc1C(=O)O,4.37,88,0.53368,-0.71744,-0.70151,0.8324,-0.2574,0.06633499999999999,-0.304985,-0.0573,0.6964,1.0547,1.6349,1.0583,0.1088103928820656,-0.07095282894063805,-7.472409169546965,-0.48764608811946325,6.984763081427501,5.182155418133211,170.56378263333332,0.024707853379705463,198.33218007797456,94.55620546645996,25.54931640625,0.9709486647780365,1.2180259833249492,1.3433074906599172,1.4703896727531747,1.0234495971153705,3755.67053,1696.52002,complete,,{},"{""aromatic_cooh_site_count"": 1, ""density_surface"": {""density_cube"": ""/gs/bs/tga-ynabae/kikuchi/pka_prediction/data/benzoicacid_v2/density_cube/sub_88_density.cube"", ""esp_cube"": ""/gs/bs/tga-ynabae/kikuchi/pka_prediction/data/benzoicacid_v2/esp_cube/sub_88_esp.cube"", ""isovalue_e_bohr3"": 0.001, ""local_esp_radius_angstrom"": 2.0, ""local_issues_by_site"": [{}], ""local_values_by_site"": [{""esp_max_acidic_h_hartree_per_e"": 0.1088103928820656, ""esp_min_carbonyl_o_hartree_per_e"": -0.07095282894063805}], ""mpi"": ""arithmetic mean of absolute ESP over all grid-edge isosurface intersections"", ""surface_esp"": ""linear grid-edge crossing samples; nearest-nucleus local patches"", ""volume"": ""occupied density grid; discretized electron-density isosurface volume""}, ""fchk"": ""/gs/bs/tga-ynabae/kikuchi/pka_prediction/data/benzoicacid_v2/formchk/sub_88.fchk"", ""geometric_sampling"": {""buried_center"": ""COOH carbon; reference COOH atoms excluded"", ""buried_radius_angstrom"": 3.5, ""buried_samples"": 32768, ""radii"": ""RDKit vdW"", ""sasa_points_per_atom"": 2000, ""sasa_probe_angstrom"": 1.4}, ""ignored_aliphatic_cooh_count"": 0, ""job_selection"": ""last normally terminated job only"", ""local_atom_indices_0based"": {""acidic_hydrogen"": 16, ""carbonyl_oxygen"": 9, ""carboxyl_carbon"": 8, ""hydroxyl_oxygen"": 10, ""ipso_carbon"": 7, ""meta_carbons"": [2, 5], ""ortho_carbons"": [1, 6], ""para_carbon"": 3, ""ring_atoms"": [1, 2, 3, 5, 6, 7], ""substituent_position_counts"": {""meta"": 0, ""ortho"": 1, ""para"": 1, ""total"": 2}, ""substituted_ring_carbons"": [1, 3]}, ""local_atom_indices_by_site_0based"": [{""acidic_hydrogen"": 16, ""carbonyl_oxygen"": 9, ""carboxyl_carbon"": 8, ""hydroxyl_oxygen"": 10, ""ipso_carbon"": 7, ""meta_carbons"": [2, 5], ""ortho_carbons"": [1, 6], ""para_carbon"": 3, ""ring_atoms"": [1, 2, 3, 5, 6, 7], ""substituent_position_counts"": {""meta"": 0, ""ortho"": 1, ""para"": 1, ""total"": 2}, ""substituted_ring_carbons"": [1, 3]}], ""log"": ""/gs/bs/tga-ynabae/kikuchi/pka_prediction/data/benzoicacid_v2/logfile/sub_88.log"", ""normal_modes"": {""aggregation"": ""mean of independently assigned harmonic-mode frequencies"", ""assignments"": {""co_double_stretch_frequency_cm1"": {""mode_index_0based"": 38, ""projection"": 1.1422664751750982, ""unscaled_cm1"": 1696.52002}, ""oh_stretch_frequency_cm1"": {""mode_index_0based"": 44, ""projection"": 1.121332954682684, ""unscaled_cm1"": 3755.67053}}, ""assignments_by_site"": [{""assignments"": {""co_double_stretch_frequency_cm1"": {""mode_index_0based"": 38, ""projection"": 1.1422664751750982, ""unscaled_cm1"": 1696.52002}, ""oh_stretch_frequency_cm1"": {""mode_index_0based"": 44, ""projection"": 1.121332954682684, ""unscaled_cm1"": 3755.67053}}, ""carboxyl_carbon_0based"": 8}], ""precision"": ""fchk"", ""scale"": 1.0}, ""npa_source"": ""selected final log combined-spin NPA table"", ""site_aggregation"": ""equal-weight arithmetic mean; all sites required""}"
89,Nc1cc(C(=O)O)c2ccccc2c1,4.39,89,0.52788,-0.70465,-0.67601,0.83869,-0.13478,-0.129535,0.05952,-0.23575,0.7029,1.0721,1.6707,1.0125,0.09870162181602538,-0.07417462354082707,-7.037867658177841,-0.6832505013285317,6.35461715684931,4.614404099825672,224.08428833333332,0.02717751999558473,230.05671324924725,94.74765412276973,26.275634765625,0.9712350874719131,1.2136016279633355,1.3406440446882648,1.485093981907024,32.29404500771028,3748.5298,1732.8634,complete,,{},"{""aromatic_cooh_site_count"": 1, ""density_surface"": {""density_cube"": ""/gs/bs/tga-ynabae/kikuchi/pka_prediction/data/benzoicacid_v2/density_cube/sub_89_density.cube"", ""esp_cube"": ""/gs/bs/tga-ynabae/kikuchi/pka_prediction/data/benzoicacid_v2/esp_cube/sub_89_esp.cube"", ""isovalue_e_bohr3"": 0.001, ""local_esp_radius_angstrom"": 2.0, ""local_issues_by_site"": [{}], ""local_values_by_site"": [{""esp_max_acidic_h_hartree_per_e"": 0.09870162181602538, ""esp_min_carbonyl_o_hartree_per_e"": -0.07417462354082707}], ""mpi"": ""arithmetic mean of absolute ESP over all grid-edge isosurface intersections"", ""surface_esp"": ""linear grid-edge crossing samples; nearest-nucleus local patches"", ""volume"": ""occupied density grid; discretized electron-density isosurface volume""}, ""fchk"": ""/gs/bs/tga-ynabae/kikuchi/pka_prediction/data/benzoicacid_v2/formchk/sub_89.fchk"", ""geometric_sampling"": {""buried_center"": ""COOH carbon; reference COOH atoms excluded"", ""buried_radius_angstrom"": 3.5, ""buried_samples"": 32768, ""radii"": ""RDKit vdW"", ""sasa_points_per_atom"": 2000, ""sasa_probe_angstrom"": 1.4}, ""ignored_aliphatic_cooh_count"": 0, ""job_selection"": ""last normally terminated job only"", ""local_atom_indices_0based"": {""acidic_hydrogen"": 17, ""carbonyl_oxygen"": 5, ""carboxyl_carbon"": 4, ""hydroxyl_oxygen"": 6, ""ipso_carbon"": 3, ""meta_carbons"": [1, 12], ""ortho_carbons"": [2, 7], ""para_carbon"": 13, ""ring_atoms"": [1, 2, 3, 7, 12, 13], ""substituent_position_counts"": {""meta"": 2, ""ortho"": 1, ""para"": 0, ""total"": 3}, ""substituted_ring_carbons"": [1, 7, 12]}, ""local_atom_indices_by_site_0based"": [{""acidic_hydrogen"": 17, ""carbonyl_oxygen"": 5, ""carboxyl_carbon"": 4, ""hydroxyl_oxygen"": 6, ""ipso_carbon"": 3, ""meta_carbons"": [1, 12], ""ortho_carbons"": [2, 7], ""para_carbon"": 13, ""ring_atoms"": [1, 2, 3, 7, 12, 13], ""substituent_position_counts"": {""meta"": 2, ""ortho"": 1, ""para"": 0, ""total"": 3}, ""substituted_ring_carbons"": [1, 7, 12]}], ""log"": ""/gs/bs/tga-ynabae/kikuchi/pka_prediction/data/benzoicacid_v2/logfile/sub_89.log"", ""normal_modes"": {""aggregation"": ""mean of independently assigned harmonic-mode frequencies"", ""assignments"": {""co_double_stretch_frequency_cm1"": {""mode_index_0based"": 53, ""projection"": 1.2387738441356175, ""unscaled_cm1"": 1732.8634}, ""oh_stretch_frequency_cm1"": {""mode_index_0based"": 62, ""projection"": 1.1230898231192117, ""unscaled_cm1"": 3748.5298}}, ""assignments_by_site"": [{""assignments"": {""co_double_stretch_frequency_cm1"": {""mode_index_0based"": 53, ""projection"": 1.2387738441356175, ""unscaled_cm1"": 1732.8634}, ""oh_stretch_frequency_cm1"": {""mode_index_0based"": 62, ""projection"": 1.1230898231192117, ""unscaled_cm1"": 3748.5298}}, ""carboxyl_carbon_0based"": 4}], ""precision"": ""fchk"", ""scale"": 1.0}, ""npa_source"": ""selected final log combined-spin NPA table"", ""site_aggregation"": ""equal-weight arithmetic mean; all sites required""}"
90,Nc1cc(C(=O)O)cc([N+](=O)[O-])c1,3.55,90,0.53214,-0.69801,-0.67276,0.83746,-0.14758,-0.18503,0.13132,-0.21245,0.6994,1.0823,1.673,1.0076,0.10839860809710673,-0.05529058687113919,-7.707226589001756,-1.8023042951218597,5.904922293879896,5.364425108642998,169.1876367,0.031733219130138574,200.66853872980818,102.32654219603262,22.943115234375,0.9710117991269319,1.2122596372795351,1.3346047337941631,1.4865908434919743,0.38990717193577695,3756.39811,1738.69863,complete,,{},"{""aromatic_cooh_site_count"": 1, ""density_surface"": {""density_cube"": ""/gs/bs/tga-ynabae/kikuchi/pka_prediction/data/benzoicacid_v2/density_cube/sub_90_density.cube"", ""esp_cube"": ""/gs/bs/tga-ynabae/kikuchi/pka_prediction/data/benzoicacid_v2/esp_cube/sub_90_esp.cube"", ""isovalue_e_bohr3"": 0.001, ""local_esp_radius_angstrom"": 2.0, ""local_issues_by_site"": [{}], ""local_values_by_site"": [{""esp_max_acidic_h_hartree_per_e"": 0.10839860809710673, ""esp_min_carbonyl_o_hartree_per_e"": -0.05529058687113919}], ""mpi"": ""arithmetic mean of absolute ESP over all grid-edge isosurface intersections"", ""surface_esp"": ""linear grid-edge crossing samples; nearest-nucleus local patches"", ""volume"": ""occupied density grid; discretized electron-density isosurface volume""}, ""fchk"": ""/gs/bs/tga-ynabae/kikuchi/pka_prediction/data/benzoicacid_v2/formchk/sub_90.fchk"", ""geometric_sampling"": {""buried_center"": ""COOH carbon; reference COOH atoms excluded"", ""buried_radius_angstrom"": 3.5, ""buried_samples"": 32768, ""radii"": ""RDKit vdW"", ""sasa_points_per_atom"": 2000, ""sasa_probe_angstrom"": 1.4}, ""ignored_aliphatic_cooh_count"": 0, ""job_selection"": ""last normally terminated job only"", ""local_atom_indices_0based"": {""acidic_hydrogen"": 16, ""carbonyl_oxygen"": 5, ""carboxyl_carbon"": 4, ""hydroxyl_oxygen"": 6, ""ipso_carbon"": 3, ""meta_carbons"": [1, 8], ""ortho_carbons"": [2, 7], ""para_carbon"": 12, ""ring_atoms"": [1, 2, 3, 7, 8, 12], ""substituent_position_counts"": {""meta"": 2, ""ortho"": 0, ""para"": 0, ""total"": 2}, ""substituted_ring_carbons"": [1, 8]}, ""local_atom_indices_by_site_0based"": [{""acidic_hydrogen"": 16, ""carbonyl_oxygen"": 5, ""carboxyl_carbon"": 4, ""hydroxyl_oxygen"": 6, ""ipso_carbon"": 3, ""meta_carbons"": [1, 8], ""ortho_carbons"": [2, 7], ""para_carbon"": 12, ""ring_atoms"": [1, 2, 3, 7, 8, 12], ""substituent_position_counts"": {""meta"": 2, ""ortho"": 0, ""para"": 0, ""total"": 2}, ""substituted_ring_carbons"": [1, 8]}], ""log"": ""/gs/bs/tga-ynabae/kikuchi/pka_prediction/data/benzoicacid_v2/logfile/sub_90.log"", ""normal_modes"": {""aggregation"": ""mean of independently assigned harmonic-mode frequencies"", ""assignments"": {""co_double_stretch_frequency_cm1"": {""mode_index_0based"": 44, ""projection"": 1.3674521824059636, ""unscaled_cm1"": 1738.69863}, ""oh_stretch_frequency_cm1"": {""mode_index_0based"": 50, ""projection"": 1.122810392185619, ""unscaled_cm1"": 3756.39811}}, ""assignments_by_site"": [{""assignments"": {""co_double_stretch_frequency_cm1"": {""mode_index_0based"": 44, ""projection"": 1.3674521824059636, ""unscaled_cm1"": 1738.69863}, ""oh_stretch_frequency_cm1"": {""mode_index_0based"": 50, ""projection"": 1.122810392185619, ""unscaled_cm1"": 3756.39811}}, ""carboxyl_carbon_0based"": 4}], ""precision"": ""fchk"", ""scale"": 1.0}, ""npa_source"": ""selected final log combined-spin NPA table"", ""site_aggregation"": ""equal-weight arithmetic mean; all sites required""}"
91,Nc1cc(C(=O)O)cc2ccccc12,4.46,91,0.52882,-0.70427,-0.68877,0.8352,-0.16026,-0.21692,0.070595,-0.07859,0.7027,1.073,1.6565,1.0224,0.09549910510144756,-0.0757493468622013,-6.973315093407774,-0.6999888399857681,6.273326253422006,4.918655050877483,224.85438433333334,0.026087938975217224,230.30910698598618,102.58171805932047,22.9248046875,0.9708674338629869,1.2154572036336135,1.3389623248810338,1.4809704421889656,0.08808005111310369,3754.01984,1725.26588,complete,,{},"{""aromatic_cooh_site_count"": 1, ""density_surface"": {""density_cube"": ""/gs/bs/tga-ynabae/kikuchi/pka_prediction/data/benzoicacid_v2/density_cube/sub_91_density.cube"", ""esp_cube"": ""/gs/bs/tga-ynabae/kikuchi/pka_prediction/data/benzoicacid_v2/esp_cube/sub_91_esp.cube"", ""isovalue_e_bohr3"": 0.001, ""local_esp_radius_angstrom"": 2.0, ""local_issues_by_site"": [{}], ""local_values_by_site"": [{""esp_max_acidic_h_hartree_per_e"": 0.09549910510144756, ""esp_min_carbonyl_o_hartree_per_e"": -0.0757493468622013}], ""mpi"": ""arithmetic mean of absolute ESP over all grid-edge isosurface intersections"", ""surface_esp"": ""linear grid-edge crossing samples; nearest-nucleus local patches"", ""volume"": ""occupied density grid; discretized electron-density isosurface volume""}, ""fchk"": ""/gs/bs/tga-ynabae/kikuchi/pka_prediction/data/benzoicacid_v2/formchk/sub_91.fchk"", ""geometric_sampling"": {""buried_center"": ""COOH carbon; reference COOH atoms excluded"", ""buried_radius_angstrom"": 3.5, ""buried_samples"": 32768, ""radii"": ""RDKit vdW"", ""sasa_points_per_atom"": 2000, ""sasa_probe_angstrom"": 1.4}, ""ignored_aliphatic_cooh_count"": 0, ""job_selection"": ""last normally terminated job only"", ""local_atom_indices_0based"": {""acidic_hydrogen"": 17, ""carbonyl_oxygen"": 5, ""carboxyl_carbon"": 4, ""hydroxyl_oxygen"": 6, ""ipso_carbon"": 3, ""meta_carbons"": [1, 8], ""ortho_carbons"": [2, 7], ""para_carbon"": 13, ""ring_atoms"": [1, 2, 3, 7, 8, 13], ""substituent_position_counts"": {""meta"": 2, ""ortho"": 0, ""para"": 1, ""total"": 3}, ""substituted_ring_carbons"": [1, 8, 13]}, ""local_atom_indices_by_site_0based"": [{""acidic_hydrogen"": 17, ""carbonyl_oxygen"": 5, ""carboxyl_carbon"": 4, ""hydroxyl_oxygen"": 6, ""ipso_carbon"": 3, ""meta_carbons"": [1, 8], ""ortho_carbons"": [2, 7], ""para_carbon"": 13, ""ring_atoms"": [1, 2, 3, 7, 8, 13], ""substituent_position_counts"": {""meta"": 2, ""ortho"": 0, ""para"": 1, ""total"": 3}, ""substituted_ring_carbons"": [1, 8, 13]}], ""log"": ""/gs/bs/tga-ynabae/kikuchi/pka_prediction/data/benzoicacid_v2/logfile/sub_91.log"", ""normal_modes"": {""aggregation"": ""mean of independently assigned harmonic-mode frequencies"", ""assignments"": {""co_double_stretch_frequency_cm1"": {""mode_index_0based"": 53, ""projection"": 1.1256784912515434, ""unscaled_cm1"": 1725.26588}, ""oh_stretch_frequency_cm1"": {""mode_index_0based"": 62, ""projection"": 1.1230511396314984, ""unscaled_cm1"": 3754.01984}}, ""assignments_by_site"": [{""assignments"": {""co_double_stretch_frequency_cm1"": {""mode_index_0based"": 53, ""projection"": 1.1256784912515434, ""unscaled_cm1"": 1725.26588}, ""oh_stretch_frequency_cm1"": {""mode_index_0based"": 62, ""projection"": 1.1230511396314984, ""unscaled_cm1"": 3754.01984}}, ""carboxyl_carbon_0based"": 4}], ""precision"": ""fchk"", ""scale"": 1.0}, ""npa_source"": ""selected final log combined-spin NPA table"", ""site_aggregation"": ""equal-weight arithmetic mean; all sites required""}"
92,Nc1cc(Cl)ccc1C(=O)O,4.44,92,0.52778,-0.71067,-0.70693,0.82891,-0.25849,0.066185,-0.305035,0.00978,0.704,1.0615,1.6122,1.0738,0.09882631258051303,-0.052513143664143835,-7.467841983268052,-0.4606140847738861,7.007227898494166,1.1393130432987133,159.7196296333333,0.020034020883190257,190.9736942621214,94.63039417697449,26.0528564453125,0.9702230334264028,1.2225175267162234,1.3434825367347132,1.462521606088125,1.3036411802508299,3763.41266,1702.31275,complete,,{},"{""aromatic_cooh_site_count"": 1, ""density_surface"": {""density_cube"": ""/gs/bs/tga-ynabae/kikuchi/pka_prediction/data/benzoicacid_v2/density_cube/sub_92_density.cube"", ""esp_cube"": ""/gs/bs/tga-ynabae/kikuchi/pka_prediction/data/benzoicacid_v2/esp_cube/sub_92_esp.cube"", ""isovalue_e_bohr3"": 0.001, ""local_esp_radius_angstrom"": 2.0, ""local_issues_by_site"": [{}], ""local_values_by_site"": [{""esp_max_acidic_h_hartree_per_e"": 0.09882631258051303, ""esp_min_carbonyl_o_hartree_per_e"": -0.052513143664143835}], ""mpi"": ""arithmetic mean of absolute ESP over all grid-edge isosurface intersections"", ""surface_esp"": ""linear grid-edge crossing samples; nearest-nucleus local patches"", ""volume"": ""occupied density grid; discretized electron-density isosurface volume""}, ""fchk"": ""/gs/bs/tga-ynabae/kikuchi/pka_prediction/data/benzoicacid_v2/formchk/sub_92.fchk"", ""geometric_sampling"": {""buried_center"": ""COOH carbon; reference COOH atoms excluded"", ""buried_radius_angstrom"": 3.5, ""buried_samples"": 32768, ""radii"": ""RDKit vdW"", ""sasa_points_per_atom"": 2000, ""sasa_probe_angstrom"": 1.4}, ""ignored_aliphatic_cooh_count"": 0, ""job_selection"": ""last normally terminated job only"", ""local_atom_indices_0based"": {""acidic_hydrogen"": 16, ""carbonyl_oxygen"": 9, ""carboxyl_carbon"": 8, ""hydroxyl_oxygen"": 10, ""ipso_carbon"": 7, ""meta_carbons"": [2, 5], ""ortho_carbons"": [1, 6], ""para_carbon"": 3, ""ring_atoms"": [1, 2, 3, 5, 6, 7], ""substituent_position_counts"": {""meta"": 0, ""ortho"": 1, ""para"": 1, ""total"": 2}, ""substituted_ring_carbons"": [1, 3]}, ""local_atom_indices_by_site_0based"": [{""acidic_hydrogen"": 16, ""carbonyl_oxygen"": 9, ""carboxyl_carbon"": 8, ""hydroxyl_oxygen"": 10, ""ipso_carbon"": 7, ""meta_carbons"": [2, 5], ""ortho_carbons"": [1, 6], ""para_carbon"": 3, ""ring_atoms"": [1, 2, 3, 5, 6, 7], ""substituent_position_counts"": {""meta"": 0, ""ortho"": 1, ""para"": 1, ""total"": 2}, ""substituted_ring_carbons"": [1, 3]}], ""log"": ""/gs/bs/tga-ynabae/kikuchi/pka_prediction/data/benzoicacid_v2/logfile/sub_92.log"", ""normal_modes"": {""aggregation"": ""mean of independently assigned harmonic-mode frequencies"", ""assignments"": {""co_double_stretch_frequency_cm1"": {""mode_index_0based"": 38, ""projection"": 0.8282266544597249, ""unscaled_cm1"": 1702.31275}, ""oh_stretch_frequency_cm1"": {""mode_index_0based"": 44, ""projection"": 1.1228228364450585, ""unscaled_cm1"": 3763.41266}}, ""assignments_by_site"": [{""assignments"": {""co_double_stretch_frequency_cm1"": {""mode_index_0based"": 38, ""projection"": 0.8282266544597249, ""unscaled_cm1"": 1702.31275}, ""oh_stretch_frequency_cm1"": {""mode_index_0based"": 44, ""projection"": 1.1228228364450585, ""unscaled_cm1"": 3763.41266}}, ""carboxyl_carbon_0based"": 8}], ""precision"": ""fchk"", ""scale"": 1.0}, ""npa_source"": ""selected final log combined-spin NPA table"", ""site_aggregation"": ""equal-weight arithmetic mean; all sites required""}"
93,Nc1cc(F)ccc1C(=O)O,4.6,93,0.53306,-0.71935,-0.7062,0.83167,-0.27105,0.068175,-0.34384000000000003,0.45925,0.6971,1.0518,1.6294,1.0653,0.10665138512284308,-0.07258864490304372,-7.470796051358917,-0.28004975849099645,7.190746292867921,5.094115528952823,141.6519303,0.027252212364661126,173.92274574228554,94.70803863940796,25.5645751953125,0.9708402636078451,1.2188685509198582,1.3444500724453705,1.4679733139921862,1.03496912865713,3756.13527,1697.50933,complete,,{},"{""aromatic_cooh_site_count"": 1, ""density_surface"": {""density_cube"": ""/gs/bs/tga-ynabae/kikuchi/pka_prediction/data/benzoicacid_v2/density_cube/sub_93_density.cube"", ""esp_cube"": ""/gs/bs/tga-ynabae/kikuchi/pka_prediction/data/benzoicacid_v2/esp_cube/sub_93_esp.cube"", ""isovalue_e_bohr3"": 0.001, ""local_esp_radius_angstrom"": 2.0, ""local_issues_by_site"": [{}], ""local_values_by_site"": [{""esp_max_acidic_h_hartree_per_e"": 0.10665138512284308, ""esp_min_carbonyl_o_hartree_per_e"": -0.07258864490304372}], ""mpi"": ""arithmetic mean of absolute ESP over all grid-edge isosurface intersections"", ""surface_esp"": ""linear grid-edge crossing samples; nearest-nucleus local patches"", ""volume"": ""occupied density grid; discretized electron-density isosurface volume""}, ""fchk"": ""/gs/bs/tga-ynabae/kikuchi/pka_prediction/data/benzoicacid_v2/formchk/sub_93.fchk"", ""geometric_sampling"": {""buried_center"": ""COOH carbon; reference COOH atoms excluded"", ""buried_radius_angstrom"": 3.5, ""buried_samples"": 32768, ""radii"": ""RDKit vdW"", ""sasa_points_per_atom"": 2000, ""sasa_probe_angstrom"": 1.4}, ""ignored_aliphatic_cooh_count"": 0, ""job_selection"": ""last normally terminated job only"", ""local_atom_indices_0based"": {""acidic_hydrogen"": 16, ""carbonyl_oxygen"": 9, ""carboxyl_carbon"": 8, ""hydroxyl_oxygen"": 10, ""ipso_carbon"": 7, ""meta_carbons"": [2, 5], ""ortho_carbons"": [1, 6], ""para_carbon"": 3, ""ring_atoms"": [1, 2, 3, 5, 6, 7], ""substituent_position_counts"": {""meta"": 0, ""ortho"": 1, ""para"": 1, ""total"": 2}, ""substituted_ring_carbons"": [1, 3]}, ""local_atom_indices_by_site_0based"": [{""acidic_hydrogen"": 16, ""carbonyl_oxygen"": 9, ""carboxyl_carbon"": 8, ""hydroxyl_oxygen"": 10, ""ipso_carbon"": 7, ""meta_carbons"": [2, 5], ""ortho_carbons"": [1, 6], ""para_carbon"": 3, ""ring_atoms"": [1, 2, 3, 5, 6, 7], ""substituent_position_counts"": {""meta"": 0, ""ortho"": 1, ""para"": 1, ""total"": 2}, ""substituted_ring_carbons"": [1, 3]}], ""log"": ""/gs/bs/tga-ynabae/kikuchi/pka_prediction/data/benzoicacid_v2/logfile/sub_93.log"", ""normal_modes"": {""aggregation"": ""mean of independently assigned harmonic-mode frequencies"", ""assignments"": {""co_double_stretch_frequency_cm1"": {""mode_index_0based"": 38, ""projection"": 0.6898021020866304, ""unscaled_cm1"": 1697.50933}, ""oh_stretch_frequency_cm1"": {""mode_index_0based"": 44, ""projection"": 1.121354299458358, ""unscaled_cm1"": 3756.13527}}, ""assignments_by_site"": [{""assignments"": {""co_double_stretch_frequency_cm1"": {""mode_index_0based"": 38, ""projection"": 0.6898021020866304, ""unscaled_cm1"": 1697.50933}, ""oh_stretch_frequency_cm1"": {""mode_index_0based"": 44, ""projection"": 1.121354299458358, ""unscaled_cm1"": 3756.13527}}, ""carboxyl_carbon_0based"": 8}], ""precision"": ""fchk"", ""scale"": 1.0}, ""npa_source"": ""selected final log combined-spin NPA table"", ""site_aggregation"": ""equal-weight arithmetic mean; all sites required""}"
94,Nc1cc([N+](=O)[O-])ccc1C(=O)O,3.7,94,0.53031,-0.70416,-0.69245,0.83012,-0.21933,0.05519500000000001,-0.25166,0.11157,0.7013,1.0715,1.6281,1.0544,0.1103880584468656,-0.04139124492088144,-7.6046095398498075,-1.9652599211161579,5.639349618733649,5.255954076102725,172.82885263333333,0.02730874802038511,198.69978134517464,94.68981740201714,26.0284423828125,0.9706197989289517,1.219850167963787,1.3393532144020108,1.4703015107689597,1.3945039700127282,3759.0626,1720.56653,complete,,{},"{""aromatic_cooh_site_count"": 1, ""density_surface"": {""density_cube"": ""/gs/bs/tga-ynabae/kikuchi/pka_prediction/data/benzoicacid_v2/density_cube/sub_94_density.cube"", ""esp_cube"": ""/gs/bs/tga-ynabae/kikuchi/pka_prediction/data/benzoicacid_v2/esp_cube/sub_94_esp.cube"", ""isovalue_e_bohr3"": 0.001, ""local_esp_radius_angstrom"": 2.0, ""local_issues_by_site"": [{}], ""local_values_by_site"": [{""esp_max_acidic_h_hartree_per_e"": 0.1103880584468656, ""esp_min_carbonyl_o_hartree_per_e"": -0.04139124492088144}], ""mpi"": ""arithmetic mean of absolute ESP over all grid-edge isosurface intersections"", ""surface_esp"": ""linear grid-edge crossing samples; nearest-nucleus local patches"", ""volume"": ""occupied density grid; discretized electron-density isosurface volume""}, ""fchk"": ""/gs/bs/tga-ynabae/kikuchi/pka_prediction/data/benzoicacid_v2/formchk/sub_94.fchk"", ""geometric_sampling"": {""buried_center"": ""COOH carbon; reference COOH atoms excluded"", ""buried_radius_angstrom"": 3.5, ""buried_samples"": 32768, ""radii"": ""RDKit vdW"", ""sasa_points_per_atom"": 2000, ""sasa_probe_angstrom"": 1.4}, ""ignored_aliphatic_cooh_count"": 0, ""job_selection"": ""last normally terminated job only"", ""local_atom_indices_0based"": {""acidic_hydrogen"": 18, ""carbonyl_oxygen"": 11, ""carboxyl_carbon"": 10, ""hydroxyl_oxygen"": 12, ""ipso_carbon"": 9, ""meta_carbons"": [2, 7], ""ortho_carbons"": [1, 8], ""para_carbon"": 3, ""ring_atoms"": [1, 2, 3, 7, 8, 9], ""substituent_position_counts"": {""meta"": 0, ""ortho"": 1, ""para"": 1, ""total"": 2}, ""substituted_ring_carbons"": [1, 3]}, ""local_atom_indices_by_site_0based"": [{""acidic_hydrogen"": 18, ""carbonyl_oxygen"": 11, ""carboxyl_carbon"": 10, ""hydroxyl_oxygen"": 12, ""ipso_carbon"": 9, ""meta_carbons"": [2, 7], ""ortho_carbons"": [1, 8], ""para_carbon"": 3, ""ring_atoms"": [1, 2, 3, 7, 8, 9], ""substituent_position_counts"": {""meta"": 0, ""ortho"": 1, ""para"": 1, ""total"": 2}, ""substituted_ring_carbons"": [1, 3]}], ""log"": ""/gs/bs/tga-ynabae/kikuchi/pka_prediction/data/benzoicacid_v2/logfile/sub_94.log"", ""normal_modes"": {""aggregation"": ""mean of independently assigned harmonic-mode frequencies"", ""assignments"": {""co_double_stretch_frequency_cm1"": {""mode_index_0based"": 44, ""projection"": 0.706645337387275, ""unscaled_cm1"": 1720.56653}, ""oh_stretch_frequency_cm1"": {""mode_index_0based"": 50, ""projection"": 1.122743700565519, ""unscaled_cm1"": 3759.0626}}, ""assignments_by_site"": [{""assignments"": {""co_double_stretch_frequency_cm1"": {""mode_index_0based"": 44, ""projection"": 0.706645337387275, ""unscaled_cm1"": 1720.56653}, ""oh_stretch_frequency_cm1"": {""mode_index_0based"": 50, ""projection"": 1.122743700565519, ""unscaled_cm1"": 3759.0626}}, ""carboxyl_carbon_0based"": 10}], ""precision"": ""fchk"", ""scale"": 1.0}, ""npa_source"": ""selected final log combined-spin NPA table"", ""site_aggregation"": ""equal-weight arithmetic mean; all sites required""}"
95,Nc1ccc(Br)cc1C(=O)O,4.41,95,0.534,-0.71614,-0.69974,0.83295,-0.24215,0.03562,-0.20904499999999998,-0.18329,0.6961,1.0565,1.637,1.0555,0.10896610643202045,-0.07344795543133836,-7.283831704991961,-0.4858698403920088,6.797961864599952,7.313525894645201,168.29762409999998,0.028926189433878882,198.10884313758916,94.37996211859358,25.6561279296875,0.9711613993427206,1.2175043214972032,1.3426231086730733,1.4718810617187426,0.686078700157644,3749.97121,1697.91658,complete,,{},"{""aromatic_cooh_site_count"": 1, ""density_surface"": {""density_cube"": ""/gs/bs/tga-ynabae/kikuchi/pka_prediction/data/benzoicacid_v2/density_cube/sub_95_density.cube"", ""esp_cube"": ""/gs/bs/tga-ynabae/kikuchi/pka_prediction/data/benzoicacid_v2/esp_cube/sub_95_esp.cube"", ""isovalue_e_bohr3"": 0.001, ""local_esp_radius_angstrom"": 2.0, ""local_issues_by_site"": [{}], ""local_values_by_site"": [{""esp_max_acidic_h_hartree_per_e"": 0.10896610643202045, ""esp_min_carbonyl_o_hartree_per_e"": -0.07344795543133836}], ""mpi"": ""arithmetic mean of absolute ESP over all grid-edge isosurface intersections"", ""surface_esp"": ""linear grid-edge crossing samples; nearest-nucleus local patches"", ""volume"": ""occupied density grid; discretized electron-density isosurface volume""}, ""fchk"": ""/gs/bs/tga-ynabae/kikuchi/pka_prediction/data/benzoicacid_v2/formchk/sub_95.fchk"", ""geometric_sampling"": {""buried_center"": ""COOH carbon; reference COOH atoms excluded"", ""buried_radius_angstrom"": 3.5, ""buried_samples"": 32768, ""radii"": ""RDKit vdW"", ""sasa_points_per_atom"": 2000, ""sasa_probe_angstrom"": 1.4}, ""ignored_aliphatic_cooh_count"": 0, ""job_selection"": ""last normally terminated job only"", ""local_atom_indices_0based"": {""acidic_hydrogen"": 16, ""carbonyl_oxygen"": 9, ""carboxyl_carbon"": 8, ""hydroxyl_oxygen"": 10, ""ipso_carbon"": 7, ""meta_carbons"": [2, 4], ""ortho_carbons"": [1, 6], ""para_carbon"": 3, ""ring_atoms"": [1, 2, 3, 4, 6, 7], ""substituent_position_counts"": {""meta"": 1, ""ortho"": 1, ""para"": 0, ""total"": 2}, ""substituted_ring_carbons"": [1, 4]}, ""local_atom_indices_by_site_0based"": [{""acidic_hydrogen"": 16, ""carbonyl_oxygen"": 9, ""carboxyl_carbon"": 8, ""hydroxyl_oxygen"": 10, ""ipso_carbon"": 7, ""meta_carbons"": [2, 4], ""ortho_carbons"": [1, 6], ""para_carbon"": 3, ""ring_atoms"": [1, 2, 3, 4, 6, 7], ""substituent_position_counts"": {""meta"": 1, ""ortho"": 1, ""para"": 0, ""total"": 2}, ""substituted_ring_carbons"": [1, 4]}], ""log"": ""/gs/bs/tga-ynabae/kikuchi/pka_prediction/data/benzoicacid_v2/logfile/sub_95.log"", ""normal_modes"": {""aggregation"": ""mean of independently assigned harmonic-mode frequencies"", ""assignments"": {""co_double_stretch_frequency_cm1"": {""mode_index_0based"": 38, ""projection"": 1.2032789473365015, ""unscaled_cm1"": 1697.91658}, ""oh_stretch_frequency_cm1"": {""mode_index_0based"": 44, ""projection"": 1.12063164463955, ""unscaled_cm1"": 3749.97121}}, ""assignments_by_site"": [{""assignments"": {""co_double_stretch_frequency_cm1"": {""mode_index_0based"": 38, ""projection"": 1.2032789473365015, ""unscaled_cm1"": 1697.91658}, ""oh_stretch_frequency_cm1"": {""mode_index_0based"": 44, ""projection"": 1.12063164463955, ""unscaled_cm1"": 3749.97121}}, ""carboxyl_carbon_0based"": 8}], ""precision"": ""fchk"", ""scale"": 1.0}, ""npa_source"": ""selected final log combined-spin NPA table"", ""site_aggregation"": ""equal-weight arithmetic mean; all sites required""}"
96,Nc1ccc(C(=O)O)c(O)c1,3.356666666666667,96,0.52871,-0.70286,-0.72777,0.83012,-0.31637,0.140765,-0.330675,0.23777,0.7028,1.0734,1.5518,1.1081,0.09699160152740008,-0.060874791169804494,-7.432044343417392,-0.19202229135738413,7.240022052060008,5.654380252964986,156.73835306666666,0.029729282369342594,179.23625595051365,95.66280006276045,26.031494140625,0.9704646359665804,1.2325144583655494,1.338223662892385,1.447085010621233,0.11325157519183181,3759.19056,1661.28485,complete,,{},"{""aromatic_cooh_site_count"": 1, ""density_surface"": {""density_cube"": ""/gs/bs/tga-ynabae/kikuchi/pka_prediction/data/benzoicacid_v2/density_cube/sub_96_density.cube"", ""esp_cube"": ""/gs/bs/tga-ynabae/kikuchi/pka_prediction/data/benzoicacid_v2/esp_cube/sub_96_esp.cube"", ""isovalue_e_bohr3"": 0.001, ""local_esp_radius_angstrom"": 2.0, ""local_issues_by_site"": [{}], ""local_values_by_site"": [{""esp_max_acidic_h_hartree_per_e"": 0.09699160152740008, ""esp_min_carbonyl_o_hartree_per_e"": -0.060874791169804494}], ""mpi"": ""arithmetic mean of absolute ESP over all grid-edge isosurface intersections"", ""surface_esp"": ""linear grid-edge crossing samples; nearest-nucleus local patches"", ""volume"": ""occupied density grid; discretized electron-density isosurface volume""}, ""fchk"": ""/gs/bs/tga-ynabae/kikuchi/pka_prediction/data/benzoicacid_v2/formchk/sub_96.fchk"", ""geometric_sampling"": {""buried_center"": ""COOH carbon; reference COOH atoms excluded"", ""buried_radius_angstrom"": 3.5, ""buried_samples"": 32768, ""radii"": ""RDKit vdW"", ""sasa_points_per_atom"": 2000, ""sasa_probe_angstrom"": 1.4}, ""ignored_aliphatic_cooh_count"": 0, ""job_selection"": ""last normally terminated job only"", ""local_atom_indices_0based"": {""acidic_hydrogen"": 15, ""carbonyl_oxygen"": 6, ""carboxyl_carbon"": 5, ""hydroxyl_oxygen"": 7, ""ipso_carbon"": 4, ""meta_carbons"": [2, 10], ""ortho_carbons"": [3, 8], ""para_carbon"": 1, ""ring_atoms"": [1, 2, 3, 4, 8, 10], ""substituent_position_counts"": {""meta"": 0, ""ortho"": 1, ""para"": 1, ""total"": 2}, ""substituted_ring_carbons"": [1, 8]}, ""local_atom_indices_by_site_0based"": [{""acidic_hydrogen"": 15, ""carbonyl_oxygen"": 6, ""carboxyl_carbon"": 5, ""hydroxyl_oxygen"": 7, ""ipso_carbon"": 4, ""meta_carbons"": [2, 10], ""ortho_carbons"": [3, 8], ""para_carbon"": 1, ""ring_atoms"": [1, 2, 3, 4, 8, 10], ""substituent_position_counts"": {""meta"": 0, ""ortho"": 1, ""para"": 1, ""total"": 2}, ""substituted_ring_carbons"": [1, 8]}], ""log"": ""/gs/bs/tga-ynabae/kikuchi/pka_prediction/data/benzoicacid_v2/logfile/sub_96.log"", ""normal_modes"": {""aggregation"": ""mean of independently assigned harmonic-mode frequencies"", ""assignments"": {""co_double_stretch_frequency_cm1"": {""mode_index_0based"": 39, ""projection"": 0.45992388233653636, ""unscaled_cm1"": 1661.28485}, ""oh_stretch_frequency_cm1"": {""mode_index_0based"": 47, ""projection"": 1.12305424438923, ""unscaled_cm1"": 3759.19056}}, ""assignments_by_site"": [{""assignments"": {""co_double_stretch_frequency_cm1"": {""mode_index_0based"": 39, ""projection"": 0.45992388233653636, ""unscaled_cm1"": 1661.28485}, ""oh_stretch_frequency_cm1"": {""mode_index_0based"": 47, ""projection"": 1.12305424438923, ""unscaled_cm1"": 3759.19056}}, ""carboxyl_carbon_0based"": 5}], ""precision"": ""fchk"", ""scale"": 1.0}, ""npa_source"": ""selected final log combined-spin NPA table"", ""site_aggregation"": ""equal-weight arithmetic mean; all sites required""}"
97,Nc1ccc(C(=O)O)cc1,4.832833333333333,97,0.52565,-0.71486,-0.70935,0.82797,-0.24941,-0.14024,-0.28323,0.21437,0.7063,1.0556,1.6284,1.0597,0.08599751483626615,-0.08264359846178723,-7.384256223908526,-0.18249550122159408,7.201760722686931,6.060456348325007,148.21186256666667,0.030817719703616738,171.11085415685906,102.6070864199982,22.9766845703125,0.9700178773421829,1.2197479215249378,1.3456278980323213,1.4639354223266596,0.058795628362042315,3765.42868,1707.543,complete,,{},"{""aromatic_cooh_site_count"": 1, ""density_surface"": {""density_cube"": ""/gs/bs/tga-ynabae/kikuchi/pka_prediction/data/benzoicacid_v2/density_cube/sub_97_density.cube"", ""esp_cube"": ""/gs/bs/tga-ynabae/kikuchi/pka_prediction/data/benzoicacid_v2/esp_cube/sub_97_esp.cube"", ""isovalue_e_bohr3"": 0.001, ""local_esp_radius_angstrom"": 2.0, ""local_issues_by_site"": [{}], ""local_values_by_site"": [{""esp_max_acidic_h_hartree_per_e"": 0.08599751483626615, ""esp_min_carbonyl_o_hartree_per_e"": -0.08264359846178723}], ""mpi"": ""arithmetic mean of absolute ESP over all grid-edge isosurface intersections"", ""surface_esp"": ""linear grid-edge crossing samples; nearest-nucleus local patches"", ""volume"": ""occupied density grid; discretized electron-density isosurface volume""}, ""fchk"": ""/gs/bs/tga-ynabae/kikuchi/pka_prediction/data/benzoicacid_v2/formchk/sub_97.fchk"", ""geometric_sampling"": {""buried_center"": ""COOH carbon; reference COOH atoms excluded"", ""buried_radius_angstrom"": 3.5, ""buried_samples"": 32768, ""radii"": ""RDKit vdW"", ""sasa_points_per_atom"": 2000, ""sasa_probe_angstrom"": 1.4}, ""ignored_aliphatic_cooh_count"": 0, ""job_selection"": ""last normally terminated job only"", ""local_atom_indices_0based"": {""acidic_hydrogen"": 14, ""carbonyl_oxygen"": 6, ""carboxyl_carbon"": 5, ""hydroxyl_oxygen"": 7, ""ipso_carbon"": 4, ""meta_carbons"": [2, 9], ""ortho_carbons"": [3, 8], ""para_carbon"": 1, ""ring_atoms"": [1, 2, 3, 4, 8, 9], ""substituent_position_counts"": {""meta"": 0, ""ortho"": 0, ""para"": 1, ""total"": 1}, ""substituted_ring_carbons"": [1]}, ""local_atom_indices_by_site_0based"": [{""acidic_hydrogen"": 14, ""carbonyl_oxygen"": 6, ""carboxyl_carbon"": 5, ""hydroxyl_oxygen"": 7, ""ipso_carbon"": 4, ""meta_carbons"": [2, 9], ""ortho_carbons"": [3, 8], ""para_carbon"": 1, ""ring_atoms"": [1, 2, 3, 4, 8, 9], ""substituent_position_counts"": {""meta"": 0, ""ortho"": 0, ""para"": 1, ""total"": 1}, ""substituted_ring_carbons"": [1]}], ""log"": ""/gs/bs/tga-ynabae/kikuchi/pka_prediction/data/benzoicacid_v2/logfile/sub_97.log"", ""normal_modes"": {""aggregation"": ""mean of independently assigned harmonic-mode frequencies"", ""assignments"": {""co_double_stretch_frequency_cm1"": {""mode_index_0based"": 37, ""projection"": 0.87691330057526, ""unscaled_cm1"": 1707.543}, ""oh_stretch_frequency_cm1"": {""mode_index_0based"": 44, ""projection"": 1.12330661670874, ""unscaled_cm1"": 3765.42868}}, ""assignments_by_site"": [{""assignments"": {""co_double_stretch_frequency_cm1"": {""mode_index_0based"": 37, ""projection"": 0.87691330057526, ""unscaled_cm1"": 1707.543}, ""oh_stretch_frequency_cm1"": {""mode_index_0based"": 44, ""projection"": 1.12330661670874, ""unscaled_cm1"": 3765.42868}}, ""carboxyl_carbon_0based"": 5}], ""precision"": ""fchk"", ""scale"": 1.0}, ""npa_source"": ""selected final log combined-spin NPA table"", ""site_aggregation"": ""equal-weight arithmetic mean; all sites required""}"
98,Nc1ccc(Cl)cc1C(=O)O,4.35,98,0.52847,-0.70985,-0.70393,0.82948,-0.24044,0.034735,-0.17590499999999998,-0.18151,0.7032,1.0631,1.6158,1.0699,0.09878483065570648,-0.05237333695608455,-7.2959254518609695,-0.49293304549710737,6.802992406363862,2.890360784114752,157.65772113333333,0.022486499927446793,191.1452436216308,94.65320213963955,26.0284423828125,0.9703849987756158,1.221855520462444,1.3426319681603196,1.464061102764779,1.2799997370287033,3761.08141,1707.41374,complete,,{},"{""aromatic_cooh_site_count"": 1, ""density_surface"": {""density_cube"": ""/gs/bs/tga-ynabae/kikuchi/pka_prediction/data/benzoicacid_v2/density_cube/sub_98_density.cube"", ""esp_cube"": ""/gs/bs/tga-ynabae/kikuchi/pka_prediction/data/benzoicacid_v2/esp_cube/sub_98_esp.cube"", ""isovalue_e_bohr3"": 0.001, ""local_esp_radius_angstrom"": 2.0, ""local_issues_by_site"": [{}], ""local_values_by_site"": [{""esp_max_acidic_h_hartree_per_e"": 0.09878483065570648, ""esp_min_carbonyl_o_hartree_per_e"": -0.05237333695608455}], ""mpi"": ""arithmetic mean of absolute ESP over all grid-edge isosurface intersections"", ""surface_esp"": ""linear grid-edge crossing samples; nearest-nucleus local patches"", ""volume"": ""occupied density grid; discretized electron-density isosurface volume""}, ""fchk"": ""/gs/bs/tga-ynabae/kikuchi/pka_prediction/data/benzoicacid_v2/formchk/sub_98.fchk"", ""geometric_sampling"": {""buried_center"": ""COOH carbon; reference COOH atoms excluded"", ""buried_radius_angstrom"": 3.5, ""buried_samples"": 32768, ""radii"": ""RDKit vdW"", ""sasa_points_per_atom"": 2000, ""sasa_probe_angstrom"": 1.4}, ""ignored_aliphatic_cooh_count"": 0, ""job_selection"": ""last normally terminated job only"", ""local_atom_indices_0based"": {""acidic_hydrogen"": 16, ""carbonyl_oxygen"": 9, ""carboxyl_carbon"": 8, ""hydroxyl_oxygen"": 10, ""ipso_carbon"": 7, ""meta_carbons"": [2, 4], ""ortho_carbons"": [1, 6], ""para_carbon"": 3, ""ring_atoms"": [1, 2, 3, 4, 6, 7], ""substituent_position_counts"": {""meta"": 1, ""ortho"": 1, ""para"": 0, ""total"": 2}, ""substituted_ring_carbons"": [1, 4]}, ""local_atom_indices_by_site_0based"": [{""acidic_hydrogen"": 16, ""carbonyl_oxygen"": 9, ""carboxyl_carbon"": 8, ""hydroxyl_oxygen"": 10, ""ipso_carbon"": 7, ""meta_carbons"": [2, 4], ""ortho_carbons"": [1, 6], ""para_carbon"": 3, ""ring_atoms"": [1, 2, 3, 4, 6, 7], ""substituent_position_counts"": {""meta"": 1, ""ortho"": 1, ""para"": 0, ""total"": 2}, ""substituted_ring_carbons"": [1, 4]}], ""log"": ""/gs/bs/tga-ynabae/kikuchi/pka_prediction/data/benzoicacid_v2/logfile/sub_98.log"", ""normal_modes"": {""aggregation"": ""mean of independently assigned harmonic-mode frequencies"", ""assignments"": {""co_double_stretch_frequency_cm1"": {""mode_index_0based"": 38, ""projection"": 0.7750927350581087, ""unscaled_cm1"": 1707.41374}, ""oh_stretch_frequency_cm1"": {""mode_index_0based"": 44, ""projection"": 1.1231881337901028, ""unscaled_cm1"": 3761.08141}}, ""assignments_by_site"": [{""assignments"": {""co_double_stretch_frequency_cm1"": {""mode_index_0based"": 38, ""projection"": 0.7750927350581087, ""unscaled_cm1"": 1707.41374}, ""oh_stretch_frequency_cm1"": {""mode_index_0based"": 44, ""projection"": 1.1231881337901028, ""unscaled_cm1"": 3761.08141}}, ""carboxyl_carbon_0based"": 8}], ""precision"": ""fchk"", ""scale"": 1.0}, ""npa_source"": ""selected final log combined-spin NPA table"", ""site_aggregation"": ""equal-weight arithmetic mean; all sites required""}"
99,Nc1ccc(F)cc1C(=O)O,4.82,99,0.5281,-0.70995,-0.70334,0.82815,-0.23617,0.005985000000000004,0.050329999999999986,-0.21824,0.7037,1.0624,1.6169,1.0697,0.09805279130955948,-0.053992384845038384,-7.304021982147373,-0.5024365758841621,6.801585406263211,2.6019644850865893,140.7031245,0.024125787929076666,173.81427653269526,94.43352627333728,26.141357421875,0.9701797685957647,1.2215451092342149,1.3429084320737545,1.4643276488766206,1.9685160773819554,3760.76262,1712.12149,complete,,{},"{""aromatic_cooh_site_count"": 1, ""density_surface"": {""density_cube"": ""/gs/bs/tga-ynabae/kikuchi/pka_prediction/data/benzoicacid_v2/density_cube/sub_99_density.cube"", ""esp_cube"": ""/gs/bs/tga-ynabae/kikuchi/pka_prediction/data/benzoicacid_v2/esp_cube/sub_99_esp.cube"", ""isovalue_e_bohr3"": 0.001, ""local_esp_radius_angstrom"": 2.0, ""local_issues_by_site"": [{}], ""local_values_by_site"": [{""esp_max_acidic_h_hartree_per_e"": 0.09805279130955948, ""esp_min_carbonyl_o_hartree_per_e"": -0.053992384845038384}], ""mpi"": ""arithmetic mean of absolute ESP over all grid-edge isosurface intersections"", ""surface_esp"": ""linear grid-edge crossing samples; nearest-nucleus local patches"", ""volume"": ""occupied density grid; discretized electron-density isosurface volume""}, ""fchk"": ""/gs/bs/tga-ynabae/kikuchi/pka_prediction/data/benzoicacid_v2/formchk/sub_99.fchk"", ""geometric_sampling"": {""buried_center"": ""COOH carbon; reference COOH atoms excluded"", ""buried_radius_angstrom"": 3.5, ""buried_samples"": 32768, ""radii"": ""RDKit vdW"", ""sasa_points_per_atom"": 2000, ""sasa_probe_angstrom"": 1.4}, ""ignored_aliphatic_cooh_count"": 0, ""job_selection"": ""last normally terminated job only"", ""local_atom_indices_0based"": {""acidic_hydrogen"": 16, ""carbonyl_oxygen"": 9, ""carboxyl_carbon"": 8, ""hydroxyl_oxygen"": 10, ""ipso_carbon"": 7, ""meta_carbons"": [2, 4], ""ortho_carbons"": [1, 6], ""para_carbon"": 3, ""ring_atoms"": [1, 2, 3, 4, 6, 7], ""substituent_position_counts"": {""meta"": 1, ""ortho"": 1, ""para"": 0, ""total"": 2}, ""substituted_ring_carbons"": [1, 4]}, ""local_atom_indices_by_site_0based"": [{""acidic_hydrogen"": 16, ""carbonyl_oxygen"": 9, ""carboxyl_carbon"": 8, ""hydroxyl_oxygen"": 10, ""ipso_carbon"": 7, ""meta_carbons"": [2, 4], ""ortho_carbons"": [1, 6], ""para_carbon"": 3, ""ring_atoms"": [1, 2, 3, 4, 6, 7], ""substituent_position_counts"": {""meta"": 1, ""ortho"": 1, ""para"": 0, ""total"": 2}, ""substituted_ring_carbons"": [1, 4]}], ""log"": ""/gs/bs/tga-ynabae/kikuchi/pka_prediction/data/benzoicacid_v2/logfile/sub_99.log"", ""normal_modes"": {""aggregation"": ""mean of independently assigned harmonic-mode frequencies"", ""assignments"": {""co_double_stretch_frequency_cm1"": {""mode_index_0based"": 38, ""projection"": 0.576038428344133, ""unscaled_cm1"": 1712.12149}, ""oh_stretch_frequency_cm1"": {""mode_index_0based"": 44, ""projection"": 1.1232392128132298, ""unscaled_cm1"": 3760.76262}}, ""assignments_by_site"": [{""assignments"": {""co_double_stretch_frequency_cm1"": {""mode_index_0based"": 38, ""projection"": 0.576038428344133, ""unscaled_cm1"": 1712.12149}, ""oh_stretch_frequency_cm1"": {""mode_index_0based"": 44, ""projection"": 1.1232392128132298, ""unscaled_cm1"": 3760.76262}}, ""carboxyl_carbon_0based"": 8}], ""precision"": ""fchk"", ""scale"": 1.0}, ""npa_source"": ""selected final log combined-spin NPA table"", ""site_aggregation"": ""equal-weight arithmetic mean; all sites required""}"
100,Nc1ccc(O)cc1C(=O)O,5.37,100,0.53251,-0.71674,-0.70404,0.83125,-0.23488,-0.007574999999999998,0.007819999999999994,-0.20763,0.6976,1.0557,1.6324,1.0582,0.10381684647517442,-0.06971044043812394,-6.9888768226082885,-0.41413895818960755,6.5747378644186805,4.014693485333649,150.55937546666667,0.029598016775434468,179.81952168863103,94.51277294802408,25.6500244140625,0.9709534135108095,1.2184727455115132,1.343261132580463,1.4711793653532335,1.429827769086982,3758.21101,1692.33411,complete,,{},"{""aromatic_cooh_site_count"": 1, ""density_surface"": {""density_cube"": ""/gs/bs/tga-ynabae/kikuchi/pka_prediction/data/benzoicacid_v2/density_cube/sub_100_density.cube"", ""esp_cube"": ""/gs/bs/tga-ynabae/kikuchi/pka_prediction/data/benzoicacid_v2/esp_cube/sub_100_esp.cube"", ""isovalue_e_bohr3"": 0.001, ""local_esp_radius_angstrom"": 2.0, ""local_issues_by_site"": [{}], ""local_values_by_site"": [{""esp_max_acidic_h_hartree_per_e"": 0.10381684647517442, ""esp_min_carbonyl_o_hartree_per_e"": -0.06971044043812394}], ""mpi"": ""arithmetic mean of absolute ESP over all grid-edge isosurface intersections"", ""surface_esp"": ""linear grid-edge crossing samples; nearest-nucleus local patches"", ""volume"": ""occupied density grid; discretized electron-density isosurface volume""}, ""fchk"": ""/gs/bs/tga-ynabae/kikuchi/pka_prediction/data/benzoicacid_v2/formchk/sub_100.fchk"", ""geometric_sampling"": {""buried_center"": ""COOH carbon; reference COOH atoms excluded"", ""buried_radius_angstrom"": 3.5, ""buried_samples"": 32768, ""radii"": ""RDKit vdW"", ""sasa_points_per_atom"": 2000, ""sasa_probe_angstrom"": 1.4}, ""ignored_aliphatic_cooh_count"": 0, ""job_selection"": ""last normally terminated job only"", ""local_atom_indices_0based"": {""acidic_hydrogen"": 17, ""carbonyl_oxygen"": 9, ""carboxyl_carbon"": 8, ""hydroxyl_oxygen"": 10, ""ipso_carbon"": 7, ""meta_carbons"": [2, 4], ""ortho_carbons"": [1, 6], ""para_carbon"": 3, ""ring_atoms"": [1, 2, 3, 4, 6, 7], ""substituent_position_counts"": {""meta"": 1, ""ortho"": 1, ""para"": 0, ""total"": 2}, ""substituted_ring_carbons"": [1, 4]}, ""local_atom_indices_by_site_0based"": [{""acidic_hydrogen"": 17, ""carbonyl_oxygen"": 9, ""carboxyl_carbon"": 8, ""hydroxyl_oxygen"": 10, ""ipso_carbon"": 7, ""meta_carbons"": [2, 4], ""ortho_carbons"": [1, 6], ""para_carbon"": 3, ""ring_atoms"": [1, 2, 3, 4, 6, 7], ""substituent_position_counts"": {""meta"": 1, ""ortho"": 1, ""para"": 0, ""total"": 2}, ""substituted_ring_carbons"": [1, 4]}], ""log"": ""/gs/bs/tga-ynabae/kikuchi/pka_prediction/data/benzoicacid_v2/logfile/sub_100.log"", ""normal_modes"": {""aggregation"": ""mean of independently assigned harmonic-mode frequencies"", ""assignments"": {""co_double_stretch_frequency_cm1"": {""mode_index_0based"": 39, ""projection"": 1.0426642690406833, ""unscaled_cm1"": 1692.33411}, ""oh_stretch_frequency_cm1"": {""mode_index_0based"": 46, ""projection"": 1.1218180956281807, ""unscaled_cm1"": 3758.21101}}, ""assignments_by_site"": [{""assignments"": {""co_double_stretch_frequency_cm1"": {""mode_index_0based"": 39, ""projection"": 1.0426642690406833, ""unscaled_cm1"": 1692.33411}, ""oh_stretch_frequency_cm1"": {""mode_index_0based"": 46, ""projection"": 1.1218180956281807, ""unscaled_cm1"": 3758.21101}}, ""carboxyl_carbon_0based"": 8}], ""precision"": ""fchk"", ""scale"": 1.0}, ""npa_source"": ""selected final log combined-spin NPA table"", ""site_aggregation"": ""equal-weight arithmetic mean; all sites required""}"
101,Nc1ccc(Oc2ccccc2)cc1C(=O)O,4.88,101,0.52756,-0.71076,-0.70655,0.82841,-0.24462,0.029605000000000006,-0.013009999999999994,-0.18613,0.7042,1.0609,1.6134,1.0732,0.0952663579723444,-0.05558869042455007,-7.277418634327052,-0.4598442773781258,6.817574356948928,2.2653762210747055,247.67997466666665,0.020398742375062777,279.0978836400494,94.3382888920437,26.0833740234375,0.9703091479833821,1.2222529735089278,1.3437007043798557,1.463086805076228,1.394379198597394,3760.86699,1709.95073,complete,,{},"{""aromatic_cooh_site_count"": 1, ""density_surface"": {""density_cube"": ""/gs/bs/tga-ynabae/kikuchi/pka_prediction/data/benzoicacid_v2/density_cube/sub_101_density.cube"", ""esp_cube"": ""/gs/bs/tga-ynabae/kikuchi/pka_prediction/data/benzoicacid_v2/esp_cube/sub_101_esp.cube"", ""isovalue_e_bohr3"": 0.001, ""local_esp_radius_angstrom"": 2.0, ""local_issues_by_site"": [{}], ""local_values_by_site"": [{""esp_max_acidic_h_hartree_per_e"": 0.0952663579723444, ""esp_min_carbonyl_o_hartree_per_e"": -0.05558869042455007}], ""mpi"": ""arithmetic mean of absolute ESP over all grid-edge isosurface intersections"", ""surface_esp"": ""linear grid-edge crossing samples; nearest-nucleus local patches"", ""volume"": ""occupied density grid; discretized electron-density isosurface volume""}, ""fchk"": ""/gs/bs/tga-ynabae/kikuchi/pka_prediction/data/benzoicacid_v2/formchk/sub_101.fchk"", ""geometric_sampling"": {""buried_center"": ""COOH carbon; reference COOH atoms excluded"", ""buried_radius_angstrom"": 3.5, ""buried_samples"": 32768, ""radii"": ""RDKit vdW"", ""sasa_points_per_atom"": 2000, ""sasa_probe_angstrom"": 1.4}, ""ignored_aliphatic_cooh_count"": 0, ""job_selection"": ""last normally terminated job only"", ""local_atom_indices_0based"": {""acidic_hydrogen"": 27, ""carbonyl_oxygen"": 15, ""carboxyl_carbon"": 14, ""hydroxyl_oxygen"": 16, ""ipso_carbon"": 13, ""meta_carbons"": [2, 4], ""ortho_carbons"": [1, 12], ""para_carbon"": 3, ""ring_atoms"": [1, 2, 3, 4, 12, 13], ""substituent_position_counts"": {""meta"": 1, ""ortho"": 1, ""para"": 0, ""total"": 2}, ""substituted_ring_carbons"": [1, 4]}, ""local_atom_indices_by_site_0based"": [{""acidic_hydrogen"": 27, ""carbonyl_oxygen"": 15, ""carboxyl_carbon"": 14, ""hydroxyl_oxygen"": 16, ""ipso_carbon"": 13, ""meta_carbons"": [2, 4], ""ortho_carbons"": [1, 12], ""para_carbon"": 3, ""ring_atoms"": [1, 2, 3, 4, 12, 13], ""substituent_position_counts"": {""meta"": 1, ""ortho"": 1, ""para"": 0, ""total"": 2}, ""substituted_ring_carbons"": [1, 4]}], ""log"": ""/gs/bs/tga-ynabae/kikuchi/pka_prediction/data/benzoicacid_v2/logfile/sub_101.log"", ""normal_modes"": {""aggregation"": ""mean of independently assigned harmonic-mode frequencies"", ""assignments"": {""co_double_stretch_frequency_cm1"": {""mode_index_0based"": 66, ""projection"": 0.45173072877049003, ""unscaled_cm1"": 1709.95073}, ""oh_stretch_frequency_cm1"": {""mode_index_0based"": 77, ""projection"": 1.1230276234277263, ""unscaled_cm1"": 3760.86699}}, ""assignments_by_site"": [{""assignments"": {""co_double_stretch_frequency_cm1"": {""mode_index_0based"": 66, ""projection"": 0.45173072877049003, ""unscaled_cm1"": 1709.95073}, ""oh_stretch_frequency_cm1"": {""mode_index_0based"": 77, ""projection"": 1.1230276234277263, ""unscaled_cm1"": 3760.86699}}, ""carboxyl_carbon_0based"": 14}], ""precision"": ""fchk"", ""scale"": 1.0}, ""npa_source"": ""selected final log combined-spin NPA table"", ""site_aggregation"": ""equal-weight arithmetic mean; all sites required""}"
102,Nc1cccc(C(=O)O)c1,4.749,102,0.52871,-0.70466,-0.68653,0.83525,-0.16362,-0.22369,-0.015550000000000008,-0.23856,0.7029,1.0731,1.6601,1.0206,0.09527961253797623,-0.07206392176404537,-7.388264706005037,-0.4504916069164188,6.937773099088618,3.493858759603158,140.74409110000002,0.027395667593224284,171.1864363431463,102.59898111095193,23.0438232421875,0.9706673648240338,1.2149041957645585,1.339006805380901,1.4820775031814066,0.24715825223797547,3754.80072,1726.12999,complete,,{},"{""aromatic_cooh_site_count"": 1, ""density_surface"": {""density_cube"": ""/gs/bs/tga-ynabae/kikuchi/pka_prediction/data/benzoicacid_v2/density_cube/sub_102_density.cube"", ""esp_cube"": ""/gs/bs/tga-ynabae/kikuchi/pka_prediction/data/benzoicacid_v2/esp_cube/sub_102_esp.cube"", ""isovalue_e_bohr3"": 0.001, ""local_esp_radius_angstrom"": 2.0, ""local_issues_by_site"": [{}], ""local_values_by_site"": [{""esp_max_acidic_h_hartree_per_e"": 0.09527961253797623, ""esp_min_carbonyl_o_hartree_per_e"": -0.07206392176404537}], ""mpi"": ""arithmetic mean of absolute ESP over all grid-edge isosurface intersections"", ""surface_esp"": ""linear grid-edge crossing samples; nearest-nucleus local patches"", ""volume"": ""occupied density grid; discretized electron-density isosurface volume""}, ""fchk"": ""/gs/bs/tga-ynabae/kikuchi/pka_prediction/data/benzoicacid_v2/formchk/sub_102.fchk"", ""geometric_sampling"": {""buried_center"": ""COOH carbon; reference COOH atoms excluded"", ""buried_radius_angstrom"": 3.5, ""buried_samples"": 32768, ""radii"": ""RDKit vdW"", ""sasa_points_per_atom"": 2000, ""sasa_probe_angstrom"": 1.4}, ""ignored_aliphatic_cooh_count"": 0, ""job_selection"": ""last normally terminated job only"", ""local_atom_indices_0based"": {""acidic_hydrogen"": 15, ""carbonyl_oxygen"": 7, ""carboxyl_carbon"": 6, ""hydroxyl_oxygen"": 8, ""ipso_carbon"": 5, ""meta_carbons"": [1, 3], ""ortho_carbons"": [4, 9], ""para_carbon"": 2, ""ring_atoms"": [1, 2, 3, 4, 5, 9], ""substituent_position_counts"": {""meta"": 1, ""ortho"": 0, ""para"": 0, ""total"": 1}, ""substituted_ring_carbons"": [1]}, ""local_atom_indices_by_site_0based"": [{""acidic_hydrogen"": 15, ""carbonyl_oxygen"": 7, ""carboxyl_carbon"": 6, ""hydroxyl_oxygen"": 8, ""ipso_carbon"": 5, ""meta_carbons"": [1, 3], ""ortho_carbons"": [4, 9], ""para_carbon"": 2, ""ring_atoms"": [1, 2, 3, 4, 5, 9], ""substituent_position_counts"": {""meta"": 1, ""ortho"": 0, ""para"": 0, ""total"": 1}, ""substituted_ring_carbons"": [1]}], ""log"": ""/gs/bs/tga-ynabae/kikuchi/pka_prediction/data/benzoicacid_v2/logfile/sub_102.log"", ""normal_modes"": {""aggregation"": ""mean of independently assigned harmonic-mode frequencies"", ""assignments"": {""co_double_stretch_frequency_cm1"": {""mode_index_0based"": 37, ""projection"": 1.2584565816164601, ""unscaled_cm1"": 1726.12999}, ""oh_stretch_frequency_cm1"": {""mode_index_0based"": 44, ""projection"": 1.1231086122967384, ""unscaled_cm1"": 3754.80072}}, ""assignments_by_site"": [{""assignments"": {""co_double_stretch_frequency_cm1"": {""mode_index_0based"": 37, ""projection"": 1.2584565816164601, ""unscaled_cm1"": 1726.12999}, ""oh_stretch_frequency_cm1"": {""mode_index_0based"": 44, ""projection"": 1.1231086122967384, ""unscaled_cm1"": 3754.80072}}, ""carboxyl_carbon_0based"": 6}], ""precision"": ""fchk"", ""scale"": 1.0}, ""npa_source"": ""selected final log combined-spin NPA table"", ""site_aggregation"": ""equal-weight arithmetic mean; all sites required""}"
103,Nc1ccccc1C(=O)O,4.911714285714285,103,0.53219,-0.71929,-0.7065,0.83169,-0.26188,0.04597000000000001,-0.28084,-0.16056,0.6979,1.0523,1.6304,1.0626,0.10139732603144629,-0.07776056914973664,-7.322943446784907,-0.32708989957814805,6.99585354720676,5.085222456866563,143.91531863333333,0.02785906146504879,169.49326688779308,94.72040080649984,25.5706787109375,0.9708424426339809,1.2189536852951393,1.3446309565077805,1.4695959435763766,1.7618263574683228,3750.09259,1693.60435,complete,,{},"{""aromatic_cooh_site_count"": 1, ""density_surface"": {""density_cube"": ""/gs/bs/tga-ynabae/kikuchi/pka_prediction/data/benzoicacid_v2/density_cube/sub_103_density.cube"", ""esp_cube"": ""/gs/bs/tga-ynabae/kikuchi/pka_prediction/data/benzoicacid_v2/esp_cube/sub_103_esp.cube"", ""isovalue_e_bohr3"": 0.001, ""local_esp_radius_angstrom"": 2.0, ""local_issues_by_site"": [{}], ""local_values_by_site"": [{""esp_max_acidic_h_hartree_per_e"": 0.10139732603144629, ""esp_min_carbonyl_o_hartree_per_e"": -0.07776056914973664}], ""mpi"": ""arithmetic mean of absolute ESP over all grid-edge isosurface intersections"", ""surface_esp"": ""linear grid-edge crossing samples; nearest-nucleus local patches"", ""volume"": ""occupied density grid; discretized electron-density isosurface volume""}, ""fchk"": ""/gs/bs/tga-ynabae/kikuchi/pka_prediction/data/benzoicacid_v2/formchk/sub_103.fchk"", ""geometric_sampling"": {""buried_center"": ""COOH carbon; reference COOH atoms excluded"", ""buried_radius_angstrom"": 3.5, ""buried_samples"": 32768, ""radii"": ""RDKit vdW"", ""sasa_points_per_atom"": 2000, ""sasa_probe_angstrom"": 1.4}, ""ignored_aliphatic_cooh_count"": 0, ""job_selection"": ""last normally terminated job only"", ""local_atom_indices_0based"": {""acidic_hydrogen"": 16, ""carbonyl_oxygen"": 8, ""carboxyl_carbon"": 7, ""hydroxyl_oxygen"": 9, ""ipso_carbon"": 6, ""meta_carbons"": [2, 4], ""ortho_carbons"": [1, 5], ""para_carbon"": 3, ""ring_atoms"": [1, 2, 3, 4, 5, 6], ""substituent_position_counts"": {""meta"": 0, ""ortho"": 1, ""para"": 0, ""total"": 1}, ""substituted_ring_carbons"": [1]}, ""local_atom_indices_by_site_0based"": [{""acidic_hydrogen"": 16, ""carbonyl_oxygen"": 8, ""carboxyl_carbon"": 7, ""hydroxyl_oxygen"": 9, ""ipso_carbon"": 6, ""meta_carbons"": [2, 4], ""ortho_carbons"": [1, 5], ""para_carbon"": 3, ""ring_atoms"": [1, 2, 3, 4, 5, 6], ""substituent_position_counts"": {""meta"": 0, ""ortho"": 1, ""para"": 0, ""total"": 1}, ""substituted_ring_carbons"": [1]}], ""log"": ""/gs/bs/tga-ynabae/kikuchi/pka_prediction/data/benzoicacid_v2/logfile/sub_103.log"", ""normal_modes"": {""aggregation"": ""mean of independently assigned harmonic-mode frequencies"", ""assignments"": {""co_double_stretch_frequency_cm1"": {""mode_index_0based"": 37, ""projection"": 0.8344832710260432, ""unscaled_cm1"": 1693.60435}, ""oh_stretch_frequency_cm1"": {""mode_index_0based"": 44, ""projection"": 1.1220462211935902, ""unscaled_cm1"": 3750.09259}}, ""assignments_by_site"": [{""assignments"": {""co_double_stretch_frequency_cm1"": {""mode_index_0based"": 37, ""projection"": 0.8344832710260432, ""unscaled_cm1"": 1693.60435}, ""oh_stretch_frequency_cm1"": {""mode_index_0based"": 44, ""projection"": 1.1220462211935902, ""unscaled_cm1"": 3750.09259}}, ""carboxyl_carbon_0based"": 7}], ""precision"": ""fchk"", ""scale"": 1.0}, ""npa_source"": ""selected final log combined-spin NPA table"", ""site_aggregation"": ""equal-weight arithmetic mean; all sites required""}"
104,O=C(O)CN(CC(=O)O)c1cc(C(=O)O)c(O)cc1C(=O)O,1.61,104,0.53722,-0.709325,-0.659705,0.841555,-0.19019,0.0592875,0.0592875,-0.19019,0.69255,1.0652,1.68885,1.0071,0.11853008823265852,-0.054429496458382715,-7.686342448708457,-0.9912781799315111,6.695064268776946,4.704896897817776,250.60997033333334,0.03114186740427923,330.76910177007835,87.11387457186699,28.6102294921875,0.9716764783386476,1.20968383751514,1.3402373000936336,1.485804517007697,24.207780686862314,3747.57842,1751.45549,complete,,{},"{""aromatic_cooh_site_count"": 2, ""density_surface"": {""density_cube"": ""/gs/bs/tga-ynabae/kikuchi/pka_prediction/data/benzoicacid_v2/density_cube/sub_104_density.cube"", ""esp_cube"": ""/gs/bs/tga-ynabae/kikuchi/pka_prediction/data/benzoicacid_v2/esp_cube/sub_104_esp.cube"", ""isovalue_e_bohr3"": 0.001, ""local_esp_radius_angstrom"": 2.0, ""local_issues_by_site"": [{}, {}], ""local_values_by_site"": [{""esp_max_acidic_h_hartree_per_e"": 0.1291485986927056, ""esp_min_carbonyl_o_hartree_per_e"": -0.05231283005501545}, {""esp_max_acidic_h_hartree_per_e"": 0.10791157777261146, ""esp_min_carbonyl_o_hartree_per_e"": -0.056546162861749974}], ""mpi"": ""arithmetic mean of absolute ESP over all grid-edge isosurface intersections"", ""surface_esp"": ""linear grid-edge crossing samples; nearest-nucleus local patches"", ""volume"": ""occupied density grid; discretized electron-density isosurface volume""}, ""fchk"": ""/gs/bs/tga-ynabae/kikuchi/pka_prediction/data/benzoicacid_v2/formchk/sub_104.fchk"", ""geometric_sampling"": {""buried_center"": ""COOH carbon; reference COOH atoms excluded"", ""buried_radius_angstrom"": 3.5, ""buried_samples"": 32768, ""radii"": ""RDKit vdW"", ""sasa_points_per_atom"": 2000, ""sasa_probe_angstrom"": 1.4}, ""ignored_aliphatic_cooh_count"": 2, ""job_selection"": ""last normally terminated job only"", ""local_atom_indices_by_site_0based"": [{""acidic_hydrogen"": 29, ""carbonyl_oxygen"": 13, ""carboxyl_carbon"": 12, ""hydroxyl_oxygen"": 14, ""ipso_carbon"": 11, ""meta_carbons"": [9, 17], ""ortho_carbons"": [10, 15], ""para_carbon"": 18, ""ring_atoms"": [9, 10, 11, 15, 17, 18], ""substituent_position_counts"": {""meta"": 1, ""ortho"": 1, ""para"": 1, ""total"": 3}, ""substituted_ring_carbons"": [9, 15, 18]}, {""acidic_hydrogen"": 32, ""carbonyl_oxygen"": 20, ""carboxyl_carbon"": 19, ""hydroxyl_oxygen"": 21, ""ipso_carbon"": 18, ""meta_carbons"": [10, 15], ""ortho_carbons"": [9, 17], ""para_carbon"": 11, ""ring_atoms"": [9, 10, 11, 15, 17, 18], ""substituent_position_counts"": {""meta"": 1, ""ortho"": 1, ""para"": 1, ""total"": 3}, ""substituted_ring_carbons"": [9, 11, 15]}], ""log"": ""/gs/bs/tga-ynabae/kikuchi/pka_prediction/data/benzoicacid_v2/logfile/sub_104.log"", ""normal_modes"": {""aggregation"": ""mean of independently assigned harmonic-mode frequencies"", ""assignments_by_site"": [{""assignments"": {""co_double_stretch_frequency_cm1"": {""mode_index_0based"": 79, ""projection"": 1.1423380904317741, ""unscaled_cm1"": 1739.00392}, ""oh_stretch_frequency_cm1"": {""mode_index_0based"": 92, ""projection"": 1.1162417575000132, ""unscaled_cm1"": 3753.85249}}, ""carboxyl_carbon_0based"": 12}, {""assignments"": {""co_double_stretch_frequency_cm1"": {""mode_index_0based"": 81, ""projection"": 1.2780058863194115, ""unscaled_cm1"": 1763.90706}, ""oh_stretch_frequency_cm1"": {""mode_index_0based"": 90, ""projection"": 1.1227190445179833, ""unscaled_cm1"": 3741.30435}}, ""carboxyl_carbon_0based"": 19}], ""precision"": ""fchk"", ""scale"": 1.0}, ""npa_source"": ""selected final log combined-spin NPA table"", ""site_aggregation"": ""equal-weight arithmetic mean; all sites required""}"
105,O=C(O)COc1ccccc1C(=O)O,2.51,105,0.52658,-0.6932,-0.68997,0.83907,-0.22589,0.11490000000000002,-0.277355,-0.15696,0.7032,1.0848,1.653,1.0211,0.09000715219666416,-0.07401100010067937,-8.099523838216069,-0.42012777613155583,7.679396062084512,2.8784515729019966,170.70154366666668,0.03039638648454017,224.1388831538691,90.42094276450298,24.9542236328125,0.9714694480379077,1.2162483567754563,1.334964343911473,1.4826469394066302,24.438231426564883,3744.75097,1709.71859,complete,,{},"{""aromatic_cooh_site_count"": 1, ""density_surface"": {""density_cube"": ""/gs/bs/tga-ynabae/kikuchi/pka_prediction/data/benzoicacid_v2/density_cube/sub_105_density.cube"", ""esp_cube"": ""/gs/bs/tga-ynabae/kikuchi/pka_prediction/data/benzoicacid_v2/esp_cube/sub_105_esp.cube"", ""isovalue_e_bohr3"": 0.001, ""local_esp_radius_angstrom"": 2.0, ""local_issues_by_site"": [{}], ""local_values_by_site"": [{""esp_max_acidic_h_hartree_per_e"": 0.09000715219666416, ""esp_min_carbonyl_o_hartree_per_e"": -0.07401100010067937}], ""mpi"": ""arithmetic mean of absolute ESP over all grid-edge isosurface intersections"", ""surface_esp"": ""linear grid-edge crossing samples; nearest-nucleus local patches"", ""volume"": ""occupied density grid; discretized electron-density isosurface volume""}, ""fchk"": ""/gs/bs/tga-ynabae/kikuchi/pka_prediction/data/benzoicacid_v2/formchk/sub_105.fchk"", ""geometric_sampling"": {""buried_center"": ""COOH carbon; reference COOH atoms excluded"", ""buried_radius_angstrom"": 3.5, ""buried_samples"": 32768, ""radii"": ""RDKit vdW"", ""sasa_points_per_atom"": 2000, ""sasa_probe_angstrom"": 1.4}, ""ignored_aliphatic_cooh_count"": 1, ""job_selection"": ""last normally terminated job only"", ""local_atom_indices_0based"": {""acidic_hydrogen"": 21, ""carbonyl_oxygen"": 12, ""carboxyl_carbon"": 11, ""hydroxyl_oxygen"": 13, ""ipso_carbon"": 10, ""meta_carbons"": [6, 8], ""ortho_carbons"": [5, 9], ""para_carbon"": 7, ""ring_atoms"": [5, 6, 7, 8, 9, 10], ""substituent_position_counts"": {""meta"": 0, ""ortho"": 1, ""para"": 0, ""total"": 1}, ""substituted_ring_carbons"": [5]}, ""local_atom_indices_by_site_0based"": [{""acidic_hydrogen"": 21, ""carbonyl_oxygen"": 12, ""carboxyl_carbon"": 11, ""hydroxyl_oxygen"": 13, ""ipso_carbon"": 10, ""meta_carbons"": [6, 8], ""ortho_carbons"": [5, 9], ""para_carbon"": 7, ""ring_atoms"": [5, 6, 7, 8, 9, 10], ""substituent_position_counts"": {""meta"": 0, ""ortho"": 1, ""para"": 0, ""total"": 1}, ""substituted_ring_carbons"": [5]}], ""log"": ""/gs/bs/tga-ynabae/kikuchi/pka_prediction/data/benzoicacid_v2/logfile/sub_105.log"", ""normal_modes"": {""aggregation"": ""mean of independently assigned harmonic-mode frequencies"", ""assignments"": {""co_double_stretch_frequency_cm1"": {""mode_index_0based"": 50, ""projection"": 1.2734607273045186, ""unscaled_cm1"": 1709.71859}, ""oh_stretch_frequency_cm1"": {""mode_index_0based"": 59, ""projection"": 1.1228189635496695, ""unscaled_cm1"": 3744.75097}}, ""assignments_by_site"": [{""assignments"": {""co_double_stretch_frequency_cm1"": {""mode_index_0based"": 50, ""projection"": 1.2734607273045186, ""unscaled_cm1"": 1709.71859}, ""oh_stretch_frequency_cm1"": {""mode_index_0based"": 59, ""projection"": 1.1228189635496695, ""unscaled_cm1"": 3744.75097}}, ""carboxyl_carbon_0based"": 11}], ""precision"": ""fchk"", ""scale"": 1.0}, ""npa_source"": ""selected final log combined-spin NPA table"", ""site_aggregation"": ""equal-weight arithmetic mean; all sites required""}"
106,O=C(O)CSc1ccccc1C(=O)O,2.93,106,0.52931,-0.70294,-0.66468,0.8353,-0.18783,-0.15318500000000002,-0.21753,-0.17699,0.7016,1.0742,1.6823,1.0054,0.10768197404381846,-0.07465484952754424,-7.8416731231822725,-0.5832705919729787,7.258402531209294,3.3034100167053375,195.42012633333331,0.02736046616114458,240.56286742273366,83.36849137220214,31.0028076171875,0.971313848389533,1.2107635457100638,1.3397369396240433,1.487148126620311,32.51618950913832,3747.73382,1749.61552,complete,,{},"{""aromatic_cooh_site_count"": 1, ""density_surface"": {""density_cube"": ""/gs/bs/tga-ynabae/kikuchi/pka_prediction/data/benzoicacid_v2/density_cube/sub_106_density.cube"", ""esp_cube"": ""/gs/bs/tga-ynabae/kikuchi/pka_prediction/data/benzoicacid_v2/esp_cube/sub_106_esp.cube"", ""isovalue_e_bohr3"": 0.001, ""local_esp_radius_angstrom"": 2.0, ""local_issues_by_site"": [{}], ""local_values_by_site"": [{""esp_max_acidic_h_hartree_per_e"": 0.10768197404381846, ""esp_min_carbonyl_o_hartree_per_e"": -0.07465484952754424}], ""mpi"": ""arithmetic mean of absolute ESP over all grid-edge isosurface intersections"", ""surface_esp"": ""linear grid-edge crossing samples; nearest-nucleus local patches"", ""volume"": ""occupied density grid; discretized electron-density isosurface volume""}, ""fchk"": ""/gs/bs/tga-ynabae/kikuchi/pka_prediction/data/benzoicacid_v2/formchk/sub_106.fchk"", ""geometric_sampling"": {""buried_center"": ""COOH carbon; reference COOH atoms excluded"", ""buried_radius_angstrom"": 3.5, ""buried_samples"": 32768, ""radii"": ""RDKit vdW"", ""sasa_points_per_atom"": 2000, ""sasa_probe_angstrom"": 1.4}, ""ignored_aliphatic_cooh_count"": 1, ""job_selection"": ""last normally terminated job only"", ""local_atom_indices_0based"": {""acidic_hydrogen"": 21, ""carbonyl_oxygen"": 12, ""carboxyl_carbon"": 11, ""hydroxyl_oxygen"": 13, ""ipso_carbon"": 10, ""meta_carbons"": [6, 8], ""ortho_carbons"": [5, 9], ""para_carbon"": 7, ""ring_atoms"": [5, 6, 7, 8, 9, 10], ""substituent_position_counts"": {""meta"": 0, ""ortho"": 1, ""para"": 0, ""total"": 1}, ""substituted_ring_carbons"": [5]}, ""local_atom_indices_by_site_0based"": [{""acidic_hydrogen"": 21, ""carbonyl_oxygen"": 12, ""carboxyl_carbon"": 11, ""hydroxyl_oxygen"": 13, ""ipso_carbon"": 10, ""meta_carbons"": [6, 8], ""ortho_carbons"": [5, 9], ""para_carbon"": 7, ""ring_atoms"": [5, 6, 7, 8, 9, 10], ""substituent_position_counts"": {""meta"": 0, ""ortho"": 1, ""para"": 0, ""total"": 1}, ""substituted_ring_carbons"": [5]}], ""log"": ""/gs/bs/tga-ynabae/kikuchi/pka_prediction/data/benzoicacid_v2/logfile/sub_106.log"", ""normal_modes"": {""aggregation"": ""mean of independently assigned harmonic-mode frequencies"", ""assignments"": {""co_double_stretch_frequency_cm1"": {""mode_index_0based"": 50, ""projection"": 1.4170333448815855, ""unscaled_cm1"": 1749.61552}, ""oh_stretch_frequency_cm1"": {""mode_index_0based"": 58, ""projection"": 1.1228397110202835, ""unscaled_cm1"": 3747.73382}}, ""assignments_by_site"": [{""assignments"": {""co_double_stretch_frequency_cm1"": {""mode_index_0based"": 50, ""projection"": 1.4170333448815855, ""unscaled_cm1"": 1749.61552}, ""oh_stretch_frequency_cm1"": {""mode_index_0based"": 58, ""projection"": 1.1228397110202835, ""unscaled_cm1"": 3747.73382}}, ""carboxyl_carbon_0based"": 11}], ""precision"": ""fchk"", ""scale"": 1.0}, ""npa_source"": ""selected final log combined-spin NPA table"", ""site_aggregation"": ""equal-weight arithmetic mean; all sites required""}"
107,O=C(O)c1c(Cl)cccc1Cl,1.707,107,0.53466,-0.68417,-0.63709,0.8443,-0.19841,-0.00783,-0.22523,-0.16639,0.694,1.1044,1.7226,0.9504,0.10588878117028297,-0.07136853301818764,-8.650072496046908,0.08214005514364835,8.732212551190557,4.160496445092465,150.48270300000001,0.02415059360322726,198.35295342916618,91.207487609219,30.2276611328125,0.9733702742957887,1.2063192553727278,1.3284281038992218,1.4989246237008003,89.99806234328123,3719.0637,1766.72239,complete,,{},"{""aromatic_cooh_site_count"": 1, ""density_surface"": {""density_cube"": ""/gs/bs/tga-ynabae/kikuchi/pka_prediction/data/benzoicacid_v2/density_cube/sub_107_density.cube"", ""esp_cube"": ""/gs/bs/tga-ynabae/kikuchi/pka_prediction/data/benzoicacid_v2/esp_cube/sub_107_esp.cube"", ""isovalue_e_bohr3"": 0.001, ""local_esp_radius_angstrom"": 2.0, ""local_issues_by_site"": [{}], ""local_values_by_site"": [{""esp_max_acidic_h_hartree_per_e"": 0.10588878117028297, ""esp_min_carbonyl_o_hartree_per_e"": -0.07136853301818764}], ""mpi"": ""arithmetic mean of absolute ESP over all grid-edge isosurface intersections"", ""surface_esp"": ""linear grid-edge crossing samples; nearest-nucleus local patches"", ""volume"": ""occupied density grid; discretized electron-density isosurface volume""}, ""fchk"": ""/gs/bs/tga-ynabae/kikuchi/pka_prediction/data/benzoicacid_v2/formchk/sub_107.fchk"", ""geometric_sampling"": {""buried_center"": ""COOH carbon; reference COOH atoms excluded"", ""buried_radius_angstrom"": 3.5, ""buried_samples"": 32768, ""radii"": ""RDKit vdW"", ""sasa_points_per_atom"": 2000, ""sasa_probe_angstrom"": 1.4}, ""ignored_aliphatic_cooh_count"": 0, ""job_selection"": ""last normally terminated job only"", ""local_atom_indices_0based"": {""acidic_hydrogen"": 11, ""carbonyl_oxygen"": 0, ""carboxyl_carbon"": 1, ""hydroxyl_oxygen"": 2, ""ipso_carbon"": 3, ""meta_carbons"": [6, 8], ""ortho_carbons"": [4, 9], ""para_carbon"": 7, ""ring_atoms"": [3, 4, 6, 7, 8, 9], ""substituent_position_counts"": {""meta"": 0, ""ortho"": 2, ""para"": 0, ""total"": 2}, ""substituted_ring_carbons"": [4, 9]}, ""local_atom_indices_by_site_0based"": [{""acidic_hydrogen"": 11, ""carbonyl_oxygen"": 0, ""carboxyl_carbon"": 1, ""hydroxyl_oxygen"": 2, ""ipso_carbon"": 3, ""meta_carbons"": [6, 8], ""ortho_carbons"": [4, 9], ""para_carbon"": 7, ""ring_atoms"": [3, 4, 6, 7, 8, 9], ""substituent_position_counts"": {""meta"": 0, ""ortho"": 2, ""para"": 0, ""total"": 2}, ""substituted_ring_carbons"": [4, 9]}], ""log"": ""/gs/bs/tga-ynabae/kikuchi/pka_prediction/data/benzoicacid_v2/logfile/sub_107.log"", ""normal_modes"": {""aggregation"": ""mean of independently assigned harmonic-mode frequencies"", ""assignments"": {""co_double_stretch_frequency_cm1"": {""mode_index_0based"": 34, ""projection"": 1.4869227265537701, ""unscaled_cm1"": 1766.72239}, ""oh_stretch_frequency_cm1"": {""mode_index_0based"": 38, ""projection"": 1.1229419689793734, ""unscaled_cm1"": 3719.0637}}, ""assignments_by_site"": [{""assignments"": {""co_double_stretch_frequency_cm1"": {""mode_index_0based"": 34, ""projection"": 1.4869227265537701, ""unscaled_cm1"": 1766.72239}, ""oh_stretch_frequency_cm1"": {""mode_index_0based"": 38, ""projection"": 1.1229419689793734, ""unscaled_cm1"": 3719.0637}}, ""carboxyl_carbon_0based"": 1}], ""precision"": ""fchk"", ""scale"": 1.0}, ""npa_source"": ""selected final log combined-spin NPA table"", ""site_aggregation"": ""equal-weight arithmetic mean; all sites required""}"
108,O=C(O)c1c(F)c(F)c(-c2c(F)c(F)c(F)c(F)c2F)c(F)c1F,1.42,108,0.53638,-0.6805,-0.63716,0.84019,-0.22753,0.40909,0.392345,-0.12169,0.6937,1.1033,1.7065,0.9806,0.11947238741236885,-0.06088977103698221,-8.902513669129162,-1.1715483021485864,7.730965366980575,2.417956679695711,213.8359293333333,0.021619678405431685,292.83915193691627,96.44639181038207,25.4974365234375,0.9728205530978098,1.2065257633111433,1.326910184288535,1.4928501862393297,38.79102495063121,3726.86188,1760.69376,complete,,{},"{""aromatic_cooh_site_count"": 1, ""density_surface"": {""density_cube"": ""/gs/bs/tga-ynabae/kikuchi/pka_prediction/data/benzoicacid_v2/density_cube/sub_108_density.cube"", ""esp_cube"": ""/gs/bs/tga-ynabae/kikuchi/pka_prediction/data/benzoicacid_v2/esp_cube/sub_108_esp.cube"", ""isovalue_e_bohr3"": 0.001, ""local_esp_radius_angstrom"": 2.0, ""local_issues_by_site"": [{}], ""local_values_by_site"": [{""esp_max_acidic_h_hartree_per_e"": 0.11947238741236885, ""esp_min_carbonyl_o_hartree_per_e"": -0.06088977103698221}], ""mpi"": ""arithmetic mean of absolute ESP over all grid-edge isosurface intersections"", ""surface_esp"": ""linear grid-edge crossing samples; nearest-nucleus local patches"", ""volume"": ""occupied density grid; discretized electron-density isosurface volume""}, ""fchk"": ""/gs/bs/tga-ynabae/kikuchi/pka_prediction/data/benzoicacid_v2/formchk/sub_108.fchk"", ""geometric_sampling"": {""buried_center"": ""COOH carbon; reference COOH atoms excluded"", ""buried_radius_angstrom"": 3.5, ""buried_samples"": 32768, ""radii"": ""RDKit vdW"", ""sasa_points_per_atom"": 2000, ""sasa_probe_angstrom"": 1.4}, ""ignored_aliphatic_cooh_count"": 0, ""job_selection"": ""last normally terminated job only"", ""local_atom_indices_0based"": {""acidic_hydrogen"": 24, ""carbonyl_oxygen"": 0, ""carboxyl_carbon"": 1, ""hydroxyl_oxygen"": 2, ""ipso_carbon"": 3, ""meta_carbons"": [6, 20], ""ortho_carbons"": [4, 22], ""para_carbon"": 8, ""ring_atoms"": [3, 4, 6, 8, 20, 22], ""substituent_position_counts"": {""meta"": 2, ""ortho"": 2, ""para"": 1, ""total"": 5}, ""substituted_ring_carbons"": [4, 6, 8, 20, 22]}, ""local_atom_indices_by_site_0based"": [{""acidic_hydrogen"": 24, ""carbonyl_oxygen"": 0, ""carboxyl_carbon"": 1, ""hydroxyl_oxygen"": 2, ""ipso_carbon"": 3, ""meta_carbons"": [6, 20], ""ortho_carbons"": [4, 22], ""para_carbon"": 8, ""ring_atoms"": [3, 4, 6, 8, 20, 22], ""substituent_position_counts"": {""meta"": 2, ""ortho"": 2, ""para"": 1, ""total"": 5}, ""substituted_ring_carbons"": [4, 6, 8, 20, 22]}], ""log"": ""/gs/bs/tga-ynabae/kikuchi/pka_prediction/data/benzoicacid_v2/logfile/sub_108.log"", ""normal_modes"": {""aggregation"": ""mean of independently assigned harmonic-mode frequencies"", ""assignments"": {""co_double_stretch_frequency_cm1"": {""mode_index_0based"": 67, ""projection"": 1.4640236620359652, ""unscaled_cm1"": 1760.69376}, ""oh_stretch_frequency_cm1"": {""mode_index_0based"": 68, ""projection"": 1.1231124733793298, ""unscaled_cm1"": 3726.86188}}, ""assignments_by_site"": [{""assignments"": {""co_double_stretch_frequency_cm1"": {""mode_index_0based"": 67, ""projection"": 1.4640236620359652, ""unscaled_cm1"": 1760.69376}, ""oh_stretch_frequency_cm1"": {""mode_index_0based"": 68, ""projection"": 1.1231124733793298, ""unscaled_cm1"": 3726.86188}}, ""carboxyl_carbon_0based"": 1}], ""precision"": ""fchk"", ""scale"": 1.0}, ""npa_source"": ""selected final log combined-spin NPA table"", ""site_aggregation"": ""equal-weight arithmetic mean; all sites required""}"
109,O=C(O)c1c(F)c(F)c(Br)c(F)c1F,1.66,109,0.53655,-0.68104,-0.63749,0.84046,-0.23438,0.417255,0.346125,-0.19489,0.6936,1.1027,1.7063,0.9811,0.1192776253368952,-0.06121191111428137,-8.968134525711859,-0.9539328380653372,8.014201687646523,2.268972350669989,143.0686873,0.021886758781969207,200.67048667133645,96.1267347578793,25.604248046875,0.9728077125968488,1.2064854000970173,1.3270556563716378,1.492412261438253,38.86889575158649,3730.16915,1760.95415,complete,,{},"{""aromatic_cooh_site_count"": 1, ""density_surface"": {""density_cube"": ""/gs/bs/tga-ynabae/kikuchi/pka_prediction/data/benzoicacid_v2/density_cube/sub_109_density.cube"", ""esp_cube"": ""/gs/bs/tga-ynabae/kikuchi/pka_prediction/data/benzoicacid_v2/esp_cube/sub_109_esp.cube"", ""isovalue_e_bohr3"": 0.001, ""local_esp_radius_angstrom"": 2.0, ""local_issues_by_site"": [{}], ""local_values_by_site"": [{""esp_max_acidic_h_hartree_per_e"": 0.1192776253368952, ""esp_min_carbonyl_o_hartree_per_e"": -0.06121191111428137}], ""mpi"": ""arithmetic mean of absolute ESP over all grid-edge isosurface intersections"", ""surface_esp"": ""linear grid-edge crossing samples; nearest-nucleus local patches"", ""volume"": ""occupied density grid; discretized electron-density isosurface volume""}, ""fchk"": ""/gs/bs/tga-ynabae/kikuchi/pka_prediction/data/benzoicacid_v2/formchk/sub_109.fchk"", ""geometric_sampling"": {""buried_center"": ""COOH carbon; reference COOH atoms excluded"", ""buried_radius_angstrom"": 3.5, ""buried_samples"": 32768, ""radii"": ""RDKit vdW"", ""sasa_points_per_atom"": 2000, ""sasa_probe_angstrom"": 1.4}, ""ignored_aliphatic_cooh_count"": 0, ""job_selection"": ""last normally terminated job only"", ""local_atom_indices_0based"": {""acidic_hydrogen"": 14, ""carbonyl_oxygen"": 0, ""carboxyl_carbon"": 1, ""hydroxyl_oxygen"": 2, ""ipso_carbon"": 3, ""meta_carbons"": [6, 10], ""ortho_carbons"": [4, 12], ""para_carbon"": 8, ""ring_atoms"": [3, 4, 6, 8, 10, 12], ""substituent_position_counts"": {""meta"": 2, ""ortho"": 2, ""para"": 1, ""total"": 5}, ""substituted_ring_carbons"": [4, 6, 8, 10, 12]}, ""local_atom_indices_by_site_0based"": [{""acidic_hydrogen"": 14, ""carbonyl_oxygen"": 0, ""carboxyl_carbon"": 1, ""hydroxyl_oxygen"": 2, ""ipso_carbon"": 3, ""meta_carbons"": [6, 10], ""ortho_carbons"": [4, 12], ""para_carbon"": 8, ""ring_atoms"": [3, 4, 6, 8, 10, 12], ""substituent_position_counts"": {""meta"": 2, ""ortho"": 2, ""para"": 1, ""total"": 5}, ""substituted_ring_carbons"": [4, 6, 8, 10, 12]}], ""log"": ""/gs/bs/tga-ynabae/kikuchi/pka_prediction/data/benzoicacid_v2/logfile/sub_109.log"", ""normal_modes"": {""aggregation"": ""mean of independently assigned harmonic-mode frequencies"", ""assignments"": {""co_double_stretch_frequency_cm1"": {""mode_index_0based"": 37, ""projection"": 1.5059929196786483, ""unscaled_cm1"": 1760.95415}, ""oh_stretch_frequency_cm1"": {""mode_index_0based"": 38, ""projection"": 1.1229727264382448, ""unscaled_cm1"": 3730.16915}}, ""assignments_by_site"": [{""assignments"": {""co_double_stretch_frequency_cm1"": {""mode_index_0based"": 37, ""projection"": 1.5059929196786483, ""unscaled_cm1"": 1760.95415}, ""oh_stretch_frequency_cm1"": {""mode_index_0based"": 38, ""projection"": 1.1229727264382448, ""unscaled_cm1"": 3730.16915}}, ""carboxyl_carbon_0based"": 1}], ""precision"": ""fchk"", ""scale"": 1.0}, ""npa_source"": ""selected final log combined-spin NPA table"", ""site_aggregation"": ""equal-weight arithmetic mean; all sites required""}"
110,O=C(O)c1c(F)c(F)c(C(F)(F)F)c(F)c1F,1.44,110,0.53809,-0.67795,-0.63024,0.84069,-0.21058,0.4064,0.402345,-0.21357,0.6919,1.1077,1.714,0.9717,0.12553161264285445,-0.05502130180794609,-9.029124548583216,-1.1754625294454177,7.853662019137797,3.51824929996321,132.89631210000002,0.022798453210585254,210.01128768642326,97.23284240731847,25.68359375,0.9731149622236098,1.2052008222820532,1.3251805143263156,1.4960122422706192,42.54098583652934,3725.71039,1770.10831,complete,,{},"{""aromatic_cooh_site_count"": 1, ""density_surface"": {""density_cube"": ""/gs/bs/tga-ynabae/kikuchi/pka_prediction/data/benzoicacid_v2/density_cube/sub_110_density.cube"", ""esp_cube"": ""/gs/bs/tga-ynabae/kikuchi/pka_prediction/data/benzoicacid_v2/esp_cube/sub_110_esp.cube"", ""isovalue_e_bohr3"": 0.001, ""local_esp_radius_angstrom"": 2.0, ""local_issues_by_site"": [{}], ""local_values_by_site"": [{""esp_max_acidic_h_hartree_per_e"": 0.12553161264285445, ""esp_min_carbonyl_o_hartree_per_e"": -0.05502130180794609}], ""mpi"": ""arithmetic mean of absolute ESP over all grid-edge isosurface intersections"", ""surface_esp"": ""linear grid-edge crossing samples; nearest-nucleus local patches"", ""volume"": ""occupied density grid; discretized electron-density isosurface volume""}, ""fchk"": ""/gs/bs/tga-ynabae/kikuchi/pka_prediction/data/benzoicacid_v2/formchk/sub_110.fchk"", ""geometric_sampling"": {""buried_center"": ""COOH carbon; reference COOH atoms excluded"", ""buried_radius_angstrom"": 3.5, ""buried_samples"": 32768, ""radii"": ""RDKit vdW"", ""sasa_points_per_atom"": 2000, ""sasa_probe_angstrom"": 1.4}, ""ignored_aliphatic_cooh_count"": 0, ""job_selection"": ""last normally terminated job only"", ""local_atom_indices_0based"": {""acidic_hydrogen"": 17, ""carbonyl_oxygen"": 0, ""carboxyl_carbon"": 1, ""hydroxyl_oxygen"": 2, ""ipso_carbon"": 3, ""meta_carbons"": [6, 13], ""ortho_carbons"": [4, 15], ""para_carbon"": 8, ""ring_atoms"": [3, 4, 6, 8, 13, 15], ""substituent_position_counts"": {""meta"": 2, ""ortho"": 2, ""para"": 1, ""total"": 5}, ""substituted_ring_carbons"": [4, 6, 8, 13, 15]}, ""local_atom_indices_by_site_0based"": [{""acidic_hydrogen"": 17, ""carbonyl_oxygen"": 0, ""carboxyl_carbon"": 1, ""hydroxyl_oxygen"": 2, ""ipso_carbon"": 3, ""meta_carbons"": [6, 13], ""ortho_carbons"": [4, 15], ""para_carbon"": 8, ""ring_atoms"": [3, 4, 6, 8, 13, 15], ""substituent_position_counts"": {""meta"": 2, ""ortho"": 2, ""para"": 1, ""total"": 5}, ""substituted_ring_carbons"": [4, 6, 8, 13, 15]}], ""log"": ""/gs/bs/tga-ynabae/kikuchi/pka_prediction/data/benzoicacid_v2/logfile/sub_110.log"", ""normal_modes"": {""aggregation"": ""mean of independently assigned harmonic-mode frequencies"", ""assignments"": {""co_double_stretch_frequency_cm1"": {""mode_index_0based"": 46, ""projection"": 1.4284843333633854, ""unscaled_cm1"": 1770.10831}, ""oh_stretch_frequency_cm1"": {""mode_index_0based"": 47, ""projection"": 1.1230849051420693, ""unscaled_cm1"": 3725.71039}}, ""assignments_by_site"": [{""assignments"": {""co_double_stretch_frequency_cm1"": {""mode_index_0based"": 46, ""projection"": 1.4284843333633854, ""unscaled_cm1"": 1770.10831}, ""oh_stretch_frequency_cm1"": {""mode_index_0based"": 47, ""projection"": 1.1230849051420693, ""unscaled_cm1"": 3725.71039}}, ""carboxyl_carbon_0based"": 1}], ""precision"": ""fchk"", ""scale"": 1.0}, ""npa_source"": ""selected final log combined-spin NPA table"", ""site_aggregation"": ""equal-weight arithmetic mean; all sites required""}"
111,O=C(O)c1c(F)c(F)c(Cl)c(F)c1F,1.69,111,0.53652,-0.68121,-0.63797,0.84043,-0.23695,0.41729,0.34787,-0.12047,0.6936,1.1025,1.7059,0.9816,0.11949843313985133,-0.06084744562431666,-8.981266523023084,-0.9288840005493676,8.052382522473717,2.3190099398861106,133.51904199999998,0.021955802207960035,193.96903394752422,97.00474707270457,25.5523681640625,0.9727757169357047,1.2065646794846119,1.3270559841477385,1.4922917772910147,38.68671654780747,3730.08916,1760.50233,complete,,{},"{""aromatic_cooh_site_count"": 1, ""density_surface"": {""density_cube"": ""/gs/bs/tga-ynabae/kikuchi/pka_prediction/data/benzoicacid_v2/density_cube/sub_111_density.cube"", ""esp_cube"": ""/gs/bs/tga-ynabae/kikuchi/pka_prediction/data/benzoicacid_v2/esp_cube/sub_111_esp.cube"", ""isovalue_e_bohr3"": 0.001, ""local_esp_radius_angstrom"": 2.0, ""local_issues_by_site"": [{}], ""local_values_by_site"": [{""esp_max_acidic_h_hartree_per_e"": 0.11949843313985133, ""esp_min_carbonyl_o_hartree_per_e"": -0.06084744562431666}], ""mpi"": ""arithmetic mean of absolute ESP over all grid-edge isosurface intersections"", ""surface_esp"": ""linear grid-edge crossing samples; nearest-nucleus local patches"", ""volume"": ""occupied density grid; discretized electron-density isosurface volume""}, ""fchk"": ""/gs/bs/tga-ynabae/kikuchi/pka_prediction/data/benzoicacid_v2/formchk/sub_111.fchk"", ""geometric_sampling"": {""buried_center"": ""COOH carbon; reference COOH atoms excluded"", ""buried_radius_angstrom"": 3.5, ""buried_samples"": 32768, ""radii"": ""RDKit vdW"", ""sasa_points_per_atom"": 2000, ""sasa_probe_angstrom"": 1.4}, ""ignored_aliphatic_cooh_count"": 0, ""job_selection"": ""last normally terminated job only"", ""local_atom_indices_0based"": {""acidic_hydrogen"": 14, ""carbonyl_oxygen"": 0, ""carboxyl_carbon"": 1, ""hydroxyl_oxygen"": 2, ""ipso_carbon"": 3, ""meta_carbons"": [6, 10], ""ortho_carbons"": [4, 12], ""para_carbon"": 8, ""ring_atoms"": [3, 4, 6, 8, 10, 12], ""substituent_position_counts"": {""meta"": 2, ""ortho"": 2, ""para"": 1, ""total"": 5}, ""substituted_ring_carbons"": [4, 6, 8, 10, 12]}, ""local_atom_indices_by_site_0based"": [{""acidic_hydrogen"": 14, ""carbonyl_oxygen"": 0, ""carboxyl_carbon"": 1, ""hydroxyl_oxygen"": 2, ""ipso_carbon"": 3, ""meta_carbons"": [6, 10], ""ortho_carbons"": [4, 12], ""para_carbon"": 8, ""ring_atoms"": [3, 4, 6, 8, 10, 12], ""substituent_position_counts"": {""meta"": 2, ""ortho"": 2, ""para"": 1, ""total"": 5}, ""substituted_ring_carbons"": [4, 6, 8, 10, 12]}], ""log"": ""/gs/bs/tga-ynabae/kikuchi/pka_prediction/data/benzoicacid_v2/logfile/sub_111.log"", ""normal_modes"": {""aggregation"": ""mean of independently assigned harmonic-mode frequencies"", ""assignments"": {""co_double_stretch_frequency_cm1"": {""mode_index_0based"": 37, ""projection"": 1.5037894790227138, ""unscaled_cm1"": 1760.50233}, ""oh_stretch_frequency_cm1"": {""mode_index_0based"": 38, ""projection"": 1.1230203568775037, ""unscaled_cm1"": 3730.08916}}, ""assignments_by_site"": [{""assignments"": {""co_double_stretch_frequency_cm1"": {""mode_index_0based"": 37, ""projection"": 1.5037894790227138, ""unscaled_cm1"": 1760.50233}, ""oh_stretch_frequency_cm1"": {""mode_index_0based"": 38, ""projection"": 1.1230203568775037, ""unscaled_cm1"": 3730.08916}}, ""carboxyl_carbon_0based"": 1}], ""precision"": ""fchk"", ""scale"": 1.0}, ""npa_source"": ""selected final log combined-spin NPA table"", ""site_aggregation"": ""equal-weight arithmetic mean; all sites required""}"
112,O=C(O)c1c(F)c(F)c(F)c(F)c1F,1.75,112,0.53598,-0.68233,-0.64087,0.84041,-0.25137,0.41878,0.30979,0.35806,0.6942,1.1008,1.7027,0.9854,0.11888816644882651,-0.06099031321616465,-9.011284056264303,-0.7667147781753013,8.244569278089001,2.4309818656794517,116.16665576666668,0.023719787295666046,177.60627755776997,96.75905881923059,25.5706787109375,0.97271261384382,1.2070765951893652,1.327766421019977,1.4908975032137455,36.94606915932473,3730.67096,1758.05886,complete,,{},"{""aromatic_cooh_site_count"": 1, ""density_surface"": {""density_cube"": ""/gs/bs/tga-ynabae/kikuchi/pka_prediction/data/benzoicacid_v2/density_cube/sub_112_density.cube"", ""esp_cube"": ""/gs/bs/tga-ynabae/kikuchi/pka_prediction/data/benzoicacid_v2/esp_cube/sub_112_esp.cube"", ""isovalue_e_bohr3"": 0.001, ""local_esp_radius_angstrom"": 2.0, ""local_issues_by_site"": [{}], ""local_values_by_site"": [{""esp_max_acidic_h_hartree_per_e"": 0.11888816644882651, ""esp_min_carbonyl_o_hartree_per_e"": -0.06099031321616465}], ""mpi"": ""arithmetic mean of absolute ESP over all grid-edge isosurface intersections"", ""surface_esp"": ""linear grid-edge crossing samples; nearest-nucleus local patches"", ""volume"": ""occupied density grid; discretized electron-density isosurface volume""}, ""fchk"": ""/gs/bs/tga-ynabae/kikuchi/pka_prediction/data/benzoicacid_v2/formchk/sub_112.fchk"", ""geometric_sampling"": {""buried_center"": ""COOH carbon; reference COOH atoms excluded"", ""buried_radius_angstrom"": 3.5, ""buried_samples"": 32768, ""radii"": ""RDKit vdW"", ""sasa_points_per_atom"": 2000, ""sasa_probe_angstrom"": 1.4}, ""ignored_aliphatic_cooh_count"": 0, ""job_selection"": ""last normally terminated job only"", ""local_atom_indices_0based"": {""acidic_hydrogen"": 14, ""carbonyl_oxygen"": 0, ""carboxyl_carbon"": 1, ""hydroxyl_oxygen"": 2, ""ipso_carbon"": 3, ""meta_carbons"": [6, 10], ""ortho_carbons"": [4, 12], ""para_carbon"": 8, ""ring_atoms"": [3, 4, 6, 8, 10, 12], ""substituent_position_counts"": {""meta"": 2, ""ortho"": 2, ""para"": 1, ""total"": 5}, ""substituted_ring_carbons"": [4, 6, 8, 10, 12]}, ""local_atom_indices_by_site_0based"": [{""acidic_hydrogen"": 14, ""carbonyl_oxygen"": 0, ""carboxyl_carbon"": 1, ""hydroxyl_oxygen"": 2, ""ipso_carbon"": 3, ""meta_carbons"": [6, 10], ""ortho_carbons"": [4, 12], ""para_carbon"": 8, ""ring_atoms"": [3, 4, 6, 8, 10, 12], ""substituent_position_counts"": {""meta"": 2, ""ortho"": 2, ""para"": 1, ""total"": 5}, ""substituted_ring_carbons"": [4, 6, 8, 10, 12]}], ""log"": ""/gs/bs/tga-ynabae/kikuchi/pka_prediction/data/benzoicacid_v2/logfile/sub_112.log"", ""normal_modes"": {""aggregation"": ""mean of independently assigned harmonic-mode frequencies"", ""assignments"": {""co_double_stretch_frequency_cm1"": {""mode_index_0based"": 37, ""projection"": 1.479115842491428, ""unscaled_cm1"": 1758.05886}, ""oh_stretch_frequency_cm1"": {""mode_index_0based"": 38, ""projection"": 1.1230010097718235, ""unscaled_cm1"": 3730.67096}}, ""assignments_by_site"": [{""assignments"": {""co_double_stretch_frequency_cm1"": {""mode_index_0based"": 37, ""projection"": 1.479115842491428, ""unscaled_cm1"": 1758.05886}, ""oh_stretch_frequency_cm1"": {""mode_index_0based"": 38, ""projection"": 1.1230010097718235, ""unscaled_cm1"": 3730.67096}}, ""carboxyl_carbon_0based"": 1}], ""precision"": ""fchk"", ""scale"": 1.0}, ""npa_source"": ""selected final log combined-spin NPA table"", ""site_aggregation"": ""equal-weight arithmetic mean; all sites required""}"
113,O=C(O)c1c(F)c(F)c(O)c(F)c1F,2.27,113,0.53352,-0.68722,-0.65301,0.83849,-0.27929,0.42305000000000004,0.302815,0.27344,0.6967,1.0926,1.6884,1.0023,0.10972315632275283,-0.06884043583521446,-8.708044830606356,-0.599892503993023,8.108152326613334,2.1385548150629594,126.61286499999999,0.028650722157702688,182.70289529393273,96.37278429450845,25.5126953125,0.9723976137966853,1.20937006243252,1.3308916750762996,1.4842166559324026,31.712194916404446,3737.55744,1745.87292,complete,,{},"{""aromatic_cooh_site_count"": 1, ""density_surface"": {""density_cube"": ""/gs/bs/tga-ynabae/kikuchi/pka_prediction/data/benzoicacid_v2/density_cube/sub_113_density.cube"", ""esp_cube"": ""/gs/bs/tga-ynabae/kikuchi/pka_prediction/data/benzoicacid_v2/esp_cube/sub_113_esp.cube"", ""isovalue_e_bohr3"": 0.001, ""local_esp_radius_angstrom"": 2.0, ""local_issues_by_site"": [{}], ""local_values_by_site"": [{""esp_max_acidic_h_hartree_per_e"": 0.10972315632275283, ""esp_min_carbonyl_o_hartree_per_e"": -0.06884043583521446}], ""mpi"": ""arithmetic mean of absolute ESP over all grid-edge isosurface intersections"", ""surface_esp"": ""linear grid-edge crossing samples; nearest-nucleus local patches"", ""volume"": ""occupied density grid; discretized electron-density isosurface volume""}, ""fchk"": ""/gs/bs/tga-ynabae/kikuchi/pka_prediction/data/benzoicacid_v2/formchk/sub_113.fchk"", ""geometric_sampling"": {""buried_center"": ""COOH carbon; reference COOH atoms excluded"", ""buried_radius_angstrom"": 3.5, ""buried_samples"": 32768, ""radii"": ""RDKit vdW"", ""sasa_points_per_atom"": 2000, ""sasa_probe_angstrom"": 1.4}, ""ignored_aliphatic_cooh_count"": 0, ""job_selection"": ""last normally terminated job only"", ""local_atom_indices_0based"": {""acidic_hydrogen"": 14, ""carbonyl_oxygen"": 0, ""carboxyl_carbon"": 1, ""hydroxyl_oxygen"": 2, ""ipso_carbon"": 3, ""meta_carbons"": [6, 10], ""ortho_carbons"": [4, 12], ""para_carbon"": 8, ""ring_atoms"": [3, 4, 6, 8, 10, 12], ""substituent_position_counts"": {""meta"": 2, ""ortho"": 2, ""para"": 1, ""total"": 5}, ""substituted_ring_carbons"": [4, 6, 8, 10, 12]}, ""local_atom_indices_by_site_0based"": [{""acidic_hydrogen"": 14, ""carbonyl_oxygen"": 0, ""carboxyl_carbon"": 1, ""hydroxyl_oxygen"": 2, ""ipso_carbon"": 3, ""meta_carbons"": [6, 10], ""ortho_carbons"": [4, 12], ""para_carbon"": 8, ""ring_atoms"": [3, 4, 6, 8, 10, 12], ""substituent_position_counts"": {""meta"": 2, ""ortho"": 2, ""para"": 1, ""total"": 5}, ""substituted_ring_carbons"": [4, 6, 8, 10, 12]}], ""log"": ""/gs/bs/tga-ynabae/kikuchi/pka_prediction/data/benzoicacid_v2/logfile/sub_113.log"", ""normal_modes"": {""aggregation"": ""mean of independently assigned harmonic-mode frequencies"", ""assignments"": {""co_double_stretch_frequency_cm1"": {""mode_index_0based"": 39, ""projection"": 1.4002887618610131, ""unscaled_cm1"": 1745.87292}, ""oh_stretch_frequency_cm1"": {""mode_index_0based"": 40, ""projection"": 1.1226033591832896, ""unscaled_cm1"": 3737.55744}}, ""assignments_by_site"": [{""assignments"": {""co_double_stretch_frequency_cm1"": {""mode_index_0based"": 39, ""projection"": 1.4002887618610131, ""unscaled_cm1"": 1745.87292}, ""oh_stretch_frequency_cm1"": {""mode_index_0based"": 40, ""projection"": 1.1226033591832896, ""unscaled_cm1"": 3737.55744}}, ""carboxyl_carbon_0based"": 1}], ""precision"": ""fchk"", ""scale"": 1.0}, ""npa_source"": ""selected final log combined-spin NPA table"", ""site_aggregation"": ""equal-weight arithmetic mean; all sites required""}"
114,O=C(O)c1c(F)c(F)c(S)c(F)c1F,1.67,114,0.53489,-0.68443,-0.6456,0.83917,-0.25532,0.42043,0.337795,-0.23036,0.6953,1.097,1.6968,0.9925,0.11328619586862833,-0.06621527431672138,-8.400094143899622,-0.85085791652272,7.549236227376902,1.7796986036603137,148.85538620000003,0.023859990989326934,199.9446080407243,96.35253672985608,25.6683349609375,0.9725863098128792,1.2080459607133536,1.3292811208632613,1.487767549332457,35.02182136372165,3732.51711,1751.69074,complete,,{},"{""aromatic_cooh_site_count"": 1, ""density_surface"": {""density_cube"": ""/gs/bs/tga-ynabae/kikuchi/pka_prediction/data/benzoicacid_v2/density_cube/sub_114_density.cube"", ""esp_cube"": ""/gs/bs/tga-ynabae/kikuchi/pka_prediction/data/benzoicacid_v2/esp_cube/sub_114_esp.cube"", ""isovalue_e_bohr3"": 0.001, ""local_esp_radius_angstrom"": 2.0, ""local_issues_by_site"": [{}], ""local_values_by_site"": [{""esp_max_acidic_h_hartree_per_e"": 0.11328619586862833, ""esp_min_carbonyl_o_hartree_per_e"": -0.06621527431672138}], ""mpi"": ""arithmetic mean of absolute ESP over all grid-edge isosurface intersections"", ""surface_esp"": ""linear grid-edge crossing samples; nearest-nucleus local patches"", ""volume"": ""occupied density grid; discretized electron-density isosurface volume""}, ""fchk"": ""/gs/bs/tga-ynabae/kikuchi/pka_prediction/data/benzoicacid_v2/formchk/sub_114.fchk"", ""geometric_sampling"": {""buried_center"": ""COOH carbon; reference COOH atoms excluded"", ""buried_radius_angstrom"": 3.5, ""buried_samples"": 32768, ""radii"": ""RDKit vdW"", ""sasa_points_per_atom"": 2000, ""sasa_probe_angstrom"": 1.4}, ""ignored_aliphatic_cooh_count"": 0, ""job_selection"": ""last normally terminated job only"", ""local_atom_indices_0based"": {""acidic_hydrogen"": 14, ""carbonyl_oxygen"": 0, ""carboxyl_carbon"": 1, ""hydroxyl_oxygen"": 2, ""ipso_carbon"": 3, ""meta_carbons"": [6, 10], ""ortho_carbons"": [4, 12], ""para_carbon"": 8, ""ring_atoms"": [3, 4, 6, 8, 10, 12], ""substituent_position_counts"": {""meta"": 2, ""ortho"": 2, ""para"": 1, ""total"": 5}, ""substituted_ring_carbons"": [4, 6, 8, 10, 12]}, ""local_atom_indices_by_site_0based"": [{""acidic_hydrogen"": 14, ""carbonyl_oxygen"": 0, ""carboxyl_carbon"": 1, ""hydroxyl_oxygen"": 2, ""ipso_carbon"": 3, ""meta_carbons"": [6, 10], ""ortho_carbons"": [4, 12], ""para_carbon"": 8, ""ring_atoms"": [3, 4, 6, 8, 10, 12], ""substituent_position_counts"": {""meta"": 2, ""ortho"": 2, ""para"": 1, ""total"": 5}, ""substituted_ring_carbons"": [4, 6, 8, 10, 12]}], ""log"": ""/gs/bs/tga-ynabae/kikuchi/pka_prediction/data/benzoicacid_v2/logfile/sub_114.log"", ""normal_modes"": {""aggregation"": ""mean of independently assigned harmonic-mode frequencies"", ""assignments"": {""co_double_stretch_frequency_cm1"": {""mode_index_0based"": 39, ""projection"": 1.4788702763791748, ""unscaled_cm1"": 1751.69074}, ""oh_stretch_frequency_cm1"": {""mode_index_0based"": 41, ""projection"": 1.1229244748638194, ""unscaled_cm1"": 3732.51711}}, ""assignments_by_site"": [{""assignments"": {""co_double_stretch_frequency_cm1"": {""mode_index_0based"": 39, ""projection"": 1.4788702763791748, ""unscaled_cm1"": 1751.69074}, ""oh_stretch_frequency_cm1"": {""mode_index_0based"": 41, ""projection"": 1.1229244748638194, ""unscaled_cm1"": 3732.51711}}, ""carboxyl_carbon_0based"": 1}], ""precision"": ""fchk"", ""scale"": 1.0}, ""npa_source"": ""selected final log combined-spin NPA table"", ""site_aggregation"": ""equal-weight arithmetic mean; all sites required""}"
115,O=C(O)c1c(F)c(F)cc(F)c1F,1.87,115,0.53551,-0.68266,-0.64142,0.84096,-0.23971,0.400435,0.364655,-0.2735,0.6946,1.1007,1.7039,0.9834,0.114809014079197,-0.06616089630325747,-8.767064857959047,-0.7721402578357693,7.994924600123277,2.5829163693761252,116.33759253333334,0.02688943749235675,172.85462594602004,96.69457763001566,25.701904296875,0.9727185367039147,1.207141010436286,1.328023628731586,1.491486324903766,39.40900574223006,3728.62501,1758.78839,complete,,{},"{""aromatic_cooh_site_count"": 1, ""density_surface"": {""density_cube"": ""/gs/bs/tga-ynabae/kikuchi/pka_prediction/data/benzoicacid_v2/density_cube/sub_115_density.cube"", ""esp_cube"": ""/gs/bs/tga-ynabae/kikuchi/pka_prediction/data/benzoicacid_v2/esp_cube/sub_115_esp.cube"", ""isovalue_e_bohr3"": 0.001, ""local_esp_radius_angstrom"": 2.0, ""local_issues_by_site"": [{}], ""local_values_by_site"": [{""esp_max_acidic_h_hartree_per_e"": 0.114809014079197, ""esp_min_carbonyl_o_hartree_per_e"": -0.06616089630325747}], ""mpi"": ""arithmetic mean of absolute ESP over all grid-edge isosurface intersections"", ""surface_esp"": ""linear grid-edge crossing samples; nearest-nucleus local patches"", ""volume"": ""occupied density grid; discretized electron-density isosurface volume""}, ""fchk"": ""/gs/bs/tga-ynabae/kikuchi/pka_prediction/data/benzoicacid_v2/formchk/sub_115.fchk"", ""geometric_sampling"": {""buried_center"": ""COOH carbon; reference COOH atoms excluded"", ""buried_radius_angstrom"": 3.5, ""buried_samples"": 32768, ""radii"": ""RDKit vdW"", ""sasa_points_per_atom"": 2000, ""sasa_probe_angstrom"": 1.4}, ""ignored_aliphatic_cooh_count"": 0, ""job_selection"": ""last normally terminated job only"", ""local_atom_indices_0based"": {""acidic_hydrogen"": 13, ""carbonyl_oxygen"": 0, ""carboxyl_carbon"": 1, ""hydroxyl_oxygen"": 2, ""ipso_carbon"": 3, ""meta_carbons"": [6, 9], ""ortho_carbons"": [4, 11], ""para_carbon"": 8, ""ring_atoms"": [3, 4, 6, 8, 9, 11], ""substituent_position_counts"": {""meta"": 2, ""ortho"": 2, ""para"": 0, ""total"": 4}, ""substituted_ring_carbons"": [4, 6, 9, 11]}, ""local_atom_indices_by_site_0based"": [{""acidic_hydrogen"": 13, ""carbonyl_oxygen"": 0, ""carboxyl_carbon"": 1, ""hydroxyl_oxygen"": 2, ""ipso_carbon"": 3, ""meta_carbons"": [6, 9], ""ortho_carbons"": [4, 11], ""para_carbon"": 8, ""ring_atoms"": [3, 4, 6, 8, 9, 11], ""substituent_position_counts"": {""meta"": 2, ""ortho"": 2, ""para"": 0, ""total"": 4}, ""substituted_ring_carbons"": [4, 6, 9, 11]}], ""log"": ""/gs/bs/tga-ynabae/kikuchi/pka_prediction/data/benzoicacid_v2/logfile/sub_115.log"", ""normal_modes"": {""aggregation"": ""mean of independently assigned harmonic-mode frequencies"", ""assignments"": {""co_double_stretch_frequency_cm1"": {""mode_index_0based"": 36, ""projection"": 1.4450233236068843, ""unscaled_cm1"": 1758.78839}, ""oh_stretch_frequency_cm1"": {""mode_index_0based"": 38, ""projection"": 1.123130998767207, ""unscaled_cm1"": 3728.62501}}, ""assignments_by_site"": [{""assignments"": {""co_double_stretch_frequency_cm1"": {""mode_index_0based"": 36, ""projection"": 1.4450233236068843, ""unscaled_cm1"": 1758.78839}, ""oh_stretch_frequency_cm1"": {""mode_index_0based"": 38, ""projection"": 1.123130998767207, ""unscaled_cm1"": 3728.62501}}, ""carboxyl_carbon_0based"": 1}], ""precision"": ""fchk"", ""scale"": 1.0}, ""npa_source"": ""selected final log combined-spin NPA table"", ""site_aggregation"": ""equal-weight arithmetic mean; all sites required""}"
116,O=C(O)c1c(O)cccc1Cl,2.63,116,0.53301,-0.67463,-0.69925,0.84575,-0.28099,0.209085,-0.27597499999999997,-0.13905,0.695,1.1164,1.5772,1.0552,0.11022161999814277,-0.04215475860811115,-8.082840020292315,-0.7217110637640567,7.361128956528258,1.8443666779999712,148.6271537,0.019888678574024685,183.19031758083128,87.26183573186943,28.6376953125,0.9722505005640366,1.2276569096129166,1.3223888482242188,1.4747853096737624,11.10734589069479,3735.2328,1661.18412,complete,,{},"{""aromatic_cooh_site_count"": 1, ""density_surface"": {""density_cube"": ""/gs/bs/tga-ynabae/kikuchi/pka_prediction/data/benzoicacid_v2/density_cube/sub_116_density.cube"", ""esp_cube"": ""/gs/bs/tga-ynabae/kikuchi/pka_prediction/data/benzoicacid_v2/esp_cube/sub_116_esp.cube"", ""isovalue_e_bohr3"": 0.001, ""local_esp_radius_angstrom"": 2.0, ""local_issues_by_site"": [{}], ""local_values_by_site"": [{""esp_max_acidic_h_hartree_per_e"": 0.11022161999814277, ""esp_min_carbonyl_o_hartree_per_e"": -0.04215475860811115}], ""mpi"": ""arithmetic mean of absolute ESP over all grid-edge isosurface intersections"", ""surface_esp"": ""linear grid-edge crossing samples; nearest-nucleus local patches"", ""volume"": ""occupied density grid; discretized electron-density isosurface volume""}, ""fchk"": ""/gs/bs/tga-ynabae/kikuchi/pka_prediction/data/benzoicacid_v2/formchk/sub_116.fchk"", ""geometric_sampling"": {""buried_center"": ""COOH carbon; reference COOH atoms excluded"", ""buried_radius_angstrom"": 3.5, ""buried_samples"": 32768, ""radii"": ""RDKit vdW"", ""sasa_points_per_atom"": 2000, ""sasa_probe_angstrom"": 1.4}, ""ignored_aliphatic_cooh_count"": 0, ""job_selection"": ""last normally terminated job only"", ""local_atom_indices_0based"": {""acidic_hydrogen"": 11, ""carbonyl_oxygen"": 0, ""carboxyl_carbon"": 1, ""hydroxyl_oxygen"": 2, ""ipso_carbon"": 3, ""meta_carbons"": [6, 8], ""ortho_carbons"": [4, 9], ""para_carbon"": 7, ""ring_atoms"": [3, 4, 6, 7, 8, 9], ""substituent_position_counts"": {""meta"": 0, ""ortho"": 2, ""para"": 0, ""total"": 2}, ""substituted_ring_carbons"": [4, 9]}, ""local_atom_indices_by_site_0based"": [{""acidic_hydrogen"": 11, ""carbonyl_oxygen"": 0, ""carboxyl_carbon"": 1, ""hydroxyl_oxygen"": 2, ""ipso_carbon"": 3, ""meta_carbons"": [6, 8], ""ortho_carbons"": [4, 9], ""para_carbon"": 7, ""ring_atoms"": [3, 4, 6, 7, 8, 9], ""substituent_position_counts"": {""meta"": 0, ""ortho"": 2, ""para"": 0, ""total"": 2}, ""substituted_ring_carbons"": [4, 9]}], ""log"": ""/gs/bs/tga-ynabae/kikuchi/pka_prediction/data/benzoicacid_v2/logfile/sub_116.log"", ""normal_modes"": {""aggregation"": ""mean of independently assigned harmonic-mode frequencies"", ""assignments"": {""co_double_stretch_frequency_cm1"": {""mode_index_0based"": 35, ""projection"": 0.5397721975864469, ""unscaled_cm1"": 1661.18412}, ""oh_stretch_frequency_cm1"": {""mode_index_0based"": 41, ""projection"": 1.122493691840817, ""unscaled_cm1"": 3735.2328}}, ""assignments_by_site"": [{""assignments"": {""co_double_stretch_frequency_cm1"": {""mode_index_0based"": 35, ""projection"": 0.5397721975864469, ""unscaled_cm1"": 1661.18412}, ""oh_stretch_frequency_cm1"": {""mode_index_0based"": 41, ""projection"": 1.122493691840817, ""unscaled_cm1"": 3735.2328}}, ""carboxyl_carbon_0based"": 1}], ""precision"": ""fchk"", ""scale"": 1.0}, ""npa_source"": ""selected final log combined-spin NPA table"", ""site_aggregation"": ""equal-weight arithmetic mean; all sites required""}"
117,O=C(O)c1c(O)cccc1O,1.0605,117,0.54084,-0.73104,-0.66566,0.83806,-0.31135,0.39203,-0.3232,-0.13776,0.6888,1.0258,1.6802,1.0522,0.11037145890479463,-0.09552082184684685,-7.787811204572212,-0.37800785096391804,7.409803353608294,2.5371009186241906,140.04696183333334,0.031762243982744014,172.90266536030703,91.74922384640402,27.47802734375,0.9713913023747728,1.2105633175169974,1.3535020852362352,1.4732149025312478,20.279290391404594,3746.99597,1737.83991,complete,,{},"{""aromatic_cooh_site_count"": 1, ""density_surface"": {""density_cube"": ""/gs/bs/tga-ynabae/kikuchi/pka_prediction/data/benzoicacid_v2/density_cube/sub_117_density.cube"", ""esp_cube"": ""/gs/bs/tga-ynabae/kikuchi/pka_prediction/data/benzoicacid_v2/esp_cube/sub_117_esp.cube"", ""isovalue_e_bohr3"": 0.001, ""local_esp_radius_angstrom"": 2.0, ""local_issues_by_site"": [{}], ""local_values_by_site"": [{""esp_max_acidic_h_hartree_per_e"": 0.11037145890479463, ""esp_min_carbonyl_o_hartree_per_e"": -0.09552082184684685}], ""mpi"": ""arithmetic mean of absolute ESP over all grid-edge isosurface intersections"", ""surface_esp"": ""linear grid-edge crossing samples; nearest-nucleus local patches"", ""volume"": ""occupied density grid; discretized electron-density isosurface volume""}, ""fchk"": ""/gs/bs/tga-ynabae/kikuchi/pka_prediction/data/benzoicacid_v2/formchk/sub_117.fchk"", ""geometric_sampling"": {""buried_center"": ""COOH carbon; reference COOH atoms excluded"", ""buried_radius_angstrom"": 3.5, ""buried_samples"": 32768, ""radii"": ""RDKit vdW"", ""sasa_points_per_atom"": 2000, ""sasa_probe_angstrom"": 1.4}, ""ignored_aliphatic_cooh_count"": 0, ""job_selection"": ""last normally terminated job only"", ""local_atom_indices_0based"": {""acidic_hydrogen"": 11, ""carbonyl_oxygen"": 0, ""carboxyl_carbon"": 1, ""hydroxyl_oxygen"": 2, ""ipso_carbon"": 3, ""meta_carbons"": [6, 8], ""ortho_carbons"": [4, 9], ""para_carbon"": 7, ""ring_atoms"": [3, 4, 6, 7, 8, 9], ""substituent_position_counts"": {""meta"": 0, ""ortho"": 2, ""para"": 0, ""total"": 2}, ""substituted_ring_carbons"": [4, 9]}, ""local_atom_indices_by_site_0based"": [{""acidic_hydrogen"": 11, ""carbonyl_oxygen"": 0, ""carboxyl_carbon"": 1, ""hydroxyl_oxygen"": 2, ""ipso_carbon"": 3, ""meta_carbons"": [6, 8], ""ortho_carbons"": [4, 9], ""para_carbon"": 7, ""ring_atoms"": [3, 4, 6, 7, 8, 9], ""substituent_position_counts"": {""meta"": 0, ""ortho"": 2, ""para"": 0, ""total"": 2}, ""substituted_ring_carbons"": [4, 9]}], ""log"": ""/gs/bs/tga-ynabae/kikuchi/pka_prediction/data/benzoicacid_v2/logfile/sub_117.log"", ""normal_modes"": {""aggregation"": ""mean of independently assigned harmonic-mode frequencies"", ""assignments"": {""co_double_stretch_frequency_cm1"": {""mode_index_0based"": 38, ""projection"": 1.3063524577573056, ""unscaled_cm1"": 1737.83991}, ""oh_stretch_frequency_cm1"": {""mode_index_0based"": 43, ""projection"": 1.1166558241713864, ""unscaled_cm1"": 3746.99597}}, ""assignments_by_site"": [{""assignments"": {""co_double_stretch_frequency_cm1"": {""mode_index_0based"": 38, ""projection"": 1.3063524577573056, ""unscaled_cm1"": 1737.83991}, ""oh_stretch_frequency_cm1"": {""mode_index_0based"": 43, ""projection"": 1.1166558241713864, ""unscaled_cm1"": 3746.99597}}, ""carboxyl_carbon_0based"": 1}], ""precision"": ""fchk"", ""scale"": 1.0}, ""npa_source"": ""selected final log combined-spin NPA table"", ""site_aggregation"": ""equal-weight arithmetic mean; all sites required""}"
118,O=C(O)c1c(O)cccc1[N+](=O)[O-],2.24,118,0.54606,-0.71173,-0.65227,0.84062,-0.24517,0.26395,-0.234105,-0.14754,0.6834,1.0567,1.6912,1.0169,0.12938699883799157,-0.07629727743667727,-8.47052640895279,-1.6036733934385718,6.866853015514218,6.9315664509116885,156.80334933333336,0.037356359714209635,192.9458292159281,83.81736213054705,30.511474609375,0.9723507696023436,1.207955712791745,1.3400007064160362,1.480467140345415,24.56174407435893,3738.60919,1754.76433,complete,,{},"{""aromatic_cooh_site_count"": 1, ""density_surface"": {""density_cube"": ""/gs/bs/tga-ynabae/kikuchi/pka_prediction/data/benzoicacid_v2/density_cube/sub_118_density.cube"", ""esp_cube"": ""/gs/bs/tga-ynabae/kikuchi/pka_prediction/data/benzoicacid_v2/esp_cube/sub_118_esp.cube"", ""isovalue_e_bohr3"": 0.001, ""local_esp_radius_angstrom"": 2.0, ""local_issues_by_site"": [{}], ""local_values_by_site"": [{""esp_max_acidic_h_hartree_per_e"": 0.12938699883799157, ""esp_min_carbonyl_o_hartree_per_e"": -0.07629727743667727}], ""mpi"": ""arithmetic mean of absolute ESP over all grid-edge isosurface intersections"", ""surface_esp"": ""linear grid-edge crossing samples; nearest-nucleus local patches"", ""volume"": ""occupied density grid; discretized electron-density isosurface volume""}, ""fchk"": ""/gs/bs/tga-ynabae/kikuchi/pka_prediction/data/benzoicacid_v2/formchk/sub_118.fchk"", ""geometric_sampling"": {""buried_center"": ""COOH carbon; reference COOH atoms excluded"", ""buried_radius_angstrom"": 3.5, ""buried_samples"": 32768, ""radii"": ""RDKit vdW"", ""sasa_points_per_atom"": 2000, ""sasa_probe_angstrom"": 1.4}, ""ignored_aliphatic_cooh_count"": 0, ""job_selection"": ""last normally terminated job only"", ""local_atom_indices_0based"": {""acidic_hydrogen"": 13, ""carbonyl_oxygen"": 0, ""carboxyl_carbon"": 1, ""hydroxyl_oxygen"": 2, ""ipso_carbon"": 3, ""meta_carbons"": [6, 8], ""ortho_carbons"": [4, 9], ""para_carbon"": 7, ""ring_atoms"": [3, 4, 6, 7, 8, 9], ""substituent_position_counts"": {""meta"": 0, ""ortho"": 2, ""para"": 0, ""total"": 2}, ""substituted_ring_carbons"": [4, 9]}, ""local_atom_indices_by_site_0based"": [{""acidic_hydrogen"": 13, ""carbonyl_oxygen"": 0, ""carboxyl_carbon"": 1, ""hydroxyl_oxygen"": 2, ""ipso_carbon"": 3, ""meta_carbons"": [6, 8], ""ortho_carbons"": [4, 9], ""para_carbon"": 7, ""ring_atoms"": [3, 4, 6, 7, 8, 9], ""substituent_position_counts"": {""meta"": 0, ""ortho"": 2, ""para"": 0, ""total"": 2}, ""substituted_ring_carbons"": [4, 9]}], ""log"": ""/gs/bs/tga-ynabae/kikuchi/pka_prediction/data/benzoicacid_v2/logfile/sub_118.log"", ""normal_modes"": {""aggregation"": ""mean of independently assigned harmonic-mode frequencies"", ""assignments"": {""co_double_stretch_frequency_cm1"": {""mode_index_0based"": 42, ""projection"": 1.4523510025162858, ""unscaled_cm1"": 1754.76433}, ""oh_stretch_frequency_cm1"": {""mode_index_0based"": 47, ""projection"": 1.1134281408601265, ""unscaled_cm1"": 3738.60919}}, ""assignments_by_site"": [{""assignments"": {""co_double_stretch_frequency_cm1"": {""mode_index_0based"": 42, ""projection"": 1.4523510025162858, ""unscaled_cm1"": 1754.76433}, ""oh_stretch_frequency_cm1"": {""mode_index_0based"": 47, ""projection"": 1.1134281408601265, ""unscaled_cm1"": 3738.60919}}, ""carboxyl_carbon_0based"": 1}], ""precision"": ""fchk"", ""scale"": 1.0}, ""npa_source"": ""selected final log combined-spin NPA table"", ""site_aggregation"": ""equal-weight arithmetic mean; all sites required""}"
119,O=C(O)c1cc(Br)cc(Br)c1O,2.162,119,0.52976,-0.6866,-0.6816,0.83849,-0.19785,0.09569499999999999,-0.146405,-0.2032,0.6997,1.0933,1.6568,1.0164,0.09960038536331561,-0.06397845725661117,-8.12229963244703,-0.8362518566494421,7.286047775797587,3.6967497341997735,180.20953763333333,0.020019125433573967,220.40562901149912,98.15758591286588,24.4964599609375,0.971775753919291,1.2143457666333406,1.3308848235108306,1.4883645611514715,0.0051183525744893255,3742.20085,1716.41026,complete,,{},"{""aromatic_cooh_site_count"": 1, ""density_surface"": {""density_cube"": ""/gs/bs/tga-ynabae/kikuchi/pka_prediction/data/benzoicacid_v2/density_cube/sub_119_density.cube"", ""esp_cube"": ""/gs/bs/tga-ynabae/kikuchi/pka_prediction/data/benzoicacid_v2/esp_cube/sub_119_esp.cube"", ""isovalue_e_bohr3"": 0.001, ""local_esp_radius_angstrom"": 2.0, ""local_issues_by_site"": [{}], ""local_values_by_site"": [{""esp_max_acidic_h_hartree_per_e"": 0.09960038536331561, ""esp_min_carbonyl_o_hartree_per_e"": -0.06397845725661117}], ""mpi"": ""arithmetic mean of absolute ESP over all grid-edge isosurface intersections"", ""surface_esp"": ""linear grid-edge crossing samples; nearest-nucleus local patches"", ""volume"": ""occupied density grid; discretized electron-density isosurface volume""}, ""fchk"": ""/gs/bs/tga-ynabae/kikuchi/pka_prediction/data/benzoicacid_v2/formchk/sub_119.fchk"", ""geometric_sampling"": {""buried_center"": ""COOH carbon; reference COOH atoms excluded"", ""buried_radius_angstrom"": 3.5, ""buried_samples"": 32768, ""radii"": ""RDKit vdW"", ""sasa_points_per_atom"": 2000, ""sasa_probe_angstrom"": 1.4}, ""ignored_aliphatic_cooh_count"": 0, ""job_selection"": ""last normally terminated job only"", ""local_atom_indices_0based"": {""acidic_hydrogen"": 12, ""carbonyl_oxygen"": 0, ""carboxyl_carbon"": 1, ""hydroxyl_oxygen"": 2, ""ipso_carbon"": 3, ""meta_carbons"": [5, 8], ""ortho_carbons"": [4, 10], ""para_carbon"": 7, ""ring_atoms"": [3, 4, 5, 7, 8, 10], ""substituent_position_counts"": {""meta"": 2, ""ortho"": 1, ""para"": 0, ""total"": 3}, ""substituted_ring_carbons"": [5, 8, 10]}, ""local_atom_indices_by_site_0based"": [{""acidic_hydrogen"": 12, ""carbonyl_oxygen"": 0, ""carboxyl_carbon"": 1, ""hydroxyl_oxygen"": 2, ""ipso_carbon"": 3, ""meta_carbons"": [5, 8], ""ortho_carbons"": [4, 10], ""para_carbon"": 7, ""ring_atoms"": [3, 4, 5, 7, 8, 10], ""substituent_position_counts"": {""meta"": 2, ""ortho"": 1, ""para"": 0, ""total"": 3}, ""substituted_ring_carbons"": [5, 8, 10]}], ""log"": ""/gs/bs/tga-ynabae/kikuchi/pka_prediction/data/benzoicacid_v2/logfile/sub_119.log"", ""normal_modes"": {""aggregation"": ""mean of independently assigned harmonic-mode frequencies"", ""assignments"": {""co_double_stretch_frequency_cm1"": {""mode_index_0based"": 37, ""projection"": 1.3494884757377235, ""unscaled_cm1"": 1716.41026}, ""oh_stretch_frequency_cm1"": {""mode_index_0based"": 41, ""projection"": 1.1225860513610366, ""unscaled_cm1"": 3742.20085}}, ""assignments_by_site"": [{""assignments"": {""co_double_stretch_frequency_cm1"": {""mode_index_0based"": 37, ""projection"": 1.3494884757377235, ""unscaled_cm1"": 1716.41026}, ""oh_stretch_frequency_cm1"": {""mode_index_0based"": 41, ""projection"": 1.1225860513610366, ""unscaled_cm1"": 3742.20085}}, ""carboxyl_carbon_0based"": 1}], ""precision"": ""fchk"", ""scale"": 1.0}, ""npa_source"": ""selected final log combined-spin NPA table"", ""site_aggregation"": ""equal-weight arithmetic mean; all sites required""}"
120,O=C(O)c1cc(Br)ccc1O,2.6513999999999998,120,0.52974,-0.71,-0.67305,0.83331,-0.22236,0.10443499999999999,-0.20656999999999998,-0.17978,0.7018,1.0634,1.668,1.0332,0.09565584836253725,-0.09518477194075071,-7.975692220907636,-0.6303549678896118,7.345337253018023,3.348912895899918,155.61784246666667,0.027399096714105915,192.8826619448734,97.80750253551311,24.6337890625,0.970691297848191,1.2131937815152094,1.3425117796246864,1.479060117426243,0.00012735830509780468,3756.7915,1734.06073,complete,,{},"{""aromatic_cooh_site_count"": 1, ""density_surface"": {""density_cube"": ""/gs/bs/tga-ynabae/kikuchi/pka_prediction/data/benzoicacid_v2/density_cube/sub_120_density.cube"", ""esp_cube"": ""/gs/bs/tga-ynabae/kikuchi/pka_prediction/data/benzoicacid_v2/esp_cube/sub_120_esp.cube"", ""isovalue_e_bohr3"": 0.001, ""local_esp_radius_angstrom"": 2.0, ""local_issues_by_site"": [{}], ""local_values_by_site"": [{""esp_max_acidic_h_hartree_per_e"": 0.09565584836253725, ""esp_min_carbonyl_o_hartree_per_e"": -0.09518477194075071}], ""mpi"": ""arithmetic mean of absolute ESP over all grid-edge isosurface intersections"", ""surface_esp"": ""linear grid-edge crossing samples; nearest-nucleus local patches"", ""volume"": ""occupied density grid; discretized electron-density isosurface volume""}, ""fchk"": ""/gs/bs/tga-ynabae/kikuchi/pka_prediction/data/benzoicacid_v2/formchk/sub_120.fchk"", ""geometric_sampling"": {""buried_center"": ""COOH carbon; reference COOH atoms excluded"", ""buried_radius_angstrom"": 3.5, ""buried_samples"": 32768, ""radii"": ""RDKit vdW"", ""sasa_points_per_atom"": 2000, ""sasa_probe_angstrom"": 1.4}, ""ignored_aliphatic_cooh_count"": 0, ""job_selection"": ""last normally terminated job only"", ""local_atom_indices_0based"": {""acidic_hydrogen"": 11, ""carbonyl_oxygen"": 0, ""carboxyl_carbon"": 1, ""hydroxyl_oxygen"": 2, ""ipso_carbon"": 3, ""meta_carbons"": [5, 8], ""ortho_carbons"": [4, 9], ""para_carbon"": 7, ""ring_atoms"": [3, 4, 5, 7, 8, 9], ""substituent_position_counts"": {""meta"": 1, ""ortho"": 1, ""para"": 0, ""total"": 2}, ""substituted_ring_carbons"": [5, 9]}, ""local_atom_indices_by_site_0based"": [{""acidic_hydrogen"": 11, ""carbonyl_oxygen"": 0, ""carboxyl_carbon"": 1, ""hydroxyl_oxygen"": 2, ""ipso_carbon"": 3, ""meta_carbons"": [5, 8], ""ortho_carbons"": [4, 9], ""para_carbon"": 7, ""ring_atoms"": [3, 4, 5, 7, 8, 9], ""substituent_position_counts"": {""meta"": 1, ""ortho"": 1, ""para"": 0, ""total"": 2}, ""substituted_ring_carbons"": [5, 9]}], ""log"": ""/gs/bs/tga-ynabae/kikuchi/pka_prediction/data/benzoicacid_v2/logfile/sub_120.log"", ""normal_modes"": {""aggregation"": ""mean of independently assigned harmonic-mode frequencies"", ""assignments"": {""co_double_stretch_frequency_cm1"": {""mode_index_0based"": 36, ""projection"": 1.2998948184379526, ""unscaled_cm1"": 1734.06073}, ""oh_stretch_frequency_cm1"": {""mode_index_0based"": 40, ""projection"": 1.1230364403420106, ""unscaled_cm1"": 3756.7915}}, ""assignments_by_site"": [{""assignments"": {""co_double_stretch_frequency_cm1"": {""mode_index_0based"": 36, ""projection"": 1.2998948184379526, ""unscaled_cm1"": 1734.06073}, ""oh_stretch_frequency_cm1"": {""mode_index_0based"": 40, ""projection"": 1.1230364403420106, ""unscaled_cm1"": 3756.7915}}, ""carboxyl_carbon_0based"": 1}], ""precision"": ""fchk"", ""scale"": 1.0}, ""npa_source"": ""selected final log combined-spin NPA table"", ""site_aggregation"": ""equal-weight arithmetic mean; all sites required""}"
121,O=C(O)c1cc(C(=O)O)c(C(=O)O)cc1C(=O)O,1.87,121,0.5341425,-0.6898225,-0.6532875,0.84241,-0.0992075,-0.11514875000000001,-0.11514875000000001,-0.0992075,0.696175,1.0945,1.6905000000000001,0.9791749999999999,0.11102018016986993,-0.07157768100812997,-9.372131310442635,-1.291329850198909,8.080801460243725,7.1585123136329045,200.09348833333334,0.03518548299372096,260.1880242716155,91.221220296106,28.096771240234375,0.9723373685689207,1.209328948377553,1.3298687545920427,1.4933944697561088,44.12011992602549,3734.3907375,1759.715295,complete,,{},"{""aromatic_cooh_site_count"": 4, ""density_surface"": {""density_cube"": ""/gs/bs/tga-ynabae/kikuchi/pka_prediction/data/benzoicacid_v2/density_cube/sub_121_density.cube"", ""esp_cube"": ""/gs/bs/tga-ynabae/kikuchi/pka_prediction/data/benzoicacid_v2/esp_cube/sub_121_esp.cube"", ""isovalue_e_bohr3"": 0.001, ""local_esp_radius_angstrom"": 2.0, ""local_issues_by_site"": [{}, {}, {}, {}], ""local_values_by_site"": [{""esp_max_acidic_h_hartree_per_e"": 0.10349664351890313, ""esp_min_carbonyl_o_hartree_per_e"": -0.07513052419675892}, {""esp_max_acidic_h_hartree_per_e"": 0.10351647785817655, ""esp_min_carbonyl_o_hartree_per_e"": -0.07513880022104978}, {""esp_max_acidic_h_hartree_per_e"": 0.11847671446263651, ""esp_min_carbonyl_o_hartree_per_e"": -0.06802083039120978}, {""esp_max_acidic_h_hartree_per_e"": 0.11859088483976354, ""esp_min_carbonyl_o_hartree_per_e"": -0.0680205692235014}], ""mpi"": ""arithmetic mean of absolute ESP over all grid-edge isosurface intersections"", ""surface_esp"": ""linear grid-edge crossing samples; nearest-nucleus local patches"", ""volume"": ""occupied density grid; discretized electron-density isosurface volume""}, ""fchk"": ""/gs/bs/tga-ynabae/kikuchi/pka_prediction/data/benzoicacid_v2/formchk/sub_121.fchk"", ""geometric_sampling"": {""buried_center"": ""COOH carbon; reference COOH atoms excluded"", ""buried_radius_angstrom"": 3.5, ""buried_samples"": 32768, ""radii"": ""RDKit vdW"", ""sasa_points_per_atom"": 2000, ""sasa_probe_angstrom"": 1.4}, ""ignored_aliphatic_cooh_count"": 0, ""job_selection"": ""last normally terminated job only"", ""local_atom_indices_by_site_0based"": [{""acidic_hydrogen"": 18, ""carbonyl_oxygen"": 0, ""carboxyl_carbon"": 1, ""hydroxyl_oxygen"": 2, ""ipso_carbon"": 3, ""meta_carbons"": [5, 13], ""ortho_carbons"": [4, 14], ""para_carbon"": 9, ""ring_atoms"": [3, 4, 5, 9, 13, 14], ""substituent_position_counts"": {""meta"": 1, ""ortho"": 1, ""para"": 1, ""total"": 3}, ""substituted_ring_carbons"": [5, 9, 14]}, {""acidic_hydrogen"": 20, ""carbonyl_oxygen"": 7, ""carboxyl_carbon"": 6, ""hydroxyl_oxygen"": 8, ""ipso_carbon"": 5, ""meta_carbons"": [3, 13], ""ortho_carbons"": [4, 9], ""para_carbon"": 14, ""ring_atoms"": [3, 4, 5, 9, 13, 14], ""substituent_position_counts"": {""meta"": 1, ""ortho"": 1, ""para"": 1, ""total"": 3}, ""substituted_ring_carbons"": [3, 9, 14]}, {""acidic_hydrogen"": 21, ""carbonyl_oxygen"": 11, ""carboxyl_carbon"": 10, ""hydroxyl_oxygen"": 12, ""ipso_carbon"": 9, ""meta_carbons"": [4, 14], ""ortho_carbons"": [5, 13], ""para_carbon"": 3, ""ring_atoms"": [3, 4, 5, 9, 13, 14], ""substituent_position_counts"": {""meta"": 1, ""ortho"": 1, ""para"": 1, ""total"": 3}, ""substituted_ring_carbons"": [3, 5, 14]}, {""acidic_hydrogen"": 23, ""carbonyl_oxygen"": 16, ""carboxyl_carbon"": 15, ""hydroxyl_oxygen"": 17, ""ipso_carbon"": 14, ""meta_carbons"": [4, 9], ""ortho_carbons"": [3, 13], ""para_carbon"": 5, ""ring_atoms"": [3, 4, 5, 9, 13, 14], ""substituent_position_counts"": {""meta"": 1, ""ortho"": 1, ""para"": 1, ""total"": 3}, ""substituted_ring_carbons"": [3, 5, 9]}], ""log"": ""/gs/bs/tga-ynabae/kikuchi/pka_prediction/data/benzoicacid_v2/logfile/sub_121.log"", ""normal_modes"": {""aggregation"": ""mean of independently assigned harmonic-mode frequencies"", ""assignments_by_site"": [{""assignments"": {""co_double_stretch_frequency_cm1"": {""mode_index_0based"": 59, ""projection"": 0.6810745589324556, ""unscaled_cm1"": 1766.45466}, ""oh_stretch_frequency_cm1"": {""mode_index_0based"": 63, ""projection"": 0.7419147956004034, ""unscaled_cm1"": 3724.09202}}, ""carboxyl_carbon_0based"": 1}, {""assignments"": {""co_double_stretch_frequency_cm1"": {""mode_index_0based"": 59, ""projection"": 0.682115173827368, ""unscaled_cm1"": 1766.45466}, ""oh_stretch_frequency_cm1"": {""mode_index_0based"": 62, ""projection"": 0.7419652051906931, ""unscaled_cm1"": 3723.99102}}, ""carboxyl_carbon_0based"": 6}, {""assignments"": {""co_double_stretch_frequency_cm1"": {""mode_index_0based"": 57, ""projection"": 0.6888298555626079, ""unscaled_cm1"": 1752.97593}, ""oh_stretch_frequency_cm1"": {""mode_index_0based"": 65, ""projection"": 0.6091097645110316, ""unscaled_cm1"": 3744.82716}}, ""carboxyl_carbon_0based"": 10}, {""assignments"": {""co_double_stretch_frequency_cm1"": {""mode_index_0based"": 57, ""projection"": 0.6890116053619553, ""unscaled_cm1"": 1752.97593}, ""oh_stretch_frequency_cm1"": {""mode_index_0based"": 64, ""projection"": 0.609157178605946, ""unscaled_cm1"": 3744.65275}}, ""carboxyl_carbon_0based"": 15}], ""precision"": ""fchk"", ""scale"": 1.0}, ""npa_source"": ""selected final log combined-spin NPA table"", ""site_aggregation"": ""equal-weight arithmetic mean; all sites required""}"
122,O=C(O)c1cc(C(=O)O)c(C(=O)O)cc1O,1.86,122,0.5378733333333333,-0.70274,-0.6637,0.8422299999999999,-0.16279,-0.03791166666666667,-0.09639166666666667,0.03781666666666667,0.6918000000000001,1.0735999999999999,1.6858000000000002,1.0016666666666667,0.11626321496655301,-0.0656215939677773,-8.48513614780549,-0.9657983848070094,7.519337762998479,3.598735997712118,185.962731,0.032840394678767565,233.6095015385933,92.94053148860854,27.128092447916668,0.9718584107951641,1.2099637718538858,1.3357028903765267,1.4861223261710166,29.601597310321253,3739.0945100000004,1748.7986333333336,complete,,{},"{""aromatic_cooh_site_count"": 3, ""density_surface"": {""density_cube"": ""/gs/bs/tga-ynabae/kikuchi/pka_prediction/data/benzoicacid_v2/density_cube/sub_122_density.cube"", ""esp_cube"": ""/gs/bs/tga-ynabae/kikuchi/pka_prediction/data/benzoicacid_v2/esp_cube/sub_122_esp.cube"", ""isovalue_e_bohr3"": 0.001, ""local_esp_radius_angstrom"": 2.0, ""local_issues_by_site"": [{}, {}, {}], ""local_values_by_site"": [{""esp_max_acidic_h_hartree_per_e"": 0.13129557936659345, ""esp_min_carbonyl_o_hartree_per_e"": -0.06067617507061629}, {""esp_max_acidic_h_hartree_per_e"": 0.10614433858874452, ""esp_min_carbonyl_o_hartree_per_e"": -0.07065911513823225}, {""esp_max_acidic_h_hartree_per_e"": 0.11134972694432109, ""esp_min_carbonyl_o_hartree_per_e"": -0.06552949169448335}], ""mpi"": ""arithmetic mean of absolute ESP over all grid-edge isosurface intersections"", ""surface_esp"": ""linear grid-edge crossing samples; nearest-nucleus local patches"", ""volume"": ""occupied density grid; discretized electron-density isosurface volume""}, ""fchk"": ""/gs/bs/tga-ynabae/kikuchi/pka_prediction/data/benzoicacid_v2/formchk/sub_122.fchk"", ""geometric_sampling"": {""buried_center"": ""COOH carbon; reference COOH atoms excluded"", ""buried_radius_angstrom"": 3.5, ""buried_samples"": 32768, ""radii"": ""RDKit vdW"", ""sasa_points_per_atom"": 2000, ""sasa_probe_angstrom"": 1.4}, ""ignored_aliphatic_cooh_count"": 0, ""job_selection"": ""last normally terminated job only"", ""local_atom_indices_by_site_0based"": [{""acidic_hydrogen"": 16, ""carbonyl_oxygen"": 0, ""carboxyl_carbon"": 1, ""hydroxyl_oxygen"": 2, ""ipso_carbon"": 3, ""meta_carbons"": [5, 13], ""ortho_carbons"": [4, 14], ""para_carbon"": 9, ""ring_atoms"": [3, 4, 5, 9, 13, 14], ""substituent_position_counts"": {""meta"": 1, ""ortho"": 1, ""para"": 1, ""total"": 3}, ""substituted_ring_carbons"": [5, 9, 14]}, {""acidic_hydrogen"": 18, ""carbonyl_oxygen"": 7, ""carboxyl_carbon"": 6, ""hydroxyl_oxygen"": 8, ""ipso_carbon"": 5, ""meta_carbons"": [3, 13], ""ortho_carbons"": [4, 9], ""para_carbon"": 14, ""ring_atoms"": [3, 4, 5, 9, 13, 14], ""substituent_position_counts"": {""meta"": 1, ""ortho"": 1, ""para"": 1, ""total"": 3}, ""substituted_ring_carbons"": [3, 9, 14]}, {""acidic_hydrogen"": 19, ""carbonyl_oxygen"": 11, ""carboxyl_carbon"": 10, ""hydroxyl_oxygen"": 12, ""ipso_carbon"": 9, ""meta_carbons"": [4, 14], ""ortho_carbons"": [5, 13], ""para_carbon"": 3, ""ring_atoms"": [3, 4, 5, 9, 13, 14], ""substituent_position_counts"": {""meta"": 1, ""ortho"": 1, ""para"": 1, ""total"": 3}, ""substituted_ring_carbons"": [3, 5, 14]}], ""log"": ""/gs/bs/tga-ynabae/kikuchi/pka_prediction/data/benzoicacid_v2/logfile/sub_122.log"", ""normal_modes"": {""aggregation"": ""mean of independently assigned harmonic-mode frequencies"", ""assignments_by_site"": [{""assignments"": {""co_double_stretch_frequency_cm1"": {""mode_index_0based"": 52, ""projection"": 1.2818350554367852, ""unscaled_cm1"": 1745.15253}, ""oh_stretch_frequency_cm1"": {""mode_index_0based"": 58, ""projection"": 1.1190751118824747, ""unscaled_cm1"": 3740.90671}}, ""carboxyl_carbon_0based"": 1}, {""assignments"": {""co_double_stretch_frequency_cm1"": {""mode_index_0based"": 51, ""projection"": 1.080563575078498, ""unscaled_cm1"": 1735.45034}, ""oh_stretch_frequency_cm1"": {""mode_index_0based"": 59, ""projection"": 1.1222162997379408, ""unscaled_cm1"": 3748.44858}}, ""carboxyl_carbon_0based"": 6}, {""assignments"": {""co_double_stretch_frequency_cm1"": {""mode_index_0based"": 53, ""projection"": 1.1724553233814778, ""unscaled_cm1"": 1765.79303}, ""oh_stretch_frequency_cm1"": {""mode_index_0based"": 57, ""projection"": 1.1224253144432337, ""unscaled_cm1"": 3727.92824}}, ""carboxyl_carbon_0based"": 10}], ""precision"": ""fchk"", ""scale"": 1.0}, ""npa_source"": ""selected final log combined-spin NPA table"", ""site_aggregation"": ""equal-weight arithmetic mean; all sites required""}"
123,O=C(O)c1cc(C(=O)O)c(O)c(C(=O)O)c1,2.77,123,0.5367266666666667,-0.70897,-0.6699700000000001,0.8397199999999999,-0.23378666666666667,0.1123,-0.23378666666666667,0.1123,0.6938,1.0642,1.6752666666666667,1.0217666666666665,0.11383739215004918,-0.0704801413946775,-8.549261684291197,-0.9577469356241993,7.591514748666998,2.07179384852212,187.78662406666663,0.032697512660572345,232.64091532160958,99.04705456890126,24.421183268229168,0.9715025265964172,1.2114713652897695,1.3399667676064846,1.4808162446354958,7.985732278665114,3744.6004233333333,1740.1386,complete,,{},"{""aromatic_cooh_site_count"": 3, ""density_surface"": {""density_cube"": ""/gs/bs/tga-ynabae/kikuchi/pka_prediction/data/benzoicacid_v2/density_cube/sub_123_density.cube"", ""esp_cube"": ""/gs/bs/tga-ynabae/kikuchi/pka_prediction/data/benzoicacid_v2/esp_cube/sub_123_esp.cube"", ""isovalue_e_bohr3"": 0.001, ""local_esp_radius_angstrom"": 2.0, ""local_issues_by_site"": [{}, {}, {}], ""local_values_by_site"": [{""esp_max_acidic_h_hartree_per_e"": 0.10607705005669564, ""esp_min_carbonyl_o_hartree_per_e"": -0.06832638946687654}, {""esp_max_acidic_h_hartree_per_e"": 0.10440268214856191, ""esp_min_carbonyl_o_hartree_per_e"": -0.08389103742515368}, {""esp_max_acidic_h_hartree_per_e"": 0.13103244424488997, ""esp_min_carbonyl_o_hartree_per_e"": -0.05922299729200226}], ""mpi"": ""arithmetic mean of absolute ESP over all grid-edge isosurface intersections"", ""surface_esp"": ""linear grid-edge crossing samples; nearest-nucleus local patches"", ""volume"": ""occupied density grid; discretized electron-density isosurface volume""}, ""fchk"": ""/gs/bs/tga-ynabae/kikuchi/pka_prediction/data/benzoicacid_v2/formchk/sub_123.fchk"", ""geometric_sampling"": {""buried_center"": ""COOH carbon; reference COOH atoms excluded"", ""buried_radius_angstrom"": 3.5, ""buried_samples"": 32768, ""radii"": ""RDKit vdW"", ""sasa_points_per_atom"": 2000, ""sasa_probe_angstrom"": 1.4}, ""ignored_aliphatic_cooh_count"": 0, ""job_selection"": ""last normally terminated job only"", ""local_atom_indices_by_site_0based"": [{""acidic_hydrogen"": 16, ""carbonyl_oxygen"": 0, ""carboxyl_carbon"": 1, ""hydroxyl_oxygen"": 2, ""ipso_carbon"": 3, ""meta_carbons"": [5, 11], ""ortho_carbons"": [4, 15], ""para_carbon"": 9, ""ring_atoms"": [3, 4, 5, 9, 11, 15], ""substituent_position_counts"": {""meta"": 2, ""ortho"": 0, ""para"": 1, ""total"": 3}, ""substituted_ring_carbons"": [5, 9, 11]}, {""acidic_hydrogen"": 18, ""carbonyl_oxygen"": 7, ""carboxyl_carbon"": 6, ""hydroxyl_oxygen"": 8, ""ipso_carbon"": 5, ""meta_carbons"": [3, 11], ""ortho_carbons"": [4, 9], ""para_carbon"": 15, ""ring_atoms"": [3, 4, 5, 9, 11, 15], ""substituent_position_counts"": {""meta"": 2, ""ortho"": 1, ""para"": 0, ""total"": 3}, ""substituted_ring_carbons"": [3, 9, 11]}, {""acidic_hydrogen"": 20, ""carbonyl_oxygen"": 13, ""carboxyl_carbon"": 12, ""hydroxyl_oxygen"": 14, ""ipso_carbon"": 11, ""meta_carbons"": [3, 5], ""ortho_carbons"": [9, 15], ""para_carbon"": 4, ""ring_atoms"": [3, 4, 5, 9, 11, 15], ""substituent_position_counts"": {""meta"": 2, ""ortho"": 1, ""para"": 0, ""total"": 3}, ""substituted_ring_carbons"": [3, 5, 9]}], ""log"": ""/gs/bs/tga-ynabae/kikuchi/pka_prediction/data/benzoicacid_v2/logfile/sub_123.log"", ""normal_modes"": {""aggregation"": ""mean of independently assigned harmonic-mode frequencies"", ""assignments_by_site"": [{""assignments"": {""co_double_stretch_frequency_cm1"": {""mode_index_0based"": 51, ""projection"": 1.0778440228820012, ""unscaled_cm1"": 1725.34869}, ""oh_stretch_frequency_cm1"": {""mode_index_0based"": 58, ""projection"": 1.1232313541606234, ""unscaled_cm1"": 3744.97316}}, ""carboxyl_carbon_0based"": 1}, {""assignments"": {""co_double_stretch_frequency_cm1"": {""mode_index_0based"": 53, ""projection"": 0.6911118316039191, ""unscaled_cm1"": 1750.31333}, ""oh_stretch_frequency_cm1"": {""mode_index_0based"": 59, ""projection"": 1.1227796821840872, ""unscaled_cm1"": 3750.44296}}, ""carboxyl_carbon_0based"": 6}, {""assignments"": {""co_double_stretch_frequency_cm1"": {""mode_index_0based"": 52, ""projection"": 0.8806500871746706, ""unscaled_cm1"": 1744.75378}, ""oh_stretch_frequency_cm1"": {""mode_index_0based"": 57, ""projection"": 1.119017216216306, ""unscaled_cm1"": 3738.38515}}, ""carboxyl_carbon_0based"": 12}], ""precision"": ""fchk"", ""scale"": 1.0}, ""npa_source"": ""selected final log combined-spin NPA table"", ""site_aggregation"": ""equal-weight arithmetic mean; all sites required""}"
124,O=C(O)c1cc(Cl)ccc1Cl,2.466,124,0.53214,-0.69701,-0.65215,0.83989,-0.17278,-0.0941,-0.128605,-0.19062,0.6988,1.0826,1.6972,0.9931,0.10947186441805956,-0.07300916678321678,-8.4717158186456,-0.6415027843865211,7.8302130342590806,2.5848831484640256,152.56111103333333,0.02167682286518302,197.50153402981238,95.6482073648845,26.025390625,0.9717946029539306,1.208721115472723,1.3357437791846747,1.4897592350353341,35.90562477215723,3747.92395,1757.84775,complete,,{},"{""aromatic_cooh_site_count"": 1, ""density_surface"": {""density_cube"": ""/gs/bs/tga-ynabae/kikuchi/pka_prediction/data/benzoicacid_v2/density_cube/sub_124_density.cube"", ""esp_cube"": ""/gs/bs/tga-ynabae/kikuchi/pka_prediction/data/benzoicacid_v2/esp_cube/sub_124_esp.cube"", ""isovalue_e_bohr3"": 0.001, ""local_esp_radius_angstrom"": 2.0, ""local_issues_by_site"": [{}], ""local_values_by_site"": [{""esp_max_acidic_h_hartree_per_e"": 0.10947186441805956, ""esp_min_carbonyl_o_hartree_per_e"": -0.07300916678321678}], ""mpi"": ""arithmetic mean of absolute ESP over all grid-edge isosurface intersections"", ""surface_esp"": ""linear grid-edge crossing samples; nearest-nucleus local patches"", ""volume"": ""occupied density grid; discretized electron-density isosurface volume""}, ""fchk"": ""/gs/bs/tga-ynabae/kikuchi/pka_prediction/data/benzoicacid_v2/formchk/sub_124.fchk"", ""geometric_sampling"": {""buried_center"": ""COOH carbon; reference COOH atoms excluded"", ""buried_radius_angstrom"": 3.5, ""buried_samples"": 32768, ""radii"": ""RDKit vdW"", ""sasa_points_per_atom"": 2000, ""sasa_probe_angstrom"": 1.4}, ""ignored_aliphatic_cooh_count"": 0, ""job_selection"": ""last normally terminated job only"", ""local_atom_indices_0based"": {""acidic_hydrogen"": 11, ""carbonyl_oxygen"": 0, ""carboxyl_carbon"": 1, ""hydroxyl_oxygen"": 2, ""ipso_carbon"": 3, ""meta_carbons"": [5, 8], ""ortho_carbons"": [4, 9], ""para_carbon"": 7, ""ring_atoms"": [3, 4, 5, 7, 8, 9], ""substituent_position_counts"": {""meta"": 1, ""ortho"": 1, ""para"": 0, ""total"": 2}, ""substituted_ring_carbons"": [5, 9]}, ""local_atom_indices_by_site_0based"": [{""acidic_hydrogen"": 11, ""carbonyl_oxygen"": 0, ""carboxyl_carbon"": 1, ""hydroxyl_oxygen"": 2, ""ipso_carbon"": 3, ""meta_carbons"": [5, 8], ""ortho_carbons"": [4, 9], ""para_carbon"": 7, ""ring_atoms"": [3, 4, 5, 7, 8, 9], ""substituent_position_counts"": {""meta"": 1, ""ortho"": 1, ""para"": 0, ""total"": 2}, ""substituted_ring_carbons"": [5, 9]}], ""log"": ""/gs/bs/tga-ynabae/kikuchi/pka_prediction/data/benzoicacid_v2/logfile/sub_124.log"", ""normal_modes"": {""aggregation"": ""mean of independently assigned harmonic-mode frequencies"", ""assignments"": {""co_double_stretch_frequency_cm1"": {""mode_index_0based"": 34, ""projection"": 1.4377561786611506, ""unscaled_cm1"": 1757.84775}, ""oh_stretch_frequency_cm1"": {""mode_index_0based"": 38, ""projection"": 1.1224681815540016, ""unscaled_cm1"": 3747.92395}}, ""assignments_by_site"": [{""assignments"": {""co_double_stretch_frequency_cm1"": {""mode_index_0based"": 34, ""projection"": 1.4377561786611506, ""unscaled_cm1"": 1757.84775}, ""oh_stretch_frequency_cm1"": {""mode_index_0based"": 38, ""projection"": 1.1224681815540016, ""unscaled_cm1"": 3747.92395}}, ""carboxyl_carbon_0based"": 1}], ""precision"": ""fchk"", ""scale"": 1.0}, ""npa_source"": ""selected final log combined-spin NPA table"", ""site_aggregation"": ""equal-weight arithmetic mean; all sites required""}"
125,O=C(O)c1cc(Cl)ccc1O,2.695,125,0.52786,-0.69148,-0.68956,0.83641,-0.2222,0.10354,-0.17263,-0.17965,0.7018,1.0863,1.6497,1.0264,0.09360678261814298,-0.07121190399083906,-8.013583858564084,-0.6188915401293285,7.394692318434756,6.197191206783194,145.60175993333334,0.028422516119665134,185.91476454897764,97.82460850751191,24.4354248046875,0.9717790188569022,1.2158550619848612,1.3338633111185807,1.4825688880529284,6.408556709997796,3733.71521,1708.35848,complete,,{},"{""aromatic_cooh_site_count"": 1, ""density_surface"": {""density_cube"": ""/gs/bs/tga-ynabae/kikuchi/pka_prediction/data/benzoicacid_v2/density_cube/sub_125_density.cube"", ""esp_cube"": ""/gs/bs/tga-ynabae/kikuchi/pka_prediction/data/benzoicacid_v2/esp_cube/sub_125_esp.cube"", ""isovalue_e_bohr3"": 0.001, ""local_esp_radius_angstrom"": 2.0, ""local_issues_by_site"": [{}], ""local_values_by_site"": [{""esp_max_acidic_h_hartree_per_e"": 0.09360678261814298, ""esp_min_carbonyl_o_hartree_per_e"": -0.07121190399083906}], ""mpi"": ""arithmetic mean of absolute ESP over all grid-edge isosurface intersections"", ""surface_esp"": ""linear grid-edge crossing samples; nearest-nucleus local patches"", ""volume"": ""occupied density grid; discretized electron-density isosurface volume""}, ""fchk"": ""/gs/bs/tga-ynabae/kikuchi/pka_prediction/data/benzoicacid_v2/formchk/sub_125.fchk"", ""geometric_sampling"": {""buried_center"": ""COOH carbon; reference COOH atoms excluded"", ""buried_radius_angstrom"": 3.5, ""buried_samples"": 32768, ""radii"": ""RDKit vdW"", ""sasa_points_per_atom"": 2000, ""sasa_probe_angstrom"": 1.4}, ""ignored_aliphatic_cooh_count"": 0, ""job_selection"": ""last normally terminated job only"", ""local_atom_indices_0based"": {""acidic_hydrogen"": 11, ""carbonyl_oxygen"": 0, ""carboxyl_carbon"": 1, ""hydroxyl_oxygen"": 2, ""ipso_carbon"": 3, ""meta_carbons"": [5, 8], ""ortho_carbons"": [4, 9], ""para_carbon"": 7, ""ring_atoms"": [3, 4, 5, 7, 8, 9], ""substituent_position_counts"": {""meta"": 1, ""ortho"": 1, ""para"": 0, ""total"": 2}, ""substituted_ring_carbons"": [5, 9]}, ""local_atom_indices_by_site_0based"": [{""acidic_hydrogen"": 11, ""carbonyl_oxygen"": 0, ""carboxyl_carbon"": 1, ""hydroxyl_oxygen"": 2, ""ipso_carbon"": 3, ""meta_carbons"": [5, 8], ""ortho_carbons"": [4, 9], ""para_carbon"": 7, ""ring_atoms"": [3, 4, 5, 7, 8, 9], ""substituent_position_counts"": {""meta"": 1, ""ortho"": 1, ""para"": 0, ""total"": 2}, ""substituted_ring_carbons"": [5, 9]}], ""log"": ""/gs/bs/tga-ynabae/kikuchi/pka_prediction/data/benzoicacid_v2/logfile/sub_125.log"", ""normal_modes"": {""aggregation"": ""mean of independently assigned harmonic-mode frequencies"", ""assignments"": {""co_double_stretch_frequency_cm1"": {""mode_index_0based"": 36, ""projection"": 1.3233370332962469, ""unscaled_cm1"": 1708.35848}, ""oh_stretch_frequency_cm1"": {""mode_index_0based"": 40, ""projection"": 1.123077729924525, ""unscaled_cm1"": 3733.71521}}, ""assignments_by_site"": [{""assignments"": {""co_double_stretch_frequency_cm1"": {""mode_index_0based"": 36, ""projection"": 1.3233370332962469, ""unscaled_cm1"": 1708.35848}, ""oh_stretch_frequency_cm1"": {""mode_index_0based"": 40, ""projection"": 1.123077729924525, ""unscaled_cm1"": 3733.71521}}, ""carboxyl_carbon_0based"": 1}], ""precision"": ""fchk"", ""scale"": 1.0}, ""npa_source"": ""selected final log combined-spin NPA table"", ""site_aggregation"": ""equal-weight arithmetic mean; all sites required""}"
126,O=C(O)c1cc(N=Nc2ccc(S(=O)(=O)O)cc2)ccc1O,2.38,126,0.53454,-0.68833,-0.69543,0.84342,-0.25901,0.154295,-0.11241000000000001,-0.13967,0.6965,1.0987,1.5961,1.0534,0.12239737812109863,-0.03526760914686831,-7.887912207317699,-1.7441432876947371,6.1437689196229615,7.661541575263388,338.950042,0.027757775142161607,343.6213851691284,95.9093836701407,25.9307861328125,0.971967022305249,1.224988706064321,1.3287365567241656,1.466813573668032,0.06771351418070459,3741.23309,1680.72408,complete,,{},"{""aromatic_cooh_site_count"": 1, ""density_surface"": {""density_cube"": ""/gs/bs/tga-ynabae/kikuchi/pka_prediction/data/benzoicacid_v2/density_cube/sub_126_density.cube"", ""esp_cube"": ""/gs/bs/tga-ynabae/kikuchi/pka_prediction/data/benzoicacid_v2/esp_cube/sub_126_esp.cube"", ""isovalue_e_bohr3"": 0.001, ""local_esp_radius_angstrom"": 2.0, ""local_issues_by_site"": [{}], ""local_values_by_site"": [{""esp_max_acidic_h_hartree_per_e"": 0.12239737812109863, ""esp_min_carbonyl_o_hartree_per_e"": -0.03526760914686831}], ""mpi"": ""arithmetic mean of absolute ESP over all grid-edge isosurface intersections"", ""surface_esp"": ""linear grid-edge crossing samples; nearest-nucleus local patches"", ""volume"": ""occupied density grid; discretized electron-density isosurface volume""}, ""fchk"": ""/gs/bs/tga-ynabae/kikuchi/pka_prediction/data/benzoicacid_v2/formchk/sub_126.fchk"", ""geometric_sampling"": {""buried_center"": ""COOH carbon; reference COOH atoms excluded"", ""buried_radius_angstrom"": 3.5, ""buried_samples"": 32768, ""radii"": ""RDKit vdW"", ""sasa_points_per_atom"": 2000, ""sasa_probe_angstrom"": 1.4}, ""ignored_aliphatic_cooh_count"": 0, ""job_selection"": ""last normally terminated job only"", ""local_atom_indices_0based"": {""acidic_hydrogen"": 22, ""carbonyl_oxygen"": 0, ""carboxyl_carbon"": 1, ""hydroxyl_oxygen"": 2, ""ipso_carbon"": 3, ""meta_carbons"": [5, 19], ""ortho_carbons"": [4, 20], ""para_carbon"": 18, ""ring_atoms"": [3, 4, 5, 18, 19, 20], ""substituent_position_counts"": {""meta"": 1, ""ortho"": 1, ""para"": 0, ""total"": 2}, ""substituted_ring_carbons"": [5, 20]}, ""local_atom_indices_by_site_0based"": [{""acidic_hydrogen"": 22, ""carbonyl_oxygen"": 0, ""carboxyl_carbon"": 1, ""hydroxyl_oxygen"": 2, ""ipso_carbon"": 3, ""meta_carbons"": [5, 19], ""ortho_carbons"": [4, 20], ""para_carbon"": 18, ""ring_atoms"": [3, 4, 5, 18, 19, 20], ""substituent_position_counts"": {""meta"": 1, ""ortho"": 1, ""para"": 0, ""total"": 2}, ""substituted_ring_carbons"": [5, 20]}], ""log"": ""/gs/bs/tga-ynabae/kikuchi/pka_prediction/data/benzoicacid_v2/logfile/sub_126.log"", ""normal_modes"": {""aggregation"": ""mean of independently assigned harmonic-mode frequencies"", ""assignments"": {""co_double_stretch_frequency_cm1"": {""mode_index_0based"": 78, ""projection"": 0.5713484577100993, ""unscaled_cm1"": 1680.72408}, ""oh_stretch_frequency_cm1"": {""mode_index_0based"": 89, ""projection"": 1.1225403676792565, ""unscaled_cm1"": 3741.23309}}, ""assignments_by_site"": [{""assignments"": {""co_double_stretch_frequency_cm1"": {""mode_index_0based"": 78, ""projection"": 0.5713484577100993, ""unscaled_cm1"": 1680.72408}, ""oh_stretch_frequency_cm1"": {""mode_index_0based"": 89, ""projection"": 1.1225403676792565, ""unscaled_cm1"": 3741.23309}}, ""carboxyl_carbon_0based"": 1}], ""precision"": ""fchk"", ""scale"": 1.0}, ""npa_source"": ""selected final log combined-spin NPA table"", ""site_aggregation"": ""equal-weight arithmetic mean; all sites required""}"
127,O=C(O)c1cc(O)c(O)c(O)c1,4.27,127,0.52896,-0.70622,-0.68983,0.83298,-0.17339,-0.24974999999999997,0.275745,0.25245,0.7028,1.0696,1.6525,1.031,0.10338290052228835,-0.06613891081955235,-7.795519237897182,-0.3642697309086193,7.431249506988562,4.681256551243711,146.4311716,0.0322857792678389,184.73125001162558,102.10116433906408,22.967529296875,0.9705282731063031,1.2156688076258169,1.3398359142186729,1.4759903485822936,0.1487229217419803,3759.37991,1722.82996,complete,,{},"{""aromatic_cooh_site_count"": 1, ""density_surface"": {""density_cube"": ""/gs/bs/tga-ynabae/kikuchi/pka_prediction/data/benzoicacid_v2/density_cube/sub_127_density.cube"", ""esp_cube"": ""/gs/bs/tga-ynabae/kikuchi/pka_prediction/data/benzoicacid_v2/esp_cube/sub_127_esp.cube"", ""isovalue_e_bohr3"": 0.001, ""local_esp_radius_angstrom"": 2.0, ""local_issues_by_site"": [{}], ""local_values_by_site"": [{""esp_max_acidic_h_hartree_per_e"": 0.10338290052228835, ""esp_min_carbonyl_o_hartree_per_e"": -0.06613891081955235}], ""mpi"": ""arithmetic mean of absolute ESP over all grid-edge isosurface intersections"", ""surface_esp"": ""linear grid-edge crossing samples; nearest-nucleus local patches"", ""volume"": ""occupied density grid; discretized electron-density isosurface volume""}, ""fchk"": ""/gs/bs/tga-ynabae/kikuchi/pka_prediction/data/benzoicacid_v2/formchk/sub_127.fchk"", ""geometric_sampling"": {""buried_center"": ""COOH carbon; reference COOH atoms excluded"", ""buried_radius_angstrom"": 3.5, ""buried_samples"": 32768, ""radii"": ""RDKit vdW"", ""sasa_points_per_atom"": 2000, ""sasa_probe_angstrom"": 1.4}, ""ignored_aliphatic_cooh_count"": 0, ""job_selection"": ""last normally terminated job only"", ""local_atom_indices_0based"": {""acidic_hydrogen"": 12, ""carbonyl_oxygen"": 0, ""carboxyl_carbon"": 1, ""hydroxyl_oxygen"": 2, ""ipso_carbon"": 3, ""meta_carbons"": [5, 9], ""ortho_carbons"": [4, 11], ""para_carbon"": 7, ""ring_atoms"": [3, 4, 5, 7, 9, 11], ""substituent_position_counts"": {""meta"": 2, ""ortho"": 0, ""para"": 1, ""total"": 3}, ""substituted_ring_carbons"": [5, 7, 9]}, ""local_atom_indices_by_site_0based"": [{""acidic_hydrogen"": 12, ""carbonyl_oxygen"": 0, ""carboxyl_carbon"": 1, ""hydroxyl_oxygen"": 2, ""ipso_carbon"": 3, ""meta_carbons"": [5, 9], ""ortho_carbons"": [4, 11], ""para_carbon"": 7, ""ring_atoms"": [3, 4, 5, 7, 9, 11], ""substituent_position_counts"": {""meta"": 2, ""ortho"": 0, ""para"": 1, ""total"": 3}, ""substituted_ring_carbons"": [5, 7, 9]}], ""log"": ""/gs/bs/tga-ynabae/kikuchi/pka_prediction/data/benzoicacid_v2/logfile/sub_127.log"", ""normal_modes"": {""aggregation"": ""mean of independently assigned harmonic-mode frequencies"", ""assignments"": {""co_double_stretch_frequency_cm1"": {""mode_index_0based"": 41, ""projection"": 1.153872509064392, ""unscaled_cm1"": 1722.82996}, ""oh_stretch_frequency_cm1"": {""mode_index_0based"": 44, ""projection"": 1.1227132785546816, ""unscaled_cm1"": 3759.37991}}, ""assignments_by_site"": [{""assignments"": {""co_double_stretch_frequency_cm1"": {""mode_index_0based"": 41, ""projection"": 1.153872509064392, ""unscaled_cm1"": 1722.82996}, ""oh_stretch_frequency_cm1"": {""mode_index_0based"": 44, ""projection"": 1.1227132785546816, ""unscaled_cm1"": 3759.37991}}, ""carboxyl_carbon_0based"": 1}], ""precision"": ""fchk"", ""scale"": 1.0}, ""npa_source"": ""selected final log combined-spin NPA table"", ""site_aggregation"": ""equal-weight arithmetic mean; all sites required""}"
128,O=C(O)c1cc(O)c2ccccc2c1,4.25,128,0.52973,-0.7032,-0.68605,0.83454,-0.16138,-0.213415,0.14307,-0.08709,0.7018,1.0745,1.6585,1.0214,0.10194147331140906,-0.07042744702382035,-7.3670122595989,-0.7608736228208169,6.606138636778082,2.7615802683245563,213.27091900000002,0.023320703810707895,224.322839231837,102.27820879305715,22.91259765625,0.9711376766263148,1.2148201090585073,1.3380147289400297,1.481281428032004,0.000189852845386561,3750.78296,1730.53793,complete,,{},"{""aromatic_cooh_site_count"": 1, ""density_surface"": {""density_cube"": ""/gs/bs/tga-ynabae/kikuchi/pka_prediction/data/benzoicacid_v2/density_cube/sub_128_density.cube"", ""esp_cube"": ""/gs/bs/tga-ynabae/kikuchi/pka_prediction/data/benzoicacid_v2/esp_cube/sub_128_esp.cube"", ""isovalue_e_bohr3"": 0.001, ""local_esp_radius_angstrom"": 2.0, ""local_issues_by_site"": [{}], ""local_values_by_site"": [{""esp_max_acidic_h_hartree_per_e"": 0.10194147331140906, ""esp_min_carbonyl_o_hartree_per_e"": -0.07042744702382035}], ""mpi"": ""arithmetic mean of absolute ESP over all grid-edge isosurface intersections"", ""surface_esp"": ""linear grid-edge crossing samples; nearest-nucleus local patches"", ""volume"": ""occupied density grid; discretized electron-density isosurface volume""}, ""fchk"": ""/gs/bs/tga-ynabae/kikuchi/pka_prediction/data/benzoicacid_v2/formchk/sub_128.fchk"", ""geometric_sampling"": {""buried_center"": ""COOH carbon; reference COOH atoms excluded"", ""buried_radius_angstrom"": 3.5, ""buried_samples"": 32768, ""radii"": ""RDKit vdW"", ""sasa_points_per_atom"": 2000, ""sasa_probe_angstrom"": 1.4}, ""ignored_aliphatic_cooh_count"": 0, ""job_selection"": ""last normally terminated job only"", ""local_atom_indices_0based"": {""acidic_hydrogen"": 14, ""carbonyl_oxygen"": 0, ""carboxyl_carbon"": 1, ""hydroxyl_oxygen"": 2, ""ipso_carbon"": 3, ""meta_carbons"": [5, 12], ""ortho_carbons"": [4, 13], ""para_carbon"": 7, ""ring_atoms"": [3, 4, 5, 7, 12, 13], ""substituent_position_counts"": {""meta"": 2, ""ortho"": 0, ""para"": 1, ""total"": 3}, ""substituted_ring_carbons"": [5, 7, 12]}, ""local_atom_indices_by_site_0based"": [{""acidic_hydrogen"": 14, ""carbonyl_oxygen"": 0, ""carboxyl_carbon"": 1, ""hydroxyl_oxygen"": 2, ""ipso_carbon"": 3, ""meta_carbons"": [5, 12], ""ortho_carbons"": [4, 13], ""para_carbon"": 7, ""ring_atoms"": [3, 4, 5, 7, 12, 13], ""substituent_position_counts"": {""meta"": 2, ""ortho"": 0, ""para"": 1, ""total"": 3}, ""substituted_ring_carbons"": [5, 7, 12]}], ""log"": ""/gs/bs/tga-ynabae/kikuchi/pka_prediction/data/benzoicacid_v2/logfile/sub_128.log"", ""normal_modes"": {""aggregation"": ""mean of independently assigned harmonic-mode frequencies"", ""assignments"": {""co_double_stretch_frequency_cm1"": {""mode_index_0based"": 51, ""projection"": 0.9942087298344718, ""unscaled_cm1"": 1730.53793}, ""oh_stretch_frequency_cm1"": {""mode_index_0based"": 58, ""projection"": 1.1230546802548553, ""unscaled_cm1"": 3750.78296}}, ""assignments_by_site"": [{""assignments"": {""co_double_stretch_frequency_cm1"": {""mode_index_0based"": 51, ""projection"": 0.9942087298344718, ""unscaled_cm1"": 1730.53793}, ""oh_stretch_frequency_cm1"": {""mode_index_0based"": 58, ""projection"": 1.1230546802548553, ""unscaled_cm1"": 3750.78296}}, ""carboxyl_carbon_0based"": 1}], ""precision"": ""fchk"", ""scale"": 1.0}, ""npa_source"": ""selected final log combined-spin NPA table"", ""site_aggregation"": ""equal-weight arithmetic mean; all sites required""}"
129,O=C(O)c1cc(O)cc(O)c1,4.039,129,0.53046,-0.70139,-0.67946,0.83535,-0.13737,-0.274715,0.334675,-0.30085,0.7011,1.078,1.6663,1.0141,0.10673079884680856,-0.062278759000878495,-7.898549764063139,-0.5516722513437394,7.346877512719399,2.8389021416955753,137.31474073333334,0.028279813650838512,175.34107899904487,102.20497826830196,22.9278564453125,0.9709334975441822,1.2137069002384444,1.3365364758091796,1.4847022319595524,0.0002901926260828661,3754.13924,1731.78917,complete,,{},"{""aromatic_cooh_site_count"": 1, ""density_surface"": {""density_cube"": ""/gs/bs/tga-ynabae/kikuchi/pka_prediction/data/benzoicacid_v2/density_cube/sub_129_density.cube"", ""esp_cube"": ""/gs/bs/tga-ynabae/kikuchi/pka_prediction/data/benzoicacid_v2/esp_cube/sub_129_esp.cube"", ""isovalue_e_bohr3"": 0.001, ""local_esp_radius_angstrom"": 2.0, ""local_issues_by_site"": [{}], ""local_values_by_site"": [{""esp_max_acidic_h_hartree_per_e"": 0.10673079884680856, ""esp_min_carbonyl_o_hartree_per_e"": -0.062278759000878495}], ""mpi"": ""arithmetic mean of absolute ESP over all grid-edge isosurface intersections"", ""surface_esp"": ""linear grid-edge crossing samples; nearest-nucleus local patches"", ""volume"": ""occupied density grid; discretized electron-density isosurface volume""}, ""fchk"": ""/gs/bs/tga-ynabae/kikuchi/pka_prediction/data/benzoicacid_v2/formchk/sub_129.fchk"", ""geometric_sampling"": {""buried_center"": ""COOH carbon; reference COOH atoms excluded"", ""buried_radius_angstrom"": 3.5, ""buried_samples"": 32768, ""radii"": ""RDKit vdW"", ""sasa_points_per_atom"": 2000, ""sasa_probe_angstrom"": 1.4}, ""ignored_aliphatic_cooh_count"": 0, ""job_selection"": ""last normally terminated job only"", ""local_atom_indices_0based"": {""acidic_hydrogen"": 11, ""carbonyl_oxygen"": 0, ""carboxyl_carbon"": 1, ""hydroxyl_oxygen"": 2, ""ipso_carbon"": 3, ""meta_carbons"": [5, 8], ""ortho_carbons"": [4, 10], ""para_carbon"": 7, ""ring_atoms"": [3, 4, 5, 7, 8, 10], ""substituent_position_counts"": {""meta"": 2, ""ortho"": 0, ""para"": 0, ""total"": 2}, ""substituted_ring_carbons"": [5, 8]}, ""local_atom_indices_by_site_0based"": [{""acidic_hydrogen"": 11, ""carbonyl_oxygen"": 0, ""carboxyl_carbon"": 1, ""hydroxyl_oxygen"": 2, ""ipso_carbon"": 3, ""meta_carbons"": [5, 8], ""ortho_carbons"": [4, 10], ""para_carbon"": 7, ""ring_atoms"": [3, 4, 5, 7, 8, 10], ""substituent_position_counts"": {""meta"": 2, ""ortho"": 0, ""para"": 0, ""total"": 2}, ""substituted_ring_carbons"": [5, 8]}], ""log"": ""/gs/bs/tga-ynabae/kikuchi/pka_prediction/data/benzoicacid_v2/logfile/sub_129.log"", ""normal_modes"": {""aggregation"": ""mean of independently assigned harmonic-mode frequencies"", ""assignments"": {""co_double_stretch_frequency_cm1"": {""mode_index_0based"": 38, ""projection"": 1.2868418981482117, ""unscaled_cm1"": 1731.78917}, ""oh_stretch_frequency_cm1"": {""mode_index_0based"": 42, ""projection"": 1.12337905024673, ""unscaled_cm1"": 3754.13924}}, ""assignments_by_site"": [{""assignments"": {""co_double_stretch_frequency_cm1"": {""mode_index_0based"": 38, ""projection"": 1.2868418981482117, ""unscaled_cm1"": 1731.78917}, ""oh_stretch_frequency_cm1"": {""mode_index_0based"": 42, ""projection"": 1.12337905024673, ""unscaled_cm1"": 3754.13924}}, ""carboxyl_carbon_0based"": 1}], ""precision"": ""fchk"", ""scale"": 1.0}, ""npa_source"": ""selected final log combined-spin NPA table"", ""site_aggregation"": ""equal-weight arithmetic mean; all sites required""}"
130,O=C(O)c1cc(O)cc2ccccc12,3.69,130,0.53017,-0.69647,-0.67784,0.8402,-0.12728,-0.13975500000000002,0.130845,-0.23171,0.6997,1.083,1.6727,1.0027,0.10576021833797558,-0.0640476041716329,-7.437569506549094,-0.7220897102036695,6.7154797963454245,1.65113742217575,211.04452233333333,0.024397743698467006,224.1598780924621,95.16564302532986,26.080322265625,0.9718716367273095,1.213643797597816,1.334897182886312,1.4885497628022062,38.14827477807256,3739.34425,1726.15666,complete,,{},"{""aromatic_cooh_site_count"": 1, ""density_surface"": {""density_cube"": ""/gs/bs/tga-ynabae/kikuchi/pka_prediction/data/benzoicacid_v2/density_cube/sub_130_density.cube"", ""esp_cube"": ""/gs/bs/tga-ynabae/kikuchi/pka_prediction/data/benzoicacid_v2/esp_cube/sub_130_esp.cube"", ""isovalue_e_bohr3"": 0.001, ""local_esp_radius_angstrom"": 2.0, ""local_issues_by_site"": [{}], ""local_values_by_site"": [{""esp_max_acidic_h_hartree_per_e"": 0.10576021833797558, ""esp_min_carbonyl_o_hartree_per_e"": -0.0640476041716329}], ""mpi"": ""arithmetic mean of absolute ESP over all grid-edge isosurface intersections"", ""surface_esp"": ""linear grid-edge crossing samples; nearest-nucleus local patches"", ""volume"": ""occupied density grid; discretized electron-density isosurface volume""}, ""fchk"": ""/gs/bs/tga-ynabae/kikuchi/pka_prediction/data/benzoicacid_v2/formchk/sub_130.fchk"", ""geometric_sampling"": {""buried_center"": ""COOH carbon; reference COOH atoms excluded"", ""buried_radius_angstrom"": 3.5, ""buried_samples"": 32768, ""radii"": ""RDKit vdW"", ""sasa_points_per_atom"": 2000, ""sasa_probe_angstrom"": 1.4}, ""ignored_aliphatic_cooh_count"": 0, ""job_selection"": ""last normally terminated job only"", ""local_atom_indices_0based"": {""acidic_hydrogen"": 14, ""carbonyl_oxygen"": 0, ""carboxyl_carbon"": 1, ""hydroxyl_oxygen"": 2, ""ipso_carbon"": 3, ""meta_carbons"": [5, 8], ""ortho_carbons"": [4, 13], ""para_carbon"": 7, ""ring_atoms"": [3, 4, 5, 7, 8, 13], ""substituent_position_counts"": {""meta"": 2, ""ortho"": 1, ""para"": 0, ""total"": 3}, ""substituted_ring_carbons"": [5, 8, 13]}, ""local_atom_indices_by_site_0based"": [{""acidic_hydrogen"": 14, ""carbonyl_oxygen"": 0, ""carboxyl_carbon"": 1, ""hydroxyl_oxygen"": 2, ""ipso_carbon"": 3, ""meta_carbons"": [5, 8], ""ortho_carbons"": [4, 13], ""para_carbon"": 7, ""ring_atoms"": [3, 4, 5, 7, 8, 13], ""substituent_position_counts"": {""meta"": 2, ""ortho"": 1, ""para"": 0, ""total"": 3}, ""substituted_ring_carbons"": [5, 8, 13]}], ""log"": ""/gs/bs/tga-ynabae/kikuchi/pka_prediction/data/benzoicacid_v2/logfile/sub_130.log"", ""normal_modes"": {""aggregation"": ""mean of independently assigned harmonic-mode frequencies"", ""assignments"": {""co_double_stretch_frequency_cm1"": {""mode_index_0based"": 51, ""projection"": 1.325439985623056, ""unscaled_cm1"": 1726.15666}, ""oh_stretch_frequency_cm1"": {""mode_index_0based"": 58, ""projection"": 1.1228812603207647, ""unscaled_cm1"": 3739.34425}}, ""assignments_by_site"": [{""assignments"": {""co_double_stretch_frequency_cm1"": {""mode_index_0based"": 51, ""projection"": 1.325439985623056, ""unscaled_cm1"": 1726.15666}, ""oh_stretch_frequency_cm1"": {""mode_index_0based"": 58, ""projection"": 1.1228812603207647, ""unscaled_cm1"": 3739.34425}}, ""carboxyl_carbon_0based"": 1}], ""precision"": ""fchk"", ""scale"": 1.0}, ""npa_source"": ""selected final log combined-spin NPA table"", ""site_aggregation"": ""equal-weight arithmetic mean; all sites required""}"
131,O=C(O)c1cc(O)ccc1O,2.9655,131,0.5327,-0.69135,-0.69951,0.84039,-0.23604,0.07164,0.012319999999999998,-0.21886,0.6984,1.0936,1.5954,1.0565,0.10890731986146412,-0.048924266435486204,-7.531192403416544,-0.6069363862927484,6.9242560171237955,3.1207262322309273,138.77875709999998,0.02655033238906444,173.11744829752323,95.48511158227339,26.0894775390625,0.9710766491619776,1.2252500730730236,1.3307923501613244,1.4668721949019954,0.03424941368137699,3748.63922,1688.49277,complete,,{},"{""aromatic_cooh_site_count"": 1, ""density_surface"": {""density_cube"": ""/gs/bs/tga-ynabae/kikuchi/pka_prediction/data/benzoicacid_v2/density_cube/sub_131_density.cube"", ""esp_cube"": ""/gs/bs/tga-ynabae/kikuchi/pka_prediction/data/benzoicacid_v2/esp_cube/sub_131_esp.cube"", ""isovalue_e_bohr3"": 0.001, ""local_esp_radius_angstrom"": 2.0, ""local_issues_by_site"": [{}], ""local_values_by_site"": [{""esp_max_acidic_h_hartree_per_e"": 0.10890731986146412, ""esp_min_carbonyl_o_hartree_per_e"": -0.048924266435486204}], ""mpi"": ""arithmetic mean of absolute ESP over all grid-edge isosurface intersections"", ""surface_esp"": ""linear grid-edge crossing samples; nearest-nucleus local patches"", ""volume"": ""occupied density grid; discretized electron-density isosurface volume""}, ""fchk"": ""/gs/bs/tga-ynabae/kikuchi/pka_prediction/data/benzoicacid_v2/formchk/sub_131.fchk"", ""geometric_sampling"": {""buried_center"": ""COOH carbon; reference COOH atoms excluded"", ""buried_radius_angstrom"": 3.5, ""buried_samples"": 32768, ""radii"": ""RDKit vdW"", ""sasa_points_per_atom"": 2000, ""sasa_probe_angstrom"": 1.4}, ""ignored_aliphatic_cooh_count"": 0, ""job_selection"": ""last normally terminated job only"", ""local_atom_indices_0based"": {""acidic_hydrogen"": 11, ""carbonyl_oxygen"": 0, ""carboxyl_carbon"": 1, ""hydroxyl_oxygen"": 2, ""ipso_carbon"": 3, ""meta_carbons"": [5, 8], ""ortho_carbons"": [4, 9], ""para_carbon"": 7, ""ring_atoms"": [3, 4, 5, 7, 8, 9], ""substituent_position_counts"": {""meta"": 1, ""ortho"": 1, ""para"": 0, ""total"": 2}, ""substituted_ring_carbons"": [5, 9]}, ""local_atom_indices_by_site_0based"": [{""acidic_hydrogen"": 11, ""carbonyl_oxygen"": 0, ""carboxyl_carbon"": 1, ""hydroxyl_oxygen"": 2, ""ipso_carbon"": 3, ""meta_carbons"": [5, 8], ""ortho_carbons"": [4, 9], ""para_carbon"": 7, ""ring_atoms"": [3, 4, 5, 7, 8, 9], ""substituent_position_counts"": {""meta"": 1, ""ortho"": 1, ""para"": 0, ""total"": 2}, ""substituted_ring_carbons"": [5, 9]}], ""log"": ""/gs/bs/tga-ynabae/kikuchi/pka_prediction/data/benzoicacid_v2/logfile/sub_131.log"", ""normal_modes"": {""aggregation"": ""mean of independently assigned harmonic-mode frequencies"", ""assignments"": {""co_double_stretch_frequency_cm1"": {""mode_index_0based"": 37, ""projection"": 0.6468269137685464, ""unscaled_cm1"": 1688.49277}, ""oh_stretch_frequency_cm1"": {""mode_index_0based"": 43, ""projection"": 1.1231833045657489, ""unscaled_cm1"": 3748.63922}}, ""assignments_by_site"": [{""assignments"": {""co_double_stretch_frequency_cm1"": {""mode_index_0based"": 37, ""projection"": 0.6468269137685464, ""unscaled_cm1"": 1688.49277}, ""oh_stretch_frequency_cm1"": {""mode_index_0based"": 43, ""projection"": 1.1231833045657489, ""unscaled_cm1"": 3748.63922}}, ""carboxyl_carbon_0based"": 1}], ""precision"": ""fchk"", ""scale"": 1.0}, ""npa_source"": ""selected final log combined-spin NPA table"", ""site_aggregation"": ""equal-weight arithmetic mean; all sites required""}"
132,O=C(O)c1cc([N+](=O)[O-])cc([N+](=O)[O-])c1O,0.7,132,0.53289,-0.68323,-0.66439,0.84162,-0.20489,0.18948500000000001,0.017255000000000003,-0.09837,0.6969,1.1004,1.678,0.997,0.11749823581916272,-0.05074490900819545,-9.0581701455305,-2.1714506710783357,6.886719474452166,5.145716182766721,191.7230244333333,0.032365440864597764,221.9139793100133,97.92469964945528,24.530029296875,0.9722267398957627,1.2111022647441108,1.327998076634645,1.4917427967374788,26.111369634643022,3736.57214,1735.56691,complete,,{},"{""aromatic_cooh_site_count"": 1, ""density_surface"": {""density_cube"": ""/gs/bs/tga-ynabae/kikuchi/pka_prediction/data/benzoicacid_v2/density_cube/sub_132_density.cube"", ""esp_cube"": ""/gs/bs/tga-ynabae/kikuchi/pka_prediction/data/benzoicacid_v2/esp_cube/sub_132_esp.cube"", ""isovalue_e_bohr3"": 0.001, ""local_esp_radius_angstrom"": 2.0, ""local_issues_by_site"": [{}], ""local_values_by_site"": [{""esp_max_acidic_h_hartree_per_e"": 0.11749823581916272, ""esp_min_carbonyl_o_hartree_per_e"": -0.05074490900819545}], ""mpi"": ""arithmetic mean of absolute ESP over all grid-edge isosurface intersections"", ""surface_esp"": ""linear grid-edge crossing samples; nearest-nucleus local patches"", ""volume"": ""occupied density grid; discretized electron-density isosurface volume""}, ""fchk"": ""/gs/bs/tga-ynabae/kikuchi/pka_prediction/data/benzoicacid_v2/formchk/sub_132.fchk"", ""geometric_sampling"": {""buried_center"": ""COOH carbon; reference COOH atoms excluded"", ""buried_radius_angstrom"": 3.5, ""buried_samples"": 32768, ""radii"": ""RDKit vdW"", ""sasa_points_per_atom"": 2000, ""sasa_probe_angstrom"": 1.4}, ""ignored_aliphatic_cooh_count"": 0, ""job_selection"": ""last normally terminated job only"", ""local_atom_indices_0based"": {""acidic_hydrogen"": 16, ""carbonyl_oxygen"": 0, ""carboxyl_carbon"": 1, ""hydroxyl_oxygen"": 2, ""ipso_carbon"": 3, ""meta_carbons"": [5, 10], ""ortho_carbons"": [4, 14], ""para_carbon"": 9, ""ring_atoms"": [3, 4, 5, 9, 10, 14], ""substituent_position_counts"": {""meta"": 2, ""ortho"": 1, ""para"": 0, ""total"": 3}, ""substituted_ring_carbons"": [5, 10, 14]}, ""local_atom_indices_by_site_0based"": [{""acidic_hydrogen"": 16, ""carbonyl_oxygen"": 0, ""carboxyl_carbon"": 1, ""hydroxyl_oxygen"": 2, ""ipso_carbon"": 3, ""meta_carbons"": [5, 10], ""ortho_carbons"": [4, 14], ""para_carbon"": 9, ""ring_atoms"": [3, 4, 5, 9, 10, 14], ""substituent_position_counts"": {""meta"": 2, ""ortho"": 1, ""para"": 0, ""total"": 3}, ""substituted_ring_carbons"": [5, 10, 14]}], ""log"": ""/gs/bs/tga-ynabae/kikuchi/pka_prediction/data/benzoicacid_v2/logfile/sub_132.log"", ""normal_modes"": {""aggregation"": ""mean of independently assigned harmonic-mode frequencies"", ""assignments"": {""co_double_stretch_frequency_cm1"": {""mode_index_0based"": 49, ""projection"": 1.4442086527363402, ""unscaled_cm1"": 1735.56691}, ""oh_stretch_frequency_cm1"": {""mode_index_0based"": 53, ""projection"": 1.1227695124702732, ""unscaled_cm1"": 3736.57214}}, ""assignments_by_site"": [{""assignments"": {""co_double_stretch_frequency_cm1"": {""mode_index_0based"": 49, ""projection"": 1.4442086527363402, ""unscaled_cm1"": 1735.56691}, ""oh_stretch_frequency_cm1"": {""mode_index_0based"": 53, ""projection"": 1.1227695124702732, ""unscaled_cm1"": 3736.57214}}, ""carboxyl_carbon_0based"": 1}], ""precision"": ""fchk"", ""scale"": 1.0}, ""npa_source"": ""selected final log combined-spin NPA table"", ""site_aggregation"": ""equal-weight arithmetic mean; all sites required""}"
133,O=C(O)c1cc([N+](=O)[O-])cc2ccccc12,2.83,133,0.53092,-0.69957,-0.66546,0.83919,-0.13278,-0.082545,-0.011215,-0.09585,0.7,1.0791,1.6792,1.0047,0.10884907989187462,-0.05512860351238549,-8.046754620032102,-1.9204920369049525,6.12626258312715,5.462665126557017,236.92261233333332,0.02697960129932711,243.10335719361564,94.72259992135734,26.202392578125,0.9716301408755829,1.2116561615683672,1.3373758549357395,1.4877417332749376,31.436895101686655,3746.50454,1744.8004,complete,,{},"{""aromatic_cooh_site_count"": 1, ""density_surface"": {""density_cube"": ""/gs/bs/tga-ynabae/kikuchi/pka_prediction/data/benzoicacid_v2/density_cube/sub_133_density.cube"", ""esp_cube"": ""/gs/bs/tga-ynabae/kikuchi/pka_prediction/data/benzoicacid_v2/esp_cube/sub_133_esp.cube"", ""isovalue_e_bohr3"": 0.001, ""local_esp_radius_angstrom"": 2.0, ""local_issues_by_site"": [{}], ""local_values_by_site"": [{""esp_max_acidic_h_hartree_per_e"": 0.10884907989187462, ""esp_min_carbonyl_o_hartree_per_e"": -0.05512860351238549}], ""mpi"": ""arithmetic mean of absolute ESP over all grid-edge isosurface intersections"", ""surface_esp"": ""linear grid-edge crossing samples; nearest-nucleus local patches"", ""volume"": ""occupied density grid; discretized electron-density isosurface volume""}, ""fchk"": ""/gs/bs/tga-ynabae/kikuchi/pka_prediction/data/benzoicacid_v2/formchk/sub_133.fchk"", ""geometric_sampling"": {""buried_center"": ""COOH carbon; reference COOH atoms excluded"", ""buried_radius_angstrom"": 3.5, ""buried_samples"": 32768, ""radii"": ""RDKit vdW"", ""sasa_points_per_atom"": 2000, ""sasa_probe_angstrom"": 1.4}, ""ignored_aliphatic_cooh_count"": 0, ""job_selection"": ""last normally terminated job only"", ""local_atom_indices_0based"": {""acidic_hydrogen"": 16, ""carbonyl_oxygen"": 0, ""carboxyl_carbon"": 1, ""hydroxyl_oxygen"": 2, ""ipso_carbon"": 3, ""meta_carbons"": [5, 10], ""ortho_carbons"": [4, 15], ""para_carbon"": 9, ""ring_atoms"": [3, 4, 5, 9, 10, 15], ""substituent_position_counts"": {""meta"": 2, ""ortho"": 1, ""para"": 0, ""total"": 3}, ""substituted_ring_carbons"": [5, 10, 15]}, ""local_atom_indices_by_site_0based"": [{""acidic_hydrogen"": 16, ""carbonyl_oxygen"": 0, ""carboxyl_carbon"": 1, ""hydroxyl_oxygen"": 2, ""ipso_carbon"": 3, ""meta_carbons"": [5, 10], ""ortho_carbons"": [4, 15], ""para_carbon"": 9, ""ring_atoms"": [3, 4, 5, 9, 10, 15], ""substituent_position_counts"": {""meta"": 2, ""ortho"": 1, ""para"": 0, ""total"": 3}, ""substituted_ring_carbons"": [5, 10, 15]}], ""log"": ""/gs/bs/tga-ynabae/kikuchi/pka_prediction/data/benzoicacid_v2/logfile/sub_133.log"", ""normal_modes"": {""aggregation"": ""mean of independently assigned harmonic-mode frequencies"", ""assignments"": {""co_double_stretch_frequency_cm1"": {""mode_index_0based"": 55, ""projection"": 1.3005488453611176, ""unscaled_cm1"": 1744.8004}, ""oh_stretch_frequency_cm1"": {""mode_index_0based"": 62, ""projection"": 1.1227372526848791, ""unscaled_cm1"": 3746.50454}}, ""assignments_by_site"": [{""assignments"": {""co_double_stretch_frequency_cm1"": {""mode_index_0based"": 55, ""projection"": 1.3005488453611176, ""unscaled_cm1"": 1744.8004}, ""oh_stretch_frequency_cm1"": {""mode_index_0based"": 62, ""projection"": 1.1227372526848791, ""unscaled_cm1"": 3746.50454}}, ""carboxyl_carbon_0based"": 1}], ""precision"": ""fchk"", ""scale"": 1.0}, ""npa_source"": ""selected final log combined-spin NPA table"", ""site_aggregation"": ""equal-weight arithmetic mean; all sites required""}"
134,O=C(O)c1cc([N+](=O)[O-])ccc1O,2.18,134,0.53653,-0.68381,-0.68776,0.84494,-0.24566,0.16185,-0.12011000000000001,-0.12984,0.6944,1.1056,1.6026,1.0446,0.12626990621102357,-0.02900812586721951,-8.586938787378482,-1.7226251411498774,6.864313646228604,4.657871370921166,165.11224553333332,0.029348837776771306,192.2620747072409,95.93330689819777,25.860595703125,0.971870293212865,1.2236970519801096,1.3259773679739641,1.4695217422800422,0.007381049657604285,3743.80853,1709.60471,complete,,{},"{""aromatic_cooh_site_count"": 1, ""density_surface"": {""density_cube"": ""/gs/bs/tga-ynabae/kikuchi/pka_prediction/data/benzoicacid_v2/density_cube/sub_134_density.cube"", ""esp_cube"": ""/gs/bs/tga-ynabae/kikuchi/pka_prediction/data/benzoicacid_v2/esp_cube/sub_134_esp.cube"", ""isovalue_e_bohr3"": 0.001, ""local_esp_radius_angstrom"": 2.0, ""local_issues_by_site"": [{}], ""local_values_by_site"": [{""esp_max_acidic_h_hartree_per_e"": 0.12626990621102357, ""esp_min_carbonyl_o_hartree_per_e"": -0.02900812586721951}], ""mpi"": ""arithmetic mean of absolute ESP over all grid-edge isosurface intersections"", ""surface_esp"": ""linear grid-edge crossing samples; nearest-nucleus local patches"", ""volume"": ""occupied density grid; discretized electron-density isosurface volume""}, ""fchk"": ""/gs/bs/tga-ynabae/kikuchi/pka_prediction/data/benzoicacid_v2/formchk/sub_134.fchk"", ""geometric_sampling"": {""buried_center"": ""COOH carbon; reference COOH atoms excluded"", ""buried_radius_angstrom"": 3.5, ""buried_samples"": 32768, ""radii"": ""RDKit vdW"", ""sasa_points_per_atom"": 2000, ""sasa_probe_angstrom"": 1.4}, ""ignored_aliphatic_cooh_count"": 0, ""job_selection"": ""last normally terminated job only"", ""local_atom_indices_0based"": {""acidic_hydrogen"": 13, ""carbonyl_oxygen"": 0, ""carboxyl_carbon"": 1, ""hydroxyl_oxygen"": 2, ""ipso_carbon"": 3, ""meta_carbons"": [5, 10], ""ortho_carbons"": [4, 11], ""para_carbon"": 9, ""ring_atoms"": [3, 4, 5, 9, 10, 11], ""substituent_position_counts"": {""meta"": 1, ""ortho"": 1, ""para"": 0, ""total"": 2}, ""substituted_ring_carbons"": [5, 11]}, ""local_atom_indices_by_site_0based"": [{""acidic_hydrogen"": 13, ""carbonyl_oxygen"": 0, ""carboxyl_carbon"": 1, ""hydroxyl_oxygen"": 2, ""ipso_carbon"": 3, ""meta_carbons"": [5, 10], ""ortho_carbons"": [4, 11], ""para_carbon"": 9, ""ring_atoms"": [3, 4, 5, 9, 10, 11], ""substituent_position_counts"": {""meta"": 1, ""ortho"": 1, ""para"": 0, ""total"": 2}, ""substituted_ring_carbons"": [5, 11]}], ""log"": ""/gs/bs/tga-ynabae/kikuchi/pka_prediction/data/benzoicacid_v2/logfile/sub_134.log"", ""normal_modes"": {""aggregation"": ""mean of independently assigned harmonic-mode frequencies"", ""assignments"": {""co_double_stretch_frequency_cm1"": {""mode_index_0based"": 42, ""projection"": 0.5541105464075372, ""unscaled_cm1"": 1709.60471}, ""oh_stretch_frequency_cm1"": {""mode_index_0based"": 47, ""projection"": 1.1232393122442192, ""unscaled_cm1"": 3743.80853}}, ""assignments_by_site"": [{""assignments"": {""co_double_stretch_frequency_cm1"": {""mode_index_0based"": 42, ""projection"": 0.5541105464075372, ""unscaled_cm1"": 1709.60471}, ""oh_stretch_frequency_cm1"": {""mode_index_0based"": 47, ""projection"": 1.1232393122442192, ""unscaled_cm1"": 3743.80853}}, ""carboxyl_carbon_0based"": 1}], ""precision"": ""fchk"", ""scale"": 1.0}, ""npa_source"": ""selected final log combined-spin NPA table"", ""site_aggregation"": ""equal-weight arithmetic mean; all sites required""}"
135,O=C(O)c1cc2ccccc2cc1O,2.75,135,0.5276,-0.69413,-0.6869,0.83896,-0.21989,0.12655499999999997,-0.189305,-0.02752,0.7024,1.0844,1.6579,1.0182,0.0897175778805527,-0.07418788380791447,-7.409267297462664,-0.7472073353829304,6.662059962079734,4.706168946448035,214.20313833333333,0.026395525997605983,224.41275110318304,98.6060639721291,24.591064453125,0.9715589270687585,1.2153931765284354,1.3350719296003777,1.4832917428455932,26.638506519903252,3749.10695,1721.2511,complete,,{},"{""aromatic_cooh_site_count"": 1, ""density_surface"": {""density_cube"": ""/gs/bs/tga-ynabae/kikuchi/pka_prediction/data/benzoicacid_v2/density_cube/sub_135_density.cube"", ""esp_cube"": ""/gs/bs/tga-ynabae/kikuchi/pka_prediction/data/benzoicacid_v2/esp_cube/sub_135_esp.cube"", ""isovalue_e_bohr3"": 0.001, ""local_esp_radius_angstrom"": 2.0, ""local_issues_by_site"": [{}], ""local_values_by_site"": [{""esp_max_acidic_h_hartree_per_e"": 0.0897175778805527, ""esp_min_carbonyl_o_hartree_per_e"": -0.07418788380791447}], ""mpi"": ""arithmetic mean of absolute ESP over all grid-edge isosurface intersections"", ""surface_esp"": ""linear grid-edge crossing samples; nearest-nucleus local patches"", ""volume"": ""occupied density grid; discretized electron-density isosurface volume""}, ""fchk"": ""/gs/bs/tga-ynabae/kikuchi/pka_prediction/data/benzoicacid_v2/formchk/sub_135.fchk"", ""geometric_sampling"": {""buried_center"": ""COOH carbon; reference COOH atoms excluded"", ""buried_radius_angstrom"": 3.5, ""buried_samples"": 32768, ""radii"": ""RDKit vdW"", ""sasa_points_per_atom"": 2000, ""sasa_probe_angstrom"": 1.4}, ""ignored_aliphatic_cooh_count"": 0, ""job_selection"": ""last normally terminated job only"", ""local_atom_indices_0based"": {""acidic_hydrogen"": 14, ""carbonyl_oxygen"": 0, ""carboxyl_carbon"": 1, ""hydroxyl_oxygen"": 2, ""ipso_carbon"": 3, ""meta_carbons"": [5, 11], ""ortho_carbons"": [4, 12], ""para_carbon"": 10, ""ring_atoms"": [3, 4, 5, 10, 11, 12], ""substituent_position_counts"": {""meta"": 1, ""ortho"": 1, ""para"": 1, ""total"": 3}, ""substituted_ring_carbons"": [5, 10, 12]}, ""local_atom_indices_by_site_0based"": [{""acidic_hydrogen"": 14, ""carbonyl_oxygen"": 0, ""carboxyl_carbon"": 1, ""hydroxyl_oxygen"": 2, ""ipso_carbon"": 3, ""meta_carbons"": [5, 11], ""ortho_carbons"": [4, 12], ""para_carbon"": 10, ""ring_atoms"": [3, 4, 5, 10, 11, 12], ""substituent_position_counts"": {""meta"": 1, ""ortho"": 1, ""para"": 1, ""total"": 3}, ""substituted_ring_carbons"": [5, 10, 12]}], ""log"": ""/gs/bs/tga-ynabae/kikuchi/pka_prediction/data/benzoicacid_v2/logfile/sub_135.log"", ""normal_modes"": {""aggregation"": ""mean of independently assigned harmonic-mode frequencies"", ""assignments"": {""co_double_stretch_frequency_cm1"": {""mode_index_0based"": 51, ""projection"": 0.8485582437306675, ""unscaled_cm1"": 1721.2511}, ""oh_stretch_frequency_cm1"": {""mode_index_0based"": 58, ""projection"": 1.1222916768366027, ""unscaled_cm1"": 3749.10695}}, ""assignments_by_site"": [{""assignments"": {""co_double_stretch_frequency_cm1"": {""mode_index_0based"": 51, ""projection"": 0.8485582437306675, ""unscaled_cm1"": 1721.2511}, ""oh_stretch_frequency_cm1"": {""mode_index_0based"": 58, ""projection"": 1.1222916768366027, ""unscaled_cm1"": 3749.10695}}, ""carboxyl_carbon_0based"": 1}], ""precision"": ""fchk"", ""scale"": 1.0}, ""npa_source"": ""selected final log combined-spin NPA table"", ""site_aggregation"": ""equal-weight arithmetic mean; all sites required""}"
136,O=C(O)c1ccc(Br)c2ccccc12,3.37,136,0.53062,-0.69638,-0.67491,0.84026,-0.12913,-0.09415499999999999,-0.162375,-0.05986,0.6993,1.0837,1.6755,1.0001,0.10737507338514692,-0.06628187100974485,-7.751346912969911,-0.9249716072999693,6.826375305669942,2.865494963328719,228.56178,0.019570593652080907,241.4680991671195,95.4964370237896,26.1199951171875,0.9719779806982771,1.2132861665739623,1.3346147730605906,1.4884447811309334,40.4308001783751,3734.96944,1727.26843,complete,,{},"{""aromatic_cooh_site_count"": 1, ""density_surface"": {""density_cube"": ""/gs/bs/tga-ynabae/kikuchi/pka_prediction/data/benzoicacid_v2/density_cube/sub_136_density.cube"", ""esp_cube"": ""/gs/bs/tga-ynabae/kikuchi/pka_prediction/data/benzoicacid_v2/esp_cube/sub_136_esp.cube"", ""isovalue_e_bohr3"": 0.001, ""local_esp_radius_angstrom"": 2.0, ""local_issues_by_site"": [{}], ""local_values_by_site"": [{""esp_max_acidic_h_hartree_per_e"": 0.10737507338514692, ""esp_min_carbonyl_o_hartree_per_e"": -0.06628187100974485}], ""mpi"": ""arithmetic mean of absolute ESP over all grid-edge isosurface intersections"", ""surface_esp"": ""linear grid-edge crossing samples; nearest-nucleus local patches"", ""volume"": ""occupied density grid; discretized electron-density isosurface volume""}, ""fchk"": ""/gs/bs/tga-ynabae/kikuchi/pka_prediction/data/benzoicacid_v2/formchk/sub_136.fchk"", ""geometric_sampling"": {""buried_center"": ""COOH carbon; reference COOH atoms excluded"", ""buried_radius_angstrom"": 3.5, ""buried_samples"": 32768, ""radii"": ""RDKit vdW"", ""sasa_points_per_atom"": 2000, ""sasa_probe_angstrom"": 1.4}, ""ignored_aliphatic_cooh_count"": 0, ""job_selection"": ""last normally terminated job only"", ""local_atom_indices_0based"": {""acidic_hydrogen"": 14, ""carbonyl_oxygen"": 0, ""carboxyl_carbon"": 1, ""hydroxyl_oxygen"": 2, ""ipso_carbon"": 3, ""meta_carbons"": [5, 8], ""ortho_carbons"": [4, 13], ""para_carbon"": 6, ""ring_atoms"": [3, 4, 5, 6, 8, 13], ""substituent_position_counts"": {""meta"": 1, ""ortho"": 1, ""para"": 1, ""total"": 3}, ""substituted_ring_carbons"": [6, 8, 13]}, ""local_atom_indices_by_site_0based"": [{""acidic_hydrogen"": 14, ""carbonyl_oxygen"": 0, ""carboxyl_carbon"": 1, ""hydroxyl_oxygen"": 2, ""ipso_carbon"": 3, ""meta_carbons"": [5, 8], ""ortho_carbons"": [4, 13], ""para_carbon"": 6, ""ring_atoms"": [3, 4, 5, 6, 8, 13], ""substituent_position_counts"": {""meta"": 1, ""ortho"": 1, ""para"": 1, ""total"": 3}, ""substituted_ring_carbons"": [6, 8, 13]}], ""log"": ""/gs/bs/tga-ynabae/kikuchi/pka_prediction/data/benzoicacid_v2/logfile/sub_136.log"", ""normal_modes"": {""aggregation"": ""mean of independently assigned harmonic-mode frequencies"", ""assignments"": {""co_double_stretch_frequency_cm1"": {""mode_index_0based"": 49, ""projection"": 1.3693163175344256, ""unscaled_cm1"": 1727.26843}, ""oh_stretch_frequency_cm1"": {""mode_index_0based"": 56, ""projection"": 1.1229213048986588, ""unscaled_cm1"": 3734.96944}}, ""assignments_by_site"": [{""assignments"": {""co_double_stretch_frequency_cm1"": {""mode_index_0based"": 49, ""projection"": 1.3693163175344256, ""unscaled_cm1"": 1727.26843}, ""oh_stretch_frequency_cm1"": {""mode_index_0based"": 56, ""projection"": 1.1229213048986588, ""unscaled_cm1"": 3734.96944}}, ""carboxyl_carbon_0based"": 1}], ""precision"": ""fchk"", ""scale"": 1.0}, ""npa_source"": ""selected final log combined-spin NPA table"", ""site_aggregation"": ""equal-weight arithmetic mean; all sites required""}"
137,O=C(O)c1ccc(Br)cc1,3.963,137,0.53072,-0.70188,-0.67983,0.83461,-0.17949,-0.14679,-0.2406,-0.0841,0.7009,1.077,1.6646,1.0174,0.10543075212098266,-0.0643351390335739,-8.565171283853479,-0.6826577856344602,7.882513498219019,2.269920239816371,148.82335450000002,0.018593401871350862,183.7008403859369,102.54525987657554,22.9217529296875,0.970947044023656,1.2138175115120153,1.3368936582432842,1.481820684304351,0.005131852291245932,3753.82577,1731.32983,complete,,{},"{""aromatic_cooh_site_count"": 1, ""density_surface"": {""density_cube"": ""/gs/bs/tga-ynabae/kikuchi/pka_prediction/data/benzoicacid_v2/density_cube/sub_137_density.cube"", ""esp_cube"": ""/gs/bs/tga-ynabae/kikuchi/pka_prediction/data/benzoicacid_v2/esp_cube/sub_137_esp.cube"", ""isovalue_e_bohr3"": 0.001, ""local_esp_radius_angstrom"": 2.0, ""local_issues_by_site"": [{}], ""local_values_by_site"": [{""esp_max_acidic_h_hartree_per_e"": 0.10543075212098266, ""esp_min_carbonyl_o_hartree_per_e"": -0.0643351390335739}], ""mpi"": ""arithmetic mean of absolute ESP over all grid-edge isosurface intersections"", ""surface_esp"": ""linear grid-edge crossing samples; nearest-nucleus local patches"", ""volume"": ""occupied density grid; discretized electron-density isosurface volume""}, ""fchk"": ""/gs/bs/tga-ynabae/kikuchi/pka_prediction/data/benzoicacid_v2/formchk/sub_137.fchk"", ""geometric_sampling"": {""buried_center"": ""COOH carbon; reference COOH atoms excluded"", ""buried_radius_angstrom"": 3.5, ""buried_samples"": 32768, ""radii"": ""RDKit vdW"", ""sasa_points_per_atom"": 2000, ""sasa_probe_angstrom"": 1.4}, ""ignored_aliphatic_cooh_count"": 0, ""job_selection"": ""last normally terminated job only"", ""local_atom_indices_0based"": {""acidic_hydrogen"": 10, ""carbonyl_oxygen"": 0, ""carboxyl_carbon"": 1, ""hydroxyl_oxygen"": 2, ""ipso_carbon"": 3, ""meta_carbons"": [5, 8], ""ortho_carbons"": [4, 9], ""para_carbon"": 6, ""ring_atoms"": [3, 4, 5, 6, 8, 9], ""substituent_position_counts"": {""meta"": 0, ""ortho"": 0, ""para"": 1, ""total"": 1}, ""substituted_ring_carbons"": [6]}, ""local_atom_indices_by_site_0based"": [{""acidic_hydrogen"": 10, ""carbonyl_oxygen"": 0, ""carboxyl_carbon"": 1, ""hydroxyl_oxygen"": 2, ""ipso_carbon"": 3, ""meta_carbons"": [5, 8], ""ortho_carbons"": [4, 9], ""para_carbon"": 6, ""ring_atoms"": [3, 4, 5, 6, 8, 9], ""substituent_position_counts"": {""meta"": 0, ""ortho"": 0, ""para"": 1, ""total"": 1}, ""substituted_ring_carbons"": [6]}], ""log"": ""/gs/bs/tga-ynabae/kikuchi/pka_prediction/data/benzoicacid_v2/logfile/sub_137.log"", ""normal_modes"": {""aggregation"": ""mean of independently assigned harmonic-mode frequencies"", ""assignments"": {""co_double_stretch_frequency_cm1"": {""mode_index_0based"": 33, ""projection"": 1.3272241559873705, ""unscaled_cm1"": 1731.32983}, ""oh_stretch_frequency_cm1"": {""mode_index_0based"": 38, ""projection"": 1.1233127921356945, ""unscaled_cm1"": 3753.82577}}, ""assignments_by_site"": [{""assignments"": {""co_double_stretch_frequency_cm1"": {""mode_index_0based"": 33, ""projection"": 1.3272241559873705, ""unscaled_cm1"": 1731.32983}, ""oh_stretch_frequency_cm1"": {""mode_index_0based"": 38, ""projection"": 1.1233127921356945, ""unscaled_cm1"": 3753.82577}}, ""carboxyl_carbon_0based"": 1}], ""precision"": ""fchk"", ""scale"": 1.0}, ""npa_source"": ""selected final log combined-spin NPA table"", ""site_aggregation"": ""equal-weight arithmetic mean; all sites required""}"
138,O=C(O)c1ccc(Br)cc1C(=O)O,2.5,138,0.5324500000000001,-0.6928099999999999,-0.658855,0.840545,-0.115545,-0.14528249999999998,-0.16283,-0.15064,0.6980999999999999,1.0902500000000002,1.6894,0.987,0.10424717249652857,-0.07636374649937437,-8.676335946441633,-0.89057338917889,7.785762557262741,2.6742105804625957,174.24867066666664,0.026690495005060842,218.67344835036866,92.22317236810622,27.86712646484375,0.9721123153958093,1.2098524965428312,1.332756418894276,1.490794369319071,41.8589395567057,3736.2546,1751.55159,complete,,{},"{""aromatic_cooh_site_count"": 2, ""density_surface"": {""density_cube"": ""/gs/bs/tga-ynabae/kikuchi/pka_prediction/data/benzoicacid_v2/density_cube/sub_138_density.cube"", ""esp_cube"": ""/gs/bs/tga-ynabae/kikuchi/pka_prediction/data/benzoicacid_v2/esp_cube/sub_138_esp.cube"", ""isovalue_e_bohr3"": 0.001, ""local_esp_radius_angstrom"": 2.0, ""local_issues_by_site"": [{}, {}], ""local_values_by_site"": [{""esp_max_acidic_h_hartree_per_e"": 0.10415928410057411, ""esp_min_carbonyl_o_hartree_per_e"": -0.07631876645665323}, {""esp_max_acidic_h_hartree_per_e"": 0.10433506089248301, ""esp_min_carbonyl_o_hartree_per_e"": -0.07640872654209552}], ""mpi"": ""arithmetic mean of absolute ESP over all grid-edge isosurface intersections"", ""surface_esp"": ""linear grid-edge crossing samples; nearest-nucleus local patches"", ""volume"": ""occupied density grid; discretized electron-density isosurface volume""}, ""fchk"": ""/gs/bs/tga-ynabae/kikuchi/pka_prediction/data/benzoicacid_v2/formchk/sub_138.fchk"", ""geometric_sampling"": {""buried_center"": ""COOH carbon; reference COOH atoms excluded"", ""buried_radius_angstrom"": 3.5, ""buried_samples"": 32768, ""radii"": ""RDKit vdW"", ""sasa_points_per_atom"": 2000, ""sasa_probe_angstrom"": 1.4}, ""ignored_aliphatic_cooh_count"": 0, ""job_selection"": ""last normally terminated job only"", ""local_atom_indices_by_site_0based"": [{""acidic_hydrogen"": 13, ""carbonyl_oxygen"": 0, ""carboxyl_carbon"": 1, ""hydroxyl_oxygen"": 2, ""ipso_carbon"": 3, ""meta_carbons"": [5, 8], ""ortho_carbons"": [4, 9], ""para_carbon"": 6, ""ring_atoms"": [3, 4, 5, 6, 8, 9], ""substituent_position_counts"": {""meta"": 0, ""ortho"": 1, ""para"": 1, ""total"": 2}, ""substituted_ring_carbons"": [6, 9]}, {""acidic_hydrogen"": 17, ""carbonyl_oxygen"": 11, ""carboxyl_carbon"": 10, ""hydroxyl_oxygen"": 12, ""ipso_carbon"": 9, ""meta_carbons"": [4, 6], ""ortho_carbons"": [3, 8], ""para_carbon"": 5, ""ring_atoms"": [3, 4, 5, 6, 8, 9], ""substituent_position_counts"": {""meta"": 1, ""ortho"": 1, ""para"": 0, ""total"": 2}, ""substituted_ring_carbons"": [3, 6]}], ""log"": ""/gs/bs/tga-ynabae/kikuchi/pka_prediction/data/benzoicacid_v2/logfile/sub_138.log"", ""normal_modes"": {""aggregation"": ""mean of independently assigned harmonic-mode frequencies"", ""assignments_by_site"": [{""assignments"": {""co_double_stretch_frequency_cm1"": {""mode_index_0based"": 41, ""projection"": 0.8942697619668889, ""unscaled_cm1"": 1746.29168}, ""oh_stretch_frequency_cm1"": {""mode_index_0based"": 47, ""projection"": 1.119963790986556, ""unscaled_cm1"": 3737.37281}}, ""carboxyl_carbon_0based"": 1}, {""assignments"": {""co_double_stretch_frequency_cm1"": {""mode_index_0based"": 42, ""projection"": 0.9249869209880927, ""unscaled_cm1"": 1756.8115}, ""oh_stretch_frequency_cm1"": {""mode_index_0based"": 46, ""projection"": 1.1200215028400735, ""unscaled_cm1"": 3735.13639}}, ""carboxyl_carbon_0based"": 10}], ""precision"": ""fchk"", ""scale"": 1.0}, ""npa_source"": ""selected final log combined-spin NPA table"", ""site_aggregation"": ""equal-weight arithmetic mean; all sites required""}"
139,O=C(O)c1ccc(Br)cc1O,2.669,139,0.52733,-0.69286,-0.69143,0.83586,-0.23901,0.13464,-0.295395,-0.06302,0.7024,1.0844,1.6474,1.0291,0.09275348103134999,-0.06928913494132011,-8.250072791841808,-0.6208211349028335,7.629251656938974,3.711492220104221,158.08470093333332,0.02353518948012603,193.15545685237663,97.76422709670992,24.4720458984375,0.9714420036834769,1.2163583439392867,1.3348650934776356,1.4814051177077494,7.554756254398794,3748.17372,1706.29485,complete,,{},"{""aromatic_cooh_site_count"": 1, ""density_surface"": {""density_cube"": ""/gs/bs/tga-ynabae/kikuchi/pka_prediction/data/benzoicacid_v2/density_cube/sub_139_density.cube"", ""esp_cube"": ""/gs/bs/tga-ynabae/kikuchi/pka_prediction/data/benzoicacid_v2/esp_cube/sub_139_esp.cube"", ""isovalue_e_bohr3"": 0.001, ""local_esp_radius_angstrom"": 2.0, ""local_issues_by_site"": [{}], ""local_values_by_site"": [{""esp_max_acidic_h_hartree_per_e"": 0.09275348103134999, ""esp_min_carbonyl_o_hartree_per_e"": -0.06928913494132011}], ""mpi"": ""arithmetic mean of absolute ESP over all grid-edge isosurface intersections"", ""surface_esp"": ""linear grid-edge crossing samples; nearest-nucleus local patches"", ""volume"": ""occupied density grid; discretized electron-density isosurface volume""}, ""fchk"": ""/gs/bs/tga-ynabae/kikuchi/pka_prediction/data/benzoicacid_v2/formchk/sub_139.fchk"", ""geometric_sampling"": {""buried_center"": ""COOH carbon; reference COOH atoms excluded"", ""buried_radius_angstrom"": 3.5, ""buried_samples"": 32768, ""radii"": ""RDKit vdW"", ""sasa_points_per_atom"": 2000, ""sasa_probe_angstrom"": 1.4}, ""ignored_aliphatic_cooh_count"": 0, ""job_selection"": ""last normally terminated job only"", ""local_atom_indices_0based"": {""acidic_hydrogen"": 11, ""carbonyl_oxygen"": 0, ""carboxyl_carbon"": 1, ""hydroxyl_oxygen"": 2, ""ipso_carbon"": 3, ""meta_carbons"": [5, 8], ""ortho_carbons"": [4, 9], ""para_carbon"": 6, ""ring_atoms"": [3, 4, 5, 6, 8, 9], ""substituent_position_counts"": {""meta"": 0, ""ortho"": 1, ""para"": 1, ""total"": 2}, ""substituted_ring_carbons"": [6, 9]}, ""local_atom_indices_by_site_0based"": [{""acidic_hydrogen"": 11, ""carbonyl_oxygen"": 0, ""carboxyl_carbon"": 1, ""hydroxyl_oxygen"": 2, ""ipso_carbon"": 3, ""meta_carbons"": [5, 8], ""ortho_carbons"": [4, 9], ""para_carbon"": 6, ""ring_atoms"": [3, 4, 5, 6, 8, 9], ""substituent_position_counts"": {""meta"": 0, ""ortho"": 1, ""para"": 1, ""total"": 2}, ""substituted_ring_carbons"": [6, 9]}], ""log"": ""/gs/bs/tga-ynabae/kikuchi/pka_prediction/data/benzoicacid_v2/logfile/sub_139.log"", ""normal_modes"": {""aggregation"": ""mean of independently assigned harmonic-mode frequencies"", ""assignments"": {""co_double_stretch_frequency_cm1"": {""mode_index_0based"": 36, ""projection"": 1.2913543888266301, ""unscaled_cm1"": 1706.29485}, ""oh_stretch_frequency_cm1"": {""mode_index_0based"": 40, ""projection"": 1.1225117811522412, ""unscaled_cm1"": 3748.17372}}, ""assignments_by_site"": [{""assignments"": {""co_double_stretch_frequency_cm1"": {""mode_index_0based"": 36, ""projection"": 1.2913543888266301, ""unscaled_cm1"": 1706.29485}, ""oh_stretch_frequency_cm1"": {""mode_index_0based"": 40, ""projection"": 1.1225117811522412, ""unscaled_cm1"": 3748.17372}}, ""carboxyl_carbon_0based"": 1}], ""precision"": ""fchk"", ""scale"": 1.0}, ""npa_source"": ""selected final log combined-spin NPA table"", ""site_aggregation"": ""equal-weight arithmetic mean; all sites required""}"
140,O=C(O)c1ccc(C(=O)O)c(C(=O)O)c1,2.5300000000000002,140,0.53269,-0.6942433333333334,-0.6632766666666666,0.8404666666666666,-0.12821333333333332,-0.1260433333333333,-0.15554666666666667,-0.11719666666666666,0.6980333333333334,1.0880666666666667,1.6815333333333333,0.9922333333333334,0.10789009575600277,-0.06861370383916815,-9.20314620725306,-1.0707380509474302,8.13240815630563,4.276152840401063,174.785574,0.03032422635050027,224.75326942454657,95.24197325483658,26.359049479166668,0.9718306144875622,1.2109733228130786,1.332483321946122,1.489473661532007,29.30655957369284,3742.280893333333,1747.58309,complete,,{},"{""aromatic_cooh_site_count"": 3, ""density_surface"": {""density_cube"": ""/gs/bs/tga-ynabae/kikuchi/pka_prediction/data/benzoicacid_v2/density_cube/sub_140_density.cube"", ""esp_cube"": ""/gs/bs/tga-ynabae/kikuchi/pka_prediction/data/benzoicacid_v2/esp_cube/sub_140_esp.cube"", ""isovalue_e_bohr3"": 0.001, ""local_esp_radius_angstrom"": 2.0, ""local_issues_by_site"": [{}, {}, {}], ""local_values_by_site"": [{""esp_max_acidic_h_hartree_per_e"": 0.11205184460361782, ""esp_min_carbonyl_o_hartree_per_e"": -0.057999169466107954}, {""esp_max_acidic_h_hartree_per_e"": 0.09912528015992489, ""esp_min_carbonyl_o_hartree_per_e"": -0.07540953427501862}, {""esp_max_acidic_h_hartree_per_e"": 0.11249316250446555, ""esp_min_carbonyl_o_hartree_per_e"": -0.07243240777637788}], ""mpi"": ""arithmetic mean of absolute ESP over all grid-edge isosurface intersections"", ""surface_esp"": ""linear grid-edge crossing samples; nearest-nucleus local patches"", ""volume"": ""occupied density grid; discretized electron-density isosurface volume""}, ""fchk"": ""/gs/bs/tga-ynabae/kikuchi/pka_prediction/data/benzoicacid_v2/formchk/sub_140.fchk"", ""geometric_sampling"": {""buried_center"": ""COOH carbon; reference COOH atoms excluded"", ""buried_radius_angstrom"": 3.5, ""buried_samples"": 32768, ""radii"": ""RDKit vdW"", ""sasa_points_per_atom"": 2000, ""sasa_probe_angstrom"": 1.4}, ""ignored_aliphatic_cooh_count"": 0, ""job_selection"": ""last normally terminated job only"", ""local_atom_indices_by_site_0based"": [{""acidic_hydrogen"": 15, ""carbonyl_oxygen"": 0, ""carboxyl_carbon"": 1, ""hydroxyl_oxygen"": 2, ""ipso_carbon"": 3, ""meta_carbons"": [5, 10], ""ortho_carbons"": [4, 14], ""para_carbon"": 6, ""ring_atoms"": [3, 4, 5, 6, 10, 14], ""substituent_position_counts"": {""meta"": 1, ""ortho"": 0, ""para"": 1, ""total"": 2}, ""substituted_ring_carbons"": [6, 10]}, {""acidic_hydrogen"": 18, ""carbonyl_oxygen"": 8, ""carboxyl_carbon"": 7, ""hydroxyl_oxygen"": 9, ""ipso_carbon"": 6, ""meta_carbons"": [4, 14], ""ortho_carbons"": [5, 10], ""para_carbon"": 3, ""ring_atoms"": [3, 4, 5, 6, 10, 14], ""substituent_position_counts"": {""meta"": 0, ""ortho"": 1, ""para"": 1, ""total"": 2}, ""substituted_ring_carbons"": [3, 10]}, {""acidic_hydrogen"": 19, ""carbonyl_oxygen"": 12, ""carboxyl_carbon"": 11, ""hydroxyl_oxygen"": 13, ""ipso_carbon"": 10, ""meta_carbons"": [3, 5], ""ortho_carbons"": [6, 14], ""para_carbon"": 4, ""ring_atoms"": [3, 4, 5, 6, 10, 14], ""substituent_position_counts"": {""meta"": 1, ""ortho"": 1, ""para"": 0, ""total"": 2}, ""substituted_ring_carbons"": [3, 6]}], ""log"": ""/gs/bs/tga-ynabae/kikuchi/pka_prediction/data/benzoicacid_v2/logfile/sub_140.log"", ""normal_modes"": {""aggregation"": ""mean of independently assigned harmonic-mode frequencies"", ""assignments_by_site"": [{""assignments"": {""co_double_stretch_frequency_cm1"": {""mode_index_0based"": 48, ""projection"": 0.9882702036960348, ""unscaled_cm1"": 1735.91587}, ""oh_stretch_frequency_cm1"": {""mode_index_0based"": 56, ""projection"": 1.1220527982079453, ""unscaled_cm1"": 3754.61943}}, ""carboxyl_carbon_0based"": 1}, {""assignments"": {""co_double_stretch_frequency_cm1"": {""mode_index_0based"": 50, ""projection"": 1.331578364795397, ""unscaled_cm1"": 1760.43624}, ""oh_stretch_frequency_cm1"": {""mode_index_0based"": 54, ""projection"": 1.1226474072171093, ""unscaled_cm1"": 3729.2544}}, ""carboxyl_carbon_0based"": 7}, {""assignments"": {""co_double_stretch_frequency_cm1"": {""mode_index_0based"": 49, ""projection"": 1.0547752060752287, ""unscaled_cm1"": 1746.39716}, ""oh_stretch_frequency_cm1"": {""mode_index_0based"": 55, ""projection"": 1.123312505988972, ""unscaled_cm1"": 3742.96885}}, ""carboxyl_carbon_0based"": 11}], ""precision"": ""fchk"", ""scale"": 1.0}, ""npa_source"": ""selected final log combined-spin NPA table"", ""site_aggregation"": ""equal-weight arithmetic mean; all sites required""}"
141,O=C(O)c1ccc(C2CC2)cc1,4.44,141,0.52802,-0.70727,-0.69259,0.83296,-0.20465,-0.15558,-0.22728500000000001,0.00999,0.7037,1.0684,1.6504,1.0328,0.09399985836246277,-0.07506501533267862,-8.099836088873241,-0.4499742613199714,7.649861827553269,4.104920287559013,177.32210199999997,0.02162148483163088,211.94832307784424,103.13292619835606,22.8057861328125,0.9706867306868496,1.2165903426668618,1.340794211016656,1.4748349491670851,0.05970962493626517,3757.13829,1715.68923,complete,,{},"{""aromatic_cooh_site_count"": 1, ""density_surface"": {""density_cube"": ""/gs/bs/tga-ynabae/kikuchi/pka_prediction/data/benzoicacid_v2/density_cube/sub_141_density.cube"", ""esp_cube"": ""/gs/bs/tga-ynabae/kikuchi/pka_prediction/data/benzoicacid_v2/esp_cube/sub_141_esp.cube"", ""isovalue_e_bohr3"": 0.001, ""local_esp_radius_angstrom"": 2.0, ""local_issues_by_site"": [{}], ""local_values_by_site"": [{""esp_max_acidic_h_hartree_per_e"": 0.09399985836246277, ""esp_min_carbonyl_o_hartree_per_e"": -0.07506501533267862}], ""mpi"": ""arithmetic mean of absolute ESP over all grid-edge isosurface intersections"", ""surface_esp"": ""linear grid-edge crossing samples; nearest-nucleus local patches"", ""volume"": ""occupied density grid; discretized electron-density isosurface volume""}, ""fchk"": ""/gs/bs/tga-ynabae/kikuchi/pka_prediction/data/benzoicacid_v2/formchk/sub_141.fchk"", ""geometric_sampling"": {""buried_center"": ""COOH carbon; reference COOH atoms excluded"", ""buried_radius_angstrom"": 3.5, ""buried_samples"": 32768, ""radii"": ""RDKit vdW"", ""sasa_points_per_atom"": 2000, ""sasa_probe_angstrom"": 1.4}, ""ignored_aliphatic_cooh_count"": 0, ""job_selection"": ""last normally terminated job only"", ""local_atom_indices_0based"": {""acidic_hydrogen"": 12, ""carbonyl_oxygen"": 0, ""carboxyl_carbon"": 1, ""hydroxyl_oxygen"": 2, ""ipso_carbon"": 3, ""meta_carbons"": [5, 10], ""ortho_carbons"": [4, 11], ""para_carbon"": 6, ""ring_atoms"": [3, 4, 5, 6, 10, 11], ""substituent_position_counts"": {""meta"": 0, ""ortho"": 0, ""para"": 1, ""total"": 1}, ""substituted_ring_carbons"": [6]}, ""local_atom_indices_by_site_0based"": [{""acidic_hydrogen"": 12, ""carbonyl_oxygen"": 0, ""carboxyl_carbon"": 1, ""hydroxyl_oxygen"": 2, ""ipso_carbon"": 3, ""meta_carbons"": [5, 10], ""ortho_carbons"": [4, 11], ""para_carbon"": 6, ""ring_atoms"": [3, 4, 5, 6, 10, 11], ""substituent_position_counts"": {""meta"": 0, ""ortho"": 0, ""para"": 1, ""total"": 1}, ""substituted_ring_carbons"": [6]}], ""log"": ""/gs/bs/tga-ynabae/kikuchi/pka_prediction/data/benzoicacid_v2/logfile/sub_141.log"", ""normal_modes"": {""aggregation"": ""mean of independently assigned harmonic-mode frequencies"", ""assignments"": {""co_double_stretch_frequency_cm1"": {""mode_index_0based"": 49, ""projection"": 1.210662404668566, ""unscaled_cm1"": 1715.68923}, ""oh_stretch_frequency_cm1"": {""mode_index_0based"": 59, ""projection"": 1.1231531841203233, ""unscaled_cm1"": 3757.13829}}, ""assignments_by_site"": [{""assignments"": {""co_double_stretch_frequency_cm1"": {""mode_index_0based"": 49, ""projection"": 1.210662404668566, ""unscaled_cm1"": 1715.68923}, ""oh_stretch_frequency_cm1"": {""mode_index_0based"": 59, ""projection"": 1.1231531841203233, ""unscaled_cm1"": 3757.13829}}, ""carboxyl_carbon_0based"": 1}], ""precision"": ""fchk"", ""scale"": 1.0}, ""npa_source"": ""selected final log combined-spin NPA table"", ""site_aggregation"": ""equal-weight arithmetic mean; all sites required""}"
142,O=C(O)c1ccc(C=C[N+](=O)[O-])cc1,3.94,142,0.53055,-0.70128,-0.67965,0.83339,-0.16562,-0.164705,-0.179845,-0.07631,0.7011,1.0775,1.6645,1.0167,0.10382285210377508,-0.06429271108893873,-8.630406446247527,-1.9566387063224364,6.673767739925091,4.829696062908587,195.15289066666665,0.03163616384113531,223.07348577110815,102.60484018125088,22.8759765625,0.9710871140142671,1.2139886085033493,1.3368325413423408,1.4824658993184165,0.6192252594241578,3749.45534,1732.2188,complete,,{},"{""aromatic_cooh_site_count"": 1, ""density_surface"": {""density_cube"": ""/gs/bs/tga-ynabae/kikuchi/pka_prediction/data/benzoicacid_v2/density_cube/sub_142_density.cube"", ""esp_cube"": ""/gs/bs/tga-ynabae/kikuchi/pka_prediction/data/benzoicacid_v2/esp_cube/sub_142_esp.cube"", ""isovalue_e_bohr3"": 0.001, ""local_esp_radius_angstrom"": 2.0, ""local_issues_by_site"": [{}], ""local_values_by_site"": [{""esp_max_acidic_h_hartree_per_e"": 0.10382285210377508, ""esp_min_carbonyl_o_hartree_per_e"": -0.06429271108893873}], ""mpi"": ""arithmetic mean of absolute ESP over all grid-edge isosurface intersections"", ""surface_esp"": ""linear grid-edge crossing samples; nearest-nucleus local patches"", ""volume"": ""occupied density grid; discretized electron-density isosurface volume""}, ""fchk"": ""/gs/bs/tga-ynabae/kikuchi/pka_prediction/data/benzoicacid_v2/formchk/sub_142.fchk"", ""geometric_sampling"": {""buried_center"": ""COOH carbon; reference COOH atoms excluded"", ""buried_radius_angstrom"": 3.5, ""buried_samples"": 32768, ""radii"": ""RDKit vdW"", ""sasa_points_per_atom"": 2000, ""sasa_probe_angstrom"": 1.4}, ""ignored_aliphatic_cooh_count"": 0, ""job_selection"": ""last normally terminated job only"", ""local_atom_indices_0based"": {""acidic_hydrogen"": 14, ""carbonyl_oxygen"": 0, ""carboxyl_carbon"": 1, ""hydroxyl_oxygen"": 2, ""ipso_carbon"": 3, ""meta_carbons"": [5, 12], ""ortho_carbons"": [4, 13], ""para_carbon"": 6, ""ring_atoms"": [3, 4, 5, 6, 12, 13], ""substituent_position_counts"": {""meta"": 0, ""ortho"": 0, ""para"": 1, ""total"": 1}, ""substituted_ring_carbons"": [6]}, ""local_atom_indices_by_site_0based"": [{""acidic_hydrogen"": 14, ""carbonyl_oxygen"": 0, ""carboxyl_carbon"": 1, ""hydroxyl_oxygen"": 2, ""ipso_carbon"": 3, ""meta_carbons"": [5, 12], ""ortho_carbons"": [4, 13], ""para_carbon"": 6, ""ring_atoms"": [3, 4, 5, 6, 12, 13], ""substituent_position_counts"": {""meta"": 0, ""ortho"": 0, ""para"": 1, ""total"": 1}, ""substituted_ring_carbons"": [6]}], ""log"": ""/gs/bs/tga-ynabae/kikuchi/pka_prediction/data/benzoicacid_v2/logfile/sub_142.log"", ""normal_modes"": {""aggregation"": ""mean of independently assigned harmonic-mode frequencies"", ""assignments"": {""co_double_stretch_frequency_cm1"": {""mode_index_0based"": 49, ""projection"": 0.8825337808524202, ""unscaled_cm1"": 1732.2188}, ""oh_stretch_frequency_cm1"": {""mode_index_0based"": 56, ""projection"": 1.1231119449129825, ""unscaled_cm1"": 3749.45534}}, ""assignments_by_site"": [{""assignments"": {""co_double_stretch_frequency_cm1"": {""mode_index_0based"": 49, ""projection"": 0.8825337808524202, ""unscaled_cm1"": 1732.2188}, ""oh_stretch_frequency_cm1"": {""mode_index_0based"": 56, ""projection"": 1.1231119449129825, ""unscaled_cm1"": 3749.45534}}, ""carboxyl_carbon_0based"": 1}], ""precision"": ""fchk"", ""scale"": 1.0}, ""npa_source"": ""selected final log combined-spin NPA table"", ""site_aggregation"": ""equal-weight arithmetic mean; all sites required""}"
143,O=C(O)c1ccc(Cl)c(Cl)c1,3.64,143,0.53258,-0.69965,-0.67325,0.83586,-0.15999,-0.15736,-0.14599499999999999,-0.0468,0.699,1.0808,1.6703,1.0117,0.11053169121643498,-0.05863704464742259,-8.688537096652153,-0.7978529388883188,7.890684157763835,1.3027774252551805,153.34943406666667,0.018376975455517516,197.13890120945692,102.41734993168463,22.8668212890625,0.9716583704940945,1.2127248632841712,1.3351096882343052,1.483752544038907,7.093518109972344e-05,3751.9941,1736.12874,complete,,{},"{""aromatic_cooh_site_count"": 1, ""density_surface"": {""density_cube"": ""/gs/bs/tga-ynabae/kikuchi/pka_prediction/data/benzoicacid_v2/density_cube/sub_143_density.cube"", ""esp_cube"": ""/gs/bs/tga-ynabae/kikuchi/pka_prediction/data/benzoicacid_v2/esp_cube/sub_143_esp.cube"", ""isovalue_e_bohr3"": 0.001, ""local_esp_radius_angstrom"": 2.0, ""local_issues_by_site"": [{}], ""local_values_by_site"": [{""esp_max_acidic_h_hartree_per_e"": 0.11053169121643498, ""esp_min_carbonyl_o_hartree_per_e"": -0.05863704464742259}], ""mpi"": ""arithmetic mean of absolute ESP over all grid-edge isosurface intersections"", ""surface_esp"": ""linear grid-edge crossing samples; nearest-nucleus local patches"", ""volume"": ""occupied density grid; discretized electron-density isosurface volume""}, ""fchk"": ""/gs/bs/tga-ynabae/kikuchi/pka_prediction/data/benzoicacid_v2/formchk/sub_143.fchk"", ""geometric_sampling"": {""buried_center"": ""COOH carbon; reference COOH atoms excluded"", ""buried_radius_angstrom"": 3.5, ""buried_samples"": 32768, ""radii"": ""RDKit vdW"", ""sasa_points_per_atom"": 2000, ""sasa_probe_angstrom"": 1.4}, ""ignored_aliphatic_cooh_count"": 0, ""job_selection"": ""last normally terminated job only"", ""local_atom_indices_0based"": {""acidic_hydrogen"": 11, ""carbonyl_oxygen"": 0, ""carboxyl_carbon"": 1, ""hydroxyl_oxygen"": 2, ""ipso_carbon"": 3, ""meta_carbons"": [5, 8], ""ortho_carbons"": [4, 10], ""para_carbon"": 6, ""ring_atoms"": [3, 4, 5, 6, 8, 10], ""substituent_position_counts"": {""meta"": 1, ""ortho"": 0, ""para"": 1, ""total"": 2}, ""substituted_ring_carbons"": [6, 8]}, ""local_atom_indices_by_site_0based"": [{""acidic_hydrogen"": 11, ""carbonyl_oxygen"": 0, ""carboxyl_carbon"": 1, ""hydroxyl_oxygen"": 2, ""ipso_carbon"": 3, ""meta_carbons"": [5, 8], ""ortho_carbons"": [4, 10], ""para_carbon"": 6, ""ring_atoms"": [3, 4, 5, 6, 8, 10], ""substituent_position_counts"": {""meta"": 1, ""ortho"": 0, ""para"": 1, ""total"": 2}, ""substituted_ring_carbons"": [6, 8]}], ""log"": ""/gs/bs/tga-ynabae/kikuchi/pka_prediction/data/benzoicacid_v2/logfile/sub_143.log"", ""normal_modes"": {""aggregation"": ""mean of independently assigned harmonic-mode frequencies"", ""assignments"": {""co_double_stretch_frequency_cm1"": {""mode_index_0based"": 34, ""projection"": 1.3589361622235372, ""unscaled_cm1"": 1736.12874}, ""oh_stretch_frequency_cm1"": {""mode_index_0based"": 38, ""projection"": 1.1222777666683257, ""unscaled_cm1"": 3751.9941}}, ""assignments_by_site"": [{""assignments"": {""co_double_stretch_frequency_cm1"": {""mode_index_0based"": 34, ""projection"": 1.3589361622235372, ""unscaled_cm1"": 1736.12874}, ""oh_stretch_frequency_cm1"": {""mode_index_0based"": 38, ""projection"": 1.1222777666683257, ""unscaled_cm1"": 3751.9941}}, ""carboxyl_carbon_0based"": 1}], ""precision"": ""fchk"", ""scale"": 1.0}, ""npa_source"": ""selected final log combined-spin NPA table"", ""site_aggregation"": ""equal-weight arithmetic mean; all sites required""}"
144,O=C(O)c1ccc(Cl)c2ccccc12,3.36,144,0.5305,-0.6977,-0.67724,0.83913,-0.17761,-0.03313499999999999,-0.183025,0.00905,0.6994,1.0826,1.6731,1.0036,0.10718668875816288,-0.06644659992531998,-7.756903777366589,-0.9168070267788415,6.840096750587748,2.85486296656713,218.09256800000003,0.019707374074189748,234.39093961314768,95.07530652857588,26.0498046875,0.9718643436612984,1.213652919396991,1.334992872486408,1.4879061190830958,38.44529131514309,3739.30263,1725.78,complete,,{},"{""aromatic_cooh_site_count"": 1, ""density_surface"": {""density_cube"": ""/gs/bs/tga-ynabae/kikuchi/pka_prediction/data/benzoicacid_v2/density_cube/sub_144_density.cube"", ""esp_cube"": ""/gs/bs/tga-ynabae/kikuchi/pka_prediction/data/benzoicacid_v2/esp_cube/sub_144_esp.cube"", ""isovalue_e_bohr3"": 0.001, ""local_esp_radius_angstrom"": 2.0, ""local_issues_by_site"": [{}], ""local_values_by_site"": [{""esp_max_acidic_h_hartree_per_e"": 0.10718668875816288, ""esp_min_carbonyl_o_hartree_per_e"": -0.06644659992531998}], ""mpi"": ""arithmetic mean of absolute ESP over all grid-edge isosurface intersections"", ""surface_esp"": ""linear grid-edge crossing samples; nearest-nucleus local patches"", ""volume"": ""occupied density grid; discretized electron-density isosurface volume""}, ""fchk"": ""/gs/bs/tga-ynabae/kikuchi/pka_prediction/data/benzoicacid_v2/formchk/sub_144.fchk"", ""geometric_sampling"": {""buried_center"": ""COOH carbon; reference COOH atoms excluded"", ""buried_radius_angstrom"": 3.5, ""buried_samples"": 32768, ""radii"": ""RDKit vdW"", ""sasa_points_per_atom"": 2000, ""sasa_probe_angstrom"": 1.4}, ""ignored_aliphatic_cooh_count"": 0, ""job_selection"": ""last normally terminated job only"", ""local_atom_indices_0based"": {""acidic_hydrogen"": 14, ""carbonyl_oxygen"": 0, ""carboxyl_carbon"": 1, ""hydroxyl_oxygen"": 2, ""ipso_carbon"": 3, ""meta_carbons"": [5, 8], ""ortho_carbons"": [4, 13], ""para_carbon"": 6, ""ring_atoms"": [3, 4, 5, 6, 8, 13], ""substituent_position_counts"": {""meta"": 1, ""ortho"": 1, ""para"": 1, ""total"": 3}, ""substituted_ring_carbons"": [6, 8, 13]}, ""local_atom_indices_by_site_0based"": [{""acidic_hydrogen"": 14, ""carbonyl_oxygen"": 0, ""carboxyl_carbon"": 1, ""hydroxyl_oxygen"": 2, ""ipso_carbon"": 3, ""meta_carbons"": [5, 8], ""ortho_carbons"": [4, 13], ""para_carbon"": 6, ""ring_atoms"": [3, 4, 5, 6, 8, 13], ""substituent_position_counts"": {""meta"": 1, ""ortho"": 1, ""para"": 1, ""total"": 3}, ""substituted_ring_carbons"": [6, 8, 13]}], ""log"": ""/gs/bs/tga-ynabae/kikuchi/pka_prediction/data/benzoicacid_v2/logfile/sub_144.log"", ""normal_modes"": {""aggregation"": ""mean of independently assigned harmonic-mode frequencies"", ""assignments"": {""co_double_stretch_frequency_cm1"": {""mode_index_0based"": 49, ""projection"": 1.3482496843858904, ""unscaled_cm1"": 1725.78}, ""oh_stretch_frequency_cm1"": {""mode_index_0based"": 56, ""projection"": 1.1229292532887165, ""unscaled_cm1"": 3739.30263}}, ""assignments_by_site"": [{""assignments"": {""co_double_stretch_frequency_cm1"": {""mode_index_0based"": 49, ""projection"": 1.3482496843858904, ""unscaled_cm1"": 1725.78}, ""oh_stretch_frequency_cm1"": {""mode_index_0based"": 56, ""projection"": 1.1229292532887165, ""unscaled_cm1"": 3739.30263}}, ""carboxyl_carbon_0based"": 1}], ""precision"": ""fchk"", ""scale"": 1.0}, ""npa_source"": ""selected final log combined-spin NPA table"", ""site_aggregation"": ""equal-weight arithmetic mean; all sites required""}"
145,O=C(O)c1ccc(Cl)cc1,3.988,145,0.53057,-0.7023,-0.68069,0.83453,-0.18227,-0.146085,-0.23993,-0.01636,0.7011,1.0763,1.6637,1.0185,0.10535353703731751,-0.06464483990100049,-8.670104402934369,-0.6504633088398984,8.019641094094471,2.2694856807344514,138.57066833333334,0.01907354120471839,176.4417686408548,102.04728602505503,22.8118896484375,0.9709214097886509,1.2139437097735233,1.337159423598563,1.481307645951479,0.0029395375809002076,3754.21776,1730.72854,complete,,{},"{""aromatic_cooh_site_count"": 1, ""density_surface"": {""density_cube"": ""/gs/bs/tga-ynabae/kikuchi/pka_prediction/data/benzoicacid_v2/density_cube/sub_145_density.cube"", ""esp_cube"": ""/gs/bs/tga-ynabae/kikuchi/pka_prediction/data/benzoicacid_v2/esp_cube/sub_145_esp.cube"", ""isovalue_e_bohr3"": 0.001, ""local_esp_radius_angstrom"": 2.0, ""local_issues_by_site"": [{}], ""local_values_by_site"": [{""esp_max_acidic_h_hartree_per_e"": 0.10535353703731751, ""esp_min_carbonyl_o_hartree_per_e"": -0.06464483990100049}], ""mpi"": ""arithmetic mean of absolute ESP over all grid-edge isosurface intersections"", ""surface_esp"": ""linear grid-edge crossing samples; nearest-nucleus local patches"", ""volume"": ""occupied density grid; discretized electron-density isosurface volume""}, ""fchk"": ""/gs/bs/tga-ynabae/kikuchi/pka_prediction/data/benzoicacid_v2/formchk/sub_145.fchk"", ""geometric_sampling"": {""buried_center"": ""COOH carbon; reference COOH atoms excluded"", ""buried_radius_angstrom"": 3.5, ""buried_samples"": 32768, ""radii"": ""RDKit vdW"", ""sasa_points_per_atom"": 2000, ""sasa_probe_angstrom"": 1.4}, ""ignored_aliphatic_cooh_count"": 0, ""job_selection"": ""last normally terminated job only"", ""local_atom_indices_0based"": {""acidic_hydrogen"": 10, ""carbonyl_oxygen"": 0, ""carboxyl_carbon"": 1, ""hydroxyl_oxygen"": 2, ""ipso_carbon"": 3, ""meta_carbons"": [5, 8], ""ortho_carbons"": [4, 9], ""para_carbon"": 6, ""ring_atoms"": [3, 4, 5, 6, 8, 9], ""substituent_position_counts"": {""meta"": 0, ""ortho"": 0, ""para"": 1, ""total"": 1}, ""substituted_ring_carbons"": [6]}, ""local_atom_indices_by_site_0based"": [{""acidic_hydrogen"": 10, ""carbonyl_oxygen"": 0, ""carboxyl_carbon"": 1, ""hydroxyl_oxygen"": 2, ""ipso_carbon"": 3, ""meta_carbons"": [5, 8], ""ortho_carbons"": [4, 9], ""para_carbon"": 6, ""ring_atoms"": [3, 4, 5, 6, 8, 9], ""substituent_position_counts"": {""meta"": 0, ""ortho"": 0, ""para"": 1, ""total"": 1}, ""substituted_ring_carbons"": [6]}], ""log"": ""/gs/bs/tga-ynabae/kikuchi/pka_prediction/data/benzoicacid_v2/logfile/sub_145.log"", ""normal_modes"": {""aggregation"": ""mean of independently assigned harmonic-mode frequencies"", ""assignments"": {""co_double_stretch_frequency_cm1"": {""mode_index_0based"": 33, ""projection"": 1.3221128608479116, ""unscaled_cm1"": 1730.72854}, ""oh_stretch_frequency_cm1"": {""mode_index_0based"": 38, ""projection"": 1.1233250969295379, ""unscaled_cm1"": 3754.21776}}, ""assignments_by_site"": [{""assignments"": {""co_double_stretch_frequency_cm1"": {""mode_index_0based"": 33, ""projection"": 1.3221128608479116, ""unscaled_cm1"": 1730.72854}, ""oh_stretch_frequency_cm1"": {""mode_index_0based"": 38, ""projection"": 1.1233250969295379, ""unscaled_cm1"": 3754.21776}}, ""carboxyl_carbon_0based"": 1}], ""precision"": ""fchk"", ""scale"": 1.0}, ""npa_source"": ""selected final log combined-spin NPA table"", ""site_aggregation"": ""equal-weight arithmetic mean; all sites required""}"
146,O=C(O)c1ccc(Cl)cc1Cl,2.73,146,0.53133,-0.69827,-0.65566,0.83894,-0.19318,-0.06281,-0.24499500000000002,-0.00756,0.6998,1.0801,1.6933,0.9975,0.10907553827771935,-0.07370063521133279,-8.708501981895289,-0.6319787447776527,8.076523237117636,4.006756620074806,153.7651923,0.02178129199336818,197.5809955620225,95.42443172016931,26.0040283203125,0.9714473711073678,1.2093708019648197,1.3367567694095963,1.4873976489770158,34.944486642712945,3743.52554,1754.60146,complete,,{},"{""aromatic_cooh_site_count"": 1, ""density_surface"": {""density_cube"": ""/gs/bs/tga-ynabae/kikuchi/pka_prediction/data/benzoicacid_v2/density_cube/sub_146_density.cube"", ""esp_cube"": ""/gs/bs/tga-ynabae/kikuchi/pka_prediction/data/benzoicacid_v2/esp_cube/sub_146_esp.cube"", ""isovalue_e_bohr3"": 0.001, ""local_esp_radius_angstrom"": 2.0, ""local_issues_by_site"": [{}], ""local_values_by_site"": [{""esp_max_acidic_h_hartree_per_e"": 0.10907553827771935, ""esp_min_carbonyl_o_hartree_per_e"": -0.07370063521133279}], ""mpi"": ""arithmetic mean of absolute ESP over all grid-edge isosurface intersections"", ""surface_esp"": ""linear grid-edge crossing samples; nearest-nucleus local patches"", ""volume"": ""occupied density grid; discretized electron-density isosurface volume""}, ""fchk"": ""/gs/bs/tga-ynabae/kikuchi/pka_prediction/data/benzoicacid_v2/formchk/sub_146.fchk"", ""geometric_sampling"": {""buried_center"": ""COOH carbon; reference COOH atoms excluded"", ""buried_radius_angstrom"": 3.5, ""buried_samples"": 32768, ""radii"": ""RDKit vdW"", ""sasa_points_per_atom"": 2000, ""sasa_probe_angstrom"": 1.4}, ""ignored_aliphatic_cooh_count"": 0, ""job_selection"": ""last normally terminated job only"", ""local_atom_indices_0based"": {""acidic_hydrogen"": 11, ""carbonyl_oxygen"": 0, ""carboxyl_carbon"": 1, ""hydroxyl_oxygen"": 2, ""ipso_carbon"": 3, ""meta_carbons"": [5, 8], ""ortho_carbons"": [4, 9], ""para_carbon"": 6, ""ring_atoms"": [3, 4, 5, 6, 8, 9], ""substituent_position_counts"": {""meta"": 0, ""ortho"": 1, ""para"": 1, ""total"": 2}, ""substituted_ring_carbons"": [6, 9]}, ""local_atom_indices_by_site_0based"": [{""acidic_hydrogen"": 11, ""carbonyl_oxygen"": 0, ""carboxyl_carbon"": 1, ""hydroxyl_oxygen"": 2, ""ipso_carbon"": 3, ""meta_carbons"": [5, 8], ""ortho_carbons"": [4, 9], ""para_carbon"": 6, ""ring_atoms"": [3, 4, 5, 6, 8, 9], ""substituent_position_counts"": {""meta"": 0, ""ortho"": 1, ""para"": 1, ""total"": 2}, ""substituted_ring_carbons"": [6, 9]}], ""log"": ""/gs/bs/tga-ynabae/kikuchi/pka_prediction/data/benzoicacid_v2/logfile/sub_146.log"", ""normal_modes"": {""aggregation"": ""mean of independently assigned harmonic-mode frequencies"", ""assignments"": {""co_double_stretch_frequency_cm1"": {""mode_index_0based"": 34, ""projection"": 1.4348441108321544, ""unscaled_cm1"": 1754.60146}, ""oh_stretch_frequency_cm1"": {""mode_index_0based"": 38, ""projection"": 1.1232071325773216, ""unscaled_cm1"": 3743.52554}}, ""assignments_by_site"": [{""assignments"": {""co_double_stretch_frequency_cm1"": {""mode_index_0based"": 34, ""projection"": 1.4348441108321544, ""unscaled_cm1"": 1754.60146}, ""oh_stretch_frequency_cm1"": {""mode_index_0based"": 38, ""projection"": 1.1232071325773216, ""unscaled_cm1"": 3743.52554}}, ""carboxyl_carbon_0based"": 1}], ""precision"": ""fchk"", ""scale"": 1.0}, ""npa_source"": ""selected final log combined-spin NPA table"", ""site_aggregation"": ""equal-weight arithmetic mean; all sites required""}"
147,O=C(O)c1ccc(F)c2ccccc12,3.7,147,0.52829,-0.70614,-0.67789,0.83728,-0.16816,-0.07975,-0.206145,0.46864,0.7028,1.0692,1.6658,1.0205,0.10195255113956175,-0.06562448570608496,-7.768424452441257,-0.8504913573808776,6.91793309506038,1.6523554888020688,200.46689133333334,0.01977752799139923,217.3875381950546,94.83494327464972,26.20849609375,0.9710727938433034,1.2140216842555533,1.341562239157625,1.4817531875675116,28.728596323388725,3755.18109,1734.0777,complete,,{},"{""aromatic_cooh_site_count"": 1, ""density_surface"": {""density_cube"": ""/gs/bs/tga-ynabae/kikuchi/pka_prediction/data/benzoicacid_v2/density_cube/sub_147_density.cube"", ""esp_cube"": ""/gs/bs/tga-ynabae/kikuchi/pka_prediction/data/benzoicacid_v2/esp_cube/sub_147_esp.cube"", ""isovalue_e_bohr3"": 0.001, ""local_esp_radius_angstrom"": 2.0, ""local_issues_by_site"": [{}], ""local_values_by_site"": [{""esp_max_acidic_h_hartree_per_e"": 0.10195255113956175, ""esp_min_carbonyl_o_hartree_per_e"": -0.06562448570608496}], ""mpi"": ""arithmetic mean of absolute ESP over all grid-edge isosurface intersections"", ""surface_esp"": ""linear grid-edge crossing samples; nearest-nucleus local patches"", ""volume"": ""occupied density grid; discretized electron-density isosurface volume""}, ""fchk"": ""/gs/bs/tga-ynabae/kikuchi/pka_prediction/data/benzoicacid_v2/formchk/sub_147.fchk"", ""geometric_sampling"": {""buried_center"": ""COOH carbon; reference COOH atoms excluded"", ""buried_radius_angstrom"": 3.5, ""buried_samples"": 32768, ""radii"": ""RDKit vdW"", ""sasa_points_per_atom"": 2000, ""sasa_probe_angstrom"": 1.4}, ""ignored_aliphatic_cooh_count"": 0, ""job_selection"": ""last normally terminated job only"", ""local_atom_indices_0based"": {""acidic_hydrogen"": 14, ""carbonyl_oxygen"": 0, ""carboxyl_carbon"": 1, ""hydroxyl_oxygen"": 2, ""ipso_carbon"": 3, ""meta_carbons"": [5, 8], ""ortho_carbons"": [4, 13], ""para_carbon"": 6, ""ring_atoms"": [3, 4, 5, 6, 8, 13], ""substituent_position_counts"": {""meta"": 1, ""ortho"": 1, ""para"": 1, ""total"": 3}, ""substituted_ring_carbons"": [6, 8, 13]}, ""local_atom_indices_by_site_0based"": [{""acidic_hydrogen"": 14, ""carbonyl_oxygen"": 0, ""carboxyl_carbon"": 1, ""hydroxyl_oxygen"": 2, ""ipso_carbon"": 3, ""meta_carbons"": [5, 8], ""ortho_carbons"": [4, 13], ""para_carbon"": 6, ""ring_atoms"": [3, 4, 5, 6, 8, 13], ""substituent_position_counts"": {""meta"": 1, ""ortho"": 1, ""para"": 1, ""total"": 3}, ""substituted_ring_carbons"": [6, 8, 13]}], ""log"": ""/gs/bs/tga-ynabae/kikuchi/pka_prediction/data/benzoicacid_v2/logfile/sub_147.log"", ""normal_modes"": {""aggregation"": ""mean of independently assigned harmonic-mode frequencies"", ""assignments"": {""co_double_stretch_frequency_cm1"": {""mode_index_0based"": 49, ""projection"": 1.087149713112148, ""unscaled_cm1"": 1734.0777}, ""oh_stretch_frequency_cm1"": {""mode_index_0based"": 56, ""projection"": 1.1226043113437463, ""unscaled_cm1"": 3755.18109}}, ""assignments_by_site"": [{""assignments"": {""co_double_stretch_frequency_cm1"": {""mode_index_0based"": 49, ""projection"": 1.087149713112148, ""unscaled_cm1"": 1734.0777}, ""oh_stretch_frequency_cm1"": {""mode_index_0based"": 56, ""projection"": 1.1226043113437463, ""unscaled_cm1"": 3755.18109}}, ""carboxyl_carbon_0based"": 1}], ""precision"": ""fchk"", ""scale"": 1.0}, ""npa_source"": ""selected final log combined-spin NPA table"", ""site_aggregation"": ""equal-weight arithmetic mean; all sites required""}"
148,O=C(O)c1ccc(F)cc1,3.9074285714285715,148,0.52998,-0.70403,-0.68445,0.83475,-0.19703,-0.14302,-0.28042500000000004,0.43701,0.7017,1.0739,1.6599,1.0231,0.10355632832484732,-0.06606007116468725,-8.78150683861554,-0.47601048575498567,8.305496352860553,2.2475850999503635,120.91900046666666,0.021266959267726735,159.13983338022123,102.6479585404214,22.9278564453125,0.9708228878773502,1.2144915135592085,1.3381653079014417,1.4794190892801764,0.0038078224229535036,3755.50345,1728.6146,complete,,{},"{""aromatic_cooh_site_count"": 1, ""density_surface"": {""density_cube"": ""/gs/bs/tga-ynabae/kikuchi/pka_prediction/data/benzoicacid_v2/density_cube/sub_148_density.cube"", ""esp_cube"": ""/gs/bs/tga-ynabae/kikuchi/pka_prediction/data/benzoicacid_v2/esp_cube/sub_148_esp.cube"", ""isovalue_e_bohr3"": 0.001, ""local_esp_radius_angstrom"": 2.0, ""local_issues_by_site"": [{}], ""local_values_by_site"": [{""esp_max_acidic_h_hartree_per_e"": 0.10355632832484732, ""esp_min_carbonyl_o_hartree_per_e"": -0.06606007116468725}], ""mpi"": ""arithmetic mean of absolute ESP over all grid-edge isosurface intersections"", ""surface_esp"": ""linear grid-edge crossing samples; nearest-nucleus local patches"", ""volume"": ""occupied density grid; discretized electron-density isosurface volume""}, ""fchk"": ""/gs/bs/tga-ynabae/kikuchi/pka_prediction/data/benzoicacid_v2/formchk/sub_148.fchk"", ""geometric_sampling"": {""buried_center"": ""COOH carbon; reference COOH atoms excluded"", ""buried_radius_angstrom"": 3.5, ""buried_samples"": 32768, ""radii"": ""RDKit vdW"", ""sasa_points_per_atom"": 2000, ""sasa_probe_angstrom"": 1.4}, ""ignored_aliphatic_cooh_count"": 0, ""job_selection"": ""last normally terminated job only"", ""local_atom_indices_0based"": {""acidic_hydrogen"": 10, ""carbonyl_oxygen"": 0, ""carboxyl_carbon"": 1, ""hydroxyl_oxygen"": 2, ""ipso_carbon"": 3, ""meta_carbons"": [5, 8], ""ortho_carbons"": [4, 9], ""para_carbon"": 6, ""ring_atoms"": [3, 4, 5, 6, 8, 9], ""substituent_position_counts"": {""meta"": 0, ""ortho"": 0, ""para"": 1, ""total"": 1}, ""substituted_ring_carbons"": [6]}, ""local_atom_indices_by_site_0based"": [{""acidic_hydrogen"": 10, ""carbonyl_oxygen"": 0, ""carboxyl_carbon"": 1, ""hydroxyl_oxygen"": 2, ""ipso_carbon"": 3, ""meta_carbons"": [5, 8], ""ortho_carbons"": [4, 9], ""para_carbon"": 6, ""ring_atoms"": [3, 4, 5, 6, 8, 9], ""substituent_position_counts"": {""meta"": 0, ""ortho"": 0, ""para"": 1, ""total"": 1}, ""substituted_ring_carbons"": [6]}], ""log"": ""/gs/bs/tga-ynabae/kikuchi/pka_prediction/data/benzoicacid_v2/logfile/sub_148.log"", ""normal_modes"": {""aggregation"": ""mean of independently assigned harmonic-mode frequencies"", ""assignments"": {""co_double_stretch_frequency_cm1"": {""mode_index_0based"": 33, ""projection"": 1.273400439173959, ""unscaled_cm1"": 1728.6146}, ""oh_stretch_frequency_cm1"": {""mode_index_0based"": 38, ""projection"": 1.1233465652472798, ""unscaled_cm1"": 3755.50345}}, ""assignments_by_site"": [{""assignments"": {""co_double_stretch_frequency_cm1"": {""mode_index_0based"": 33, ""projection"": 1.273400439173959, ""unscaled_cm1"": 1728.6146}, ""oh_stretch_frequency_cm1"": {""mode_index_0based"": 38, ""projection"": 1.1233465652472798, ""unscaled_cm1"": 3755.50345}}, ""carboxyl_carbon_0based"": 1}], ""precision"": ""fchk"", ""scale"": 1.0}, ""npa_source"": ""selected final log combined-spin NPA table"", ""site_aggregation"": ""equal-weight arithmetic mean; all sites required""}"
149,O=C(O)c1ccc(O)c(O)c1,4.3755,149,0.52818,-0.70685,-0.69347,0.83262,-0.19704,-0.19786,-0.004980000000000012,0.30659,0.7036,1.0684,1.6485,1.035,0.09820748572498991,-0.0679909434118155,-7.802147142456503,-0.3431211068255644,7.459026035630938,3.5587645715181027,139.90771686666668,0.03197289477486794,174.92974087593367,102.10372473707676,22.96142578125,0.9705625817766738,1.2164721659614577,1.3403476434604649,1.4739438189197427,0.010609988053002164,3756.23163,1715.81482,complete,,{},"{""aromatic_cooh_site_count"": 1, ""density_surface"": {""density_cube"": ""/gs/bs/tga-ynabae/kikuchi/pka_prediction/data/benzoicacid_v2/density_cube/sub_149_density.cube"", ""esp_cube"": ""/gs/bs/tga-ynabae/kikuchi/pka_prediction/data/benzoicacid_v2/esp_cube/sub_149_esp.cube"", ""isovalue_e_bohr3"": 0.001, ""local_esp_radius_angstrom"": 2.0, ""local_issues_by_site"": [{}], ""local_values_by_site"": [{""esp_max_acidic_h_hartree_per_e"": 0.09820748572498991, ""esp_min_carbonyl_o_hartree_per_e"": -0.0679909434118155}], ""mpi"": ""arithmetic mean of absolute ESP over all grid-edge isosurface intersections"", ""surface_esp"": ""linear grid-edge crossing samples; nearest-nucleus local patches"", ""volume"": ""occupied density grid; discretized electron-density isosurface volume""}, ""fchk"": ""/gs/bs/tga-ynabae/kikuchi/pka_prediction/data/benzoicacid_v2/formchk/sub_149.fchk"", ""geometric_sampling"": {""buried_center"": ""COOH carbon; reference COOH atoms excluded"", ""buried_radius_angstrom"": 3.5, ""buried_samples"": 32768, ""radii"": ""RDKit vdW"", ""sasa_points_per_atom"": 2000, ""sasa_probe_angstrom"": 1.4}, ""ignored_aliphatic_cooh_count"": 0, ""job_selection"": ""last normally terminated job only"", ""local_atom_indices_0based"": {""acidic_hydrogen"": 11, ""carbonyl_oxygen"": 0, ""carboxyl_carbon"": 1, ""hydroxyl_oxygen"": 2, ""ipso_carbon"": 3, ""meta_carbons"": [5, 8], ""ortho_carbons"": [4, 10], ""para_carbon"": 6, ""ring_atoms"": [3, 4, 5, 6, 8, 10], ""substituent_position_counts"": {""meta"": 1, ""ortho"": 0, ""para"": 1, ""total"": 2}, ""substituted_ring_carbons"": [6, 8]}, ""local_atom_indices_by_site_0based"": [{""acidic_hydrogen"": 11, ""carbonyl_oxygen"": 0, ""carboxyl_carbon"": 1, ""hydroxyl_oxygen"": 2, ""ipso_carbon"": 3, ""meta_carbons"": [5, 8], ""ortho_carbons"": [4, 10], ""para_carbon"": 6, ""ring_atoms"": [3, 4, 5, 6, 8, 10], ""substituent_position_counts"": {""meta"": 1, ""ortho"": 0, ""para"": 1, ""total"": 2}, ""substituted_ring_carbons"": [6, 8]}], ""log"": ""/gs/bs/tga-ynabae/kikuchi/pka_prediction/data/benzoicacid_v2/logfile/sub_149.log"", ""normal_modes"": {""aggregation"": ""mean of independently assigned harmonic-mode frequencies"", ""assignments"": {""co_double_stretch_frequency_cm1"": {""mode_index_0based"": 38, ""projection"": 1.205808786772871, ""unscaled_cm1"": 1715.81482}, ""oh_stretch_frequency_cm1"": {""mode_index_0based"": 42, ""projection"": 1.123152480234069, ""unscaled_cm1"": 3756.23163}}, ""assignments_by_site"": [{""assignments"": {""co_double_stretch_frequency_cm1"": {""mode_index_0based"": 38, ""projection"": 1.205808786772871, ""unscaled_cm1"": 1715.81482}, ""oh_stretch_frequency_cm1"": {""mode_index_0based"": 42, ""projection"": 1.123152480234069, ""unscaled_cm1"": 3756.23163}}, ""carboxyl_carbon_0based"": 1}], ""precision"": ""fchk"", ""scale"": 1.0}, ""npa_source"": ""selected final log combined-spin NPA table"", ""site_aggregation"": ""equal-weight arithmetic mean; all sites required""}"
150,O=C(O)c1ccc(O)cc1,4.566666666666666,150,0.52797,-0.70874,-0.6961,0.83246,-0.22263,-0.14174,-0.285795,0.35331,0.7038,1.0661,1.6458,1.0388,0.0949046344520604,-0.07282307135971097,-8.126326863188662,-0.3066998609151657,7.819627002273497,2.589173837758656,132.7737731,0.026557804344085917,164.87980216024042,102.8184998976215,22.9217529296875,0.9705254418622216,1.2169457906805057,1.3411927467190217,1.4724182802655579,0.004104671729148803,3759.04515,1717.19567,complete,,{},"{""aromatic_cooh_site_count"": 1, ""density_surface"": {""density_cube"": ""/gs/bs/tga-ynabae/kikuchi/pka_prediction/data/benzoicacid_v2/density_cube/sub_150_density.cube"", ""esp_cube"": ""/gs/bs/tga-ynabae/kikuchi/pka_prediction/data/benzoicacid_v2/esp_cube/sub_150_esp.cube"", ""isovalue_e_bohr3"": 0.001, ""local_esp_radius_angstrom"": 2.0, ""local_issues_by_site"": [{}], ""local_values_by_site"": [{""esp_max_acidic_h_hartree_per_e"": 0.0949046344520604, ""esp_min_carbonyl_o_hartree_per_e"": -0.07282307135971097}], ""mpi"": ""arithmetic mean of absolute ESP over all grid-edge isosurface intersections"", ""surface_esp"": ""linear grid-edge crossing samples; nearest-nucleus local patches"", ""volume"": ""occupied density grid; discretized electron-density isosurface volume""}, ""fchk"": ""/gs/bs/tga-ynabae/kikuchi/pka_prediction/data/benzoicacid_v2/formchk/sub_150.fchk"", ""geometric_sampling"": {""buried_center"": ""COOH carbon; reference COOH atoms excluded"", ""buried_radius_angstrom"": 3.5, ""buried_samples"": 32768, ""radii"": ""RDKit vdW"", ""sasa_points_per_atom"": 2000, ""sasa_probe_angstrom"": 1.4}, ""ignored_aliphatic_cooh_count"": 0, ""job_selection"": ""last normally terminated job only"", ""local_atom_indices_0based"": {""acidic_hydrogen"": 10, ""carbonyl_oxygen"": 0, ""carboxyl_carbon"": 1, ""hydroxyl_oxygen"": 2, ""ipso_carbon"": 3, ""meta_carbons"": [5, 8], ""ortho_carbons"": [4, 9], ""para_carbon"": 6, ""ring_atoms"": [3, 4, 5, 6, 8, 9], ""substituent_position_counts"": {""meta"": 0, ""ortho"": 0, ""para"": 1, ""total"": 1}, ""substituted_ring_carbons"": [6]}, ""local_atom_indices_by_site_0based"": [{""acidic_hydrogen"": 10, ""carbonyl_oxygen"": 0, ""carboxyl_carbon"": 1, ""hydroxyl_oxygen"": 2, ""ipso_carbon"": 3, ""meta_carbons"": [5, 8], ""ortho_carbons"": [4, 9], ""para_carbon"": 6, ""ring_atoms"": [3, 4, 5, 6, 8, 9], ""substituent_position_counts"": {""meta"": 0, ""ortho"": 0, ""para"": 1, ""total"": 1}, ""substituted_ring_carbons"": [6]}], ""log"": ""/gs/bs/tga-ynabae/kikuchi/pka_prediction/data/benzoicacid_v2/logfile/sub_150.log"", ""normal_modes"": {""aggregation"": ""mean of independently assigned harmonic-mode frequencies"", ""assignments"": {""co_double_stretch_frequency_cm1"": {""mode_index_0based"": 35, ""projection"": 1.110098591260022, ""unscaled_cm1"": 1717.19567}, ""oh_stretch_frequency_cm1"": {""mode_index_0based"": 40, ""projection"": 1.1233027809900376, ""unscaled_cm1"": 3759.04515}}, ""assignments_by_site"": [{""assignments"": {""co_double_stretch_frequency_cm1"": {""mode_index_0based"": 35, ""projection"": 1.110098591260022, ""unscaled_cm1"": 1717.19567}, ""oh_stretch_frequency_cm1"": {""mode_index_0based"": 40, ""projection"": 1.1233027809900376, ""unscaled_cm1"": 3759.04515}}, ""carboxyl_carbon_0based"": 1}], ""precision"": ""fchk"", ""scale"": 1.0}, ""npa_source"": ""selected final log combined-spin NPA table"", ""site_aggregation"": ""equal-weight arithmetic mean; all sites required""}"
151,O=C(O)c1ccc(O)cc1O,3.20875,151,0.52456,-0.69973,-0.70796,0.83252,-0.27939,0.138245,-0.33899999999999997,0.37453,0.7052,1.0733,1.6274,1.053,0.0827767689620554,-0.07999745866390276,-7.990223645390719,-0.23026204046848328,7.759961604922236,7.018108720425835,140.85841936666668,0.035343258897313524,174.35467533042822,98.01971711926309,24.383544921875,0.9710265039599668,1.219680345939251,1.3392869561799556,1.4715239214305236,4.462773602396883,3751.99233,1695.31953,complete,,{},"{""aromatic_cooh_site_count"": 1, ""density_surface"": {""density_cube"": ""/gs/bs/tga-ynabae/kikuchi/pka_prediction/data/benzoicacid_v2/density_cube/sub_151_density.cube"", ""esp_cube"": ""/gs/bs/tga-ynabae/kikuchi/pka_prediction/data/benzoicacid_v2/esp_cube/sub_151_esp.cube"", ""isovalue_e_bohr3"": 0.001, ""local_esp_radius_angstrom"": 2.0, ""local_issues_by_site"": [{}], ""local_values_by_site"": [{""esp_max_acidic_h_hartree_per_e"": 0.0827767689620554, ""esp_min_carbonyl_o_hartree_per_e"": -0.07999745866390276}], ""mpi"": ""arithmetic mean of absolute ESP over all grid-edge isosurface intersections"", ""surface_esp"": ""linear grid-edge crossing samples; nearest-nucleus local patches"", ""volume"": ""occupied density grid; discretized electron-density isosurface volume""}, ""fchk"": ""/gs/bs/tga-ynabae/kikuchi/pka_prediction/data/benzoicacid_v2/formchk/sub_151.fchk"", ""geometric_sampling"": {""buried_center"": ""COOH carbon; reference COOH atoms excluded"", ""buried_radius_angstrom"": 3.5, ""buried_samples"": 32768, ""radii"": ""RDKit vdW"", ""sasa_points_per_atom"": 2000, ""sasa_probe_angstrom"": 1.4}, ""ignored_aliphatic_cooh_count"": 0, ""job_selection"": ""last normally terminated job only"", ""local_atom_indices_0based"": {""acidic_hydrogen"": 11, ""carbonyl_oxygen"": 0, ""carboxyl_carbon"": 1, ""hydroxyl_oxygen"": 2, ""ipso_carbon"": 3, ""meta_carbons"": [5, 8], ""ortho_carbons"": [4, 9], ""para_carbon"": 6, ""ring_atoms"": [3, 4, 5, 6, 8, 9], ""substituent_position_counts"": {""meta"": 0, ""ortho"": 1, ""para"": 1, ""total"": 2}, ""substituted_ring_carbons"": [6, 9]}, ""local_atom_indices_by_site_0based"": [{""acidic_hydrogen"": 11, ""carbonyl_oxygen"": 0, ""carboxyl_carbon"": 1, ""hydroxyl_oxygen"": 2, ""ipso_carbon"": 3, ""meta_carbons"": [5, 8], ""ortho_carbons"": [4, 9], ""para_carbon"": 6, ""ring_atoms"": [3, 4, 5, 6, 8, 9], ""substituent_position_counts"": {""meta"": 0, ""ortho"": 1, ""para"": 1, ""total"": 2}, ""substituted_ring_carbons"": [6, 9]}], ""log"": ""/gs/bs/tga-ynabae/kikuchi/pka_prediction/data/benzoicacid_v2/logfile/sub_151.log"", ""normal_modes"": {""aggregation"": ""mean of independently assigned harmonic-mode frequencies"", ""assignments"": {""co_double_stretch_frequency_cm1"": {""mode_index_0based"": 38, ""projection"": 0.8741116689578253, ""unscaled_cm1"": 1695.31953}, ""oh_stretch_frequency_cm1"": {""mode_index_0based"": 42, ""projection"": 1.122635291292432, ""unscaled_cm1"": 3751.99233}}, ""assignments_by_site"": [{""assignments"": {""co_double_stretch_frequency_cm1"": {""mode_index_0based"": 38, ""projection"": 0.8741116689578253, ""unscaled_cm1"": 1695.31953}, ""oh_stretch_frequency_cm1"": {""mode_index_0based"": 42, ""projection"": 1.122635291292432, ""unscaled_cm1"": 3751.99233}}, ""carboxyl_carbon_0based"": 1}], ""precision"": ""fchk"", ""scale"": 1.0}, ""npa_source"": ""selected final log combined-spin NPA table"", ""site_aggregation"": ""equal-weight arithmetic mean; all sites required""}"
152,O=C(O)c1ccc([N+](=O)[O-])c2ccccc12,2.8,152,0.53282,-0.69181,-0.66095,0.83909,-0.0902,-0.10092000000000001,-0.11215,0.10652,0.6971,1.0912,1.6914,0.9845,0.11852704819170745,-0.05674559834543344,-8.054646411848392,-1.8463186742788047,6.208327737569587,5.727072138294291,229.05893466666666,0.02704339986535925,242.9948566391955,95.56039985021668,26.3397216796875,0.9723304518776497,1.2107339492163667,1.3319205372063083,1.4935349451814635,47.040261106525634,3734.579,1743.91843,complete,,{},"{""aromatic_cooh_site_count"": 1, ""density_surface"": {""density_cube"": ""/gs/bs/tga-ynabae/kikuchi/pka_prediction/data/benzoicacid_v2/density_cube/sub_152_density.cube"", ""esp_cube"": ""/gs/bs/tga-ynabae/kikuchi/pka_prediction/data/benzoicacid_v2/esp_cube/sub_152_esp.cube"", ""isovalue_e_bohr3"": 0.001, ""local_esp_radius_angstrom"": 2.0, ""local_issues_by_site"": [{}], ""local_values_by_site"": [{""esp_max_acidic_h_hartree_per_e"": 0.11852704819170745, ""esp_min_carbonyl_o_hartree_per_e"": -0.05674559834543344}], ""mpi"": ""arithmetic mean of absolute ESP over all grid-edge isosurface intersections"", ""surface_esp"": ""linear grid-edge crossing samples; nearest-nucleus local patches"", ""volume"": ""occupied density grid; discretized electron-density isosurface volume""}, ""fchk"": ""/gs/bs/tga-ynabae/kikuchi/pka_prediction/data/benzoicacid_v2/formchk/sub_152.fchk"", ""geometric_sampling"": {""buried_center"": ""COOH carbon; reference COOH atoms excluded"", ""buried_radius_angstrom"": 3.5, ""buried_samples"": 32768, ""radii"": ""RDKit vdW"", ""sasa_points_per_atom"": 2000, ""sasa_probe_angstrom"": 1.4}, ""ignored_aliphatic_cooh_count"": 0, ""job_selection"": ""last normally terminated job only"", ""local_atom_indices_0based"": {""acidic_hydrogen"": 16, ""carbonyl_oxygen"": 0, ""carboxyl_carbon"": 1, ""hydroxyl_oxygen"": 2, ""ipso_carbon"": 3, ""meta_carbons"": [5, 10], ""ortho_carbons"": [4, 15], ""para_carbon"": 6, ""ring_atoms"": [3, 4, 5, 6, 10, 15], ""substituent_position_counts"": {""meta"": 1, ""ortho"": 1, ""para"": 1, ""total"": 3}, ""substituted_ring_carbons"": [6, 10, 15]}, ""local_atom_indices_by_site_0based"": [{""acidic_hydrogen"": 16, ""carbonyl_oxygen"": 0, ""carboxyl_carbon"": 1, ""hydroxyl_oxygen"": 2, ""ipso_carbon"": 3, ""meta_carbons"": [5, 10], ""ortho_carbons"": [4, 15], ""para_carbon"": 6, ""ring_atoms"": [3, 4, 5, 6, 10, 15], ""substituent_position_counts"": {""meta"": 1, ""ortho"": 1, ""para"": 1, ""total"": 3}, ""substituted_ring_carbons"": [6, 10, 15]}], ""log"": ""/gs/bs/tga-ynabae/kikuchi/pka_prediction/data/benzoicacid_v2/logfile/sub_152.log"", ""normal_modes"": {""aggregation"": ""mean of independently assigned harmonic-mode frequencies"", ""assignments"": {""co_double_stretch_frequency_cm1"": {""mode_index_0based"": 55, ""projection"": 1.4155291121539155, ""unscaled_cm1"": 1743.91843}, ""oh_stretch_frequency_cm1"": {""mode_index_0based"": 62, ""projection"": 1.122960386497559, ""unscaled_cm1"": 3734.579}}, ""assignments_by_site"": [{""assignments"": {""co_double_stretch_frequency_cm1"": {""mode_index_0based"": 55, ""projection"": 1.4155291121539155, ""unscaled_cm1"": 1743.91843}, ""oh_stretch_frequency_cm1"": {""mode_index_0based"": 62, ""projection"": 1.122960386497559, ""unscaled_cm1"": 3734.579}}, ""carboxyl_carbon_0based"": 1}], ""precision"": ""fchk"", ""scale"": 1.0}, ""npa_source"": ""selected final log combined-spin NPA table"", ""site_aggregation"": ""equal-weight arithmetic mean; all sites required""}"
154,O=C(O)c1ccc([N+](=O)[O-])cc1O,2.27,154,0.53122,-0.70085,-0.66031,0.83528,-0.18944,0.11865,-0.23937,0.10654,0.7001,1.0764,1.6849,1.01,0.10914128649139913,-0.08124962963955458,-8.47630493730183,-2.033851939982559,6.44245299731927,2.8458039353265585,159.6656424,0.03409823799863427,194.00946065621267,98.5000038041439,24.737548828125,0.9712117198626663,1.2108627650058017,1.3381000795581217,1.4855226094139862,24.934628764338193,3747.23697,1747.11258,complete,,{},"{""aromatic_cooh_site_count"": 1, ""density_surface"": {""density_cube"": ""/gs/bs/tga-ynabae/kikuchi/pka_prediction/data/benzoicacid_v2/density_cube/sub_154_density.cube"", ""esp_cube"": ""/gs/bs/tga-ynabae/kikuchi/pka_prediction/data/benzoicacid_v2/esp_cube/sub_154_esp.cube"", ""isovalue_e_bohr3"": 0.001, ""local_esp_radius_angstrom"": 2.0, ""local_issues_by_site"": [{}], ""local_values_by_site"": [{""esp_max_acidic_h_hartree_per_e"": 0.10914128649139913, ""esp_min_carbonyl_o_hartree_per_e"": -0.08124962963955458}], ""mpi"": ""arithmetic mean of absolute ESP over all grid-edge isosurface intersections"", ""surface_esp"": ""linear grid-edge crossing samples; nearest-nucleus local patches"", ""volume"": ""occupied density grid; discretized electron-density isosurface volume""}, ""fchk"": ""/gs/bs/tga-ynabae/kikuchi/pka_prediction/data/benzoicacid_v2/formchk/sub_154.fchk"", ""geometric_sampling"": {""buried_center"": ""COOH carbon; reference COOH atoms excluded"", ""buried_radius_angstrom"": 3.5, ""buried_samples"": 32768, ""radii"": ""RDKit vdW"", ""sasa_points_per_atom"": 2000, ""sasa_probe_angstrom"": 1.4}, ""ignored_aliphatic_cooh_count"": 0, ""job_selection"": ""last normally terminated job only"", ""local_atom_indices_0based"": {""acidic_hydrogen"": 13, ""carbonyl_oxygen"": 0, ""carboxyl_carbon"": 1, ""hydroxyl_oxygen"": 2, ""ipso_carbon"": 3, ""meta_carbons"": [5, 10], ""ortho_carbons"": [4, 11], ""para_carbon"": 6, ""ring_atoms"": [3, 4, 5, 6, 10, 11], ""substituent_position_counts"": {""meta"": 0, ""ortho"": 1, ""para"": 1, ""total"": 2}, ""substituted_ring_carbons"": [6, 11]}, ""local_atom_indices_by_site_0based"": [{""acidic_hydrogen"": 13, ""carbonyl_oxygen"": 0, ""carboxyl_carbon"": 1, ""hydroxyl_oxygen"": 2, ""ipso_carbon"": 3, ""meta_carbons"": [5, 10], ""ortho_carbons"": [4, 11], ""para_carbon"": 6, ""ring_atoms"": [3, 4, 5, 6, 10, 11], ""substituent_position_counts"": {""meta"": 0, ""ortho"": 1, ""para"": 1, ""total"": 2}, ""substituted_ring_carbons"": [6, 11]}], ""log"": ""/gs/bs/tga-ynabae/kikuchi/pka_prediction/data/benzoicacid_v2/logfile/sub_154.log"", ""normal_modes"": {""aggregation"": ""mean of independently assigned harmonic-mode frequencies"", ""assignments"": {""co_double_stretch_frequency_cm1"": {""mode_index_0based"": 42, ""projection"": 1.317469719760353, ""unscaled_cm1"": 1747.11258}, ""oh_stretch_frequency_cm1"": {""mode_index_0based"": 46, ""projection"": 1.1233244066757178, ""unscaled_cm1"": 3747.23697}}, ""assignments_by_site"": [{""assignments"": {""co_double_stretch_frequency_cm1"": {""mode_index_0based"": 42, ""projection"": 1.317469719760353, ""unscaled_cm1"": 1747.11258}, ""oh_stretch_frequency_cm1"": {""mode_index_0based"": 46, ""projection"": 1.1233244066757178, ""unscaled_cm1"": 3747.23697}}, ""carboxyl_carbon_0based"": 1}], ""precision"": ""fchk"", ""scale"": 1.0}, ""npa_source"": ""selected final log combined-spin NPA table"", ""site_aggregation"": ""equal-weight arithmetic mean; all sites required""}"
155,O=C(O)c1ccc2c(c1)OCCO2,4.35,155,0.5286,-0.70685,-0.69189,0.83324,-0.19571,-0.18319000000000002,7.500000000000562e-05,0.29368,0.7032,1.0688,1.6506,1.033,0.09409696005460284,-0.07692023933796958,-7.792045296272088,-0.37535202510858684,7.416693271163501,4.746873840656098,168.36641363333334,0.026686466702333243,206.3961350358493,102.55080478760912,22.9278564453125,0.9705233396413439,1.2160842915425452,1.34032685727862,1.4748455615166811,0.5044971828873256,3758.38281,1720.15848,complete,,{},"{""aromatic_cooh_site_count"": 1, ""density_surface"": {""density_cube"": ""/gs/bs/tga-ynabae/kikuchi/pka_prediction/data/benzoicacid_v2/density_cube/sub_155_density.cube"", ""esp_cube"": ""/gs/bs/tga-ynabae/kikuchi/pka_prediction/data/benzoicacid_v2/esp_cube/sub_155_esp.cube"", ""isovalue_e_bohr3"": 0.001, ""local_esp_radius_angstrom"": 2.0, ""local_issues_by_site"": [{}], ""local_values_by_site"": [{""esp_max_acidic_h_hartree_per_e"": 0.09409696005460284, ""esp_min_carbonyl_o_hartree_per_e"": -0.07692023933796958}], ""mpi"": ""arithmetic mean of absolute ESP over all grid-edge isosurface intersections"", ""surface_esp"": ""linear grid-edge crossing samples; nearest-nucleus local patches"", ""volume"": ""occupied density grid; discretized electron-density isosurface volume""}, ""fchk"": ""/gs/bs/tga-ynabae/kikuchi/pka_prediction/data/benzoicacid_v2/formchk/sub_155.fchk"", ""geometric_sampling"": {""buried_center"": ""COOH carbon; reference COOH atoms excluded"", ""buried_radius_angstrom"": 3.5, ""buried_samples"": 32768, ""radii"": ""RDKit vdW"", ""sasa_points_per_atom"": 2000, ""sasa_probe_angstrom"": 1.4}, ""ignored_aliphatic_cooh_count"": 0, ""job_selection"": ""last normally terminated job only"", ""local_atom_indices_0based"": {""acidic_hydrogen"": 13, ""carbonyl_oxygen"": 0, ""carboxyl_carbon"": 1, ""hydroxyl_oxygen"": 2, ""ipso_carbon"": 3, ""meta_carbons"": [5, 7], ""ortho_carbons"": [4, 8], ""para_carbon"": 6, ""ring_atoms"": [3, 4, 5, 6, 7, 8], ""substituent_position_counts"": {""meta"": 1, ""ortho"": 0, ""para"": 1, ""total"": 2}, ""substituted_ring_carbons"": [6, 7]}, ""local_atom_indices_by_site_0based"": [{""acidic_hydrogen"": 13, ""carbonyl_oxygen"": 0, ""carboxyl_carbon"": 1, ""hydroxyl_oxygen"": 2, ""ipso_carbon"": 3, ""meta_carbons"": [5, 7], ""ortho_carbons"": [4, 8], ""para_carbon"": 6, ""ring_atoms"": [3, 4, 5, 6, 7, 8], ""substituent_position_counts"": {""meta"": 1, ""ortho"": 0, ""para"": 1, ""total"": 2}, ""substituted_ring_carbons"": [6, 7]}], ""log"": ""/gs/bs/tga-ynabae/kikuchi/pka_prediction/data/benzoicacid_v2/logfile/sub_155.log"", ""normal_modes"": {""aggregation"": ""mean of independently assigned harmonic-mode frequencies"", ""assignments"": {""co_double_stretch_frequency_cm1"": {""mode_index_0based"": 48, ""projection"": 1.1975393025970738, ""unscaled_cm1"": 1720.15848}, ""oh_stretch_frequency_cm1"": {""mode_index_0based"": 56, ""projection"": 1.1231436141973254, ""unscaled_cm1"": 3758.38281}}, ""assignments_by_site"": [{""assignments"": {""co_double_stretch_frequency_cm1"": {""mode_index_0based"": 48, ""projection"": 1.1975393025970738, ""unscaled_cm1"": 1720.15848}, ""oh_stretch_frequency_cm1"": {""mode_index_0based"": 56, ""projection"": 1.1231436141973254, ""unscaled_cm1"": 3758.38281}}, ""carboxyl_carbon_0based"": 1}], ""precision"": ""fchk"", ""scale"": 1.0}, ""npa_source"": ""selected final log combined-spin NPA table"", ""site_aggregation"": ""equal-weight arithmetic mean; all sites required""}"
156,O=C(O)c1ccc2c(c1)OCO2,4.5,156,0.5291,-0.70698,-0.69116,0.83277,-0.19026,-0.18580000000000002,-0.0005350000000000077,0.30176,0.7027,1.0688,1.651,1.0332,0.09775305729965561,-0.07177625102928255,-7.728088932974671,-0.4191585011111965,7.308930431863476,3.596985227440824,149.19555773333335,0.022871035815399714,184.627385095773,102.44080192084367,22.9888916015625,0.9711476773673577,1.2159308398646207,1.3404413649306355,1.475917612156764,0.399484081171592,3746.14473,1724.81382,complete,,{},"{""aromatic_cooh_site_count"": 1, ""density_surface"": {""density_cube"": ""/gs/bs/tga-ynabae/kikuchi/pka_prediction/data/benzoicacid_v2/density_cube/sub_156_density.cube"", ""esp_cube"": ""/gs/bs/tga-ynabae/kikuchi/pka_prediction/data/benzoicacid_v2/esp_cube/sub_156_esp.cube"", ""isovalue_e_bohr3"": 0.001, ""local_esp_radius_angstrom"": 2.0, ""local_issues_by_site"": [{}], ""local_values_by_site"": [{""esp_max_acidic_h_hartree_per_e"": 0.09775305729965561, ""esp_min_carbonyl_o_hartree_per_e"": -0.07177625102928255}], ""mpi"": ""arithmetic mean of absolute ESP over all grid-edge isosurface intersections"", ""surface_esp"": ""linear grid-edge crossing samples; nearest-nucleus local patches"", ""volume"": ""occupied density grid; discretized electron-density isosurface volume""}, ""fchk"": ""/gs/bs/tga-ynabae/kikuchi/pka_prediction/data/benzoicacid_v2/formchk/sub_156.fchk"", ""geometric_sampling"": {""buried_center"": ""COOH carbon; reference COOH atoms excluded"", ""buried_radius_angstrom"": 3.5, ""buried_samples"": 32768, ""radii"": ""RDKit vdW"", ""sasa_points_per_atom"": 2000, ""sasa_probe_angstrom"": 1.4}, ""ignored_aliphatic_cooh_count"": 0, ""job_selection"": ""last normally terminated job only"", ""local_atom_indices_0based"": {""acidic_hydrogen"": 12, ""carbonyl_oxygen"": 0, ""carboxyl_carbon"": 1, ""hydroxyl_oxygen"": 2, ""ipso_carbon"": 3, ""meta_carbons"": [5, 7], ""ortho_carbons"": [4, 8], ""para_carbon"": 6, ""ring_atoms"": [3, 4, 5, 6, 7, 8], ""substituent_position_counts"": {""meta"": 1, ""ortho"": 0, ""para"": 1, ""total"": 2}, ""substituted_ring_carbons"": [6, 7]}, ""local_atom_indices_by_site_0based"": [{""acidic_hydrogen"": 12, ""carbonyl_oxygen"": 0, ""carboxyl_carbon"": 1, ""hydroxyl_oxygen"": 2, ""ipso_carbon"": 3, ""meta_carbons"": [5, 7], ""ortho_carbons"": [4, 8], ""para_carbon"": 6, ""ring_atoms"": [3, 4, 5, 6, 7, 8], ""substituent_position_counts"": {""meta"": 1, ""ortho"": 0, ""para"": 1, ""total"": 2}, ""substituted_ring_carbons"": [6, 7]}], ""log"": ""/gs/bs/tga-ynabae/kikuchi/pka_prediction/data/benzoicacid_v2/logfile/sub_156.log"", ""normal_modes"": {""aggregation"": ""mean of independently assigned harmonic-mode frequencies"", ""assignments"": {""co_double_stretch_frequency_cm1"": {""mode_index_0based"": 41, ""projection"": 1.0158768375013096, ""unscaled_cm1"": 1724.81382}, ""oh_stretch_frequency_cm1"": {""mode_index_0based"": 47, ""projection"": 1.1232926577823317, ""unscaled_cm1"": 3746.14473}}, ""assignments_by_site"": [{""assignments"": {""co_double_stretch_frequency_cm1"": {""mode_index_0based"": 41, ""projection"": 1.0158768375013096, ""unscaled_cm1"": 1724.81382}, ""oh_stretch_frequency_cm1"": {""mode_index_0based"": 47, ""projection"": 1.1232926577823317, ""unscaled_cm1"": 3746.14473}}, ""carboxyl_carbon_0based"": 1}], ""precision"": ""fchk"", ""scale"": 1.0}, ""npa_source"": ""selected final log combined-spin NPA table"", ""site_aggregation"": ""equal-weight arithmetic mean; all sites required""}"
157,O=C(O)c1ccc2ccccc2c1,4.343666666666667,157,0.52927,-0.70536,-0.68553,0.8337,-0.18421,-0.153235,-0.13383,-0.04811,0.7024,1.072,1.6574,1.0253,0.09847224786659405,-0.07229673707690037,-7.666149395991647,-0.7912925049611942,6.874856891030454,3.835209571664235,206.53162766666665,0.021442382153286553,214.7321704923679,102.29057096014903,22.9339599609375,0.9712513156632677,1.2152769282503173,1.3389280714215828,1.4790185391550565,0.002212490119234313,3738.27832,1721.02928,complete,,{},"{""aromatic_cooh_site_count"": 1, ""density_surface"": {""density_cube"": ""/gs/bs/tga-ynabae/kikuchi/pka_prediction/data/benzoicacid_v2/density_cube/sub_157_density.cube"", ""esp_cube"": ""/gs/bs/tga-ynabae/kikuchi/pka_prediction/data/benzoicacid_v2/esp_cube/sub_157_esp.cube"", ""isovalue_e_bohr3"": 0.001, ""local_esp_radius_angstrom"": 2.0, ""local_issues_by_site"": [{}], ""local_values_by_site"": [{""esp_max_acidic_h_hartree_per_e"": 0.09847224786659405, ""esp_min_carbonyl_o_hartree_per_e"": -0.07229673707690037}], ""mpi"": ""arithmetic mean of absolute ESP over all grid-edge isosurface intersections"", ""surface_esp"": ""linear grid-edge crossing samples; nearest-nucleus local patches"", ""volume"": ""occupied density grid; discretized electron-density isosurface volume""}, ""fchk"": ""/gs/bs/tga-ynabae/kikuchi/pka_prediction/data/benzoicacid_v2/formchk/sub_157.fchk"", ""geometric_sampling"": {""buried_center"": ""COOH carbon; reference COOH atoms excluded"", ""buried_radius_angstrom"": 3.5, ""buried_samples"": 32768, ""radii"": ""RDKit vdW"", ""sasa_points_per_atom"": 2000, ""sasa_probe_angstrom"": 1.4}, ""ignored_aliphatic_cooh_count"": 0, ""job_selection"": ""last normally terminated job only"", ""local_atom_indices_0based"": {""acidic_hydrogen"": 13, ""carbonyl_oxygen"": 0, ""carboxyl_carbon"": 1, ""hydroxyl_oxygen"": 2, ""ipso_carbon"": 3, ""meta_carbons"": [5, 11], ""ortho_carbons"": [4, 12], ""para_carbon"": 6, ""ring_atoms"": [3, 4, 5, 6, 11, 12], ""substituent_position_counts"": {""meta"": 1, ""ortho"": 0, ""para"": 1, ""total"": 2}, ""substituted_ring_carbons"": [6, 11]}, ""local_atom_indices_by_site_0based"": [{""acidic_hydrogen"": 13, ""carbonyl_oxygen"": 0, ""carboxyl_carbon"": 1, ""hydroxyl_oxygen"": 2, ""ipso_carbon"": 3, ""meta_carbons"": [5, 11], ""ortho_carbons"": [4, 12], ""para_carbon"": 6, ""ring_atoms"": [3, 4, 5, 6, 11, 12], ""substituent_position_counts"": {""meta"": 1, ""ortho"": 0, ""para"": 1, ""total"": 2}, ""substituted_ring_carbons"": [6, 11]}], ""log"": ""/gs/bs/tga-ynabae/kikuchi/pka_prediction/data/benzoicacid_v2/logfile/sub_157.log"", ""normal_modes"": {""aggregation"": ""mean of independently assigned harmonic-mode frequencies"", ""assignments"": {""co_double_stretch_frequency_cm1"": {""mode_index_0based"": 48, ""projection"": 1.2944140506442823, ""unscaled_cm1"": 1721.02928}, ""oh_stretch_frequency_cm1"": {""mode_index_0based"": 56, ""projection"": 1.123811190119722, ""unscaled_cm1"": 3738.27832}}, ""assignments_by_site"": [{""assignments"": {""co_double_stretch_frequency_cm1"": {""mode_index_0based"": 48, ""projection"": 1.2944140506442823, ""unscaled_cm1"": 1721.02928}, ""oh_stretch_frequency_cm1"": {""mode_index_0based"": 56, ""projection"": 1.123811190119722, ""unscaled_cm1"": 3738.27832}}, ""carboxyl_carbon_0based"": 1}], ""precision"": ""fchk"", ""scale"": 1.0}, ""npa_source"": ""selected final log combined-spin NPA table"", ""site_aggregation"": ""equal-weight arithmetic mean; all sites required""}"
158,O=C(O)c1ccc2ncccc2c1,4.82,158,0.53014,-0.70361,-0.68136,0.83417,-0.17978,-0.14269,-0.157565,0.18071,0.7015,1.0746,1.6618,1.021,0.10355316657724423,-0.06910910434325204,-8.1901029510522,-0.9848448286204325,7.205258122431767,5.715956763668136,194.94981216666667,0.025165556727253006,208.56908629791135,102.48487846577355,22.8912353515625,0.9714020919587547,1.214394297668595,1.3377801013062858,1.480516753032451,0.0005995697996590837,3737.5153,1726.64181,complete,,{},"{""aromatic_cooh_site_count"": 1, ""density_surface"": {""density_cube"": ""/gs/bs/tga-ynabae/kikuchi/pka_prediction/data/benzoicacid_v2/density_cube/sub_158_density.cube"", ""esp_cube"": ""/gs/bs/tga-ynabae/kikuchi/pka_prediction/data/benzoicacid_v2/esp_cube/sub_158_esp.cube"", ""isovalue_e_bohr3"": 0.001, ""local_esp_radius_angstrom"": 2.0, ""local_issues_by_site"": [{}], ""local_values_by_site"": [{""esp_max_acidic_h_hartree_per_e"": 0.10355316657724423, ""esp_min_carbonyl_o_hartree_per_e"": -0.06910910434325204}], ""mpi"": ""arithmetic mean of absolute ESP over all grid-edge isosurface intersections"", ""surface_esp"": ""linear grid-edge crossing samples; nearest-nucleus local patches"", ""volume"": ""occupied density grid; discretized electron-density isosurface volume""}, ""fchk"": ""/gs/bs/tga-ynabae/kikuchi/pka_prediction/data/benzoicacid_v2/formchk/sub_158.fchk"", ""geometric_sampling"": {""buried_center"": ""COOH carbon; reference COOH atoms excluded"", ""buried_radius_angstrom"": 3.5, ""buried_samples"": 32768, ""radii"": ""RDKit vdW"", ""sasa_points_per_atom"": 2000, ""sasa_probe_angstrom"": 1.4}, ""ignored_aliphatic_cooh_count"": 0, ""job_selection"": ""last normally terminated job only"", ""local_atom_indices_0based"": {""acidic_hydrogen"": 13, ""carbonyl_oxygen"": 0, ""carboxyl_carbon"": 1, ""hydroxyl_oxygen"": 2, ""ipso_carbon"": 3, ""meta_carbons"": [5, 11], ""ortho_carbons"": [4, 12], ""para_carbon"": 6, ""ring_atoms"": [3, 4, 5, 6, 11, 12], ""substituent_position_counts"": {""meta"": 1, ""ortho"": 0, ""para"": 1, ""total"": 2}, ""substituted_ring_carbons"": [6, 11]}, ""local_atom_indices_by_site_0based"": [{""acidic_hydrogen"": 13, ""carbonyl_oxygen"": 0, ""carboxyl_carbon"": 1, ""hydroxyl_oxygen"": 2, ""ipso_carbon"": 3, ""meta_carbons"": [5, 11], ""ortho_carbons"": [4, 12], ""para_carbon"": 6, ""ring_atoms"": [3, 4, 5, 6, 11, 12], ""substituent_position_counts"": {""meta"": 1, ""ortho"": 0, ""para"": 1, ""total"": 2}, ""substituted_ring_carbons"": [6, 11]}], ""log"": ""/gs/bs/tga-ynabae/kikuchi/pka_prediction/data/benzoicacid_v2/logfile/sub_158.log"", ""normal_modes"": {""aggregation"": ""mean of independently assigned harmonic-mode frequencies"", ""assignments"": {""co_double_stretch_frequency_cm1"": {""mode_index_0based"": 46, ""projection"": 1.2879521545307937, ""unscaled_cm1"": 1726.64181}, ""oh_stretch_frequency_cm1"": {""mode_index_0based"": 53, ""projection"": 1.1237393951074401, ""unscaled_cm1"": 3737.5153}}, ""assignments_by_site"": [{""assignments"": {""co_double_stretch_frequency_cm1"": {""mode_index_0based"": 46, ""projection"": 1.2879521545307937, ""unscaled_cm1"": 1726.64181}, ""oh_stretch_frequency_cm1"": {""mode_index_0based"": 53, ""projection"": 1.1237393951074401, ""unscaled_cm1"": 3737.5153}}, ""carboxyl_carbon_0based"": 1}], ""precision"": ""fchk"", ""scale"": 1.0}, ""npa_source"": ""selected final log combined-spin NPA table"", ""site_aggregation"": ""equal-weight arithmetic mean; all sites required""}"
159,O=C(O)c1ccc2nccnc2c1,3.64,159,0.53163,-0.69947,-0.67658,0.83477,-0.1634,-0.149685,-0.04025499999999999,0.14236,0.6999,1.08,1.6685,1.0123,0.10528494323873122,-0.0686006033769969,-8.563806523987697,-1.3920915590081409,7.1717149649795555,2.861052431983027,185.81381093333334,0.023506617912664715,202.7530546073645,102.48993642994583,22.918701171875,0.9712667604057592,1.212892609311696,1.3358011492577055,1.485138011394069,0.0003874053779317268,3750.19392,1737.57305,complete,,{},"{""aromatic_cooh_site_count"": 1, ""density_surface"": {""density_cube"": ""/gs/bs/tga-ynabae/kikuchi/pka_prediction/data/benzoicacid_v2/density_cube/sub_159_density.cube"", ""esp_cube"": ""/gs/bs/tga-ynabae/kikuchi/pka_prediction/data/benzoicacid_v2/esp_cube/sub_159_esp.cube"", ""isovalue_e_bohr3"": 0.001, ""local_esp_radius_angstrom"": 2.0, ""local_issues_by_site"": [{}], ""local_values_by_site"": [{""esp_max_acidic_h_hartree_per_e"": 0.10528494323873122, ""esp_min_carbonyl_o_hartree_per_e"": -0.0686006033769969}], ""mpi"": ""arithmetic mean of absolute ESP over all grid-edge isosurface intersections"", ""surface_esp"": ""linear grid-edge crossing samples; nearest-nucleus local patches"", ""volume"": ""occupied density grid; discretized electron-density isosurface volume""}, ""fchk"": ""/gs/bs/tga-ynabae/kikuchi/pka_prediction/data/benzoicacid_v2/formchk/sub_159.fchk"", ""geometric_sampling"": {""buried_center"": ""COOH carbon; reference COOH atoms excluded"", ""buried_radius_angstrom"": 3.5, ""buried_samples"": 32768, ""radii"": ""RDKit vdW"", ""sasa_points_per_atom"": 2000, ""sasa_probe_angstrom"": 1.4}, ""ignored_aliphatic_cooh_count"": 0, ""job_selection"": ""last normally terminated job only"", ""local_atom_indices_0based"": {""acidic_hydrogen"": 13, ""carbonyl_oxygen"": 0, ""carboxyl_carbon"": 1, ""hydroxyl_oxygen"": 2, ""ipso_carbon"": 3, ""meta_carbons"": [5, 11], ""ortho_carbons"": [4, 12], ""para_carbon"": 6, ""ring_atoms"": [3, 4, 5, 6, 11, 12], ""substituent_position_counts"": {""meta"": 1, ""ortho"": 0, ""para"": 1, ""total"": 2}, ""substituted_ring_carbons"": [6, 11]}, ""local_atom_indices_by_site_0based"": [{""acidic_hydrogen"": 13, ""carbonyl_oxygen"": 0, ""carboxyl_carbon"": 1, ""hydroxyl_oxygen"": 2, ""ipso_carbon"": 3, ""meta_carbons"": [5, 11], ""ortho_carbons"": [4, 12], ""para_carbon"": 6, ""ring_atoms"": [3, 4, 5, 6, 11, 12], ""substituent_position_counts"": {""meta"": 1, ""ortho"": 0, ""para"": 1, ""total"": 2}, ""substituted_ring_carbons"": [6, 11]}], ""log"": ""/gs/bs/tga-ynabae/kikuchi/pka_prediction/data/benzoicacid_v2/logfile/sub_159.log"", ""normal_modes"": {""aggregation"": ""mean of independently assigned harmonic-mode frequencies"", ""assignments"": {""co_double_stretch_frequency_cm1"": {""mode_index_0based"": 44, ""projection"": 1.3224569362774605, ""unscaled_cm1"": 1737.57305}, ""oh_stretch_frequency_cm1"": {""mode_index_0based"": 50, ""projection"": 1.1230475483126487, ""unscaled_cm1"": 3750.19392}}, ""assignments_by_site"": [{""assignments"": {""co_double_stretch_frequency_cm1"": {""mode_index_0based"": 44, ""projection"": 1.3224569362774605, ""unscaled_cm1"": 1737.57305}, ""oh_stretch_frequency_cm1"": {""mode_index_0based"": 50, ""projection"": 1.1230475483126487, ""unscaled_cm1"": 3750.19392}}, ""carboxyl_carbon_0based"": 1}], ""precision"": ""fchk"", ""scale"": 1.0}, ""npa_source"": ""selected final log combined-spin NPA table"", ""site_aggregation"": ""equal-weight arithmetic mean; all sites required""}"
160,O=C(O)c1cccc(Br)c1,3.813,160,0.5313,-0.70013,-0.67728,0.83575,-0.16258,-0.17725,-0.15667999999999999,-0.20376,0.7002,1.0794,1.6677,1.0134,0.10643761303908356,-0.06622810989805411,-8.51121722748959,-0.681009793333799,7.830207434155792,4.526739047781384,146.99218496666666,0.02101498228328886,183.25389643407783,102.56902602499994,22.8424072265625,0.9711283642491514,1.2132107259047322,1.3357547689158191,1.4839672752958384,2.489156530189876e-05,3745.30844,1733.54739,complete,,{},"{""aromatic_cooh_site_count"": 1, ""density_surface"": {""density_cube"": ""/gs/bs/tga-ynabae/kikuchi/pka_prediction/data/benzoicacid_v2/density_cube/sub_160_density.cube"", ""esp_cube"": ""/gs/bs/tga-ynabae/kikuchi/pka_prediction/data/benzoicacid_v2/esp_cube/sub_160_esp.cube"", ""isovalue_e_bohr3"": 0.001, ""local_esp_radius_angstrom"": 2.0, ""local_issues_by_site"": [{}], ""local_values_by_site"": [{""esp_max_acidic_h_hartree_per_e"": 0.10643761303908356, ""esp_min_carbonyl_o_hartree_per_e"": -0.06622810989805411}], ""mpi"": ""arithmetic mean of absolute ESP over all grid-edge isosurface intersections"", ""surface_esp"": ""linear grid-edge crossing samples; nearest-nucleus local patches"", ""volume"": ""occupied density grid; discretized electron-density isosurface volume""}, ""fchk"": ""/gs/bs/tga-ynabae/kikuchi/pka_prediction/data/benzoicacid_v2/formchk/sub_160.fchk"", ""geometric_sampling"": {""buried_center"": ""COOH carbon; reference COOH atoms excluded"", ""buried_radius_angstrom"": 3.5, ""buried_samples"": 32768, ""radii"": ""RDKit vdW"", ""sasa_points_per_atom"": 2000, ""sasa_probe_angstrom"": 1.4}, ""ignored_aliphatic_cooh_count"": 0, ""job_selection"": ""last normally terminated job only"", ""local_atom_indices_0based"": {""acidic_hydrogen"": 10, ""carbonyl_oxygen"": 0, ""carboxyl_carbon"": 1, ""hydroxyl_oxygen"": 2, ""ipso_carbon"": 3, ""meta_carbons"": [5, 7], ""ortho_carbons"": [4, 9], ""para_carbon"": 6, ""ring_atoms"": [3, 4, 5, 6, 7, 9], ""substituent_position_counts"": {""meta"": 1, ""ortho"": 0, ""para"": 0, ""total"": 1}, ""substituted_ring_carbons"": [7]}, ""local_atom_indices_by_site_0based"": [{""acidic_hydrogen"": 10, ""carbonyl_oxygen"": 0, ""carboxyl_carbon"": 1, ""hydroxyl_oxygen"": 2, ""ipso_carbon"": 3, ""meta_carbons"": [5, 7], ""ortho_carbons"": [4, 9], ""para_carbon"": 6, ""ring_atoms"": [3, 4, 5, 6, 7, 9], ""substituent_position_counts"": {""meta"": 1, ""ortho"": 0, ""para"": 0, ""total"": 1}, ""substituted_ring_carbons"": [7]}], ""log"": ""/gs/bs/tga-ynabae/kikuchi/pka_prediction/data/benzoicacid_v2/logfile/sub_160.log"", ""normal_modes"": {""aggregation"": ""mean of independently assigned harmonic-mode frequencies"", ""assignments"": {""co_double_stretch_frequency_cm1"": {""mode_index_0based"": 33, ""projection"": 1.361111576787, ""unscaled_cm1"": 1733.54739}, ""oh_stretch_frequency_cm1"": {""mode_index_0based"": 38, ""projection"": 1.1235629241210683, ""unscaled_cm1"": 3745.30844}}, ""assignments_by_site"": [{""assignments"": {""co_double_stretch_frequency_cm1"": {""mode_index_0based"": 33, ""projection"": 1.361111576787, ""unscaled_cm1"": 1733.54739}, ""oh_stretch_frequency_cm1"": {""mode_index_0based"": 38, ""projection"": 1.1235629241210683, ""unscaled_cm1"": 3745.30844}}, ""carboxyl_carbon_0based"": 1}], ""precision"": ""fchk"", ""scale"": 1.0}, ""npa_source"": ""selected final log combined-spin NPA table"", ""site_aggregation"": ""equal-weight arithmetic mean; all sites required""}"
161,O=C(O)c1cccc(Br)c1C(=O)O,2.27,161,0.535405,-0.6913400000000001,-0.65642,0.844145,-0.13291999999999998,-0.12699499999999997,-0.15539999999999998,-0.18973,0.69375,1.0912000000000002,1.6951,0.9768,0.10909901386564613,-0.06510271144053832,-8.685699602139966,-0.8206935615258719,7.8650060406140945,2.103429029906011,172.60826733333332,0.027356342859368495,217.51930559419867,86.52854088263177,30.1666259765625,0.9723072476560186,1.2085986775392472,1.3297209179816831,1.496575164679367,48.203877645004944,3736.8197,1754.6482449999999,complete,,{},"{""aromatic_cooh_site_count"": 2, ""density_surface"": {""density_cube"": ""/gs/bs/tga-ynabae/kikuchi/pka_prediction/data/benzoicacid_v2/density_cube/sub_161_density.cube"", ""esp_cube"": ""/gs/bs/tga-ynabae/kikuchi/pka_prediction/data/benzoicacid_v2/esp_cube/sub_161_esp.cube"", ""isovalue_e_bohr3"": 0.001, ""local_esp_radius_angstrom"": 2.0, ""local_issues_by_site"": [{}, {}], ""local_values_by_site"": [{""esp_max_acidic_h_hartree_per_e"": 0.11090517889472513, ""esp_min_carbonyl_o_hartree_per_e"": -0.058499862749339104}, {""esp_max_acidic_h_hartree_per_e"": 0.10729284883656712, ""esp_min_carbonyl_o_hartree_per_e"": -0.07170556013173754}], ""mpi"": ""arithmetic mean of absolute ESP over all grid-edge isosurface intersections"", ""surface_esp"": ""linear grid-edge crossing samples; nearest-nucleus local patches"", ""volume"": ""occupied density grid; discretized electron-density isosurface volume""}, ""fchk"": ""/gs/bs/tga-ynabae/kikuchi/pka_prediction/data/benzoicacid_v2/formchk/sub_161.fchk"", ""geometric_sampling"": {""buried_center"": ""COOH carbon; reference COOH atoms excluded"", ""buried_radius_angstrom"": 3.5, ""buried_samples"": 32768, ""radii"": ""RDKit vdW"", ""sasa_points_per_atom"": 2000, ""sasa_probe_angstrom"": 1.4}, ""ignored_aliphatic_cooh_count"": 0, ""job_selection"": ""last normally terminated job only"", ""local_atom_indices_by_site_0based"": [{""acidic_hydrogen"": 13, ""carbonyl_oxygen"": 0, ""carboxyl_carbon"": 1, ""hydroxyl_oxygen"": 2, ""ipso_carbon"": 3, ""meta_carbons"": [5, 7], ""ortho_carbons"": [4, 9], ""para_carbon"": 6, ""ring_atoms"": [3, 4, 5, 6, 7, 9], ""substituent_position_counts"": {""meta"": 1, ""ortho"": 1, ""para"": 0, ""total"": 2}, ""substituted_ring_carbons"": [7, 9]}, {""acidic_hydrogen"": 17, ""carbonyl_oxygen"": 11, ""carboxyl_carbon"": 10, ""hydroxyl_oxygen"": 12, ""ipso_carbon"": 9, ""meta_carbons"": [4, 6], ""ortho_carbons"": [3, 7], ""para_carbon"": 5, ""ring_atoms"": [3, 4, 5, 6, 7, 9], ""substituent_position_counts"": {""meta"": 0, ""ortho"": 2, ""para"": 0, ""total"": 2}, ""substituted_ring_carbons"": [3, 7]}], ""log"": ""/gs/bs/tga-ynabae/kikuchi/pka_prediction/data/benzoicacid_v2/logfile/sub_161.log"", ""normal_modes"": {""aggregation"": ""mean of independently assigned harmonic-mode frequencies"", ""assignments_by_site"": [{""assignments"": {""co_double_stretch_frequency_cm1"": {""mode_index_0based"": 41, ""projection"": 1.3889928695666727, ""unscaled_cm1"": 1740.42866}, ""oh_stretch_frequency_cm1"": {""mode_index_0based"": 47, ""projection"": 1.1224595799995833, ""unscaled_cm1"": 3745.45371}}, ""carboxyl_carbon_0based"": 1}, {""assignments"": {""co_double_stretch_frequency_cm1"": {""mode_index_0based"": 42, ""projection"": 1.3952907226656628, ""unscaled_cm1"": 1768.86783}, ""oh_stretch_frequency_cm1"": {""mode_index_0based"": 46, ""projection"": 1.1219251181641745, ""unscaled_cm1"": 3728.18569}}, ""carboxyl_carbon_0based"": 10}], ""precision"": ""fchk"", ""scale"": 1.0}, ""npa_source"": ""selected final log combined-spin NPA table"", ""site_aggregation"": ""equal-weight arithmetic mean; all sites required""}"
162,O=C(O)c1cccc(C(=O)O)c1,3.7,162,0.53144,-0.70109,-0.67841,0.83623,-0.18155,-0.125,-0.19987,-0.12859,0.7001,1.0786,1.6668,1.0145,0.10633422401076029,-0.06298400930910711,-9.07140075690548,-0.832232217884571,8.239168539020907,1.8475699392964984,149.42000426666667,0.024026450199076968,189.6231721252515,102.48985789012949,22.906494140625,0.9712715244736865,1.2135430596141412,1.3359744771862978,1.483271661401804,0.0028241758675218655,3751.46942,1737.01926,complete,,{},"{""aromatic_cooh_site_count"": 2, ""density_surface"": {""density_cube"": ""/gs/bs/tga-ynabae/kikuchi/pka_prediction/data/benzoicacid_v2/density_cube/sub_162_density.cube"", ""esp_cube"": ""/gs/bs/tga-ynabae/kikuchi/pka_prediction/data/benzoicacid_v2/esp_cube/sub_162_esp.cube"", ""isovalue_e_bohr3"": 0.001, ""local_esp_radius_angstrom"": 2.0, ""local_issues_by_site"": [{}, {}], ""local_values_by_site"": [{""esp_max_acidic_h_hartree_per_e"": 0.1063335325102505, ""esp_min_carbonyl_o_hartree_per_e"": -0.06297662762308685}, {""esp_max_acidic_h_hartree_per_e"": 0.10633491551127006, ""esp_min_carbonyl_o_hartree_per_e"": -0.06299139099512735}], ""mpi"": ""arithmetic mean of absolute ESP over all grid-edge isosurface intersections"", ""surface_esp"": ""linear grid-edge crossing samples; nearest-nucleus local patches"", ""volume"": ""occupied density grid; discretized electron-density isosurface volume""}, ""fchk"": ""/gs/bs/tga-ynabae/kikuchi/pka_prediction/data/benzoicacid_v2/formchk/sub_162.fchk"", ""geometric_sampling"": {""buried_center"": ""COOH carbon; reference COOH atoms excluded"", ""buried_radius_angstrom"": 3.5, ""buried_samples"": 32768, ""radii"": ""RDKit vdW"", ""sasa_points_per_atom"": 2000, ""sasa_probe_angstrom"": 1.4}, ""ignored_aliphatic_cooh_count"": 0, ""job_selection"": ""last normally terminated job only"", ""local_atom_indices_by_site_0based"": [{""acidic_hydrogen"": 12, ""carbonyl_oxygen"": 0, ""carboxyl_carbon"": 1, ""hydroxyl_oxygen"": 2, ""ipso_carbon"": 3, ""meta_carbons"": [5, 7], ""ortho_carbons"": [4, 11], ""para_carbon"": 6, ""ring_atoms"": [3, 4, 5, 6, 7, 11], ""substituent_position_counts"": {""meta"": 1, ""ortho"": 0, ""para"": 0, ""total"": 1}, ""substituted_ring_carbons"": [7]}, {""acidic_hydrogen"": 16, ""carbonyl_oxygen"": 9, ""carboxyl_carbon"": 8, ""hydroxyl_oxygen"": 10, ""ipso_carbon"": 7, ""meta_carbons"": [3, 5], ""ortho_carbons"": [6, 11], ""para_carbon"": 4, ""ring_atoms"": [3, 4, 5, 6, 7, 11], ""substituent_position_counts"": {""meta"": 1, ""ortho"": 0, ""para"": 0, ""total"": 1}, ""substituted_ring_carbons"": [3]}], ""log"": ""/gs/bs/tga-ynabae/kikuchi/pka_prediction/data/benzoicacid_v2/logfile/sub_162.log"", ""normal_modes"": {""aggregation"": ""mean of independently assigned harmonic-mode frequencies"", ""assignments_by_site"": [{""assignments"": {""co_double_stretch_frequency_cm1"": {""mode_index_0based"": 41, ""projection"": 0.6677599559150741, ""unscaled_cm1"": 1737.01926}, ""oh_stretch_frequency_cm1"": {""mode_index_0based"": 46, ""projection"": 0.5616678382590592, ""unscaled_cm1"": 3751.39401}}, ""carboxyl_carbon_0based"": 1}, {""assignments"": {""co_double_stretch_frequency_cm1"": {""mode_index_0based"": 41, ""projection"": 0.6677590458981219, ""unscaled_cm1"": 1737.01926}, ""oh_stretch_frequency_cm1"": {""mode_index_0based"": 47, ""projection"": 0.5617021456637632, ""unscaled_cm1"": 3751.54483}}, ""carboxyl_carbon_0based"": 8}], ""precision"": ""fchk"", ""scale"": 1.0}, ""npa_source"": ""selected final log combined-spin NPA table"", ""site_aggregation"": ""equal-weight arithmetic mean; all sites required""}"
163,O=C(O)c1cccc(C(=O)O)c1C(=O)O,2.84,163,0.5336500000000001,-0.6930533333333333,-0.6610666666666667,0.84278,-0.12038333333333333,-0.10840833333333333,-0.16126166666666666,-0.14928666666666665,0.6962999999999999,1.0886333333333333,1.6838,0.9863,0.10379088567501003,-0.0749835057202034,-9.169260140074794,-0.855288697564659,8.313971442510136,5.249190531049079,174.26979666666668,0.03368580573039952,222.915639218719,85.77470525342738,30.128987630208332,0.9719447529170667,1.2100238512086376,1.3307678935294147,1.4943607006049098,38.91473514408526,3739.6873333333333,1749.9765433333334,complete,,{},"{""aromatic_cooh_site_count"": 3, ""density_surface"": {""density_cube"": ""/gs/bs/tga-ynabae/kikuchi/pka_prediction/data/benzoicacid_v2/density_cube/sub_163_density.cube"", ""esp_cube"": ""/gs/bs/tga-ynabae/kikuchi/pka_prediction/data/benzoicacid_v2/esp_cube/sub_163_esp.cube"", ""isovalue_e_bohr3"": 0.001, ""local_esp_radius_angstrom"": 2.0, ""local_issues_by_site"": [{}, {}, {}], ""local_values_by_site"": [{""esp_max_acidic_h_hartree_per_e"": 0.10522167150888578, ""esp_min_carbonyl_o_hartree_per_e"": -0.06339511687133627}, {""esp_max_acidic_h_hartree_per_e"": 0.11192840573650596, ""esp_min_carbonyl_o_hartree_per_e"": -0.08078648828628862}, {""esp_max_acidic_h_hartree_per_e"": 0.09422257977963834, ""esp_min_carbonyl_o_hartree_per_e"": -0.0807689120029853}], ""mpi"": ""arithmetic mean of absolute ESP over all grid-edge isosurface intersections"", ""surface_esp"": ""linear grid-edge crossing samples; nearest-nucleus local patches"", ""volume"": ""occupied density grid; discretized electron-density isosurface volume""}, ""fchk"": ""/gs/bs/tga-ynabae/kikuchi/pka_prediction/data/benzoicacid_v2/formchk/sub_163.fchk"", ""geometric_sampling"": {""buried_center"": ""COOH carbon; reference COOH atoms excluded"", ""buried_radius_angstrom"": 3.5, ""buried_samples"": 32768, ""radii"": ""RDKit vdW"", ""sasa_points_per_atom"": 2000, ""sasa_probe_angstrom"": 1.4}, ""ignored_aliphatic_cooh_count"": 0, ""job_selection"": ""last normally terminated job only"", ""local_atom_indices_by_site_0based"": [{""acidic_hydrogen"": 15, ""carbonyl_oxygen"": 0, ""carboxyl_carbon"": 1, ""hydroxyl_oxygen"": 2, ""ipso_carbon"": 3, ""meta_carbons"": [5, 7], ""ortho_carbons"": [4, 11], ""para_carbon"": 6, ""ring_atoms"": [3, 4, 5, 6, 7, 11], ""substituent_position_counts"": {""meta"": 1, ""ortho"": 1, ""para"": 0, ""total"": 2}, ""substituted_ring_carbons"": [7, 11]}, {""acidic_hydrogen"": 19, ""carbonyl_oxygen"": 9, ""carboxyl_carbon"": 8, ""hydroxyl_oxygen"": 10, ""ipso_carbon"": 7, ""meta_carbons"": [3, 5], ""ortho_carbons"": [6, 11], ""para_carbon"": 4, ""ring_atoms"": [3, 4, 5, 6, 7, 11], ""substituent_position_counts"": {""meta"": 1, ""ortho"": 1, ""para"": 0, ""total"": 2}, ""substituted_ring_carbons"": [3, 11]}, {""acidic_hydrogen"": 20, ""carbonyl_oxygen"": 13, ""carboxyl_carbon"": 12, ""hydroxyl_oxygen"": 14, ""ipso_carbon"": 11, ""meta_carbons"": [4, 6], ""ortho_carbons"": [3, 7], ""para_carbon"": 5, ""ring_atoms"": [3, 4, 5, 6, 7, 11], ""substituent_position_counts"": {""meta"": 0, ""ortho"": 2, ""para"": 0, ""total"": 2}, ""substituted_ring_carbons"": [3, 7]}], ""log"": ""/gs/bs/tga-ynabae/kikuchi/pka_prediction/data/benzoicacid_v2/logfile/sub_163.log"", ""normal_modes"": {""aggregation"": ""mean of independently assigned harmonic-mode frequencies"", ""assignments_by_site"": [{""assignments"": {""co_double_stretch_frequency_cm1"": {""mode_index_0based"": 48, ""projection"": 1.2090215311339616, ""unscaled_cm1"": 1741.60529}, ""oh_stretch_frequency_cm1"": {""mode_index_0based"": 55, ""projection"": 1.1144998251956173, ""unscaled_cm1"": 3745.79772}}, ""carboxyl_carbon_0based"": 1}, {""assignments"": {""co_double_stretch_frequency_cm1"": {""mode_index_0based"": 49, ""projection"": 1.2587055530205942, ""unscaled_cm1"": 1748.25007}, ""oh_stretch_frequency_cm1"": {""mode_index_0based"": 56, ""projection"": 1.1151788306353256, ""unscaled_cm1"": 3746.81239}}, ""carboxyl_carbon_0based"": 8}, {""assignments"": {""co_double_stretch_frequency_cm1"": {""mode_index_0based"": 50, ""projection"": 1.2814492297122864, ""unscaled_cm1"": 1760.07427}, ""oh_stretch_frequency_cm1"": {""mode_index_0based"": 54, ""projection"": 1.1225424289612251, ""unscaled_cm1"": 3726.45189}}, ""carboxyl_carbon_0based"": 12}], ""precision"": ""fchk"", ""scale"": 1.0}, ""npa_source"": ""selected final log combined-spin NPA table"", ""site_aggregation"": ""equal-weight arithmetic mean; all sites required""}"
164,O=C(O)c1cccc(C=C[N+](=O)[O-])c1,3.87,164,0.53105,-0.70085,-0.67869,0.83619,-0.18157,-0.12406999999999999,-0.16549,-0.13437,0.7005,1.0785,1.6665,1.0147,0.11106643832472748,-0.05772295436269244,-8.48426347864858,-1.983241972508599,6.501021506139981,4.96687460307571,207.5220342,0.03413611598559094,223.72451405568364,102.28992693365502,22.882080078125,0.971069366983545,1.2135856690941025,1.3363091211752525,1.482613687057179,0.06681705418914208,3753.17093,1734.27002,complete,,{},"{""aromatic_cooh_site_count"": 1, ""density_surface"": {""density_cube"": ""/gs/bs/tga-ynabae/kikuchi/pka_prediction/data/benzoicacid_v2/density_cube/sub_164_density.cube"", ""esp_cube"": ""/gs/bs/tga-ynabae/kikuchi/pka_prediction/data/benzoicacid_v2/esp_cube/sub_164_esp.cube"", ""isovalue_e_bohr3"": 0.001, ""local_esp_radius_angstrom"": 2.0, ""local_issues_by_site"": [{}], ""local_values_by_site"": [{""esp_max_acidic_h_hartree_per_e"": 0.11106643832472748, ""esp_min_carbonyl_o_hartree_per_e"": -0.05772295436269244}], ""mpi"": ""arithmetic mean of absolute ESP over all grid-edge isosurface intersections"", ""surface_esp"": ""linear grid-edge crossing samples; nearest-nucleus local patches"", ""volume"": ""occupied density grid; discretized electron-density isosurface volume""}, ""fchk"": ""/gs/bs/tga-ynabae/kikuchi/pka_prediction/data/benzoicacid_v2/formchk/sub_164.fchk"", ""geometric_sampling"": {""buried_center"": ""COOH carbon; reference COOH atoms excluded"", ""buried_radius_angstrom"": 3.5, ""buried_samples"": 32768, ""radii"": ""RDKit vdW"", ""sasa_points_per_atom"": 2000, ""sasa_probe_angstrom"": 1.4}, ""ignored_aliphatic_cooh_count"": 0, ""job_selection"": ""last normally terminated job only"", ""local_atom_indices_0based"": {""acidic_hydrogen"": 14, ""carbonyl_oxygen"": 0, ""carboxyl_carbon"": 1, ""hydroxyl_oxygen"": 2, ""ipso_carbon"": 3, ""meta_carbons"": [5, 7], ""ortho_carbons"": [4, 13], ""para_carbon"": 6, ""ring_atoms"": [3, 4, 5, 6, 7, 13], ""substituent_position_counts"": {""meta"": 1, ""ortho"": 0, ""para"": 0, ""total"": 1}, ""substituted_ring_carbons"": [7]}, ""local_atom_indices_by_site_0based"": [{""acidic_hydrogen"": 14, ""carbonyl_oxygen"": 0, ""carboxyl_carbon"": 1, ""hydroxyl_oxygen"": 2, ""ipso_carbon"": 3, ""meta_carbons"": [5, 7], ""ortho_carbons"": [4, 13], ""para_carbon"": 6, ""ring_atoms"": [3, 4, 5, 6, 7, 13], ""substituent_position_counts"": {""meta"": 1, ""ortho"": 0, ""para"": 0, ""total"": 1}, ""substituted_ring_carbons"": [7]}], ""log"": ""/gs/bs/tga-ynabae/kikuchi/pka_prediction/data/benzoicacid_v2/logfile/sub_164.log"", ""normal_modes"": {""aggregation"": ""mean of independently assigned harmonic-mode frequencies"", ""assignments"": {""co_double_stretch_frequency_cm1"": {""mode_index_0based"": 49, ""projection"": 1.179137300505201, ""unscaled_cm1"": 1734.27002}, ""oh_stretch_frequency_cm1"": {""mode_index_0based"": 56, ""projection"": 1.1233088931589945, ""unscaled_cm1"": 3753.17093}}, ""assignments_by_site"": [{""assignments"": {""co_double_stretch_frequency_cm1"": {""mode_index_0based"": 49, ""projection"": 1.179137300505201, ""unscaled_cm1"": 1734.27002}, ""oh_stretch_frequency_cm1"": {""mode_index_0based"": 56, ""projection"": 1.1233088931589945, ""unscaled_cm1"": 3753.17093}}, ""carboxyl_carbon_0based"": 1}], ""precision"": ""fchk"", ""scale"": 1.0}, ""npa_source"": ""selected final log combined-spin NPA table"", ""site_aggregation"": ""equal-weight arithmetic mean; all sites required""}"
165,O=C(O)c1cccc(Cl)c1,3.8295,165,0.53137,-0.70093,-0.6766,0.83564,-0.16168,-0.17851,-0.122645,-0.20316,0.7002,1.0788,1.6682,1.0136,0.10538348835717827,-0.06370164610952005,-8.602832060109016,-0.6716849519568058,7.931147108152211,0.7952648724959883,137.17541343333332,0.019399191920145907,176.53785552652027,102.7387662760734,22.894287109375,0.970967014421994,1.2130840160063712,1.3358846748620217,1.4840292318352497,0.0025571233363241457,3754.7305,1734.23391,complete,,{},"{""aromatic_cooh_site_count"": 1, ""density_surface"": {""density_cube"": ""/gs/bs/tga-ynabae/kikuchi/pka_prediction/data/benzoicacid_v2/density_cube/sub_165_density.cube"", ""esp_cube"": ""/gs/bs/tga-ynabae/kikuchi/pka_prediction/data/benzoicacid_v2/esp_cube/sub_165_esp.cube"", ""isovalue_e_bohr3"": 0.001, ""local_esp_radius_angstrom"": 2.0, ""local_issues_by_site"": [{}], ""local_values_by_site"": [{""esp_max_acidic_h_hartree_per_e"": 0.10538348835717827, ""esp_min_carbonyl_o_hartree_per_e"": -0.06370164610952005}], ""mpi"": ""arithmetic mean of absolute ESP over all grid-edge isosurface intersections"", ""surface_esp"": ""linear grid-edge crossing samples; nearest-nucleus local patches"", ""volume"": ""occupied density grid; discretized electron-density isosurface volume""}, ""fchk"": ""/gs/bs/tga-ynabae/kikuchi/pka_prediction/data/benzoicacid_v2/formchk/sub_165.fchk"", ""geometric_sampling"": {""buried_center"": ""COOH carbon; reference COOH atoms excluded"", ""buried_radius_angstrom"": 3.5, ""buried_samples"": 32768, ""radii"": ""RDKit vdW"", ""sasa_points_per_atom"": 2000, ""sasa_probe_angstrom"": 1.4}, ""ignored_aliphatic_cooh_count"": 0, ""job_selection"": ""last normally terminated job only"", ""local_atom_indices_0based"": {""acidic_hydrogen"": 10, ""carbonyl_oxygen"": 0, ""carboxyl_carbon"": 1, ""hydroxyl_oxygen"": 2, ""ipso_carbon"": 3, ""meta_carbons"": [5, 7], ""ortho_carbons"": [4, 9], ""para_carbon"": 6, ""ring_atoms"": [3, 4, 5, 6, 7, 9], ""substituent_position_counts"": {""meta"": 1, ""ortho"": 0, ""para"": 0, ""total"": 1}, ""substituted_ring_carbons"": [7]}, ""local_atom_indices_by_site_0based"": [{""acidic_hydrogen"": 10, ""carbonyl_oxygen"": 0, ""carboxyl_carbon"": 1, ""hydroxyl_oxygen"": 2, ""ipso_carbon"": 3, ""meta_carbons"": [5, 7], ""ortho_carbons"": [4, 9], ""para_carbon"": 6, ""ring_atoms"": [3, 4, 5, 6, 7, 9], ""substituent_position_counts"": {""meta"": 1, ""ortho"": 0, ""para"": 0, ""total"": 1}, ""substituted_ring_carbons"": [7]}], ""log"": ""/gs/bs/tga-ynabae/kikuchi/pka_prediction/data/benzoicacid_v2/logfile/sub_165.log"", ""normal_modes"": {""aggregation"": ""mean of independently assigned harmonic-mode frequencies"", ""assignments"": {""co_double_stretch_frequency_cm1"": {""mode_index_0based"": 33, ""projection"": 1.3659634258787894, ""unscaled_cm1"": 1734.23391}, ""oh_stretch_frequency_cm1"": {""mode_index_0based"": 38, ""projection"": 1.1230214011029314, ""unscaled_cm1"": 3754.7305}}, ""assignments_by_site"": [{""assignments"": {""co_double_stretch_frequency_cm1"": {""mode_index_0based"": 33, ""projection"": 1.3659634258787894, ""unscaled_cm1"": 1734.23391}, ""oh_stretch_frequency_cm1"": {""mode_index_0based"": 38, ""projection"": 1.1230214011029314, ""unscaled_cm1"": 3754.7305}}, ""carboxyl_carbon_0based"": 1}], ""precision"": ""fchk"", ""scale"": 1.0}, ""npa_source"": ""selected final log combined-spin NPA table"", ""site_aggregation"": ""equal-weight arithmetic mean; all sites required""}"
166,O=C(O)c1cccc(F)c1,3.626714285714286,166,0.53118,-0.70137,-0.67753,0.83473,-0.15951,-0.206205,0.10323500000000001,-0.244,0.7004,1.0782,1.6674,1.0146,0.10514923202954705,-0.06470752958830217,-8.708278086609257,-0.6501618366128178,8.05811624999644,0.9134219407663637,120.78856780000001,0.021554115973968564,159.255033408956,102.22954552285303,22.943115234375,0.9715349990658172,1.2133311563749334,1.3364803171636572,1.4835756021891975,0.0011508745245170644,3734.85042,1734.23034,complete,,{},"{""aromatic_cooh_site_count"": 1, ""density_surface"": {""density_cube"": ""/gs/bs/tga-ynabae/kikuchi/pka_prediction/data/benzoicacid_v2/density_cube/sub_166_density.cube"", ""esp_cube"": ""/gs/bs/tga-ynabae/kikuchi/pka_prediction/data/benzoicacid_v2/esp_cube/sub_166_esp.cube"", ""isovalue_e_bohr3"": 0.001, ""local_esp_radius_angstrom"": 2.0, ""local_issues_by_site"": [{}], ""local_values_by_site"": [{""esp_max_acidic_h_hartree_per_e"": 0.10514923202954705, ""esp_min_carbonyl_o_hartree_per_e"": -0.06470752958830217}], ""mpi"": ""arithmetic mean of absolute ESP over all grid-edge isosurface intersections"", ""surface_esp"": ""linear grid-edge crossing samples; nearest-nucleus local patches"", ""volume"": ""occupied density grid; discretized electron-density isosurface volume""}, ""fchk"": ""/gs/bs/tga-ynabae/kikuchi/pka_prediction/data/benzoicacid_v2/formchk/sub_166.fchk"", ""geometric_sampling"": {""buried_center"": ""COOH carbon; reference COOH atoms excluded"", ""buried_radius_angstrom"": 3.5, ""buried_samples"": 32768, ""radii"": ""RDKit vdW"", ""sasa_points_per_atom"": 2000, ""sasa_probe_angstrom"": 1.4}, ""ignored_aliphatic_cooh_count"": 0, ""job_selection"": ""last normally terminated job only"", ""local_atom_indices_0based"": {""acidic_hydrogen"": 10, ""carbonyl_oxygen"": 0, ""carboxyl_carbon"": 1, ""hydroxyl_oxygen"": 2, ""ipso_carbon"": 3, ""meta_carbons"": [5, 7], ""ortho_carbons"": [4, 9], ""para_carbon"": 6, ""ring_atoms"": [3, 4, 5, 6, 7, 9], ""substituent_position_counts"": {""meta"": 1, ""ortho"": 0, ""para"": 0, ""total"": 1}, ""substituted_ring_carbons"": [7]}, ""local_atom_indices_by_site_0based"": [{""acidic_hydrogen"": 10, ""carbonyl_oxygen"": 0, ""carboxyl_carbon"": 1, ""hydroxyl_oxygen"": 2, ""ipso_carbon"": 3, ""meta_carbons"": [5, 7], ""ortho_carbons"": [4, 9], ""para_carbon"": 6, ""ring_atoms"": [3, 4, 5, 6, 7, 9], ""substituent_position_counts"": {""meta"": 1, ""ortho"": 0, ""para"": 0, ""total"": 1}, ""substituted_ring_carbons"": [7]}], ""log"": ""/gs/bs/tga-ynabae/kikuchi/pka_prediction/data/benzoicacid_v2/logfile/sub_166.log"", ""normal_modes"": {""aggregation"": ""mean of independently assigned harmonic-mode frequencies"", ""assignments"": {""co_double_stretch_frequency_cm1"": {""mode_index_0based"": 33, ""projection"": 1.3203324606417264, ""unscaled_cm1"": 1734.23034}, ""oh_stretch_frequency_cm1"": {""mode_index_0based"": 38, ""projection"": 1.1238101215876557, ""unscaled_cm1"": 3734.85042}}, ""assignments_by_site"": [{""assignments"": {""co_double_stretch_frequency_cm1"": {""mode_index_0based"": 33, ""projection"": 1.3203324606417264, ""unscaled_cm1"": 1734.23034}, ""oh_stretch_frequency_cm1"": {""mode_index_0based"": 38, ""projection"": 1.1238101215876557, ""unscaled_cm1"": 3734.85042}}, ""carboxyl_carbon_0based"": 1}], ""precision"": ""fchk"", ""scale"": 1.0}, ""npa_source"": ""selected final log combined-spin NPA table"", ""site_aggregation"": ""equal-weight arithmetic mean; all sites required""}"
167,O=C(O)c1cccc(O)c1,4.1899999999999995,167,0.52998,-0.70354,-0.6824,0.83492,-0.16127,-0.22173500000000002,0.057205000000000006,-0.23945,0.7016,1.0752,1.6631,1.0183,0.10388650879209484,-0.06969683444721222,-8.058182341011353,-0.539522568749164,7.51865977226219,3.067604107694848,130.20335939999998,0.025506861561675753,165.05576010175724,102.42939793951115,22.9766845703125,0.9712422544918052,1.2143266579850782,1.3377567049703665,1.4825454664511934,0.0016947585374529252,3736.17546,1729.13579,complete,,{},"{""aromatic_cooh_site_count"": 1, ""density_surface"": {""density_cube"": ""/gs/bs/tga-ynabae/kikuchi/pka_prediction/data/benzoicacid_v2/density_cube/sub_167_density.cube"", ""esp_cube"": ""/gs/bs/tga-ynabae/kikuchi/pka_prediction/data/benzoicacid_v2/esp_cube/sub_167_esp.cube"", ""isovalue_e_bohr3"": 0.001, ""local_esp_radius_angstrom"": 2.0, ""local_issues_by_site"": [{}], ""local_values_by_site"": [{""esp_max_acidic_h_hartree_per_e"": 0.10388650879209484, ""esp_min_carbonyl_o_hartree_per_e"": -0.06969683444721222}], ""mpi"": ""arithmetic mean of absolute ESP over all grid-edge isosurface intersections"", ""surface_esp"": ""linear grid-edge crossing samples; nearest-nucleus local patches"", ""volume"": ""occupied density grid; discretized electron-density isosurface volume""}, ""fchk"": ""/gs/bs/tga-ynabae/kikuchi/pka_prediction/data/benzoicacid_v2/formchk/sub_167.fchk"", ""geometric_sampling"": {""buried_center"": ""COOH carbon; reference COOH atoms excluded"", ""buried_radius_angstrom"": 3.5, ""buried_samples"": 32768, ""radii"": ""RDKit vdW"", ""sasa_points_per_atom"": 2000, ""sasa_probe_angstrom"": 1.4}, ""ignored_aliphatic_cooh_count"": 0, ""job_selection"": ""last normally terminated job only"", ""local_atom_indices_0based"": {""acidic_hydrogen"": 10, ""carbonyl_oxygen"": 0, ""carboxyl_carbon"": 1, ""hydroxyl_oxygen"": 2, ""ipso_carbon"": 3, ""meta_carbons"": [5, 7], ""ortho_carbons"": [4, 9], ""para_carbon"": 6, ""ring_atoms"": [3, 4, 5, 6, 7, 9], ""substituent_position_counts"": {""meta"": 1, ""ortho"": 0, ""para"": 0, ""total"": 1}, ""substituted_ring_carbons"": [7]}, ""local_atom_indices_by_site_0based"": [{""acidic_hydrogen"": 10, ""carbonyl_oxygen"": 0, ""carboxyl_carbon"": 1, ""hydroxyl_oxygen"": 2, ""ipso_carbon"": 3, ""meta_carbons"": [5, 7], ""ortho_carbons"": [4, 9], ""para_carbon"": 6, ""ring_atoms"": [3, 4, 5, 6, 7, 9], ""substituent_position_counts"": {""meta"": 1, ""ortho"": 0, ""para"": 0, ""total"": 1}, ""substituted_ring_carbons"": [7]}], ""log"": ""/gs/bs/tga-ynabae/kikuchi/pka_prediction/data/benzoicacid_v2/logfile/sub_167.log"", ""normal_modes"": {""aggregation"": ""mean of independently assigned harmonic-mode frequencies"", ""assignments"": {""co_double_stretch_frequency_cm1"": {""mode_index_0based"": 35, ""projection"": 1.2679589281319998, ""unscaled_cm1"": 1729.13579}, ""oh_stretch_frequency_cm1"": {""mode_index_0based"": 40, ""projection"": 1.1240202893937083, ""unscaled_cm1"": 3736.17546}}, ""assignments_by_site"": [{""assignments"": {""co_double_stretch_frequency_cm1"": {""mode_index_0based"": 35, ""projection"": 1.2679589281319998, ""unscaled_cm1"": 1729.13579}, ""oh_stretch_frequency_cm1"": {""mode_index_0based"": 40, ""projection"": 1.1240202893937083, ""unscaled_cm1"": 3736.17546}}, ""carboxyl_carbon_0based"": 1}], ""precision"": ""fchk"", ""scale"": 1.0}, ""npa_source"": ""selected final log combined-spin NPA table"", ""site_aggregation"": ""equal-weight arithmetic mean; all sites required""}"
168,O=C(O)c1cccc(O)c1O,2.914,168,0.52801,-0.71135,-0.67975,0.83286,-0.22881,0.07376500000000001,0.010950000000000001,-0.23625,0.7037,1.061,1.6626,1.0379,0.08883418625179526,-0.11139267356185184,-7.749416020213281,-0.4458266991072193,7.303589321106061,6.73798802945105,138.07167403333332,0.033959872472402765,173.69590298822453,98.13397684407417,24.658203125,0.970357080047071,1.2141950836078796,1.344140260521061,1.476791723494185,0.0036231452719214306,3759.45246,1730.38207,complete,,{},"{""aromatic_cooh_site_count"": 1, ""density_surface"": {""density_cube"": ""/gs/bs/tga-ynabae/kikuchi/pka_prediction/data/benzoicacid_v2/density_cube/sub_168_density.cube"", ""esp_cube"": ""/gs/bs/tga-ynabae/kikuchi/pka_prediction/data/benzoicacid_v2/esp_cube/sub_168_esp.cube"", ""isovalue_e_bohr3"": 0.001, ""local_esp_radius_angstrom"": 2.0, ""local_issues_by_site"": [{}], ""local_values_by_site"": [{""esp_max_acidic_h_hartree_per_e"": 0.08883418625179526, ""esp_min_carbonyl_o_hartree_per_e"": -0.11139267356185184}], ""mpi"": ""arithmetic mean of absolute ESP over all grid-edge isosurface intersections"", ""surface_esp"": ""linear grid-edge crossing samples; nearest-nucleus local patches"", ""volume"": ""occupied density grid; discretized electron-density isosurface volume""}, ""fchk"": ""/gs/bs/tga-ynabae/kikuchi/pka_prediction/data/benzoicacid_v2/formchk/sub_168.fchk"", ""geometric_sampling"": {""buried_center"": ""COOH carbon; reference COOH atoms excluded"", ""buried_radius_angstrom"": 3.5, ""buried_samples"": 32768, ""radii"": ""RDKit vdW"", ""sasa_points_per_atom"": 2000, ""sasa_probe_angstrom"": 1.4}, ""ignored_aliphatic_cooh_count"": 0, ""job_selection"": ""last normally terminated job only"", ""local_atom_indices_0based"": {""acidic_hydrogen"": 11, ""carbonyl_oxygen"": 0, ""carboxyl_carbon"": 1, ""hydroxyl_oxygen"": 2, ""ipso_carbon"": 3, ""meta_carbons"": [5, 7], ""ortho_carbons"": [4, 9], ""para_carbon"": 6, ""ring_atoms"": [3, 4, 5, 6, 7, 9], ""substituent_position_counts"": {""meta"": 1, ""ortho"": 1, ""para"": 0, ""total"": 2}, ""substituted_ring_carbons"": [7, 9]}, ""local_atom_indices_by_site_0based"": [{""acidic_hydrogen"": 11, ""carbonyl_oxygen"": 0, ""carboxyl_carbon"": 1, ""hydroxyl_oxygen"": 2, ""ipso_carbon"": 3, ""meta_carbons"": [5, 7], ""ortho_carbons"": [4, 9], ""para_carbon"": 6, ""ring_atoms"": [3, 4, 5, 6, 7, 9], ""substituent_position_counts"": {""meta"": 1, ""ortho"": 1, ""para"": 0, ""total"": 2}, ""substituted_ring_carbons"": [7, 9]}], ""log"": ""/gs/bs/tga-ynabae/kikuchi/pka_prediction/data/benzoicacid_v2/logfile/sub_168.log"", ""normal_modes"": {""aggregation"": ""mean of independently assigned harmonic-mode frequencies"", ""assignments"": {""co_double_stretch_frequency_cm1"": {""mode_index_0based"": 38, ""projection"": 1.2709174098022207, ""unscaled_cm1"": 1730.38207}, ""oh_stretch_frequency_cm1"": {""mode_index_0based"": 43, ""projection"": 1.0804425114816996, ""unscaled_cm1"": 3759.45246}}, ""assignments_by_site"": [{""assignments"": {""co_double_stretch_frequency_cm1"": {""mode_index_0based"": 38, ""projection"": 1.2709174098022207, ""unscaled_cm1"": 1730.38207}, ""oh_stretch_frequency_cm1"": {""mode_index_0based"": 43, ""projection"": 1.0804425114816996, ""unscaled_cm1"": 3759.45246}}, ""carboxyl_carbon_0based"": 1}], ""precision"": ""fchk"", ""scale"": 1.0}, ""npa_source"": ""selected final log combined-spin NPA table"", ""site_aggregation"": ""equal-weight arithmetic mean; all sites required""}"
169,O=C(O)c1cccc([N+](=O)[O-])c1,3.293333333333333,169,0.53302,-0.69813,-0.67062,0.83641,-0.16841,-0.12738,-0.07387500000000001,-0.14988,0.6986,1.0825,1.6739,1.0083,0.11265348296410573,-0.05401939104005253,-9.312059671857082,-1.8412207897762134,7.470838882080868,3.718724460767717,149.73007806666666,0.030462724845646875,184.07132652177341,102.64747159356008,22.857666015625,0.9713382417663808,1.2120555911276207,1.3344929539834072,1.4853715322223617,0.00517608143716972,3755.45662,1739.4101,complete,,{},"{""aromatic_cooh_site_count"": 1, ""density_surface"": {""density_cube"": ""/gs/bs/tga-ynabae/kikuchi/pka_prediction/data/benzoicacid_v2/density_cube/sub_169_density.cube"", ""esp_cube"": ""/gs/bs/tga-ynabae/kikuchi/pka_prediction/data/benzoicacid_v2/esp_cube/sub_169_esp.cube"", ""isovalue_e_bohr3"": 0.001, ""local_esp_radius_angstrom"": 2.0, ""local_issues_by_site"": [{}], ""local_values_by_site"": [{""esp_max_acidic_h_hartree_per_e"": 0.11265348296410573, ""esp_min_carbonyl_o_hartree_per_e"": -0.05401939104005253}], ""mpi"": ""arithmetic mean of absolute ESP over all grid-edge isosurface intersections"", ""surface_esp"": ""linear grid-edge crossing samples; nearest-nucleus local patches"", ""volume"": ""occupied density grid; discretized electron-density isosurface volume""}, ""fchk"": ""/gs/bs/tga-ynabae/kikuchi/pka_prediction/data/benzoicacid_v2/formchk/sub_169.fchk"", ""geometric_sampling"": {""buried_center"": ""COOH carbon; reference COOH atoms excluded"", ""buried_radius_angstrom"": 3.5, ""buried_samples"": 32768, ""radii"": ""RDKit vdW"", ""sasa_points_per_atom"": 2000, ""sasa_probe_angstrom"": 1.4}, ""ignored_aliphatic_cooh_count"": 0, ""job_selection"": ""last normally terminated job only"", ""local_atom_indices_0based"": {""acidic_hydrogen"": 12, ""carbonyl_oxygen"": 0, ""carboxyl_carbon"": 1, ""hydroxyl_oxygen"": 2, ""ipso_carbon"": 3, ""meta_carbons"": [5, 7], ""ortho_carbons"": [4, 11], ""para_carbon"": 6, ""ring_atoms"": [3, 4, 5, 6, 7, 11], ""substituent_position_counts"": {""meta"": 1, ""ortho"": 0, ""para"": 0, ""total"": 1}, ""substituted_ring_carbons"": [7]}, ""local_atom_indices_by_site_0based"": [{""acidic_hydrogen"": 12, ""carbonyl_oxygen"": 0, ""carboxyl_carbon"": 1, ""hydroxyl_oxygen"": 2, ""ipso_carbon"": 3, ""meta_carbons"": [5, 7], ""ortho_carbons"": [4, 11], ""para_carbon"": 6, ""ring_atoms"": [3, 4, 5, 6, 7, 11], ""substituent_position_counts"": {""meta"": 1, ""ortho"": 0, ""para"": 0, ""total"": 1}, ""substituted_ring_carbons"": [7]}], ""log"": ""/gs/bs/tga-ynabae/kikuchi/pka_prediction/data/benzoicacid_v2/logfile/sub_169.log"", ""normal_modes"": {""aggregation"": ""mean of independently assigned harmonic-mode frequencies"", ""assignments"": {""co_double_stretch_frequency_cm1"": {""mode_index_0based"": 39, ""projection"": 1.3797222235927817, ""unscaled_cm1"": 1739.4101}, ""oh_stretch_frequency_cm1"": {""mode_index_0based"": 44, ""projection"": 1.122597134709879, ""unscaled_cm1"": 3755.45662}}, ""assignments_by_site"": [{""assignments"": {""co_double_stretch_frequency_cm1"": {""mode_index_0based"": 39, ""projection"": 1.3797222235927817, ""unscaled_cm1"": 1739.4101}, ""oh_stretch_frequency_cm1"": {""mode_index_0based"": 44, ""projection"": 1.122597134709879, ""unscaled_cm1"": 3755.45662}}, ""carboxyl_carbon_0based"": 1}], ""precision"": ""fchk"", ""scale"": 1.0}, ""npa_source"": ""selected final log combined-spin NPA table"", ""site_aggregation"": ""equal-weight arithmetic mean; all sites required""}"
170,O=C(O)c1cccc([N+](=O)[O-])c1O,2.085,170,0.54806,-0.72042,-0.66215,0.84246,-0.24474,0.153785,-0.119935,-0.12772,0.6807,1.0457,1.6836,1.0276,0.13566142461360867,-0.045542954737553445,-8.535149560058779,-1.669988148533958,6.865161411524821,5.7399320525137965,160.1679512,0.03626846538580613,192.3168876649627,95.96453432917446,25.59814453125,0.9715131536572906,1.2090131170466887,1.342845539878317,1.480964493039379,3.1418214583596753,3746.14011,1744.63687,complete,,{},"{""aromatic_cooh_site_count"": 1, ""density_surface"": {""density_cube"": ""/gs/bs/tga-ynabae/kikuchi/pka_prediction/data/benzoicacid_v2/density_cube/sub_170_density.cube"", ""esp_cube"": ""/gs/bs/tga-ynabae/kikuchi/pka_prediction/data/benzoicacid_v2/esp_cube/sub_170_esp.cube"", ""isovalue_e_bohr3"": 0.001, ""local_esp_radius_angstrom"": 2.0, ""local_issues_by_site"": [{}], ""local_values_by_site"": [{""esp_max_acidic_h_hartree_per_e"": 0.13566142461360867, ""esp_min_carbonyl_o_hartree_per_e"": -0.045542954737553445}], ""mpi"": ""arithmetic mean of absolute ESP over all grid-edge isosurface intersections"", ""surface_esp"": ""linear grid-edge crossing samples; nearest-nucleus local patches"", ""volume"": ""occupied density grid; discretized electron-density isosurface volume""}, ""fchk"": ""/gs/bs/tga-ynabae/kikuchi/pka_prediction/data/benzoicacid_v2/formchk/sub_170.fchk"", ""geometric_sampling"": {""buried_center"": ""COOH carbon; reference COOH atoms excluded"", ""buried_radius_angstrom"": 3.5, ""buried_samples"": 32768, ""radii"": ""RDKit vdW"", ""sasa_points_per_atom"": 2000, ""sasa_probe_angstrom"": 1.4}, ""ignored_aliphatic_cooh_count"": 0, ""job_selection"": ""last normally terminated job only"", ""local_atom_indices_0based"": {""acidic_hydrogen"": 13, ""carbonyl_oxygen"": 0, ""carboxyl_carbon"": 1, ""hydroxyl_oxygen"": 2, ""ipso_carbon"": 3, ""meta_carbons"": [5, 7], ""ortho_carbons"": [4, 11], ""para_carbon"": 6, ""ring_atoms"": [3, 4, 5, 6, 7, 11], ""substituent_position_counts"": {""meta"": 1, ""ortho"": 1, ""para"": 0, ""total"": 2}, ""substituted_ring_carbons"": [7, 11]}, ""local_atom_indices_by_site_0based"": [{""acidic_hydrogen"": 13, ""carbonyl_oxygen"": 0, ""carboxyl_carbon"": 1, ""hydroxyl_oxygen"": 2, ""ipso_carbon"": 3, ""meta_carbons"": [5, 7], ""ortho_carbons"": [4, 11], ""para_carbon"": 6, ""ring_atoms"": [3, 4, 5, 6, 7, 11], ""substituent_position_counts"": {""meta"": 1, ""ortho"": 1, ""para"": 0, ""total"": 2}, ""substituted_ring_carbons"": [7, 11]}], ""log"": ""/gs/bs/tga-ynabae/kikuchi/pka_prediction/data/benzoicacid_v2/logfile/sub_170.log"", ""normal_modes"": {""aggregation"": ""mean of independently assigned harmonic-mode frequencies"", ""assignments"": {""co_double_stretch_frequency_cm1"": {""mode_index_0based"": 42, ""projection"": 1.4043847433501966, ""unscaled_cm1"": 1744.63687}, ""oh_stretch_frequency_cm1"": {""mode_index_0based"": 47, ""projection"": 1.1202240290198262, ""unscaled_cm1"": 3746.14011}}, ""assignments_by_site"": [{""assignments"": {""co_double_stretch_frequency_cm1"": {""mode_index_0based"": 42, ""projection"": 1.4043847433501966, ""unscaled_cm1"": 1744.63687}, ""oh_stretch_frequency_cm1"": {""mode_index_0based"": 47, ""projection"": 1.1202240290198262, ""unscaled_cm1"": 3746.14011}}, ""carboxyl_carbon_0based"": 1}], ""precision"": ""fchk"", ""scale"": 1.0}, ""npa_source"": ""selected final log combined-spin NPA table"", ""site_aggregation"": ""equal-weight arithmetic mean; all sites required""}"
171,O=C(O)c1cccc2ccccc12,3.80925,171,0.52773,-0.70551,-0.67857,0.83761,-0.15827,-0.09738,-0.15045,-0.15057,0.7032,1.0706,1.6669,1.0173,0.09808110099897349,-0.07158515423610992,-7.691318295586012,-0.7817679184034623,6.909550377182551,3.0849804343865292,203.05278566666667,0.02217439191540629,213.3761636227155,94.42512251298893,26.2115478515625,0.9712464386361443,1.214195843130254,1.3413238276840282,1.4829330016845823,31.200548986964034,3744.9544,1730.0026,complete,,{},"{""aromatic_cooh_site_count"": 1, ""density_surface"": {""density_cube"": ""/gs/bs/tga-ynabae/kikuchi/pka_prediction/data/benzoicacid_v2/density_cube/sub_171_density.cube"", ""esp_cube"": ""/gs/bs/tga-ynabae/kikuchi/pka_prediction/data/benzoicacid_v2/esp_cube/sub_171_esp.cube"", ""isovalue_e_bohr3"": 0.001, ""local_esp_radius_angstrom"": 2.0, ""local_issues_by_site"": [{}], ""local_values_by_site"": [{""esp_max_acidic_h_hartree_per_e"": 0.09808110099897349, ""esp_min_carbonyl_o_hartree_per_e"": -0.07158515423610992}], ""mpi"": ""arithmetic mean of absolute ESP over all grid-edge isosurface intersections"", ""surface_esp"": ""linear grid-edge crossing samples; nearest-nucleus local patches"", ""volume"": ""occupied density grid; discretized electron-density isosurface volume""}, ""fchk"": ""/gs/bs/tga-ynabae/kikuchi/pka_prediction/data/benzoicacid_v2/formchk/sub_171.fchk"", ""geometric_sampling"": {""buried_center"": ""COOH carbon; reference COOH atoms excluded"", ""buried_radius_angstrom"": 3.5, ""buried_samples"": 32768, ""radii"": ""RDKit vdW"", ""sasa_points_per_atom"": 2000, ""sasa_probe_angstrom"": 1.4}, ""ignored_aliphatic_cooh_count"": 0, ""job_selection"": ""last normally terminated job only"", ""local_atom_indices_0based"": {""acidic_hydrogen"": 13, ""carbonyl_oxygen"": 0, ""carboxyl_carbon"": 1, ""hydroxyl_oxygen"": 2, ""ipso_carbon"": 3, ""meta_carbons"": [5, 7], ""ortho_carbons"": [4, 12], ""para_carbon"": 6, ""ring_atoms"": [3, 4, 5, 6, 7, 12], ""substituent_position_counts"": {""meta"": 1, ""ortho"": 1, ""para"": 0, ""total"": 2}, ""substituted_ring_carbons"": [7, 12]}, ""local_atom_indices_by_site_0based"": [{""acidic_hydrogen"": 13, ""carbonyl_oxygen"": 0, ""carboxyl_carbon"": 1, ""hydroxyl_oxygen"": 2, ""ipso_carbon"": 3, ""meta_carbons"": [5, 7], ""ortho_carbons"": [4, 12], ""para_carbon"": 6, ""ring_atoms"": [3, 4, 5, 6, 7, 12], ""substituent_position_counts"": {""meta"": 1, ""ortho"": 1, ""para"": 0, ""total"": 2}, ""substituted_ring_carbons"": [7, 12]}], ""log"": ""/gs/bs/tga-ynabae/kikuchi/pka_prediction/data/benzoicacid_v2/logfile/sub_171.log"", ""normal_modes"": {""aggregation"": ""mean of independently assigned harmonic-mode frequencies"", ""assignments"": {""co_double_stretch_frequency_cm1"": {""mode_index_0based"": 48, ""projection"": 1.1858053739804568, ""unscaled_cm1"": 1730.0026}, ""oh_stretch_frequency_cm1"": {""mode_index_0based"": 56, ""projection"": 1.1231944184592528, ""unscaled_cm1"": 3744.9544}}, ""assignments_by_site"": [{""assignments"": {""co_double_stretch_frequency_cm1"": {""mode_index_0based"": 48, ""projection"": 1.1858053739804568, ""unscaled_cm1"": 1730.0026}, ""oh_stretch_frequency_cm1"": {""mode_index_0based"": 56, ""projection"": 1.1231944184592528, ""unscaled_cm1"": 3744.9544}}, ""carboxyl_carbon_0based"": 1}], ""precision"": ""fchk"", ""scale"": 1.0}, ""npa_source"": ""selected final log combined-spin NPA table"", ""site_aggregation"": ""equal-weight arithmetic mean; all sites required""}"
172,O=C(O)c1cccc2cccnc12,6.8,172,0.5275,-0.70374,-0.66809,0.84435,-0.16294,0.019894999999999996,-0.160955,-0.15402,0.7029,1.0743,1.6891,0.9973,0.09139368493640238,-0.11052540456561065,-8.185140383331133,-0.8833258595856383,7.301814523745494,5.8315632867743235,191.101145,0.03114867141427388,208.3731289015392,99.72737693001164,24.993896484375,0.9716852363691233,1.210911201664513,1.3407973000508453,1.4863339685011452,45.849988626638826,3741.84066,1747.4073,complete,,{},"{""aromatic_cooh_site_count"": 1, ""density_surface"": {""density_cube"": ""/gs/bs/tga-ynabae/kikuchi/pka_prediction/data/benzoicacid_v2/density_cube/sub_172_density.cube"", ""esp_cube"": ""/gs/bs/tga-ynabae/kikuchi/pka_prediction/data/benzoicacid_v2/esp_cube/sub_172_esp.cube"", ""isovalue_e_bohr3"": 0.001, ""local_esp_radius_angstrom"": 2.0, ""local_issues_by_site"": [{}], ""local_values_by_site"": [{""esp_max_acidic_h_hartree_per_e"": 0.09139368493640238, ""esp_min_carbonyl_o_hartree_per_e"": -0.11052540456561065}], ""mpi"": ""arithmetic mean of absolute ESP over all grid-edge isosurface intersections"", ""surface_esp"": ""linear grid-edge crossing samples; nearest-nucleus local patches"", ""volume"": ""occupied density grid; discretized electron-density isosurface volume""}, ""fchk"": ""/gs/bs/tga-ynabae/kikuchi/pka_prediction/data/benzoicacid_v2/formchk/sub_172.fchk"", ""geometric_sampling"": {""buried_center"": ""COOH carbon; reference COOH atoms excluded"", ""buried_radius_angstrom"": 3.5, ""buried_samples"": 32768, ""radii"": ""RDKit vdW"", ""sasa_points_per_atom"": 2000, ""sasa_probe_angstrom"": 1.4}, ""ignored_aliphatic_cooh_count"": 0, ""job_selection"": ""last normally terminated job only"", ""local_atom_indices_0based"": {""acidic_hydrogen"": 13, ""carbonyl_oxygen"": 0, ""carboxyl_carbon"": 1, ""hydroxyl_oxygen"": 2, ""ipso_carbon"": 3, ""meta_carbons"": [5, 7], ""ortho_carbons"": [4, 12], ""para_carbon"": 6, ""ring_atoms"": [3, 4, 5, 6, 7, 12], ""substituent_position_counts"": {""meta"": 1, ""ortho"": 1, ""para"": 0, ""total"": 2}, ""substituted_ring_carbons"": [7, 12]}, ""local_atom_indices_by_site_0based"": [{""acidic_hydrogen"": 13, ""carbonyl_oxygen"": 0, ""carboxyl_carbon"": 1, ""hydroxyl_oxygen"": 2, ""ipso_carbon"": 3, ""meta_carbons"": [5, 7], ""ortho_carbons"": [4, 12], ""para_carbon"": 6, ""ring_atoms"": [3, 4, 5, 6, 7, 12], ""substituent_position_counts"": {""meta"": 1, ""ortho"": 1, ""para"": 0, ""total"": 2}, ""substituted_ring_carbons"": [7, 12]}], ""log"": ""/gs/bs/tga-ynabae/kikuchi/pka_prediction/data/benzoicacid_v2/logfile/sub_172.log"", ""normal_modes"": {""aggregation"": ""mean of independently assigned harmonic-mode frequencies"", ""assignments"": {""co_double_stretch_frequency_cm1"": {""mode_index_0based"": 46, ""projection"": 1.3062800028675867, ""unscaled_cm1"": 1747.4073}, ""oh_stretch_frequency_cm1"": {""mode_index_0based"": 53, ""projection"": 1.1228664831941508, ""unscaled_cm1"": 3741.84066}}, ""assignments_by_site"": [{""assignments"": {""co_double_stretch_frequency_cm1"": {""mode_index_0based"": 46, ""projection"": 1.3062800028675867, ""unscaled_cm1"": 1747.4073}, ""oh_stretch_frequency_cm1"": {""mode_index_0based"": 53, ""projection"": 1.1228664831941508, ""unscaled_cm1"": 3741.84066}}, ""carboxyl_carbon_0based"": 1}], ""precision"": ""fchk"", ""scale"": 1.0}, ""npa_source"": ""selected final log combined-spin NPA table"", ""site_aggregation"": ""equal-weight arithmetic mean; all sites required""}"
173,O=C(O)c1cccc2nccnc12,4.026,173,0.52871,-0.70154,-0.66286,0.84228,-0.1566,0.00563000000000001,-0.03939,-0.16928,0.7019,1.0763,1.6904,0.9973,0.09894767996900426,-0.09582390225447293,-8.585301369422515,-1.3138924350552164,7.271408934367298,3.0048792224156298,183.668495,0.027394010694050033,202.37823234918744,99.42685217676924,24.8138427734375,0.9716569553985173,1.2103733302046233,1.3393991185872014,1.4868208916810033,42.16898407465322,3738.35775,1748.60218,complete,,{},"{""aromatic_cooh_site_count"": 1, ""density_surface"": {""density_cube"": ""/gs/bs/tga-ynabae/kikuchi/pka_prediction/data/benzoicacid_v2/density_cube/sub_173_density.cube"", ""esp_cube"": ""/gs/bs/tga-ynabae/kikuchi/pka_prediction/data/benzoicacid_v2/esp_cube/sub_173_esp.cube"", ""isovalue_e_bohr3"": 0.001, ""local_esp_radius_angstrom"": 2.0, ""local_issues_by_site"": [{}], ""local_values_by_site"": [{""esp_max_acidic_h_hartree_per_e"": 0.09894767996900426, ""esp_min_carbonyl_o_hartree_per_e"": -0.09582390225447293}], ""mpi"": ""arithmetic mean of absolute ESP over all grid-edge isosurface intersections"", ""surface_esp"": ""linear grid-edge crossing samples; nearest-nucleus local patches"", ""volume"": ""occupied density grid; discretized electron-density isosurface volume""}, ""fchk"": ""/gs/bs/tga-ynabae/kikuchi/pka_prediction/data/benzoicacid_v2/formchk/sub_173.fchk"", ""geometric_sampling"": {""buried_center"": ""COOH carbon; reference COOH atoms excluded"", ""buried_radius_angstrom"": 3.5, ""buried_samples"": 32768, ""radii"": ""RDKit vdW"", ""sasa_points_per_atom"": 2000, ""sasa_probe_angstrom"": 1.4}, ""ignored_aliphatic_cooh_count"": 0, ""job_selection"": ""last normally terminated job only"", ""local_atom_indices_0based"": {""acidic_hydrogen"": 13, ""carbonyl_oxygen"": 0, ""carboxyl_carbon"": 1, ""hydroxyl_oxygen"": 2, ""ipso_carbon"": 3, ""meta_carbons"": [5, 7], ""ortho_carbons"": [4, 12], ""para_carbon"": 6, ""ring_atoms"": [3, 4, 5, 6, 7, 12], ""substituent_position_counts"": {""meta"": 1, ""ortho"": 1, ""para"": 0, ""total"": 2}, ""substituted_ring_carbons"": [7, 12]}, ""local_atom_indices_by_site_0based"": [{""acidic_hydrogen"": 13, ""carbonyl_oxygen"": 0, ""carboxyl_carbon"": 1, ""hydroxyl_oxygen"": 2, ""ipso_carbon"": 3, ""meta_carbons"": [5, 7], ""ortho_carbons"": [4, 12], ""para_carbon"": 6, ""ring_atoms"": [3, 4, 5, 6, 7, 12], ""substituent_position_counts"": {""meta"": 1, ""ortho"": 1, ""para"": 0, ""total"": 2}, ""substituted_ring_carbons"": [7, 12]}], ""log"": ""/gs/bs/tga-ynabae/kikuchi/pka_prediction/data/benzoicacid_v2/logfile/sub_173.log"", ""normal_modes"": {""aggregation"": ""mean of independently assigned harmonic-mode frequencies"", ""assignments"": {""co_double_stretch_frequency_cm1"": {""mode_index_0based"": 44, ""projection"": 1.354795096847004, ""unscaled_cm1"": 1748.60218}, ""oh_stretch_frequency_cm1"": {""mode_index_0based"": 50, ""projection"": 1.12321607346504, ""unscaled_cm1"": 3738.35775}}, ""assignments_by_site"": [{""assignments"": {""co_double_stretch_frequency_cm1"": {""mode_index_0based"": 44, ""projection"": 1.354795096847004, ""unscaled_cm1"": 1748.60218}, ""oh_stretch_frequency_cm1"": {""mode_index_0based"": 50, ""projection"": 1.12321607346504, ""unscaled_cm1"": 3738.35775}}, ""carboxyl_carbon_0based"": 1}], ""precision"": ""fchk"", ""scale"": 1.0}, ""npa_source"": ""selected final log combined-spin NPA table"", ""site_aggregation"": ""equal-weight arithmetic mean; all sites required""}"
174,O=C(O)c1ccccc1,4.093071428571428,174,0.52937,-0.70441,-0.68527,0.83447,-0.18628,-0.16771999999999998,-0.22181499999999998,-0.18262,0.7022,1.0736,1.6603,1.0215,0.09877773167127774,-0.07124757236160893,-8.778856068635772,-0.5077182433683199,8.271137825267452,3.1747178624913297,122.87498546666666,0.02244008174991129,154.51702627005747,102.95732687698364,22.9156494140625,0.9707596925331167,1.2147336273229714,1.3384425857734732,1.4809960931611115,0.00039641676694448244,3756.14158,1726.56994,complete,,{},"{""aromatic_cooh_site_count"": 1, ""density_surface"": {""density_cube"": ""/gs/bs/tga-ynabae/kikuchi/pka_prediction/data/benzoicacid_v2/density_cube/sub_174_density.cube"", ""esp_cube"": ""/gs/bs/tga-ynabae/kikuchi/pka_prediction/data/benzoicacid_v2/esp_cube/sub_174_esp.cube"", ""isovalue_e_bohr3"": 0.001, ""local_esp_radius_angstrom"": 2.0, ""local_issues_by_site"": [{}], ""local_values_by_site"": [{""esp_max_acidic_h_hartree_per_e"": 0.09877773167127774, ""esp_min_carbonyl_o_hartree_per_e"": -0.07124757236160893}], ""mpi"": ""arithmetic mean of absolute ESP over all grid-edge isosurface intersections"", ""surface_esp"": ""linear grid-edge crossing samples; nearest-nucleus local patches"", ""volume"": ""occupied density grid; discretized electron-density isosurface volume""}, ""fchk"": ""/gs/bs/tga-ynabae/kikuchi/pka_prediction/data/benzoicacid_v2/formchk/sub_174.fchk"", ""geometric_sampling"": {""buried_center"": ""COOH carbon; reference COOH atoms excluded"", ""buried_radius_angstrom"": 3.5, ""buried_samples"": 32768, ""radii"": ""RDKit vdW"", ""sasa_points_per_atom"": 2000, ""sasa_probe_angstrom"": 1.4}, ""ignored_aliphatic_cooh_count"": 0, ""job_selection"": ""last normally terminated job only"", ""local_atom_indices_0based"": {""acidic_hydrogen"": 9, ""carbonyl_oxygen"": 0, ""carboxyl_carbon"": 1, ""hydroxyl_oxygen"": 2, ""ipso_carbon"": 3, ""meta_carbons"": [5, 7], ""ortho_carbons"": [4, 8], ""para_carbon"": 6, ""ring_atoms"": [3, 4, 5, 6, 7, 8], ""substituent_position_counts"": {""meta"": 0, ""ortho"": 0, ""para"": 0, ""total"": 0}, ""substituted_ring_carbons"": []}, ""local_atom_indices_by_site_0based"": [{""acidic_hydrogen"": 9, ""carbonyl_oxygen"": 0, ""carboxyl_carbon"": 1, ""hydroxyl_oxygen"": 2, ""ipso_carbon"": 3, ""meta_carbons"": [5, 7], ""ortho_carbons"": [4, 8], ""para_carbon"": 6, ""ring_atoms"": [3, 4, 5, 6, 7, 8], ""substituent_position_counts"": {""meta"": 0, ""ortho"": 0, ""para"": 0, ""total"": 0}, ""substituted_ring_carbons"": []}], ""log"": ""/gs/bs/tga-ynabae/kikuchi/pka_prediction/data/benzoicacid_v2/logfile/sub_174.log"", ""normal_modes"": {""aggregation"": ""mean of independently assigned harmonic-mode frequencies"", ""assignments"": {""co_double_stretch_frequency_cm1"": {""mode_index_0based"": 32, ""projection"": 1.293146317231195, ""unscaled_cm1"": 1726.56994}, ""oh_stretch_frequency_cm1"": {""mode_index_0based"": 38, ""projection"": 1.1233605425930084, ""unscaled_cm1"": 3756.14158}}, ""assignments_by_site"": [{""assignments"": {""co_double_stretch_frequency_cm1"": {""mode_index_0based"": 32, ""projection"": 1.293146317231195, ""unscaled_cm1"": 1726.56994}, ""oh_stretch_frequency_cm1"": {""mode_index_0based"": 38, ""projection"": 1.1233605425930084, ""unscaled_cm1"": 3756.14158}}, ""carboxyl_carbon_0based"": 1}], ""precision"": ""fchk"", ""scale"": 1.0}, ""npa_source"": ""selected final log combined-spin NPA table"", ""site_aggregation"": ""equal-weight arithmetic mean; all sites required""}"
175,O=C(O)c1ccccc1C(=O)O,2.813333333333333,175,0.530815,-0.69572,-0.66601,0.8420300000000001,-0.128955,-0.1517925,-0.1817425,-0.188855,0.6996,1.0860500000000002,1.6818,0.99055,0.09924028473439325,-0.08015197793474968,-8.944063442284204,-0.7009274777063531,8.243135964577851,5.14837997971472,148.10461236666666,0.03117135145810418,189.55863164744903,91.29439976998056,28.12957763671875,0.9717163221327156,1.2114673398380802,1.3337610257795252,1.489014851182127,42.82096425055901,3739.457825,1744.97134,complete,,{},"{""aromatic_cooh_site_count"": 2, ""density_surface"": {""density_cube"": ""/gs/bs/tga-ynabae/kikuchi/pka_prediction/data/benzoicacid_v2/density_cube/sub_175_density.cube"", ""esp_cube"": ""/gs/bs/tga-ynabae/kikuchi/pka_prediction/data/benzoicacid_v2/esp_cube/sub_175_esp.cube"", ""isovalue_e_bohr3"": 0.001, ""local_esp_radius_angstrom"": 2.0, ""local_issues_by_site"": [{}, {}], ""local_values_by_site"": [{""esp_max_acidic_h_hartree_per_e"": 0.09223957613410662, ""esp_min_carbonyl_o_hartree_per_e"": -0.08130437919627573}, {""esp_max_acidic_h_hartree_per_e"": 0.10624099333467987, ""esp_min_carbonyl_o_hartree_per_e"": -0.07899957667322365}], ""mpi"": ""arithmetic mean of absolute ESP over all grid-edge isosurface intersections"", ""surface_esp"": ""linear grid-edge crossing samples; nearest-nucleus local patches"", ""volume"": ""occupied density grid; discretized electron-density isosurface volume""}, ""fchk"": ""/gs/bs/tga-ynabae/kikuchi/pka_prediction/data/benzoicacid_v2/formchk/sub_175.fchk"", ""geometric_sampling"": {""buried_center"": ""COOH carbon; reference COOH atoms excluded"", ""buried_radius_angstrom"": 3.5, ""buried_samples"": 32768, ""radii"": ""RDKit vdW"", ""sasa_points_per_atom"": 2000, ""sasa_probe_angstrom"": 1.4}, ""ignored_aliphatic_cooh_count"": 0, ""job_selection"": ""last normally terminated job only"", ""local_atom_indices_by_site_0based"": [{""acidic_hydrogen"": 12, ""carbonyl_oxygen"": 0, ""carboxyl_carbon"": 1, ""hydroxyl_oxygen"": 2, ""ipso_carbon"": 3, ""meta_carbons"": [5, 7], ""ortho_carbons"": [4, 8], ""para_carbon"": 6, ""ring_atoms"": [3, 4, 5, 6, 7, 8], ""substituent_position_counts"": {""meta"": 0, ""ortho"": 1, ""para"": 0, ""total"": 1}, ""substituted_ring_carbons"": [8]}, {""acidic_hydrogen"": 17, ""carbonyl_oxygen"": 10, ""carboxyl_carbon"": 9, ""hydroxyl_oxygen"": 11, ""ipso_carbon"": 8, ""meta_carbons"": [4, 6], ""ortho_carbons"": [3, 7], ""para_carbon"": 5, ""ring_atoms"": [3, 4, 5, 6, 7, 8], ""substituent_position_counts"": {""meta"": 0, ""ortho"": 1, ""para"": 0, ""total"": 1}, ""substituted_ring_carbons"": [3]}], ""log"": ""/gs/bs/tga-ynabae/kikuchi/pka_prediction/data/benzoicacid_v2/logfile/sub_175.log"", ""normal_modes"": {""aggregation"": ""mean of independently assigned harmonic-mode frequencies"", ""assignments_by_site"": [{""assignments"": {""co_double_stretch_frequency_cm1"": {""mode_index_0based"": 41, ""projection"": 1.398197861559728, ""unscaled_cm1"": 1751.34364}, ""oh_stretch_frequency_cm1"": {""mode_index_0based"": 46, ""projection"": 1.122957483344101, ""unscaled_cm1"": 3729.38623}}, ""carboxyl_carbon_0based"": 1}, {""assignments"": {""co_double_stretch_frequency_cm1"": {""mode_index_0based"": 40, ""projection"": 1.385932272576992, ""unscaled_cm1"": 1738.59904}, ""oh_stretch_frequency_cm1"": {""mode_index_0based"": 47, ""projection"": 1.12298559416177, ""unscaled_cm1"": 3749.52942}}, ""carboxyl_carbon_0based"": 9}], ""precision"": ""fchk"", ""scale"": 1.0}, ""npa_source"": ""selected final log combined-spin NPA table"", ""site_aggregation"": ""equal-weight arithmetic mean; all sites required""}"
176,O=C(O)c1ccccc1C(=O)c1ccccc1,3.536,176,0.53166,-0.6968,-0.66341,0.83783,-0.16801,-0.12112999999999999,-0.20323,-0.17065,0.7,1.0807,1.6581,1.0165,0.10384373278677486,-0.09091601227528534,-8.73881720770204,-0.853418575996933,7.885398631705106,6.804465486472377,245.950256,0.02813803292165784,276.70343030978574,83.08325046721944,30.230712890625,0.9712975894650766,1.213894181522388,1.3354165260403401,1.4808468845411904,11.44415368256954,3749.00158,1736.10129,complete,,{},"{""aromatic_cooh_site_count"": 1, ""density_surface"": {""density_cube"": ""/gs/bs/tga-ynabae/kikuchi/pka_prediction/data/benzoicacid_v2/density_cube/sub_176_density.cube"", ""esp_cube"": ""/gs/bs/tga-ynabae/kikuchi/pka_prediction/data/benzoicacid_v2/esp_cube/sub_176_esp.cube"", ""isovalue_e_bohr3"": 0.001, ""local_esp_radius_angstrom"": 2.0, ""local_issues_by_site"": [{}], ""local_values_by_site"": [{""esp_max_acidic_h_hartree_per_e"": 0.10384373278677486, ""esp_min_carbonyl_o_hartree_per_e"": -0.09091601227528534}], ""mpi"": ""arithmetic mean of absolute ESP over all grid-edge isosurface intersections"", ""surface_esp"": ""linear grid-edge crossing samples; nearest-nucleus local patches"", ""volume"": ""occupied density grid; discretized electron-density isosurface volume""}, ""fchk"": ""/gs/bs/tga-ynabae/kikuchi/pka_prediction/data/benzoicacid_v2/formchk/sub_176.fchk"", ""geometric_sampling"": {""buried_center"": ""COOH carbon; reference COOH atoms excluded"", ""buried_radius_angstrom"": 3.5, ""buried_samples"": 32768, ""radii"": ""RDKit vdW"", ""sasa_points_per_atom"": 2000, ""sasa_probe_angstrom"": 1.4}, ""ignored_aliphatic_cooh_count"": 0, ""job_selection"": ""last normally terminated job only"", ""local_atom_indices_0based"": {""acidic_hydrogen"": 17, ""carbonyl_oxygen"": 0, ""carboxyl_carbon"": 1, ""hydroxyl_oxygen"": 2, ""ipso_carbon"": 3, ""meta_carbons"": [5, 7], ""ortho_carbons"": [4, 8], ""para_carbon"": 6, ""ring_atoms"": [3, 4, 5, 6, 7, 8], ""substituent_position_counts"": {""meta"": 0, ""ortho"": 1, ""para"": 0, ""total"": 1}, ""substituted_ring_carbons"": [8]}, ""local_atom_indices_by_site_0based"": [{""acidic_hydrogen"": 17, ""carbonyl_oxygen"": 0, ""carboxyl_carbon"": 1, ""hydroxyl_oxygen"": 2, ""ipso_carbon"": 3, ""meta_carbons"": [5, 7], ""ortho_carbons"": [4, 8], ""para_carbon"": 6, ""ring_atoms"": [3, 4, 5, 6, 7, 8], ""substituent_position_counts"": {""meta"": 0, ""ortho"": 1, ""para"": 0, ""total"": 1}, ""substituted_ring_carbons"": [8]}], ""log"": ""/gs/bs/tga-ynabae/kikuchi/pka_prediction/data/benzoicacid_v2/logfile/sub_176.log"", ""normal_modes"": {""aggregation"": ""mean of independently assigned harmonic-mode frequencies"", ""assignments"": {""co_double_stretch_frequency_cm1"": {""mode_index_0based"": 64, ""projection"": 1.3511199963585592, ""unscaled_cm1"": 1736.10129}, ""oh_stretch_frequency_cm1"": {""mode_index_0based"": 74, ""projection"": 1.1230031603341168, ""unscaled_cm1"": 3749.00158}}, ""assignments_by_site"": [{""assignments"": {""co_double_stretch_frequency_cm1"": {""mode_index_0based"": 64, ""projection"": 1.3511199963585592, ""unscaled_cm1"": 1736.10129}, ""oh_stretch_frequency_cm1"": {""mode_index_0based"": 74, ""projection"": 1.1230031603341168, ""unscaled_cm1"": 3749.00158}}, ""carboxyl_carbon_0based"": 1}], ""precision"": ""fchk"", ""scale"": 1.0}, ""npa_source"": ""selected final log combined-spin NPA table"", ""site_aggregation"": ""equal-weight arithmetic mean; all sites required""}"
177,O=C(O)c1ccccc1Cl,3.063333333333333,177,0.53022,-0.70034,-0.65947,0.83965,-0.19742,-0.08181,-0.22545500000000002,-0.17061,0.7008,1.0777,1.6913,0.9993,0.10317574162302476,-0.08084801594639948,-8.59050924779059,-0.46571614894540464,8.124793098845185,5.039514412115998,137.64076426666665,0.026852238747448107,175.81115526021472,95.8628252670145,25.9735107421875,0.971550097540267,1.2099473694418075,1.338187626344495,1.4869416694795998,35.8489721116262,3744.5033,1751.06421,complete,,{},"{""aromatic_cooh_site_count"": 1, ""density_surface"": {""density_cube"": ""/gs/bs/tga-ynabae/kikuchi/pka_prediction/data/benzoicacid_v2/density_cube/sub_177_density.cube"", ""esp_cube"": ""/gs/bs/tga-ynabae/kikuchi/pka_prediction/data/benzoicacid_v2/esp_cube/sub_177_esp.cube"", ""isovalue_e_bohr3"": 0.001, ""local_esp_radius_angstrom"": 2.0, ""local_issues_by_site"": [{}], ""local_values_by_site"": [{""esp_max_acidic_h_hartree_per_e"": 0.10317574162302476, ""esp_min_carbonyl_o_hartree_per_e"": -0.08084801594639948}], ""mpi"": ""arithmetic mean of absolute ESP over all grid-edge isosurface intersections"", ""surface_esp"": ""linear grid-edge crossing samples; nearest-nucleus local patches"", ""volume"": ""occupied density grid; discretized electron-density isosurface volume""}, ""fchk"": ""/gs/bs/tga-ynabae/kikuchi/pka_prediction/data/benzoicacid_v2/formchk/sub_177.fchk"", ""geometric_sampling"": {""buried_center"": ""COOH carbon; reference COOH atoms excluded"", ""buried_radius_angstrom"": 3.5, ""buried_samples"": 32768, ""radii"": ""RDKit vdW"", ""sasa_points_per_atom"": 2000, ""sasa_probe_angstrom"": 1.4}, ""ignored_aliphatic_cooh_count"": 0, ""job_selection"": ""last normally terminated job only"", ""local_atom_indices_0based"": {""acidic_hydrogen"": 10, ""carbonyl_oxygen"": 0, ""carboxyl_carbon"": 1, ""hydroxyl_oxygen"": 2, ""ipso_carbon"": 3, ""meta_carbons"": [5, 7], ""ortho_carbons"": [4, 8], ""para_carbon"": 6, ""ring_atoms"": [3, 4, 5, 6, 7, 8], ""substituent_position_counts"": {""meta"": 0, ""ortho"": 1, ""para"": 0, ""total"": 1}, ""substituted_ring_carbons"": [8]}, ""local_atom_indices_by_site_0based"": [{""acidic_hydrogen"": 10, ""carbonyl_oxygen"": 0, ""carboxyl_carbon"": 1, ""hydroxyl_oxygen"": 2, ""ipso_carbon"": 3, ""meta_carbons"": [5, 7], ""ortho_carbons"": [4, 8], ""para_carbon"": 6, ""ring_atoms"": [3, 4, 5, 6, 7, 8], ""substituent_position_counts"": {""meta"": 0, ""ortho"": 1, ""para"": 0, ""total"": 1}, ""substituted_ring_carbons"": [8]}], ""log"": ""/gs/bs/tga-ynabae/kikuchi/pka_prediction/data/benzoicacid_v2/logfile/sub_177.log"", ""normal_modes"": {""aggregation"": ""mean of independently assigned harmonic-mode frequencies"", ""assignments"": {""co_double_stretch_frequency_cm1"": {""mode_index_0based"": 33, ""projection"": 1.4328857323097752, ""unscaled_cm1"": 1751.06421}, ""oh_stretch_frequency_cm1"": {""mode_index_0based"": 38, ""projection"": 1.1230848803535887, ""unscaled_cm1"": 3744.5033}}, ""assignments_by_site"": [{""assignments"": {""co_double_stretch_frequency_cm1"": {""mode_index_0based"": 33, ""projection"": 1.4328857323097752, ""unscaled_cm1"": 1751.06421}, ""oh_stretch_frequency_cm1"": {""mode_index_0based"": 38, ""projection"": 1.1230848803535887, ""unscaled_cm1"": 3744.5033}}, ""carboxyl_carbon_0based"": 1}], ""precision"": ""fchk"", ""scale"": 1.0}, ""npa_source"": ""selected final log combined-spin NPA table"", ""site_aggregation"": ""equal-weight arithmetic mean; all sites required""}"
178,O=C(O)c1ccccc1Nc1ccccc1,3.925,178,0.53493,-0.71738,-0.69754,0.83506,-0.24047,0.048949999999999994,-0.276075,-0.158,0.6948,1.0523,1.6416,1.0511,0.10647193115083624,-0.07345927823548902,-6.938962106052913,-0.4148703458291272,6.5240917602237865,3.835016151637412,254.42096966666665,0.02063771998986494,267.3564695735275,94.16364775643065,25.8575439453125,0.971108298723887,1.2171928408125865,1.3438339935196868,1.4744195424238353,13.854322648294882,3750.5062,1704.90847,complete,,{},"{""aromatic_cooh_site_count"": 1, ""density_surface"": {""density_cube"": ""/gs/bs/tga-ynabae/kikuchi/pka_prediction/data/benzoicacid_v2/density_cube/sub_178_density.cube"", ""esp_cube"": ""/gs/bs/tga-ynabae/kikuchi/pka_prediction/data/benzoicacid_v2/esp_cube/sub_178_esp.cube"", ""isovalue_e_bohr3"": 0.001, ""local_esp_radius_angstrom"": 2.0, ""local_issues_by_site"": [{}], ""local_values_by_site"": [{""esp_max_acidic_h_hartree_per_e"": 0.10647193115083624, ""esp_min_carbonyl_o_hartree_per_e"": -0.07345927823548902}], ""mpi"": ""arithmetic mean of absolute ESP over all grid-edge isosurface intersections"", ""surface_esp"": ""linear grid-edge crossing samples; nearest-nucleus local patches"", ""volume"": ""occupied density grid; discretized electron-density isosurface volume""}, ""fchk"": ""/gs/bs/tga-ynabae/kikuchi/pka_prediction/data/benzoicacid_v2/formchk/sub_178.fchk"", ""geometric_sampling"": {""buried_center"": ""COOH carbon; reference COOH atoms excluded"", ""buried_radius_angstrom"": 3.5, ""buried_samples"": 32768, ""radii"": ""RDKit vdW"", ""sasa_points_per_atom"": 2000, ""sasa_probe_angstrom"": 1.4}, ""ignored_aliphatic_cooh_count"": 0, ""job_selection"": ""last normally terminated job only"", ""local_atom_indices_0based"": {""acidic_hydrogen"": 16, ""carbonyl_oxygen"": 0, ""carboxyl_carbon"": 1, ""hydroxyl_oxygen"": 2, ""ipso_carbon"": 3, ""meta_carbons"": [5, 7], ""ortho_carbons"": [4, 8], ""para_carbon"": 6, ""ring_atoms"": [3, 4, 5, 6, 7, 8], ""substituent_position_counts"": {""meta"": 0, ""ortho"": 1, ""para"": 0, ""total"": 1}, ""substituted_ring_carbons"": [8]}, ""local_atom_indices_by_site_0based"": [{""acidic_hydrogen"": 16, ""carbonyl_oxygen"": 0, ""carboxyl_carbon"": 1, ""hydroxyl_oxygen"": 2, ""ipso_carbon"": 3, ""meta_carbons"": [5, 7], ""ortho_carbons"": [4, 8], ""para_carbon"": 6, ""ring_atoms"": [3, 4, 5, 6, 7, 8], ""substituent_position_counts"": {""meta"": 0, ""ortho"": 1, ""para"": 0, ""total"": 1}, ""substituted_ring_carbons"": [8]}], ""log"": ""/gs/bs/tga-ynabae/kikuchi/pka_prediction/data/benzoicacid_v2/logfile/sub_178.log"", ""normal_modes"": {""aggregation"": ""mean of independently assigned harmonic-mode frequencies"", ""assignments"": {""co_double_stretch_frequency_cm1"": {""mode_index_0based"": 63, ""projection"": 0.9376542257458381, ""unscaled_cm1"": 1704.90847}, ""oh_stretch_frequency_cm1"": {""mode_index_0based"": 74, ""projection"": 1.1223879922295719, ""unscaled_cm1"": 3750.5062}}, ""assignments_by_site"": [{""assignments"": {""co_double_stretch_frequency_cm1"": {""mode_index_0based"": 63, ""projection"": 0.9376542257458381, ""unscaled_cm1"": 1704.90847}, ""oh_stretch_frequency_cm1"": {""mode_index_0based"": 74, ""projection"": 1.1223879922295719, ""unscaled_cm1"": 3750.5062}}, ""carboxyl_carbon_0based"": 1}], ""precision"": ""fchk"", ""scale"": 1.0}, ""npa_source"": ""selected final log combined-spin NPA table"", ""site_aggregation"": ""equal-weight arithmetic mean; all sites required""}"
179,O=C(O)c1ccccc1O,2.9423076923076925,179,0.52637,-0.69576,-0.69571,0.83594,-0.24535,0.11404500000000001,-0.27525999999999995,-0.15886,0.7034,1.081,1.6445,1.0327,0.08678371221076601,-0.07606909472826087,-8.08827266471078,-0.43591256522854444,7.6523600994822365,5.271804147688628,131.57063733333334,0.030538600097855223,164.17899180806293,98.0270213221827,24.383544921875,0.9713488925382797,1.2171097037012115,1.3363440263359028,1.4799787470259163,11.245036098233594,3747.23283,1702.91557,complete,,{},"{""aromatic_cooh_site_count"": 1, ""density_surface"": {""density_cube"": ""/gs/bs/tga-ynabae/kikuchi/pka_prediction/data/benzoicacid_v2/density_cube/sub_179_density.cube"", ""esp_cube"": ""/gs/bs/tga-ynabae/kikuchi/pka_prediction/data/benzoicacid_v2/esp_cube/sub_179_esp.cube"", ""isovalue_e_bohr3"": 0.001, ""local_esp_radius_angstrom"": 2.0, ""local_issues_by_site"": [{}], ""local_values_by_site"": [{""esp_max_acidic_h_hartree_per_e"": 0.08678371221076601, ""esp_min_carbonyl_o_hartree_per_e"": -0.07606909472826087}], ""mpi"": ""arithmetic mean of absolute ESP over all grid-edge isosurface intersections"", ""surface_esp"": ""linear grid-edge crossing samples; nearest-nucleus local patches"", ""volume"": ""occupied density grid; discretized electron-density isosurface volume""}, ""fchk"": ""/gs/bs/tga-ynabae/kikuchi/pka_prediction/data/benzoicacid_v2/formchk/sub_179.fchk"", ""geometric_sampling"": {""buried_center"": ""COOH carbon; reference COOH atoms excluded"", ""buried_radius_angstrom"": 3.5, ""buried_samples"": 32768, ""radii"": ""RDKit vdW"", ""sasa_points_per_atom"": 2000, ""sasa_probe_angstrom"": 1.4}, ""ignored_aliphatic_cooh_count"": 0, ""job_selection"": ""last normally terminated job only"", ""local_atom_indices_0based"": {""acidic_hydrogen"": 10, ""carbonyl_oxygen"": 0, ""carboxyl_carbon"": 1, ""hydroxyl_oxygen"": 2, ""ipso_carbon"": 3, ""meta_carbons"": [5, 7], ""ortho_carbons"": [4, 8], ""para_carbon"": 6, ""ring_atoms"": [3, 4, 5, 6, 7, 8], ""substituent_position_counts"": {""meta"": 0, ""ortho"": 1, ""para"": 0, ""total"": 1}, ""substituted_ring_carbons"": [8]}, ""local_atom_indices_by_site_0based"": [{""acidic_hydrogen"": 10, ""carbonyl_oxygen"": 0, ""carboxyl_carbon"": 1, ""hydroxyl_oxygen"": 2, ""ipso_carbon"": 3, ""meta_carbons"": [5, 7], ""ortho_carbons"": [4, 8], ""para_carbon"": 6, ""ring_atoms"": [3, 4, 5, 6, 7, 8], ""substituent_position_counts"": {""meta"": 0, ""ortho"": 1, ""para"": 0, ""total"": 1}, ""substituted_ring_carbons"": [8]}], ""log"": ""/gs/bs/tga-ynabae/kikuchi/pka_prediction/data/benzoicacid_v2/logfile/sub_179.log"", ""normal_modes"": {""aggregation"": ""mean of independently assigned harmonic-mode frequencies"", ""assignments"": {""co_double_stretch_frequency_cm1"": {""mode_index_0based"": 35, ""projection"": 1.2439761802911817, ""unscaled_cm1"": 1702.91557}, ""oh_stretch_frequency_cm1"": {""mode_index_0based"": 40, ""projection"": 1.1227869521098126, ""unscaled_cm1"": 3747.23283}}, ""assignments_by_site"": [{""assignments"": {""co_double_stretch_frequency_cm1"": {""mode_index_0based"": 35, ""projection"": 1.2439761802911817, ""unscaled_cm1"": 1702.91557}, ""oh_stretch_frequency_cm1"": {""mode_index_0based"": 40, ""projection"": 1.1227869521098126, ""unscaled_cm1"": 3747.23283}}, ""carboxyl_carbon_0based"": 1}], ""precision"": ""fchk"", ""scale"": 1.0}, ""npa_source"": ""selected final log combined-spin NPA table"", ""site_aggregation"": ""equal-weight arithmetic mean; all sites required""}"
180,O=C(O)c1ccccc1P(O)O,1.32,180,0.53549,-0.70143,-0.6777,0.8376,-0.16981,-0.24893,-0.20606999999999998,-0.18116,0.6939,1.0753,1.6687,1.0097,0.10634389249855856,-0.06912138077978545,-8.291777615475677,-0.5894026397675713,7.702374975708106,3.1910885775404068,171.3524633333333,0.02901786975989276,206.85375158524107,87.21354945278375,27.7679443359375,0.972077245903428,1.2132385567680992,1.3338389817954652,1.4863113803967645,22.799635388219492,3736.0452,1729.88961,complete,,{},"{""aromatic_cooh_site_count"": 1, ""density_surface"": {""density_cube"": ""/gs/bs/tga-ynabae/kikuchi/pka_prediction/data/benzoicacid_v2/density_cube/sub_180_density.cube"", ""esp_cube"": ""/gs/bs/tga-ynabae/kikuchi/pka_prediction/data/benzoicacid_v2/esp_cube/sub_180_esp.cube"", ""isovalue_e_bohr3"": 0.001, ""local_esp_radius_angstrom"": 2.0, ""local_issues_by_site"": [{}], ""local_values_by_site"": [{""esp_max_acidic_h_hartree_per_e"": 0.10634389249855856, ""esp_min_carbonyl_o_hartree_per_e"": -0.06912138077978545}], ""mpi"": ""arithmetic mean of absolute ESP over all grid-edge isosurface intersections"", ""surface_esp"": ""linear grid-edge crossing samples; nearest-nucleus local patches"", ""volume"": ""occupied density grid; discretized electron-density isosurface volume""}, ""fchk"": ""/gs/bs/tga-ynabae/kikuchi/pka_prediction/data/benzoicacid_v2/formchk/sub_180.fchk"", ""geometric_sampling"": {""buried_center"": ""COOH carbon; reference COOH atoms excluded"", ""buried_radius_angstrom"": 3.5, ""buried_samples"": 32768, ""radii"": ""RDKit vdW"", ""sasa_points_per_atom"": 2000, ""sasa_probe_angstrom"": 1.4}, ""ignored_aliphatic_cooh_count"": 0, ""job_selection"": ""last normally terminated job only"", ""local_atom_indices_0based"": {""acidic_hydrogen"": 12, ""carbonyl_oxygen"": 0, ""carboxyl_carbon"": 1, ""hydroxyl_oxygen"": 2, ""ipso_carbon"": 3, ""meta_carbons"": [5, 7], ""ortho_carbons"": [4, 8], ""para_carbon"": 6, ""ring_atoms"": [3, 4, 5, 6, 7, 8], ""substituent_position_counts"": {""meta"": 0, ""ortho"": 1, ""para"": 0, ""total"": 1}, ""substituted_ring_carbons"": [8]}, ""local_atom_indices_by_site_0based"": [{""acidic_hydrogen"": 12, ""carbonyl_oxygen"": 0, ""carboxyl_carbon"": 1, ""hydroxyl_oxygen"": 2, ""ipso_carbon"": 3, ""meta_carbons"": [5, 7], ""ortho_carbons"": [4, 8], ""para_carbon"": 6, ""ring_atoms"": [3, 4, 5, 6, 7, 8], ""substituent_position_counts"": {""meta"": 0, ""ortho"": 1, ""para"": 0, ""total"": 1}, ""substituted_ring_carbons"": [8]}], ""log"": ""/gs/bs/tga-ynabae/kikuchi/pka_prediction/data/benzoicacid_v2/logfile/sub_180.log"", ""normal_modes"": {""aggregation"": ""mean of independently assigned harmonic-mode frequencies"", ""assignments"": {""co_double_stretch_frequency_cm1"": {""mode_index_0based"": 43, ""projection"": 1.3976745725761677, ""unscaled_cm1"": 1729.88961}, ""oh_stretch_frequency_cm1"": {""mode_index_0based"": 48, ""projection"": 1.1229710960149726, ""unscaled_cm1"": 3736.0452}}, ""assignments_by_site"": [{""assignments"": {""co_double_stretch_frequency_cm1"": {""mode_index_0based"": 43, ""projection"": 1.3976745725761677, ""unscaled_cm1"": 1729.88961}, ""oh_stretch_frequency_cm1"": {""mode_index_0based"": 48, ""projection"": 1.1229710960149726, ""unscaled_cm1"": 3736.0452}}, ""carboxyl_carbon_0based"": 1}], ""precision"": ""fchk"", ""scale"": 1.0}, ""npa_source"": ""selected final log combined-spin NPA table"", ""site_aggregation"": ""equal-weight arithmetic mean; all sites required""}"
181,O=C(O)c1ccccc1[N+](=O)[O-],2.1083333333333334,181,0.5331,-0.69155,-0.65215,0.84481,-0.12467,-0.043840000000000004,-0.16888999999999998,-0.18972,0.6965,1.0926,1.7042,0.9661,0.10325829831995613,-0.06804675025996533,-9.187192851781694,-1.835163374650678,7.352029477131015,6.715842927655346,148.44905899999998,0.03503033498084317,184.21916725354478,94.21416456630038,28.1890869140625,0.9727355477663374,1.207836796163808,1.3308731699351117,1.4959911915921538,62.604561289491535,3730.34268,1759.82757,complete,,{},"{""aromatic_cooh_site_count"": 1, ""density_surface"": {""density_cube"": ""/gs/bs/tga-ynabae/kikuchi/pka_prediction/data/benzoicacid_v2/density_cube/sub_181_density.cube"", ""esp_cube"": ""/gs/bs/tga-ynabae/kikuchi/pka_prediction/data/benzoicacid_v2/esp_cube/sub_181_esp.cube"", ""isovalue_e_bohr3"": 0.001, ""local_esp_radius_angstrom"": 2.0, ""local_issues_by_site"": [{}], ""local_values_by_site"": [{""esp_max_acidic_h_hartree_per_e"": 0.10325829831995613, ""esp_min_carbonyl_o_hartree_per_e"": -0.06804675025996533}], ""mpi"": ""arithmetic mean of absolute ESP over all grid-edge isosurface intersections"", ""surface_esp"": ""linear grid-edge crossing samples; nearest-nucleus local patches"", ""volume"": ""occupied density grid; discretized electron-density isosurface volume""}, ""fchk"": ""/gs/bs/tga-ynabae/kikuchi/pka_prediction/data/benzoicacid_v2/formchk/sub_181.fchk"", ""geometric_sampling"": {""buried_center"": ""COOH carbon; reference COOH atoms excluded"", ""buried_radius_angstrom"": 3.5, ""buried_samples"": 32768, ""radii"": ""RDKit vdW"", ""sasa_points_per_atom"": 2000, ""sasa_probe_angstrom"": 1.4}, ""ignored_aliphatic_cooh_count"": 0, ""job_selection"": ""last normally terminated job only"", ""local_atom_indices_0based"": {""acidic_hydrogen"": 12, ""carbonyl_oxygen"": 0, ""carboxyl_carbon"": 1, ""hydroxyl_oxygen"": 2, ""ipso_carbon"": 3, ""meta_carbons"": [5, 7], ""ortho_carbons"": [4, 8], ""para_carbon"": 6, ""ring_atoms"": [3, 4, 5, 6, 7, 8], ""substituent_position_counts"": {""meta"": 0, ""ortho"": 1, ""para"": 0, ""total"": 1}, ""substituted_ring_carbons"": [8]}, ""local_atom_indices_by_site_0based"": [{""acidic_hydrogen"": 12, ""carbonyl_oxygen"": 0, ""carboxyl_carbon"": 1, ""hydroxyl_oxygen"": 2, ""ipso_carbon"": 3, ""meta_carbons"": [5, 7], ""ortho_carbons"": [4, 8], ""para_carbon"": 6, ""ring_atoms"": [3, 4, 5, 6, 7, 8], ""substituent_position_counts"": {""meta"": 0, ""ortho"": 1, ""para"": 0, ""total"": 1}, ""substituted_ring_carbons"": [8]}], ""log"": ""/gs/bs/tga-ynabae/kikuchi/pka_prediction/data/benzoicacid_v2/logfile/sub_181.log"", ""normal_modes"": {""aggregation"": ""mean of independently assigned harmonic-mode frequencies"", ""assignments"": {""co_double_stretch_frequency_cm1"": {""mode_index_0based"": 39, ""projection"": 1.426093818745133, ""unscaled_cm1"": 1759.82757}, ""oh_stretch_frequency_cm1"": {""mode_index_0based"": 44, ""projection"": 1.1227512597886666, ""unscaled_cm1"": 3730.34268}}, ""assignments_by_site"": [{""assignments"": {""co_double_stretch_frequency_cm1"": {""mode_index_0based"": 39, ""projection"": 1.426093818745133, ""unscaled_cm1"": 1759.82757}, ""oh_stretch_frequency_cm1"": {""mode_index_0based"": 44, ""projection"": 1.1227512597886666, ""unscaled_cm1"": 3730.34268}}, ""carboxyl_carbon_0based"": 1}], ""precision"": ""fchk"", ""scale"": 1.0}, ""npa_source"": ""selected final log combined-spin NPA table"", ""site_aggregation"": ""equal-weight arithmetic mean; all sites required""}"
182,O=Cc1ccc(C(=O)O)cc1,3.76,182,0.53163,-0.69879,-0.67241,0.83295,-0.14361,-0.17011500000000002,-0.16205,-0.15612,0.7,1.0814,1.6719,1.0091,0.11067306172270842,-0.06178047235619658,-9.010047570873285,-1.4460687804251409,7.563978790448144,5.579284811552228,148.49273419999997,0.028274546515368794,180.13318323052448,102.35520922899661,22.8363037109375,0.9711273069524677,1.2127695674094738,1.3350545680066461,1.486877361064778,0.0008750746729497149,3747.63105,1733.60916,complete,,{},"{""aromatic_cooh_site_count"": 1, ""density_surface"": {""density_cube"": ""/gs/bs/tga-ynabae/kikuchi/pka_prediction/data/benzoicacid_v2/density_cube/sub_182_density.cube"", ""esp_cube"": ""/gs/bs/tga-ynabae/kikuchi/pka_prediction/data/benzoicacid_v2/esp_cube/sub_182_esp.cube"", ""isovalue_e_bohr3"": 0.001, ""local_esp_radius_angstrom"": 2.0, ""local_issues_by_site"": [{}], ""local_values_by_site"": [{""esp_max_acidic_h_hartree_per_e"": 0.11067306172270842, ""esp_min_carbonyl_o_hartree_per_e"": -0.06178047235619658}], ""mpi"": ""arithmetic mean of absolute ESP over all grid-edge isosurface intersections"", ""surface_esp"": ""linear grid-edge crossing samples; nearest-nucleus local patches"", ""volume"": ""occupied density grid; discretized electron-density isosurface volume""}, ""fchk"": ""/gs/bs/tga-ynabae/kikuchi/pka_prediction/data/benzoicacid_v2/formchk/sub_182.fchk"", ""geometric_sampling"": {""buried_center"": ""COOH carbon; reference COOH atoms excluded"", ""buried_radius_angstrom"": 3.5, ""buried_samples"": 32768, ""radii"": ""RDKit vdW"", ""sasa_points_per_atom"": 2000, ""sasa_probe_angstrom"": 1.4}, ""ignored_aliphatic_cooh_count"": 0, ""job_selection"": ""last normally terminated job only"", ""local_atom_indices_0based"": {""acidic_hydrogen"": 14, ""carbonyl_oxygen"": 7, ""carboxyl_carbon"": 6, ""hydroxyl_oxygen"": 8, ""ipso_carbon"": 5, ""meta_carbons"": [3, 10], ""ortho_carbons"": [4, 9], ""para_carbon"": 2, ""ring_atoms"": [2, 3, 4, 5, 9, 10], ""substituent_position_counts"": {""meta"": 0, ""ortho"": 0, ""para"": 1, ""total"": 1}, ""substituted_ring_carbons"": [2]}, ""local_atom_indices_by_site_0based"": [{""acidic_hydrogen"": 14, ""carbonyl_oxygen"": 7, ""carboxyl_carbon"": 6, ""hydroxyl_oxygen"": 8, ""ipso_carbon"": 5, ""meta_carbons"": [3, 10], ""ortho_carbons"": [4, 9], ""para_carbon"": 2, ""ring_atoms"": [2, 3, 4, 5, 9, 10], ""substituent_position_counts"": {""meta"": 0, ""ortho"": 0, ""para"": 1, ""total"": 1}, ""substituted_ring_carbons"": [2]}], ""log"": ""/gs/bs/tga-ynabae/kikuchi/pka_prediction/data/benzoicacid_v2/logfile/sub_182.log"", ""normal_modes"": {""aggregation"": ""mean of independently assigned harmonic-mode frequencies"", ""assignments"": {""co_double_stretch_frequency_cm1"": {""mode_index_0based"": 37, ""projection"": 0.9183325344160684, ""unscaled_cm1"": 1733.60916}, ""oh_stretch_frequency_cm1"": {""mode_index_0based"": 44, ""projection"": 1.1236178838579274, ""unscaled_cm1"": 3747.63105}}, ""assignments_by_site"": [{""assignments"": {""co_double_stretch_frequency_cm1"": {""mode_index_0based"": 37, ""projection"": 0.9183325344160684, ""unscaled_cm1"": 1733.60916}, ""oh_stretch_frequency_cm1"": {""mode_index_0based"": 44, ""projection"": 1.1236178838579274, ""unscaled_cm1"": 3747.63105}}, ""carboxyl_carbon_0based"": 6}], ""precision"": ""fchk"", ""scale"": 1.0}, ""npa_source"": ""selected final log combined-spin NPA table"", ""site_aggregation"": ""equal-weight arithmetic mean; all sites required""}"
183,O=Cc1cccc(C(=O)O)c1,3.84,183,0.53126,-0.70052,-0.67777,0.83597,-0.18132,-0.117595,-0.20503500000000002,-0.12618,0.7003,1.0792,1.6677,1.0133,0.10628884499694026,-0.07271423658394514,-9.021076345718784,-1.0017681203488442,8.01930822536994,7.677243206023915,146.53439459999998,0.03378311460630386,180.25996668980287,102.75747446032553,22.9095458984375,0.9712083860512007,1.2132449056559622,1.3359281146207296,1.48372864607245,0.00033227154823396927,3759.23502,1734.07116,complete,,{},"{""aromatic_cooh_site_count"": 1, ""density_surface"": {""density_cube"": ""/gs/bs/tga-ynabae/kikuchi/pka_prediction/data/benzoicacid_v2/density_cube/sub_183_density.cube"", ""esp_cube"": ""/gs/bs/tga-ynabae/kikuchi/pka_prediction/data/benzoicacid_v2/esp_cube/sub_183_esp.cube"", ""isovalue_e_bohr3"": 0.001, ""local_esp_radius_angstrom"": 2.0, ""local_issues_by_site"": [{}], ""local_values_by_site"": [{""esp_max_acidic_h_hartree_per_e"": 0.10628884499694026, ""esp_min_carbonyl_o_hartree_per_e"": -0.07271423658394514}], ""mpi"": ""arithmetic mean of absolute ESP over all grid-edge isosurface intersections"", ""surface_esp"": ""linear grid-edge crossing samples; nearest-nucleus local patches"", ""volume"": ""occupied density grid; discretized electron-density isosurface volume""}, ""fchk"": ""/gs/bs/tga-ynabae/kikuchi/pka_prediction/data/benzoicacid_v2/formchk/sub_183.fchk"", ""geometric_sampling"": {""buried_center"": ""COOH carbon; reference COOH atoms excluded"", ""buried_radius_angstrom"": 3.5, ""buried_samples"": 32768, ""radii"": ""RDKit vdW"", ""sasa_points_per_atom"": 2000, ""sasa_probe_angstrom"": 1.4}, ""ignored_aliphatic_cooh_count"": 0, ""job_selection"": ""last normally terminated job only"", ""local_atom_indices_0based"": {""acidic_hydrogen"": 15, ""carbonyl_oxygen"": 8, ""carboxyl_carbon"": 7, ""hydroxyl_oxygen"": 9, ""ipso_carbon"": 6, ""meta_carbons"": [2, 4], ""ortho_carbons"": [5, 10], ""para_carbon"": 3, ""ring_atoms"": [2, 3, 4, 5, 6, 10], ""substituent_position_counts"": {""meta"": 1, ""ortho"": 0, ""para"": 0, ""total"": 1}, ""substituted_ring_carbons"": [2]}, ""local_atom_indices_by_site_0based"": [{""acidic_hydrogen"": 15, ""carbonyl_oxygen"": 8, ""carboxyl_carbon"": 7, ""hydroxyl_oxygen"": 9, ""ipso_carbon"": 6, ""meta_carbons"": [2, 4], ""ortho_carbons"": [5, 10], ""para_carbon"": 3, ""ring_atoms"": [2, 3, 4, 5, 6, 10], ""substituent_position_counts"": {""meta"": 1, ""ortho"": 0, ""para"": 0, ""total"": 1}, ""substituted_ring_carbons"": [2]}], ""log"": ""/gs/bs/tga-ynabae/kikuchi/pka_prediction/data/benzoicacid_v2/logfile/sub_183.log"", ""normal_modes"": {""aggregation"": ""mean of independently assigned harmonic-mode frequencies"", ""assignments"": {""co_double_stretch_frequency_cm1"": {""mode_index_0based"": 37, ""projection"": 0.8462184669503948, ""unscaled_cm1"": 1734.07116}, ""oh_stretch_frequency_cm1"": {""mode_index_0based"": 44, ""projection"": 1.122306248346045, ""unscaled_cm1"": 3759.23502}}, ""assignments_by_site"": [{""assignments"": {""co_double_stretch_frequency_cm1"": {""mode_index_0based"": 37, ""projection"": 0.8462184669503948, ""unscaled_cm1"": 1734.07116}, ""oh_stretch_frequency_cm1"": {""mode_index_0based"": 44, ""projection"": 1.122306248346045, ""unscaled_cm1"": 3759.23502}}, ""carboxyl_carbon_0based"": 7}], ""precision"": ""fchk"", ""scale"": 1.0}, ""npa_source"": ""selected final log combined-spin NPA table"", ""site_aggregation"": ""equal-weight arithmetic mean; all sites required""}"
