source_csv_row,SMILES,pka_value,canonical_smiles,MW,logP,TPSA,HBA,HBD,rotatable_bonds,aromatic_rings,FractionCSP3,formal_charge,acid_type,acid_group_count,acid_center_aromatic_flag,local_heteroatom_count,local_halogen_count,nearest_heteroatom_distance,local_conjugation,local_formal_charge,error,cv_fold,predicted_pka_value,residual_pka_value
2,Br/C=C/C(=O)O,3.71,O=C(O)/C=C/Br,150.959,0.9796,37.3,1,1,1,0,0.0,0,0,1,0,1,0,2,1,0,,2,3.7778587467035574,-0.0678587467035574
3,BrC1=C(C=CC=C1)/C=C/C(=O)O,4.23,O=C(O)/C=C/c1ccccc1Br,227.057,2.5469,37.3,1,1,2,1,0.0,0,0,1,0,1,0,2,1,0,,5,3.387511210018873,0.8424887899811275
4,Br\C=C/C(=O)O,3.32,O=C(O)/C=C\Br,150.959,0.9796,37.3,1,1,1,0,0.0,0,0,1,0,1,0,2,1,0,,2,3.7778587467035574,-0.45785874670355753
5,C#CC#CC#CC(=O)O,1.67,C#CC#CC#CC(=O)O,118.091,-0.289,37.3,1,1,0,0,0.0,0,0,1,0,1,0,2,1,0,,1,2.5856498380155677,-0.9156498380155678
6,C#CC(=O)O,1.8635,C#CC(=O)O,70.047,-0.2958,37.3,1,1,0,0,0.0,0,0,1,0,1,0,2,1,0,,5,2.7745201098590684,-0.9110201098590684
7,C#CCC(=O)O,3.32,C#CCC(=O)O,84.074,0.0943,37.3,1,1,1,0,0.25,0,0,1,0,1,0,2,1,0,,2,3.410104251071641,-0.090104251071641
8,C#CCCC(=O)O,4.2,C#CCCC(=O)O,98.101,0.4844,37.3,1,1,2,0,0.4,0,0,1,0,1,0,2,1,0,,2,4.011705603652083,0.18829439634791711
9,C#CCCCC(=O)O,4.59,C#CCCCC(=O)O,112.128,0.8745,37.3,1,1,3,0,0.5,0,0,1,0,1,0,2,1,0,,2,4.412017966856681,0.17798203314331928
10,C#CCCCCC(=O)O,4.57,C#CCCCCC(=O)O,126.155,1.2646,37.3,1,1,4,0,0.571429,0,0,1,0,1,0,2,1,0,,4,4.510730137257367,0.05926986274263335
11,C(C)(=O)NC1=CC=C(C=C1)[C@H]1[C@@H](C1)C(=O)O,4.57,CC(=O)Nc1ccc([C@@H]2C[C@H]2C(=O)O)cc1,219.24,1.8331,66.4,2,2,3,1,0.333333,0,0,1,0,1,0,2,1,0,,2,5.188741824825884,-0.618741824825884
12,C(\C=C/CC)(=O)O,4.7,CC/C=C\C(=O)O,100.117,1.0372,37.3,1,1,2,0,0.4,0,0,1,0,1,0,2,1,0,,1,3.9669017214152147,0.7330982785847855
13,C(\C=C/CCC)(=O)O,4.63,CCC/C=C\C(=O)O,114.144,1.4273,37.3,1,1,3,0,0.5,0,0,1,0,1,0,2,1,0,,3,4.832166529889452,-0.20216652988945238
14,C(\C=C/CCCC)(=O)O,4.12,CCCC/C=C\C(=O)O,128.171,1.8174,37.3,1,1,4,0,0.571429,0,0,1,0,1,0,2,1,0,,3,4.980306865872217,-0.860306865872217
15,C(\C=C\C#C)(=O)O,3.75,C#C/C=C/C(=O)O,96.085,0.2604,37.3,1,1,1,0,0.0,0,0,1,0,1,0,2,1,0,,5,3.4142669539523562,0.33573304604764376
16,C(\C=C\C#CC)(=O)O,4.2,CC#C/C=C/C(=O)O,110.112,0.6505,37.3,1,1,1,0,0.166667,0,0,1,0,1,0,2,1,0,,5,3.2106722310574805,0.9893277689425197
17,C(\C=C\CC)(=O)O,4.74,CC/C=C/C(=O)O,100.117,1.0372,37.3,1,1,2,0,0.4,0,0,1,0,1,0,2,1,0,,3,4.463651831865768,0.27634816813423235
18,C(\C=C\CCCC)(=O)O,4.88,CCCC/C=C/C(=O)O,128.171,1.8174,37.3,1,1,4,0,0.571429,0,0,1,0,1,0,2,1,0,,4,4.458850976355598,0.42114902364440177
19,C/C(=C/C(=O)O)C(=O)O,2.2,C/C(=C/C(=O)O)C(=O)O,130.099,0.1019,74.6,2,2,2,0,0.2,0,0,2,0,2,0,4,2,0,,4,2.2581201973641987,-0.05812019736419849
20,C/C(Cl)=C/C(=O)O,4.0075,C/C(Cl)=C/C(=O)O,120.535,1.2136,37.3,1,1,1,0,0.25,0,0,1,0,1,0,2,1,0,,3,3.631018938126142,0.3764810618738581
21,C/C=C/C(=O)O,4.720000000000001,C/C=C/C(=O)O,86.09,0.6471,37.3,1,1,1,0,0.25,0,0,1,0,1,0,2,1,0,,3,3.8547391765545673,0.8652608234454333
22,C/C=C\C(=O)O,4.5600000000000005,C/C=C\C(=O)O,86.09,0.6471,37.3,1,1,1,0,0.25,0,0,1,0,1,0,2,1,0,,5,3.497852410699176,1.0621475893008245
23,C1(=CC=CC=C1)/C=C/C(=O)O,4.46,O=C(O)/C=C/c1ccccc1,148.161,1.7844,37.3,1,1,2,1,0.0,0,0,1,0,1,0,2,1,0,,5,4.328571377877918,0.1314286221220824
24,C1(=CC=CC=C1)[C@H]1[C@@H](C1)C(=O)O,4.57,O=C(O)[C@@H]1C[C@H]1c1ccccc1,162.188,1.8747,37.3,1,1,2,1,0.3,0,0,1,0,1,0,2,1,0,,3,4.401081862037376,0.16891813796262412
25,C1(=CC=CC=C1)\C=C/C(=O)O,3.93,O=C(O)/C=C\c1ccccc1,148.161,1.7844,37.3,1,1,2,1,0.0,0,0,1,0,1,0,2,1,0,,1,4.196288032532167,-0.26628803253216704
26,C1[C@H]([C@@H](CC2=CC=CC=C12)N(CC(=O)O)CC(=O)O)N(CC(=O)O)CC(=O)O,2.2,O=C(O)CN(CC(=O)O)[C@@H]1Cc2ccccc2C[C@H]1N(CC(=O)O)CC(=O)O,394.38,-0.5352,155.68,6,4,10,1,0.444444,0,0,4,0,4,0,8,4,0,,3,2.4220233990237574,-0.22202339902375723
27,C=C(C)c1ccc(C(=O)O)cc1,4.04,C=C(C)c1ccc(C(=O)O)cc1,162.188,2.4179,37.3,1,1,2,1,0.1,0,0,1,0,1,0,2,1,0,,1,4.205939634290506,-0.16593963429050618
28,C=C(CC(=O)O)C(=O)O,3.6545,C=C(CC(=O)O)C(=O)O,130.099,0.1019,74.6,2,2,3,0,0.2,0,0,2,0,2,0,4,2,0,,4,2.5740750700103985,1.0804249299896016
29,C=C=CC(=O)O,3.69,C=C=CC(=O)O,84.074,0.4121,37.3,1,1,1,0,0.0,0,0,1,0,1,0,2,1,0,,5,3.702115463437985,-0.012115463437984975
30,C=CC#CCC(=O)O,3.39,C=CC#CCC(=O)O,110.112,0.6505,37.3,1,1,1,0,0.166667,0,0,1,0,1,0,2,1,0,,2,3.392632967852661,-0.0026329678526608724
31,C=CC(=O)O,4.2485,C=CC(=O)O,72.063,0.257,37.3,1,1,1,0,0.0,0,0,1,0,1,0,2,1,0,,2,3.914586377464972,0.3339136225350279
32,C=CCCCSCC(=O)O,3.739,C=CCCCSCC(=O)O,160.238,1.7704,37.3,2,1,6,0,0.571429,0,0,1,0,1,0,2,1,0,,1,3.4645357452575967,0.2744642547424032
33,C=CCCSCC(=O)O,3.717,C=CCCSCC(=O)O,146.211,1.3803,37.3,2,1,5,0,0.5,0,0,1,0,1,0,2,1,0,,1,3.5315289917771118,0.1854710082228883
34,C=CCN(CC(=O)O)CC(=O)O,9.28,C=CCN(CC(=O)O)CC(=O)O,173.168,-0.3564,77.84,3,2,6,0,0.428571,0,0,2,0,2,0,4,2,0,,5,3.7500086322071207,5.529991367792879
35,C=CCSCC(=O)O,3.683,C=CCSCC(=O)O,132.184,0.9902,37.3,2,1,4,0,0.4,0,0,1,0,1,0,2,1,0,,2,3.76157541342826,-0.07857541342826035
36,C=CCc1ccc(C(=O)O)cc1,4.34,C=CCc1ccc(C(=O)O)cc1,162.188,2.1133,37.3,1,1,3,1,0.1,0,0,1,0,1,0,2,1,0,,5,4.308488945467943,0.03151105453205716
37,C=CCc1cccc(C(=O)O)c1,4.32,C=CCc1cccc(C(=O)O)c1,162.188,2.1133,37.3,1,1,3,1,0.1,0,0,1,0,1,0,2,1,0,,5,4.308488945467943,0.011511054532057585
38,CC#CC#CC(=O)O,1.94,CC#CC#CC(=O)O,108.096,0.0977,37.3,1,1,0,0,0.166667,0,0,1,0,1,0,2,1,0,,4,2.4188503182356498,-0.47885031823564983
39,CC#CC#CCC(=O)O,3.23,CC#CC#CCC(=O)O,122.123,0.4878,37.3,1,1,1,0,0.285714,0,0,1,0,1,0,2,1,0,,4,2.957195342461899,0.2728046575381011
40,CC#CC(=O)O,2.603,CC#CC(=O)O,84.074,0.0943,37.3,1,1,0,0,0.25,0,0,1,0,1,0,2,1,0,,3,2.8111359069698225,-0.20813590696982232
41,CC#CCC(=O)O,3.59,CC#CCC(=O)O,98.101,0.4844,37.3,1,1,1,0,0.4,0,0,1,0,1,0,2,1,0,,1,3.1715136529151016,0.4184863470848983
42,CC(=O)/C=C/C(=O)O,3.24,CC(=O)/C=C/C(=O)O,114.1,0.2162,54.37,2,1,2,0,0.2,0,0,1,0,1,0,2,1,0,,5,3.37507735377062,-0.1350773537706198
43,CC(=O)C(=O)O,2.365,CC(=O)C(=O)O,88.062,-0.34,54.37,2,1,1,0,0.333333,0,0,1,0,1,0,2,1,0,,3,3.7601421333895755,-1.3951421333895753
44,CC(=O)C(CC(=O)O)C(=O)O,2.86,CC(=O)C(CC(=O)O)C(=O)O,160.125,-0.2491,91.67,3,2,4,0,0.5,0,0,2,0,2,0,4,2,0,,3,2.4982637856654213,0.3617362143345786
45,CC(=O)CC(=O)O,3.6,CC(=O)CC(=O)O,102.089,0.0501,54.37,2,1,2,0,0.5,0,0,1,0,1,0,2,1,0,,3,3.9537529423466142,-0.35375294234661414
46,CC(=O)CCC(=O)O,4.6,CC(=O)CCC(=O)O,116.116,0.4402,54.37,2,1,3,0,0.6,0,0,1,0,1,0,2,1,0,,1,4.2257425724211055,0.37425742757889413
47,CC(=O)CCCC(=O)O,4.8,CC(=O)CCCC(=O)O,130.143,0.8303,54.37,2,1,4,0,0.666667,0,0,1,0,1,0,2,1,0,,4,4.7545070350580865,0.04549296494191335
48,CC(=O)NC(CC([N+](=O)[O-])([N+](=O)[O-])[N+](=O)[O-])C(=O)O,3.43,CC(=O)NC(CC([N+](=O)[O-])([N+](=O)[O-])[N+](=O)[O-])C(=O)O,280.149,-1.5503,195.82,8,2,7,0,0.666667,0,0,1,0,1,0,2,1,0,,3,3.2658707106327314,0.16412928936726878
49,CC(=O)NC(Cc1cc(I)c(O)c(I)c1)C(=O)O,7.12,CC(=O)NC(Cc1cc(I)c(O)c(I)c1)C(=O)O,475.02,1.7332,86.63,3,3,4,1,0.272727,0,0,1,0,1,0,2,1,0,,5,6.406136336331721,0.7138636636682794
50,CC(=O)NC(Cc1ccc(O)c(I)c1)C(=O)O,8.83,CC(=O)NC(Cc1ccc(O)c(I)c1)C(=O)O,349.124,1.1286,86.63,3,3,4,1,0.272727,0,0,1,0,1,0,2,1,0,,4,7.06069617249025,1.7693038275097503
51,CC(=O)NCC(=O)NC(Cc1c[nH]cn1)C(=O)NCC(=O)O,6.86,CC(=O)NCC(=O)NC(Cc1c[nH]cn1)C(=O)NCC(=O)O,311.298,-2.2261,153.28,5,5,8,1,0.416667,0,0,1,0,1,0,2,1,0,,2,7.379737350497209,-0.5197373504972083
52,CC(=O)NCC(=O)NC(Cc1cn(Cc2ccccc2)cn1)C(=O)NCC(=O)O,6.37,CC(=O)NCC(=O)NC(Cc1cn(Cc2ccccc2)cn1)C(=O)NCC(=O)O,401.423,-0.7044,142.42,5,4,10,2,0.315789,0,0,1,0,1,0,2,1,0,,3,6.440809541698479,-0.07080954169847864
53,CC(=O)NCC(=O)NCC(=O)NC(Cc1c[nH]cn1)C(=O)O,7.18,CC(=O)NCC(=O)NCC(=O)NC(Cc1c[nH]cn1)C(=O)O,311.298,-2.2261,153.28,5,5,8,1,0.416667,0,0,1,0,1,0,2,1,0,,3,6.959941245831614,0.22005875416838538
54,CC(=O)NCC(=O)NCC(=O)NCC(=O)NC(Cc1c[nH]cn1)C(=O)O,7.21,CC(=O)NCC(=O)NCC(=O)NCC(=O)NC(Cc1c[nH]cn1)C(=O)O,368.35,-3.1099,182.38,6,6,10,1,0.428571,0,0,1,0,1,0,2,1,0,,5,7.400220434960375,-0.19022043496037533
55,CC(=O)NCC(=O)NCC(=O)N[C@@H](Cc1cnc[nH]1)C(=O)NCC(=O)O,6.9,CC(=O)NCC(=O)NCC(=O)N[C@@H](Cc1cnc[nH]1)C(=O)NCC(=O)O,368.35,-3.1099,182.38,6,6,10,1,0.428571,0,0,1,0,1,0,2,1,0,,4,7.410125933908436,-0.5101259339084354
56,CC(=O)NCC(=O)NCC(=O)N[C@@H](Cc1cnc[nH]1)C(=O)O,7.18,CC(=O)NCC(=O)NCC(=O)N[C@@H](Cc1cnc[nH]1)C(=O)O,311.298,-2.2261,153.28,5,5,8,1,0.416667,0,0,1,0,1,0,2,1,0,,1,7.079625707995888,0.10037429200411196
57,CC(=O)NCC(=O)N[C@@H](Cc1c[nH]cn1)C(=O)O,7.11,CC(=O)NCC(=O)N[C@@H](Cc1c[nH]cn1)C(=O)O,254.246,-1.3423,124.18,4,4,6,1,0.4,0,0,1,0,1,0,2,1,0,,1,7.619638846542051,-0.5096388465420505
58,CC(=O)N[C@@H](Cc1c[nH]cn1)C(=O)O,7.08,CC(=O)N[C@@H](Cc1c[nH]cn1)C(=O)O,197.194,-0.4585,95.08,3,3,4,1,0.375,0,0,1,0,1,0,2,1,0,,3,9.062551613203077,-1.9825516132030767
59,CC(=O)N[C@@H](Cc1ccc(O)cc1)C(=O)O,10.11,CC(=O)N[C@@H](Cc1ccc(O)cc1)C(=O)O,223.228,0.524,86.63,3,3,4,1,0.272727,0,0,1,0,1,0,2,1,0,,3,7.190163165502835,2.919836834497165
60,CC(=O)Nc1cccc(C(=O)O)c1,4.03,CC(=O)Nc1cccc(C(=O)O)c1,179.175,1.3432,66.4,2,2,2,1,0.111111,0,0,1,0,1,0,2,1,0,,5,4.191699688335615,-0.16169968833561477
61,CC(=O)O,4.645133333333334,CC(=O)O,60.052,0.0909,37.3,1,1,0,0,0.5,0,0,1,0,1,0,2,1,0,,1,3.3002432281129734,1.3448901052203603
62,CC(=O)OC(C(=O)O)C(C)([N+](=O)[O-])[N+](=O)[O-],1.85,CC(=O)OC(C(=O)O)C(C)([N+](=O)[O-])[N+](=O)[O-],236.136,-0.7277,149.88,7,1,5,0,0.666667,0,0,1,0,1,0,2,1,0,,1,3.05230714771346,-1.20230714771346
63,CC(=O)OC(CC(=O)O)C[N+](C)(C)C.[Cl-],3.6,CC(=O)OC(CC(=O)O)C[N+](C)(C)C.[Cl-],239.699,-2.897,63.6,3,1,5,0,0.777778,0,0,1,0,1,0,2,1,0,,3,2.803766157196484,0.7962338428035163
64,CC(=O)OC(CC([N+](=O)[O-])([N+](=O)[O-])[N+](=O)[O-])C(=O)O,2.02,CC(=O)OC(CC([N+](=O)[O-])([N+](=O)[O-])[N+](=O)[O-])C(=O)O,281.133,-1.1233,193.02,9,1,7,0,0.666667,0,0,1,0,1,0,2,1,0,,5,3.382637023536935,-1.362637023536935
65,CC(=O)Oc1ccc(C(=O)O)cc1,3.92,CC(=O)Oc1ccc(C(=O)O)cc1,180.159,1.3101,63.6,3,1,2,1,0.111111,0,0,1,0,1,0,2,1,0,,1,3.263451540006169,0.6565484599938309
66,CC(=O)Oc1ccccc1C(=O)O,3.38,CC(=O)Oc1ccccc1C(=O)O,180.159,1.3101,63.6,3,1,2,1,0.111111,0,0,1,0,1,0,2,1,0,,5,3.4845345875626377,-0.10453458756263778
67,CC(=O)SCC(=O)O,3.23,CC(=O)SCC(=O)O,134.156,0.3507,54.37,3,1,2,0,0.5,0,0,1,0,1,0,2,1,0,,2,3.247259408129267,-0.017259408129266962
68,CC(=O)c1ccc(C(=O)O)cc1,3.7,CC(=O)c1ccc(C(=O)O)cc1,164.16,1.5874,54.37,2,1,2,1,0.111111,0,0,1,0,1,0,2,1,0,,1,3.7985086506962893,-0.09850865069628911
69,CC(=O)c1ccc(CC(=O)O)s1,3.76,CC(=O)c1ccc(CC(=O)O)s1,184.216,1.5778,54.37,3,1,3,1,0.25,0,0,1,0,1,0,2,1,0,,1,3.562833041195816,0.19716695880418378
70,CC(=O)c1ccc(OCC(=O)O)cc1,2.81,CC(=O)c1ccc(OCC(=O)O)cc1,194.186,1.3526,63.6,3,1,4,1,0.2,0,0,1,0,1,0,2,1,0,,3,3.3435130701823526,-0.5335130701823525
71,CC(=O)c1cccc(C(=O)O)c1,3.827,CC(=O)c1cccc(C(=O)O)c1,164.16,1.5874,54.37,2,1,2,1,0.111111,0,0,1,0,1,0,2,1,0,,2,3.9163718132228107,-0.08937181322281074
72,CC(=O)c1cccc(NCC(=O)O)c1,3.93,CC(=O)c1cccc(NCC(=O)O)c1,193.202,1.3857,66.4,3,2,4,1,0.2,0,0,1,0,1,0,2,1,0,,1,4.3893337971574065,-0.4593337971574063
73,CC(=O)c1ccccc1C(=O)O,4.123,CC(=O)c1ccccc1C(=O)O,164.16,1.5874,54.37,2,1,2,1,0.111111,0,0,1,0,1,0,2,1,0,,5,4.0199517645929825,0.10304823540701769
74,CC(=S)SCC(=O)O,2.9450000000000003,CC(=S)SCC(=O)O,150.224,1.1515,37.3,3,1,2,0,0.5,0,0,1,0,1,0,2,1,0,,1,2.2805451137503887,0.6644548862496116
75,CC(Br)=CC(=O)O,3.86,CC(Br)=CC(=O)O,164.986,1.3697,37.3,1,1,1,0,0.25,0,0,1,0,1,0,2,1,0,,2,3.2217863570798784,0.6382136429201215
76,CC(Br)C(=O)O,3.01,CC(Br)C(=O)O,152.975,0.8544,37.3,1,1,1,0,0.666667,0,0,1,0,1,0,2,1,0,,3,3.5237128164380787,-0.5137128164380789
77,CC(C(=O)O)C(=O)O,3.05,CC(C(=O)O)C(=O)O,118.088,-0.2083,74.6,2,2,2,0,0.5,0,0,2,0,2,0,4,2,0,,3,3.1734773225158515,-0.12347732251585164
78,CC(C(=O)O)c1ccccc1,4.3,CC(C(=O)O)c1ccccc1,150.177,1.8747,37.3,1,1,2,1,0.222222,0,0,1,0,1,0,2,1,0,,1,4.415372861366891,-0.1153728613668914
79,CC(C(O)C(=O)O)([N+](=O)[O-])[N+](=O)[O-],2.37,CC(C(O)C(=O)O)([N+](=O)[O-])[N+](=O)[O-],194.099,-1.2985,143.81,6,2,4,0,0.75,0,0,1,0,1,0,2,1,0,,2,5.141616026339447,-2.771616026339447
80,CC(C)(C#N)C(=O)O,2.422,CC(C)(C#N)C(=O)O,113.116,0.62078,61.09,2,1,1,0,0.6,0,0,1,0,1,0,2,1,0,,2,3.836241462646878,-1.4142414626468778
81,CC(C)(C(=O)O)C(=O)C(=O)O,1.77,CC(C)(C(=O)O)C(=O)C(=O)O,160.125,-0.2491,91.67,3,2,3,0,0.5,0,0,2,0,2,0,4,2,0,,2,2.9242737303511683,-1.1542737303511683
82,CC(C)(C(=O)O)C(=O)O,3.03,CC(C)(C(=O)O)C(=O)O,132.115,0.1818,74.6,2,2,2,0,0.6,0,0,2,0,2,0,4,2,0,,5,3.570208185241913,-0.5402081852419132
83,CC(C)(C(=O)O)C(C)(C)C(=O)O,3.88,CC(C)(C(=O)O)C(C)(C)C(=O)O,174.196,1.208,74.6,2,2,3,0,0.75,0,0,2,0,2,0,4,2,0,,2,3.9305063119640886,-0.050506311964088724
84,CC(C)(C)C#CC(=O)O,2.66,CC(C)(C)C#CC(=O)O,126.155,1.1205,37.3,1,1,0,0,0.571429,0,0,1,0,1,0,2,1,0,,2,2.754424726879627,-0.09442472687962677
85,CC(C)(C)C(=O)O,5.1555,CC(C)(C)C(=O)O,102.133,1.1171,37.3,1,1,0,0,0.8,0,0,1,0,1,0,2,1,0,,3,4.0170721682959645,1.1384278317040355
86,CC(C)(C)C(C(=O)O)C(=O)O,2.92,CC(C)(C)C(C(=O)O)C(=O)O,160.169,0.8179,74.6,2,2,2,0,0.714286,0,0,2,0,2,0,4,2,0,,2,3.9776100009400412,-1.0576100009400413
87,CC(C)(C)C(C(=O)O)C(C(=O)O)C(C)(C)C,2.4850000000000003,CC(C)(C)C(C(=O)O)C(C(=O)O)C(C)(C)C,230.304,2.4802,74.6,2,2,3,0,0.833333,0,0,2,0,2,0,4,2,0,,5,3.7248388947326485,-1.2398388947326482
88,CC(C)(C)C(C)(CC(=O)O)CC(=O)O,3.61,CC(C)(C)C(C)(CC(=O)O)CC(=O)O,202.25,1.9882,74.6,2,2,4,0,0.8,0,0,2,0,2,0,4,2,0,,1,3.4730979887365065,0.13690201126349333
89,CC(C)(C)C1CCC(C(=O)O)C(C(=O)O)C1,4.29,CC(C)(C)C1CCC(C(=O)O)C(C(=O)O)C1,228.288,2.2342,74.6,2,2,2,0,0.833333,0,0,2,0,2,0,4,2,0,,5,4.132040675906771,0.15795932409322866
90,CC(C)(C)CC#CC(=O)O,2.53,CC(C)(C)CC#CC(=O)O,140.182,1.5106,37.3,1,1,0,0,0.625,0,0,1,0,1,0,2,1,0,,1,2.7915864710971006,-0.26158647109710076
91,CC(C)(C)c1ccc(C(=O)O)cc1,4.382,CC(C)(C)c1ccc(C(=O)O)cc1,178.231,2.6823,37.3,1,1,1,1,0.363636,0,0,1,0,1,0,2,1,0,,3,4.16291507698779,0.2190849230122094
92,CC(C)(C)c1ccc(S(=O)(=O)CC(=O)O)cc1,2.598,CC(C)(C)c1ccc(S(=O)(=O)CC(=O)O)cc1,256.323,1.8424,71.44,3,1,3,1,0.416667,0,0,1,0,1,0,2,1,0,,2,4.206487327969174,-1.6084873279691738
93,CC(C)(C)c1ccc(S(=O)CC(=O)O)cc1,2.773,CC(C)(C)c1ccc(S(=O)CC(=O)O)cc1,240.324,2.1763,54.37,2,1,3,1,0.416667,0,0,1,0,1,0,2,1,0,,5,4.258981549806467,-1.4859815498064672
94,CC(C)(C)c1ccc(SCC(=O)O)cc1,3.758,CC(C)(C)c1ccc(SCC(=O)O)cc1,224.325,3.1608,37.3,2,1,3,1,0.416667,0,0,1,0,1,0,2,1,0,,3,3.8262157084118034,-0.06821570841180336
95,CC(C)(C)c1cccc(C(=O)O)c1,4.204,CC(C)(C)c1cccc(C(=O)O)c1,178.231,2.6823,37.3,1,1,1,1,0.363636,0,0,1,0,1,0,2,1,0,,3,4.16291507698779,0.04108492301220945
96,CC(C)(CC(=O)O)CC(=O)O,3.79,CC(C)(CC(=O)O)CC(=O)O,160.169,0.962,74.6,2,2,4,0,0.714286,0,0,2,0,2,0,4,2,0,,3,3.8283309495272375,-0.03833094952723748
97,CC(C)(CCC(=O)O)N(F)F,4.35,CC(C)(CCC(=O)O)N(F)F,167.155,1.7008,40.54,2,1,4,0,0.833333,0,0,1,0,1,0,2,1,0,,5,4.4113279459331745,-0.06132794593317481
98,CC(C)(N)C(=O)O,10.2125,CC(C)(N)C(=O)O,103.121,-0.1917,63.32,2,2,1,0,0.75,0,0,1,0,1,0,2,1,0,,1,8.56954566238106,1.6429543376189404
99,CC(C)(O)C(=O)O,3.784,CC(C)(O)C(=O)O,104.105,-0.1581,57.53,2,2,1,0,0.75,0,0,1,0,1,0,2,1,0,,2,7.865345810595816,-4.081345810595816
100,CC(C)(OCC(=O)O)C(=O)O,3.44,CC(C)(OCC(=O)O)C(=O)O,162.141,-0.0492,83.83,3,2,4,0,0.666667,0,0,2,0,2,0,4,2,0,,5,3.3248252176382027,0.11517478236179723
101,CC(C)(SCC(=O)O)C(=O)O,3.74,CC(C)(SCC(=O)O)C(=O)O,178.209,0.6674,74.6,3,2,4,0,0.666667,0,0,2,0,2,0,4,2,0,,5,2.899020938437182,0.8409790615628183
102,CC(C)=CC(=O)O,5.12,CC(C)=CC(=O)O,100.117,1.0372,37.3,1,1,1,0,0.4,0,0,1,0,1,0,2,1,0,,1,3.186898282708633,1.933101717291367
103,CC(C)C(=O)O,4.619,CC(C)C(=O)O,88.106,0.727,37.3,1,1,1,0,0.75,0,0,1,0,1,0,2,1,0,,1,4.552393638159876,0.06660636184012336
104,CC(C)C(C#N)(C(=O)O)C(C)C,2.556,CC(C)C(C#N)(C(=O)O)C(C)C,169.224,1.89298,61.09,2,1,3,0,0.777778,0,0,1,0,1,0,2,1,0,,5,4.337690928097393,-1.781690928097393
105,CC(C)C(C#N)C(=O)O,2.014,CC(C)C(C#N)C(=O)O,127.143,0.86678,61.09,2,1,2,0,0.666667,0,0,1,0,1,0,2,1,0,,4,4.43688370846163,-2.42288370846163
106,CC(C)C(C(=O)O)(C(=O)O)C(C)C,2.152,CC(C)C(C(=O)O)(C(=O)O)C(C)C,188.223,1.454,74.6,2,2,4,0,0.777778,0,0,2,0,2,0,4,2,0,,3,3.580502132794319,-1.428502132794319
107,CC(C)C(C(=O)O)C(=O)O,3.0966666666666662,CC(C)C(C(=O)O)C(=O)O,146.142,0.4278,74.6,2,2,3,0,0.666667,0,0,2,0,2,0,4,2,0,,5,3.726549400156264,-0.6298827334895978
108,CC(C)C(C)(CC(=O)O)CC(=O)O,3.78,CC(C)C(C)(CC(=O)O)CC(=O)O,188.223,1.5981,74.6,2,2,5,0,0.777778,0,0,2,0,2,0,4,2,0,,5,3.2840540035783636,0.49594599642163617
109,CC(C)C(CC(=O)O)(CC(=O)O)C(C)C,3.63,CC(C)C(CC(=O)O)(CC(=O)O)C(C)C,216.277,2.2342,74.6,2,2,6,0,0.818182,0,0,2,0,2,0,4,2,0,,1,3.202719938124181,0.4272800618758188
110,CC(C)C(CC(=O)O)CC(=O)O,4.28,CC(C)C(CC(=O)O)CC(=O)O,174.196,1.208,74.6,2,2,5,0,0.75,0,0,2,0,2,0,4,2,0,,3,3.7454139540630877,0.5345860459369125
111,CC(C)CNCC(=O)O,10.12,CC(C)CNCC(=O)O,131.175,0.3166,49.33,2,2,4,0,0.833333,0,0,1,0,1,0,2,1,0,,1,10.087680308504883,0.03231969149511649
112,CC(C)C[C@H](N)C(=O)NCC(=O)NCC(=O)O,7.835,CC(C)C[C@H](N)C(=O)NCC(=O)NCC(=O)O,245.279,-1.3232,121.52,4,4,7,0,0.7,0,0,1,0,1,0,2,1,0,,1,7.0552948351984295,0.7797051648015705
113,CC(C)C[C@H](N)C(=O)NCC(=O)O,8.015,CC(C)C[C@H](N)C(=O)NCC(=O)O,188.227,-0.4394,92.42,3,3,5,0,0.75,0,0,1,0,1,0,2,1,0,,4,9.324722303963668,-1.3097223039636674
114,CC(C)C[C@H](N)C(=O)O,9.6888,CC(C)C[C@H](N)C(=O)O,131.175,0.4444,63.32,2,2,3,0,0.833333,0,0,1,0,1,0,2,1,0,,4,9.500601976244614,0.18819802375538686
115,CC(C)C[C@H](NC(=O)[C@@H](N)CO)C(=O)O,7.45,CC(C)C[C@H](NC(=O)[C@@H](N)CO)C(=O)O,218.253,-1.0785,112.65,4,4,6,0,0.777778,0,0,1,0,1,0,2,1,0,,3,8.716990491205094,-1.2669904912050933
116,CC(C)NCC(=O)O,10.06,CC(C)NCC(=O)O,117.148,0.069,49.33,2,2,3,0,0.8,0,0,1,0,1,0,2,1,0,,3,9.54039804384506,0.5196019561549399
117,CC(C)[C@H](N)C(=O)NCC(=O)O,7.775,CC(C)[C@H](N)C(=O)NCC(=O)O,174.2,-0.8295,92.42,3,3,4,0,0.714286,0,0,1,0,1,0,2,1,0,,4,9.310870689106338,-1.5358706891063374
118,CC(C)[C@H](N)C(=O)O,9.634166666666667,CC(C)[C@H](N)C(=O)O,117.148,0.0543,63.32,2,2,2,0,0.8,0,0,1,0,1,0,2,1,0,,3,9.369240544079915,0.2649261225867523
119,CC(C)[C@H](NC(=O)CN)C(=O)O,8.223333333333334,CC(C)[C@H](NC(=O)CN)C(=O)O,174.2,-0.8295,92.42,3,3,4,0,0.714286,0,0,1,0,1,0,2,1,0,,3,8.613914606714637,-0.39058127338130255
120,CC(C)c1ccc(C(=O)O)cc1,4.36,CC(C)c1ccc(C(=O)O)cc1,164.204,2.5082,37.3,1,1,2,1,0.3,0,0,1,0,1,0,2,1,0,,2,4.365142869530232,-0.005142869530232019
121,CC(C)c1ccc(C(O)C(=O)O)cc1,3.64,CC(C)c1ccc(C(O)C(=O)O)cc1,194.23,1.928,57.53,2,2,3,1,0.363636,0,0,1,0,1,0,2,1,0,,4,5.117259042785895,-1.4772590427858945
122,CC(C)c1cccc(C(=O)O)c1O,2.76,CC(C)c1cccc(C(=O)O)c1O,180.203,2.2138,57.53,2,2,2,1,0.3,0,0,1,0,1,0,2,1,0,,1,3.852108372196957,-1.0921083721969573
123,CC(C)c1csc(C(=O)O)c1,3.66,CC(C)c1csc(C(=O)O)c1,170.233,2.5697,37.3,2,1,2,1,0.375,0,0,1,0,1,0,2,1,0,,5,3.987185459906479,-0.32718545990647874
124,CC(CC(=O)O)(CC(=O)O)c1ccccc1,4.12,CC(CC(=O)O)(CC(=O)O)c1ccccc1,222.24,1.8937,74.6,2,2,5,1,0.333333,0,0,2,0,2,0,4,2,0,,4,3.3225210880928526,0.7974789119071475
125,CC(CC(=O)O)C(=O)O,3.94,CC(CC(=O)O)C(=O)O,132.115,0.1818,74.6,2,2,3,0,0.6,0,0,2,0,2,0,4,2,0,,4,3.673575528020724,0.2664244719792759
126,CC(CC(=O)O)C1(C)N=N1,4.5,CC(CC(=O)O)C1(C)N=N1,142.158,1.2792,62.02,3,1,3,0,0.833333,0,0,1,0,1,0,2,1,0,,3,4.1855440726850945,0.31445592731490546
127,CC(CC(=O)O)CC(=O)O,4.31,CC(CC(=O)O)CC(=O)O,146.142,0.5719,74.6,2,2,4,0,0.666667,0,0,2,0,2,0,4,2,0,,2,4.044634424394589,0.2653655756054105
128,CC(CC(=O)O)c1ccccc1,4.4,CC(CC(=O)O)c1ccccc1,164.204,2.2648,37.3,1,1,3,1,0.3,0,0,1,0,1,0,2,1,0,,3,4.6466885295279745,-0.24668852952797415
129,CC(CCC(=O)O)(N(F)F)N(F)F,4.01,CC(CCC(=O)O)(N(F)F)N(F)F,204.123,1.7094,43.78,3,1,5,0,0.8,0,0,1,0,1,0,2,1,0,,4,3.9402812024701057,0.06971879752989407
130,CC(CCC(=O)O)([N+](=O)[O-])[N+](=O)[O-],3.98,CC(CCC(=O)O)([N+](=O)[O-])[N+](=O)[O-],192.127,0.1208,123.58,5,1,5,0,0.8,0,0,1,0,1,0,2,1,0,,5,3.744464299482,0.2355357005180001
131,CC(CCC(=O)O)C(=O)O,4.36,CC(CCC(=O)O)C(=O)O,146.142,0.5719,74.6,2,2,4,0,0.666667,0,0,2,0,2,0,4,2,0,,4,3.9157030666323367,0.4442969333676636
132,CC(CCC(=O)O)c1ccccc1,4.7,CC(CCC(=O)O)c1ccccc1,178.231,2.6549,37.3,1,1,4,1,0.363636,0,0,1,0,1,0,2,1,0,,5,4.383389425324055,0.3166105746759449
133,CC(CCCC(=O)O)(N(F)F)N(F)F,4.62,CC(CCCC(=O)O)(N(F)F)N(F)F,218.15,2.0995,43.78,3,1,6,0,0.833333,0,0,1,0,1,0,2,1,0,,2,3.6675423655363684,0.9524576344636317
134,CC(CCCC(=O)O)c1ccccc1,4.8,CC(CCCC(=O)O)c1ccccc1,192.258,3.045,37.3,1,1,5,1,0.416667,0,0,1,0,1,0,2,1,0,,2,4.5208493975915,0.27915060240849954
135,CC(CO)(CO)C(=O)O,4.5,CC(CO)(CO)C(=O)O,134.131,-0.9381,77.76,3,3,3,0,0.8,0,0,1,0,1,0,2,1,0,,2,9.954812869416994,-5.454812869416994
136,CC(C[C@H](N)C(=O)O)C(F)(F)F,8.947,CC(C[C@H](N)C(=O)O)C(F)(F)F,185.145,0.9868,63.32,2,2,3,0,0.833333,0,0,1,0,1,0,2,1,0,,5,7.534365020461758,1.4126349795382414
137,CC(Cl)C(=O)O,2.89,CC(Cl)C(=O)O,108.524,0.6983,37.3,1,1,1,0,0.666667,0,0,1,0,1,0,2,1,0,,2,3.8302902760029083,-0.9402902760029082
138,CC(Cl)CC(=O)O,4.2,CC(Cl)CC(=O)O,122.551,1.0884,37.3,1,1,2,0,0.75,0,0,1,0,1,0,2,1,0,,1,4.508445579291288,-0.3084455792912877
139,CC(Cl)CCC(=O)O,4.4,CC(Cl)CCC(=O)O,136.578,1.4785,37.3,1,1,3,0,0.8,0,0,1,0,1,0,2,1,0,,1,4.745564213066954,-0.34556421306695384
140,CC(Cl)CCCC(=O)O,4.6,CC(Cl)CCCC(=O)O,150.605,1.8686,37.3,1,1,4,0,0.833333,0,0,1,0,1,0,2,1,0,,5,4.950320004351749,-0.35032000435174915
141,CC(I)=CC(=O)O,3.835,CC(I)=CC(=O)O,211.986,1.4098,37.3,1,1,1,0,0.25,0,0,1,0,1,0,2,1,0,,1,2.3827875026305416,1.4522124973694583
142,CC(N)C(=O)O,9.906,CC(N)C(=O)O,89.094,-0.5818,63.32,2,2,1,0,0.666667,0,0,1,0,1,0,2,1,0,,2,7.993745536456795,1.9122544635432055
143,CC(N)CC(=O)O,10.19,CC(N)CC(=O)O,103.121,-0.1917,63.32,2,2,2,0,0.75,0,0,1,0,1,0,2,1,0,,2,9.200790200573337,0.9892097994266624
144,CC(N)CCC(=O)O,10.46,CC(N)CCC(=O)O,117.148,0.1984,63.32,2,2,3,0,0.8,0,0,1,0,1,0,2,1,0,,3,9.948694654901384,0.5113053450986165
145,CC(NC(=O)CN)C(=O)O,8.225000000000001,CC(NC(=O)CN)C(=O)O,146.146,-1.4656,92.42,3,3,3,0,0.6,0,0,1,0,1,0,2,1,0,,4,8.858123005101941,-0.6331230051019396
146,CC(O)(CC(=O)C(=O)O)C(=O)O,1.73,CC(O)(CC(=O)C(=O)O)C(=O)O,176.124,-1.1342,111.9,4,3,4,0,0.5,0,0,2,0,2,0,4,2,0,,2,4.046496698421487,-2.316496698421487
147,CC(O)C(N)C(=O)O,9.03,CC(O)C(N)C(=O)O,119.12,-1.2209,83.55,3,3,2,0,0.75,0,0,1,0,1,0,2,1,0,,2,9.25018848072202,-0.22018848072202069
148,CC(OC(C)(C)C(=O)O)C(=O)O,3.32,CC(OC(C)(C)C(=O)O)C(=O)O,176.168,0.3393,83.83,3,2,4,0,0.714286,0,0,2,0,2,0,4,2,0,,4,3.6217493163024392,-0.3017493163024394
149,CC(OCC(=O)O)C(=O)O,3.03,CC(OCC(=O)O)C(=O)O,148.114,-0.4393,83.83,3,2,4,0,0.6,0,0,2,0,2,0,4,2,0,,4,3.770958886883055,-0.740958886883055
150,CC(SC(C(=O)O)c1ccccc1)C(=O)O,2.94,CC(SC(C(=O)O)c1ccccc1)C(=O)O,240.28,2.0186,74.6,3,2,5,1,0.272727,0,0,2,0,2,0,4,2,0,,2,3.015107935488708,-0.07510793548870787
151,CC(SC(C)(C)C(=O)O)C(=O)O,3.6,CC(SC(C)(C)C(=O)O)C(=O)O,192.236,1.0559,74.6,3,2,4,0,0.714286,0,0,2,0,2,0,4,2,0,,3,3.191041006014376,0.4089589939856242
152,CC(SC(C)C(=O)O)C(=O)O,3.4,CC(SC(C)C(=O)O)C(=O)O,178.209,0.6658,74.6,3,2,4,0,0.666667,0,0,2,0,2,0,4,2,0,,4,3.2617021816527574,0.13829781834724253
153,CC(SCC(=O)O)C(=O)O,3.38,CC(SCC(=O)O)C(=O)O,164.182,0.2773,74.6,3,2,4,0,0.6,0,0,2,0,2,0,4,2,0,,4,3.2656286522514346,0.11437134774856528
154,CC([C@H](N)C(=O)O)C(F)(F)F,8.102,CC([C@H](N)C(=O)O)C(F)(F)F,171.118,0.5967,63.32,2,2,2,0,0.8,0,0,1,0,1,0,2,1,0,,4,7.5737178154664,0.5282821845335999
155,CC1(C)SCNC1C(=O)O,5.98,CC1(C)SCNC1C(=O)O,161.226,0.5121,49.33,3,2,1,0,0.833333,0,0,1,0,1,0,2,1,0,,3,6.368753934831156,-0.38875393483115595
156,CC1(C)S[C@@H]2[C@H](N)C(=O)N2[C@H]1C(=O)O,4.9,CC1(C)S[C@@H]2[C@H](N)C(=O)N2[C@H]1C(=O)O,216.262,-0.5394,83.63,4,2,1,0,0.75,0,0,1,0,1,0,2,1,0,,3,9.118087070256031,-4.218087070256031
157,CC1(C)S[C@@H]2[C@H](NC(=O)[C@H](N)c3ccccc3)C(=O)N2[C@H]1C(=O)O,7.24,CC1(C)S[C@@H]2[C@H](NC(=O)[C@H](N)c3ccccc3)C(=O)N2[C@H]1C(=O)O,349.412,0.3181,112.73,5,3,4,1,0.4375,0,0,1,0,1,0,2,1,0,,2,7.547545963741204,-0.30754596374120347
158,CC1(C)[C@H](C(=O)O)[C@@H]1C(=O)O,2.5733333333333333,CC1(C)[C@H](C(=O)O)[C@@H]1C(=O)O,158.153,0.4278,74.6,2,2,2,0,0.714286,0,0,2,0,2,0,4,2,0,,5,3.865120688852134,-1.2917873555188009
159,CC1(CC(=O)O)N=N1,3.9,CC1(CC(=O)O)N=N1,114.104,0.6431,62.02,3,1,2,0,0.75,0,0,1,0,1,0,2,1,0,,4,4.489626641378925,-0.5896266413789255
160,CC1(CC(C(=O)O)c2ccccc2)N=N1,3.9,CC1(CC(C(=O)O)c2ccccc2)N=N1,204.229,2.4269,62.02,3,1,4,1,0.363636,0,0,1,0,1,0,2,1,0,,1,4.1367492225208835,-0.2367492225208836
161,CC1(CCC(=O)O)N=N1,4.4,CC1(CCC(=O)O)N=N1,128.131,1.0332,62.02,3,1,3,0,0.8,0,0,1,0,1,0,2,1,0,,5,4.380128969058116,0.019871030941883916
162,CC1(CCCCC(=O)O)N=N1,4.7,CC1(CCCCC(=O)O)N=N1,156.185,1.8134,62.02,3,1,5,0,0.857143,0,0,1,0,1,0,2,1,0,,5,4.291363840936842,0.40863615906315776
163,CC=CC#CC(=O)O,2.67,CC=CC#CC(=O)O,110.112,0.6505,37.3,1,1,0,0,0.166667,0,0,1,0,1,0,2,1,0,,5,2.457807507095351,0.21219249290464903
164,CC=Cc1ccc(C(=O)O)cc1,4.49,CC=Cc1ccc(C(=O)O)cc1,162.188,2.4179,37.3,1,1,2,1,0.1,0,0,1,0,1,0,2,1,0,,4,4.206656667235388,0.28334333276461265
165,CC=Cc1cccc(C(=O)O)c1,4.25,CC=Cc1cccc(C(=O)O)c1,162.188,2.4179,37.3,1,1,2,1,0.1,0,0,1,0,1,0,2,1,0,,3,4.129059565192636,0.12094043480736438
166,CCC#CC#CC(=O)O,1.9,CCC#CC#CC(=O)O,122.123,0.4878,37.3,1,1,0,0,0.285714,0,0,1,0,1,0,2,1,0,,2,2.3414817911732664,-0.44148179117326647
167,CCC#CC(=O)O,2.61,CCC#CC(=O)O,98.101,0.4844,37.3,1,1,0,0,0.4,0,0,1,0,1,0,2,1,0,,2,2.6415736096991456,-0.03157360969914569
168,CCC(=O)C(=O)O,2.5,CCC(=O)C(=O)O,102.089,0.0501,54.37,2,1,2,0,0.5,0,0,1,0,1,0,2,1,0,,5,4.139960936472165,-1.639960936472165
169,CCC(=O)O,4.7335,CCC(=O)O,74.079,0.481,37.3,1,1,1,0,0.666667,0,0,1,0,1,0,2,1,0,,3,4.863027303401555,-0.12952730340155494
170,CCC(C(=O)O)(C(=O)O)C(C)C,2.19,CCC(C(=O)O)(C(=O)O)C(C)C,174.196,1.208,74.6,2,2,4,0,0.75,0,0,2,0,2,0,4,2,0,,1,3.776683462832198,-1.5866834628321982
171,CCC(C(=O)O)(C(=O)O)c1ccccc1,1.9,CCC(C(=O)O)(C(=O)O)c1ccccc1,208.213,1.5036,74.6,2,2,4,1,0.272727,0,0,2,0,2,0,4,2,0,,2,3.6917914988684997,-1.7917914988684998
172,CCC(C(=O)O)C(=O)O,2.975,CCC(C(=O)O)C(=O)O,132.115,0.1818,74.6,2,2,3,0,0.6,0,0,2,0,2,0,4,2,0,,5,3.7418126155935547,-0.7668126155935546
173,CCC(C)(C)C(=O)O,4.93,CCC(C)(C)C(=O)O,116.16,1.5072,37.3,1,1,2,0,0.833333,0,0,1,0,1,0,2,1,0,,4,4.598671977958549,0.3313280220414505
174,CCC(C)(O)C(=O)O,3.73,CCC(C)(O)C(=O)O,118.132,0.232,57.53,2,2,2,0,0.8,0,0,1,0,1,0,2,1,0,,2,8.650541732510515,-4.9205417325105145
175,CCC(C)C(=O)O,4.761,CCC(C)C(=O)O,102.133,1.1171,37.3,1,1,2,0,0.8,0,0,1,0,1,0,2,1,0,,2,4.920028950332991,-0.15902895033299114
176,CCC(C)CC(=O)O,4.766,CCC(C)CC(=O)O,116.16,1.5072,37.3,1,1,3,0,0.833333,0,0,1,0,1,0,2,1,0,,1,4.9974607158855635,-0.2314607158855635
177,CCC(C)SCC(=O)O,3.768,CCC(C)SCC(=O)O,148.227,1.6027,37.3,2,1,4,0,0.833333,0,0,1,0,1,0,2,1,0,,3,3.934333367265574,-0.16633336726557424
178,CCC(CC(=O)O)(CC(=O)O)c1ccccc1,3.89,CCC(CC(=O)O)(CC(=O)O)c1ccccc1,236.267,2.2838,74.6,2,2,6,1,0.384615,0,0,2,0,2,0,4,2,0,,3,3.790483948029499,0.09951605197050117
179,CCC(CC)(C(=O)O)C(=O)O,2.2342,CCC(CC)(C(=O)O)C(=O)O,160.169,0.962,74.6,2,2,4,0,0.714286,0,0,2,0,2,0,4,2,0,,2,3.960168289333243,-1.725968289333243
180,CCC(CC)(C(=O)O)C(CC)(CC)C(=O)O,3.84,CCC(CC)(C(=O)O)C(CC)(CC)C(=O)O,230.304,2.7684,74.6,2,2,7,0,0.833333,0,0,2,0,2,0,4,2,0,,2,3.1371170876412773,0.7028829123587226
181,CCC(CC)(C(=O)O)C(CC)(CC)C(=O)OC,5.34,CCC(CC)(C(=O)O)C(CC)(CC)C(=O)OC,244.331,2.8568,63.6,3,1,7,0,0.846154,0,0,1,0,1,0,2,1,0,,3,2.7431885028505842,2.5968114971494156
182,CCC(CC)(CC(=O)O)CC(=O)O,3.67,CCC(CC)(CC(=O)O)CC(=O)O,188.223,1.7422,74.6,2,2,6,0,0.777778,0,0,2,0,2,0,4,2,0,,4,3.745444411654315,-0.07544441165431515
183,CCC(CC)C(CC)(C(=O)O)C(=O)O,2.15,CCC(CC)C(CC)(C(=O)O)C(=O)O,202.25,1.9882,74.6,2,2,6,0,0.8,0,0,2,0,2,0,4,2,0,,2,3.525494396657511,-1.375494396657511
184,CCC(N)C(=O)O,9.708666666666668,CCC(N)C(=O)O,103.121,-0.1917,63.32,2,2,2,0,0.75,0,0,1,0,1,0,2,1,0,,3,9.732416883412899,-0.023750216746231345
185,CCCC(=O)O,4.8175,CCCC(=O)O,88.106,0.8711,37.3,1,1,2,0,0.75,0,0,1,0,1,0,2,1,0,,4,5.023997297793689,-0.20649729779368897
186,CCCC(=O)OC(CC(=O)O)C[N+](C)(C)C.[Cl-],3.56,CCCC(=O)OC(CC(=O)O)C[N+](C)(C)C.[Cl-],267.753,-2.1168,63.6,3,1,7,0,0.818182,0,0,1,0,1,0,2,1,0,,1,4.327195177571705,-0.7671951775717045
187,CCCC(=O)c1ccccc1C(=O)O,4.45,CCCC(=O)c1ccccc1C(=O)O,192.214,2.3676,54.37,2,1,4,1,0.272727,0,0,1,0,1,0,2,1,0,,3,4.204966441528842,0.24503355847115849
188,CCCC(C(=O)O)C(=O)O,3.0,CCCC(C(=O)O)C(=O)O,146.142,0.5719,74.6,2,2,4,0,0.666667,0,0,2,0,2,0,4,2,0,,4,3.9157030666323367,-0.9157030666323367
189,CCCC(C)(C)C(=O)O,4.969,CCCC(C)(C)C(=O)O,130.187,1.8973,37.3,1,1,3,0,0.857143,0,0,1,0,1,0,2,1,0,,5,4.986498645376434,-0.017498645376433863
190,CCCC(C)C(=O)O,4.782,CCCC(C)C(=O)O,116.16,1.5072,37.3,1,1,3,0,0.833333,0,0,1,0,1,0,2,1,0,,3,4.865935070965367,-0.08393507096536723
191,CCCC(CC(=O)O)(CC(=O)O)c1ccccc1,3.88,CCCC(CC(=O)O)(CC(=O)O)c1ccccc1,250.294,2.6739,74.6,2,2,7,1,0.428571,0,0,2,0,2,0,4,2,0,,5,3.988918402961676,-0.1089184029616761
192,CCCC(CC(=O)O)CC(=O)O,4.32,CCCC(CC(=O)O)CC(=O)O,174.196,1.3521,74.6,2,2,6,0,0.75,0,0,2,0,2,0,4,2,0,,4,4.055030818144044,0.26496918185595586
193,CCCC(CCC)(C(=O)O)C(=O)O,1.9433333333333331,CCCC(CCC)(C(=O)O)C(=O)O,188.223,1.7422,74.6,2,2,6,0,0.777778,0,0,2,0,2,0,4,2,0,,5,3.4113759958527274,-1.4680426625193943
194,CCCC(CCC)(CC(=O)O)CC(=O)O,3.65,CCCC(CCC)(CC(=O)O)CC(=O)O,216.277,2.5224,74.6,2,2,8,0,0.818182,0,0,2,0,2,0,4,2,0,,2,3.619808313151839,0.03019168684816087
195,CCCC(O)C(=O)O,3.59,CCCC(O)C(=O)O,118.132,0.232,57.53,2,2,3,0,0.8,0,0,1,0,1,0,2,1,0,,2,9.49130085655087,-5.90130085655087
196,CCCCC#CC#CC(=O)O,1.89,CCCCC#CC#CC(=O)O,150.177,1.268,37.3,1,1,2,0,0.444444,0,0,1,0,1,0,2,1,0,,4,3.424265598159569,-1.5342655981595692
197,CCCCC#CC(=O)O,2.6,CCCCC#CC(=O)O,126.155,1.2646,37.3,1,1,2,0,0.571429,0,0,1,0,1,0,2,1,0,,3,3.9392088798262974,-1.3392088798262973
198,CCCCC(=O)O,4.8,CCCCC(=O)O,102.133,1.2612,37.3,1,1,3,0,0.8,0,0,1,0,1,0,2,1,0,,2,5.232398821503343,-0.43239882150334275
199,CCCCC(CC)(C(=O)O)C(=O)O,2.15,CCCCC(CC)(C(=O)O)C(=O)O,188.223,1.7422,74.6,2,2,6,0,0.777778,0,0,2,0,2,0,4,2,0,,4,3.745444411654315,-1.5954444116543152
200,CCCCC(CCCC)(C(=O)O)C(=O)O,2.175,CCCCC(CCCC)(C(=O)O)C(=O)O,216.277,2.5224,74.6,2,2,8,0,0.818182,0,0,2,0,2,0,4,2,0,,1,3.7502548606736172,-1.5752548606736174
201,CCCCCC(=O)O,4.8,CCCCCC(=O)O,116.16,1.6513,37.3,1,1,4,0,0.833333,0,0,1,0,1,0,2,1,0,,1,4.979665527040991,-0.17966552704099126
202,CCCCCC=CCC=CCCCCCCCC(=O)O,4.77,CCCCCC=CCC=CCCCCCCCC(=O)O,280.452,5.8845,37.3,1,1,14,0,0.722222,0,0,1,0,1,0,2,1,0,,5,3.4564377400044943,1.3135622599955052
203,CCCCCCC(=O)O,4.8,CCCCCCC(=O)O,130.187,2.0414,37.3,1,1,5,0,0.857143,0,0,1,0,1,0,2,1,0,,5,4.951462308414611,-0.1514623084146116
204,CCCCCCCC(=O)OC(CC(=O)O)C[N+](C)(C)C.[Cl-],3.6,CCCCCCCC(=O)OC(CC(=O)O)C[N+](C)(C)C.[Cl-],323.861,-0.5564,63.6,3,1,11,0,0.866667,0,0,1,0,1,0,2,1,0,,4,3.3512699555833594,0.2487300444166407
205,CCCCCCCCCC(=O)OC(CC(=O)O)C[N+](C)(C)C.[Cl-],3.65,CCCCCCCCCC(=O)OC(CC(=O)O)C[N+](C)(C)C.[Cl-],351.915,0.2238,63.6,3,1,13,0,0.882353,0,0,1,0,1,0,2,1,0,,3,2.569243111807457,1.0807568881925431
206,CCCCCCCCCC[N+](C)(C)C(C)C(=O)O.[Br-],1.75,CCCCCCCCCC[N+](C)(C)C(C)C(=O)O.[Br-],338.33,0.6806,37.3,1,1,11,0,0.933333,0,0,1,0,1,0,2,1,0,,2,3.4985260673366625,-1.7485260673366625
207,CCCCCCSCC(=O)O,3.758,CCCCCCSCC(=O)O,176.281,2.3845,37.3,2,1,7,0,0.875,0,0,1,0,1,0,2,1,0,,5,3.782947267551967,-0.024947267551966856
208,CCCCCSCC(=O)O,3.753,CCCCCSCC(=O)O,162.254,1.9944,37.3,2,1,6,0,0.857143,0,0,1,0,1,0,2,1,0,,5,4.207956365375834,-0.4549563653758337
209,CCCCNCC(=O)O,10.16,CCCCNCC(=O)O,131.175,0.4607,49.33,2,2,5,0,0.833333,0,0,1,0,1,0,2,1,0,,4,9.301791872988982,0.858208127011018
210,CCCCOP(=O)(CC(=O)O)OCCCC,3.58,CCCCOP(=O)(CC(=O)O)OCCCC,252.247,2.8975,72.83,4,1,10,0,0.9,0,0,1,0,1,0,2,1,0,,1,4.906261987536799,-1.3262619875367987
211,CCCCP(=O)(CCCC)C(C)(O)C(=O)O,2.94,CCCCP(=O)(CCCC)C(C)(O)C(=O)O,250.275,2.7428,74.6,3,2,8,0,0.909091,0,0,1,0,1,0,2,1,0,,1,6.190614477907076,-3.250614477907076
212,CCCCSCC(=O)O,3.739,CCCCSCC(=O)O,148.227,1.6043,37.3,2,1,5,0,0.833333,0,0,1,0,1,0,2,1,0,,1,4.19902200431817,-0.4600220043181702
213,CCCC[C@H](N)C(=O)O,9.844333333333331,CCCC[C@H](N)C(=O)O,131.175,0.5885,63.32,2,2,4,0,0.833333,0,0,1,0,1,0,2,1,0,,2,9.721866573266016,0.12246676006731505
214,CCCC[P+](CCCC)(CCCC)CC(=O)O.[Cl-],2.34,CCCC[P+](CCCC)(CCCC)CC(=O)O.[Cl-],296.819,1.4929,37.3,1,1,11,0,0.928571,0,0,1,0,1,0,2,1,0,,2,3.590906092420051,-1.2509060924200512
215,CCCCc1ccc(C(O)C(=O)O)cc1,3.58,CCCCc1ccc(C(O)C(=O)O)cc1,208.257,2.1472,57.53,2,2,5,1,0.416667,0,0,1,0,1,0,2,1,0,,1,5.211284201595049,-1.631284201595049
216,CCCN(CC(=O)O)CC(=O)O,2.44,CCCN(CC(=O)O)CC(=O)O,175.184,-0.1324,77.84,3,2,6,0,0.714286,0,0,2,0,2,0,4,2,0,,5,4.225656539380191,-1.785656539380191
217,CCCNCC(=O)O,10.11,CCCNCC(=O)O,117.148,0.0706,49.33,2,2,4,0,0.8,0,0,1,0,1,0,2,1,0,,1,10.430337612848833,-0.32033761284883333
218,CCCN[C@@H](C)C(=O)O,10.19,CCCN[C@@H](C)C(=O)O,131.175,0.4591,49.33,2,2,4,0,0.833333,0,0,1,0,1,0,2,1,0,,5,9.421854366905386,0.7681456330946137
219,CCCSCC(=O)O,3.729,CCCSCC(=O)O,134.2,1.2142,37.3,2,1,4,0,0.8,0,0,1,0,1,0,2,1,0,,5,4.6229581453710775,-0.8939581453710774
220,CCC[C@H](N)C(=O)O,9.819,CCC[C@H](N)C(=O)O,117.148,0.1984,63.32,2,2,3,0,0.8,0,0,1,0,1,0,2,1,0,,1,10.065020876150662,-0.24602087615066104
221,CCN(CC)CC(=O)O,10.483333333333334,CCN(CC)CC(=O)O,131.175,0.4128,40.54,2,1,4,0,0.833333,0,0,1,0,1,0,2,1,0,,4,5.0724601891184635,5.410873144214871
222,CCNCC(=O)O,10.165,CCNCC(=O)O,103.121,-0.3195,49.33,2,2,3,0,0.75,0,0,1,0,1,0,2,1,0,,2,9.698988158958649,0.4660118410413503
223,CCN[C@@H](C)C(=O)O,10.22,CCN[C@@H](C)C(=O)O,117.148,0.069,49.33,2,2,3,0,0.8,0,0,1,0,1,0,2,1,0,,2,9.346477020650237,0.8735229793497634
224,CCOC(=O)C(C)(C)C(=O)O,3.49,CCOC(=O)C(C)(C)C(=O)O,160.169,0.6603,63.6,3,1,3,0,0.714286,0,0,1,0,1,0,2,1,0,,3,3.964264251372621,-0.47426425137262074
225,CCOC(=O)C(C)SC(C)C(=O)O,3.76,CCOC(=O)C(C)SC(C)C(=O)O,206.263,1.1443,63.6,4,1,5,0,0.75,0,0,1,0,1,0,2,1,0,,3,3.877701209360226,-0.11770120936022632
226,CCOC(=O)C(C)SCC(=O)O,3.77,CCOC(=O)C(C)SCC(=O)O,192.236,0.7558,63.6,4,1,5,0,0.714286,0,0,1,0,1,0,2,1,0,,4,3.809401153825876,-0.039401153825875834
227,CCOC(=O)C(CC)(C(=O)O)C(C)C,4.07,CCOC(=O)C(CC)(C(=O)O)C(C)C,202.25,1.6865,63.6,3,1,5,0,0.8,0,0,1,0,1,0,2,1,0,,4,4.336840028787195,-0.26684002878719504
228,CCOC(=O)C(CC)(CC)C(=O)O,3.790000000000001,CCOC(=O)C(CC)(CC)C(=O)O,188.223,1.4405,63.6,3,1,5,0,0.777778,0,0,1,0,1,0,2,1,0,,4,4.25060391942056,-0.4606039194205591
229,CCOC(=O)C(CC)C(=O)O,3.665,CCOC(=O)C(CC)C(=O)O,160.169,0.6603,63.6,3,1,4,0,0.714286,0,0,1,0,1,0,2,1,0,,2,4.6070600937469335,-0.9420600937469334
230,CCOC(=O)CC(=O)O,3.533333333333333,CCOC(=O)CC(=O)O,132.115,0.0242,63.6,3,1,3,0,0.6,0,0,1,0,1,0,2,1,0,,2,4.500367315456131,-0.967033982122798
231,CCOC(=O)CC[C@H](N)C(=O)O,9.19,CCOC(=O)CC[C@H](N)C(=O)O,175.184,-0.2584,89.62,4,2,5,0,0.714286,0,0,1,0,1,0,2,1,0,,4,7.055060667737917,2.134939332262083
232,CCOC(=O)CNc1ccc(C(=O)O)cc1,4.88,CCOC(=O)CNc1ccc(C(=O)O)cc1,223.228,1.3598,75.63,4,2,5,1,0.272727,0,0,1,0,1,0,2,1,0,,5,5.586868713602804,-0.7068687136028045
233,CCOC(=O)CNc1cccc(C(=O)O)c1,4.3,CCOC(=O)CNc1cccc(C(=O)O)c1,223.228,1.3598,75.63,4,2,5,1,0.272727,0,0,1,0,1,0,2,1,0,,1,4.980207438993345,-0.680207438993345
234,CCOC(=O)CSC(C)(C)C(=O)O,4.59,CCOC(=O)CSC(C)(C)C(=O)O,206.263,1.1459,63.6,4,1,5,0,0.75,0,0,1,0,1,0,2,1,0,,4,3.960184452753855,0.6298155472461451
235,CCOC(=O)CSC(C)C(=O)O,3.71,CCOC(=O)CSC(C)C(=O)O,192.236,0.7558,63.6,4,1,5,0,0.714286,0,0,1,0,1,0,2,1,0,,4,3.809401153825876,-0.09940115382587589
236,CCOC(=O)CSCC(=O)O,3.66,CCOC(=O)CSCC(=O)O,178.209,0.3673,63.6,4,1,5,0,0.666667,0,0,1,0,1,0,2,1,0,,2,4.209701523326451,-0.5497015233264513
237,CCOC(=O)[C@@H](N)CCC(=O)O,7.838,CCOC(=O)[C@@H](N)CCC(=O)O,175.184,-0.2584,89.62,4,2,5,0,0.714286,0,0,1,0,1,0,2,1,0,,2,7.394411107848827,0.4435888921511735
238,CCOC(=O)c1cc(=O)cc(C(=O)O)o1,1.28,CCOC(=O)c1cc(=O)cc(C(=O)O)o1,212.157,0.5147,93.81,5,1,3,1,0.222222,0,0,1,0,1,0,2,1,0,,3,3.462970234363689,-2.1829702343636885
239,CCOC(=S)SCC(=O)O,3.08,CCOC(=S)SCC(=O)O,180.25,1.1256,46.53,4,1,3,0,0.6,0,0,1,0,1,0,2,1,0,,1,2.822117382997032,0.2578826170029682
240,CCOCC(=O)O,3.84,CCOCC(=O)O,104.105,0.1075,46.53,2,1,3,0,0.75,0,0,1,0,1,0,2,1,0,,2,5.878636491315391,-2.0386364913153914
241,CCOP(=O)(CC(=O)O)OCC,3.3,CCOP(=O)(CC(=O)O)OCC,196.139,1.3371,72.83,4,1,6,0,0.833333,0,0,1,0,1,0,2,1,0,,2,4.402364187942952,-1.1023641879429524
242,CCOP(=O)(OCC)c1ccc(C(=O)O)cc1,3.63,CCOP(=O)(OCC)c1ccc(C(=O)O)cc1,258.21,2.2762,72.83,4,1,6,1,0.363636,0,0,1,0,1,0,2,1,0,,5,5.524608413136362,-1.8946084131363623
243,CCOP(=O)(OCC)c1cccc(C(=O)O)c1,3.73,CCOP(=O)(OCC)c1cccc(C(=O)O)c1,258.21,2.2762,72.83,4,1,6,1,0.363636,0,0,1,0,1,0,2,1,0,,5,5.524608413136362,-1.7946084131363622
244,CCOc1ccc(C(=O)O)c(C(=O)O)c1,2.74,CCOc1ccc(C(=O)O)c(C(=O)O)c1,210.185,1.4817,83.83,3,2,4,1,0.2,0,0,2,0,2,0,4,2,0,,5,2.7237206944702717,0.01627930552972856
245,CCOc1ccc(C(=O)O)c(O)c1,3.2,CCOc1ccc(C(=O)O)c(O)c1,182.175,1.4891,66.76,3,2,3,1,0.222222,0,0,1,0,1,0,2,1,0,,5,4.429696377081227,-1.2296963770812273
246,CCOc1nc(NCC(=O)O)c(N)c(C(=O)O)n1,7.33,CCOc1nc(NCC(=O)O)c(N)c(C(=O)O)n1,256.218,-0.3478,147.66,7,4,6,1,0.333333,0,0,2,0,2,0,4,2,0,,2,7.227667916376485,0.10233208362351487
247,CCOc1nc2c(c(C(=O)O)n1)N=C(O)CN2,5.31,CCOc1nc2c(c(C(=O)O)n1)N=C(O)CN2,238.203,0.587,116.93,6,3,3,1,0.333333,0,0,1,0,1,0,2,1,0,,3,6.9134499720641935,-1.603449972064194
248,CCSC(=S)SCC(=O)O,2.9400000000000004,CCSC(=S)SCC(=O)O,196.318,1.8422,37.3,4,1,3,0,0.6,0,0,1,0,1,0,2,1,0,,4,3.5342201570719687,-0.5942201570719683
249,CCSCC(=O)O,3.911000000000001,CCSCC(=O)O,120.173,0.8241,37.3,2,1,3,0,0.75,0,0,1,0,1,0,2,1,0,,1,4.321859900678741,-0.41085990067874034
250,CCSCCC(N)C(=O)O,9.02,CCSCCC(N)C(=O)O,163.242,0.5415,63.32,3,2,5,0,0.833333,0,0,1,0,1,0,2,1,0,,3,9.355316741217589,-0.33531674121758925
251,CCSc1nc(=O)c(C(=O)O)c[nH]1,6.01,CCSc1nc(=O)c(C(=O)O)c[nH]1,200.219,0.5801,83.05,4,2,3,1,0.285714,0,0,1,0,1,0,2,1,0,,2,4.8214265985116525,1.1885734014883473
252,CC[C@H](C)[C@H](N)C(=O)O,9.74575,CC[C@H](C)[C@H](N)C(=O)O,131.175,0.4444,63.32,2,2,3,0,0.833333,0,0,1,0,1,0,2,1,0,,2,9.347756526782437,0.3979934732175625
253,CC[C@H](C)[C@H](NC(=O)CN)C(=O)O,8.0,CC[C@H](C)[C@H](NC(=O)CN)C(=O)O,188.227,-0.4394,92.42,3,3,5,0,0.75,0,0,1,0,1,0,2,1,0,,5,8.930611955216321,-0.930611955216321
254,CCc1ccc(C(=O)O)s1,3.7,CCc1ccc(C(=O)O)s1,156.206,2.0087,37.3,2,1,2,1,0.285714,0,0,1,0,1,0,2,1,0,,5,3.96822350186403,-0.26822350186402977
255,CCc1ccc(C(O)C(=O)O)cc1,3.55,CCc1ccc(C(O)C(=O)O)cc1,180.203,1.367,57.53,2,2,3,1,0.3,0,0,1,0,1,0,2,1,0,,4,5.374848520211911,-1.8248485202119111
256,CN(C)C(=O)OCC(=O)O,3.01,CN(C)C(=O)OCC(=O)O,147.13,-0.2308,66.84,3,1,2,0,0.6,0,0,1,0,1,0,2,1,0,,1,3.4928922850747197,-0.48289228507471993
257,CN(C)C(=O)SCC(=O)O,3.52,CN(C)C(=O)SCC(=O)O,163.198,0.4858,57.61,3,1,2,0,0.6,0,0,1,0,1,0,2,1,0,,4,3.2143620446844103,0.3056379553155897
258,CN(C)C(=S)NCC(=O)O,3.71,CN(C)C(=S)NCC(=O)O,162.214,-0.4929,52.57,2,2,2,0,0.6,0,0,1,0,1,0,2,1,0,,1,6.674145731477918,-2.9641457314779176
259,CN(C)C(=S)OCC(=O)O,2.87,CN(C)C(=S)OCC(=O)O,163.198,-0.0659,49.77,3,1,2,0,0.6,0,0,1,0,1,0,2,1,0,,3,4.172524422805424,-1.3025244228054236
260,CN(C)C(=S)SCC(=O)O,3.35,CN(C)C(=S)SCC(=O)O,179.266,0.6507,40.54,3,1,2,0,0.6,0,0,1,0,1,0,2,1,0,,4,2.784876044983992,0.5651239550160079
261,CN(C)C12CCC(C(=O)O)(CC1)C2,3.716,CN(C)C12CCC(C(=O)O)(CC1)C2,183.251,1.3355,40.54,2,1,2,0,0.9,0,0,1,0,1,0,2,1,0,,2,4.379621332341502,-0.6636213323415019
262,CN(C)C12CCC(C(=O)O)(CC1)CC2,4.083,CN(C)C12CCC(C(=O)O)(CC1)CC2,197.278,1.7256,40.54,2,1,2,0,0.909091,0,0,1,0,1,0,2,1,0,,1,5.084556702924617,-1.001556702924617
263,CN(C)CC(=O)NCC(=O)O,8.09,CN(C)CC(=O)NCC(=O)O,160.173,-1.2512,69.64,3,2,4,0,0.666667,0,0,1,0,1,0,2,1,0,,1,8.354129554231653,-0.2641295542316531
264,CN(C)CC(=O)O,9.848,CN(C)CC(=O)O,103.121,-0.3674,40.54,2,1,2,0,0.75,0,0,1,0,1,0,2,1,0,,4,5.027215985742593,4.820784014257407
265,CN(C)CC(O)CC(=O)O,3.81,CN(C)CC(O)CC(=O)O,147.174,-0.6164,60.77,3,2,4,0,0.833333,0,0,1,0,1,0,2,1,0,,3,10.316749234109675,-6.506749234109675
266,CN(C)CCC(=O)O,9.85,CN(C)CCC(=O)O,117.148,0.0227,40.54,2,1,3,0,0.8,0,0,1,0,1,0,2,1,0,,3,5.571367937917433,4.278632062082567
267,CN(C)c1ccc(/N=N/c2ccccc2C(=O)O)cc1,4.82,CN(C)c1ccc(/N=N/c2ccccc2C(=O)O)cc1,269.304,3.8662,65.26,4,1,4,2,0.133333,0,0,1,0,1,0,2,1,0,,1,3.9796896909008592,0.8403103090991411
268,CN(C)c1ccc(C(=O)O)cc1,5.03,CN(C)c1ccc(C(=O)O)cc1,165.192,1.4508,40.54,2,1,2,1,0.222222,0,0,1,0,1,0,2,1,0,,2,3.7575751266409307,1.2724248733590695
269,CN(C)c1cccc(C(=O)O)c1,5.1,CN(C)c1cccc(C(=O)O)c1,165.192,1.4508,40.54,2,1,2,1,0.222222,0,0,1,0,1,0,2,1,0,,4,3.695295958441675,1.4047040415583245
270,CN(C)c1ccccc1C(=O)O,8.5,CN(C)c1ccccc1C(=O)O,165.192,1.4508,40.54,2,1,2,1,0.222222,0,0,1,0,1,0,2,1,0,,3,3.813570261237876,4.686429738762124
271,CN(C)c1nc(NCC(=O)O)c(N)c(C(=O)O)n1,9.81,CN(C)c1nc(NCC(=O)O)c(N)c(C(=O)O)n1,255.234,-0.6805,141.67,7,4,5,1,0.333333,0,0,2,0,2,0,4,2,0,,5,6.275852985136466,3.5341470148635343
272,CN(C)c1nc2c(c(C(=O)O)n1)N=C(O)CN2,7.31,CN(C)c1nc2c(c(C(=O)O)n1)N=C(O)CN2,237.219,0.2543,110.94,6,3,2,1,0.333333,0,0,1,0,1,0,2,1,0,,5,5.139043839310079,2.1709561606899204
273,CN(CC(=O)O)C(=O)CN,8.666666666666666,CN(CC(=O)O)C(=O)CN,146.146,-1.5119,83.63,3,2,3,0,0.6,0,0,1,0,1,0,2,1,0,,3,7.798365618340563,0.8683010483261029
274,CN(CC(=O)O)C(=O)CNC(=O)CN,8.4,CN(CC(=O)O)C(=O)CNC(=O)CN,203.198,-2.3957,112.73,4,3,5,0,0.571429,0,0,1,0,1,0,2,1,0,,3,6.2174713012921465,2.182528698707854
275,CN(CC(=O)O)C1CCCCC1,10.71,CN(CC(=O)O)C1CCCCC1,171.24,1.3355,40.54,2,1,3,0,0.888889,0,0,1,0,1,0,2,1,0,,5,4.765754210156446,5.944245789843555
276,CN1C2CCC1[C@H](C(=O)O)[C@@H](O)C2,9.7,CN1C2CCC1[C@H](C(=O)O)[C@@H](O)C2,185.223,-0.0854,60.77,3,2,1,0,0.888889,0,0,1,0,1,0,2,1,0,,2,6.506617875249894,3.193382124750105
277,CN1CCC=C(C(=O)O)C1,9.07,CN1CCC=C(C(=O)O)C1,141.17,0.3329,40.54,2,1,1,0,0.571429,0,0,1,0,1,0,2,1,0,,2,2.7940134582476497,6.275986541752351
278,CN1[C@H]2CC[C@@H]1[C@@H](C(=O)O)[C@@H](O)C2,11.03,CN1[C@H]2CC[C@@H]1[C@@H](C(=O)O)[C@@H](O)C2,185.223,-0.0854,60.77,3,2,1,0,0.888889,0,0,1,0,1,0,2,1,0,,5,6.68388455137218,4.3461154486278195
279,CN1[C@H]2CC[C@@H]1[C@@H](C(=O)O)[C@@H](OC(=O)c1ccccc1)C2,11.8,CN1[C@H]2CC[C@@H]1[C@@H](C(=O)O)[C@@H](OC(=O)c1ccccc1)C2,289.331,1.7793,66.84,4,1,3,1,0.5,0,0,1,0,1,0,2,1,0,,2,4.522417456107147,7.277582543892854
280,CNCC(=O)O,10.058333333333332,CNCC(=O)O,89.094,-0.7096,49.33,2,2,2,0,0.666667,0,0,1,0,1,0,2,1,0,,3,9.760042924550433,0.2982904087828988
281,CN[C@@H](C)C(=O)O,10.19,CN[C@@H](C)C(=O)O,103.121,-0.3211,49.33,2,2,2,0,0.75,0,0,1,0,1,0,2,1,0,,4,9.073419267343727,1.1165807326562724
282,CNc1ccc(C(=O)O)cc1,5.04,CNc1ccc(C(=O)O)cc1,151.165,1.4265,49.33,2,2,2,1,0.125,0,0,1,0,1,0,2,1,0,,2,4.07202434963803,0.9679756503619696
283,CNc1cccc(C(=O)O)c1,5.1,CNc1cccc(C(=O)O)c1,151.165,1.4265,49.33,2,2,2,1,0.125,0,0,1,0,1,0,2,1,0,,2,4.07202434963803,1.0279756503619693
284,CNc1ccccc1C(=O)O,5.34,CNc1ccccc1C(=O)O,151.165,1.4265,49.33,2,2,2,1,0.125,0,0,1,0,1,0,2,1,0,,4,4.394883081167769,0.9451169188322313
285,CO/C=C/C(=O)O,4.85,CO/C=C/C(=O)O,102.089,0.2311,46.53,2,1,2,0,0.25,0,0,1,0,1,0,2,1,0,,4,3.485694838815725,1.3643051611842747
286,COC(=O)C(C(C(=O)O)C(C)(C)C)C(C)(C)C,5.57,COC(=O)C(C(C(=O)O)C(C)(C)C)C(C)(C)C,244.331,2.5686,63.6,3,1,3,0,0.846154,0,0,1,0,1,0,2,1,0,,3,4.44615998998831,1.1238400100116905
287,COC(=O)C(C)(C)C(C)(C)C(=O)O,5.23,COC(=O)C(C)(C)C(C)(C)C(=O)O,188.223,1.2964,63.6,3,1,3,0,0.777778,0,0,1,0,1,0,2,1,0,,3,4.170323457744205,1.0596765422557954
288,COC(=O)C12CCC(C(=O)O)(CC1)C2,4.494,COC(=O)C12CCC(C(=O)O)(CC1)C2,198.218,1.1945,63.6,3,1,2,0,0.8,0,0,1,0,1,0,2,1,0,,1,4.682091615819132,-0.18809161581913258
289,COC(=O)C1=C(C(=O)O)C2C=CC1C2,3.02,COC(=O)C1=C(C(=O)O)C2C=CC1C2,194.186,0.7465,63.6,3,1,2,0,0.4,0,0,1,0,1,0,2,1,0,,3,2.782599628217291,0.23740037178270912
290,COC(=O)C1=C(C(=O)O)C2CCC1C2,3.19,COC(=O)C1=C(C(=O)O)C2CCC1C2,196.202,0.9705,63.6,3,1,2,0,0.6,0,0,1,0,1,0,2,1,0,,5,3.1467305484544634,0.04326945154553652
291,COC(=O)C1=C(C(=O)O)CC1,3.19,COC(=O)C1=C(C(=O)O)CC1,156.137,0.3344,63.6,3,1,2,0,0.428571,0,0,1,0,1,0,2,1,0,,1,2.2252267461159367,0.9647732538840632
292,COC(=O)C1=C(C(=O)O)CCC1,2.94,COC(=O)C1=C(C(=O)O)CCC1,170.164,0.7245,63.6,3,1,2,0,0.5,0,0,1,0,1,0,2,1,0,,1,2.4282010088981614,0.5117989911018386
293,COC(=O)C1C(C(=O)O)C1(c1ccccc1)c1ccccc1,5.17,COC(=O)C1C(C(=O)O)C1(c1ccccc1)c1ccccc1,296.322,2.4763,63.6,3,1,4,2,0.222222,0,0,1,0,1,0,2,1,0,,2,3.964876385015743,1.2051236149842568
294,COC(=O)C[C@H](N)C(=O)O,8.62,COC(=O)C[C@H](N)C(=O)O,147.13,-1.0386,89.62,4,2,3,0,0.6,0,0,1,0,1,0,2,1,0,,1,6.451422625341497,2.1685773746585024
295,COC(=O)[C@@H]1CC[C@H](CC1)C(=O)O,4.66,COC(=O)[C@H]1CC[C@H](C(=O)O)CC1,186.207,1.0504,63.6,3,1,2,0,0.777778,0,0,1,0,1,0,2,1,0,,4,4.209950738146554,0.4500492618534464
296,COC(=O)c1ccc(C(=O)O)nc1,3.62,COC(=O)c1ccc(C(=O)O)nc1,181.147,0.5664,76.49,4,1,2,1,0.125,0,0,1,0,1,0,2,1,0,,1,2.6632403453344926,0.9567596546655075
297,COC(=O)c1cccc(C(=O)O)n1,2.65,COC(=O)c1cccc(C(=O)O)n1,181.147,0.5664,76.49,4,1,2,1,0.125,0,0,1,0,1,0,2,1,0,,5,2.8584727750488614,-0.20847277504886152
298,COC(=O)c1ccnc(C(=O)O)c1,3.71,COC(=O)c1ccnc(C(=O)O)c1,181.147,0.5664,76.49,4,1,2,1,0.125,0,0,1,0,1,0,2,1,0,,1,2.6632403453344926,1.0467596546655074
299,COC(=O)c1cocc1C(=O)O,3.75,COC(=O)c1cocc1C(=O)O,170.12,0.7644,76.74,4,1,2,1,0.142857,0,0,1,0,1,0,2,1,0,,4,3.0280452865709724,0.7219547134290276
300,COC1=C(C=CC(=C1)OC)/C=C/C(=O)O,4.8,COc1ccc(/C=C/C(=O)O)c(OC)c1,208.213,1.8016,55.76,3,1,4,1,0.181818,0,0,1,0,1,0,2,1,0,,1,3.2334612036814088,1.566538796318591
301,COC1=C(C=CC=C1OC)/C=C/C(=O)O,4.37,COc1cccc(/C=C/C(=O)O)c1OC,208.213,1.8016,55.76,3,1,4,1,0.181818,0,0,1,0,1,0,2,1,0,,1,3.2334612036814088,1.1365387963185913
302,COC=1C=C(C=C(C1)OC)/C=C/C(=O)O,4.36,COc1cc(/C=C/C(=O)O)cc(OC)c1,208.213,1.8016,55.76,3,1,4,1,0.181818,0,0,1,0,1,0,2,1,0,,2,3.399412497638001,0.9605875023619994
303,COC=1C=C(C=CC1OC)/C=C/C(=O)O,4.53,COc1ccc(/C=C/C(=O)O)cc1OC,208.213,1.8016,55.76,3,1,4,1,0.181818,0,0,1,0,1,0,2,1,0,,4,3.3703124798949102,1.15968752010509
304,COCC(=O)O,3.513333333333333,COCC(=O)O,90.078,-0.2826,46.53,2,1,2,0,0.666667,0,0,1,0,1,0,2,1,0,,2,5.323579751578406,-1.810246418245073
305,COCCN(CCOC)CC(=O)O,8.3,COCCN(CCOC)CC(=O)O,191.227,-0.3342,59.0,4,1,8,0,0.875,0,0,1,0,1,0,2,1,0,,4,4.290517876019564,4.009482123980437
306,COP(=O)(OC)c1ccc(C(=O)O)cc1,3.61,COP(=O)(OC)c1ccc(C(=O)O)cc1,230.156,1.496,72.83,4,1,4,1,0.222222,0,0,1,0,1,0,2,1,0,,3,3.4436599253141558,0.1663400746858441
307,COP(=O)(OC)c1cccc(C(=O)O)c1,3.74,COP(=O)(OC)c1cccc(C(=O)O)c1,230.156,1.496,72.83,4,1,4,1,0.222222,0,0,1,0,1,0,2,1,0,,2,3.2223005403349188,0.5176994596650815
308,CO[C@@H](C)[C@H](N)C(=O)O,8.9,CO[C@@H](C)[C@H](N)C(=O)O,133.147,-0.5668,72.55,3,2,3,0,0.8,0,0,1,0,1,0,2,1,0,,1,9.468375577682043,-0.5683755776820423
309,CO[C@@H]1CC[C@H](CC1)C(=O)O,4.66,CO[C@H]1CC[C@H](C(=O)O)CC1,158.197,1.2762,46.53,2,1,2,0,0.875,0,0,1,0,1,0,2,1,0,,1,5.045130597292794,-0.3851305972927941
310,COc1cc(/C=C/C(=O)O)ccc1O,4.55,COc1cc(/C=C/C(=O)O)ccc1O,194.186,1.4986,66.76,3,2,3,1,0.1,0,0,1,0,1,0,2,1,0,,5,3.698157885611418,0.8518421143885817
311,COc1cc(C(=O)O)cc(OC)c1O,4.34,COc1cc(C(=O)O)cc(OC)c1O,198.174,1.1076,75.99,4,2,3,1,0.222222,0,0,1,0,1,0,2,1,0,,1,4.183744091274173,0.15625590872582684
312,COc1cc(C(=O)O)cc(OC)c1OC,4.166666666666667,COc1cc(C(=O)O)cc(OC)c1OC,212.201,1.4106,64.99,4,1,4,1,0.3,0,0,1,0,1,0,2,1,0,,1,3.5495882270594303,0.6170784396072366
313,COc1cc(C(=O)O)cc([N+](=O)[O-])c1O,4.12,COc1cc(C(=O)O)cc([N+](=O)[O-])c1O,213.145,1.0072,109.9,5,2,3,1,0.125,0,0,1,0,1,0,2,1,0,,2,3.009621538632153,1.110378461367847
314,COc1cc(C(=O)O)ccc1O,4.49,COc1cc(C(=O)O)ccc1O,168.148,1.099,66.76,3,2,2,1,0.125,0,0,1,0,1,0,2,1,0,,1,3.762698868696043,0.7273011313039572
315,COc1cc(CC(=O)O)ccc1O,4.41,COc1cc(CC(=O)O)ccc1O,182.175,1.0279,66.76,3,2,3,1,0.222222,0,0,1,0,1,0,2,1,0,,5,4.6878983815247315,-0.27789838152473134
316,COc1cc(OC)cc(C(=O)O)c1,3.97,COc1cc(OC)cc(C(=O)O)c1,182.175,1.402,55.76,3,1,3,1,0.222222,0,0,1,0,1,0,2,1,0,,1,3.463871873851871,0.5061281261481292
317,COc1cc([N+](=O)[O-])cc(C(=O)O)c1O,2.58,COc1cc([N+](=O)[O-])cc(C(=O)O)c1O,213.145,1.0072,109.9,5,2,3,1,0.125,0,0,1,0,1,0,2,1,0,,5,2.960173243730286,-0.3801732437302858
318,COc1cc2ccccc2cc1C(=O)O,3.8,COc1cc2ccccc2cc1C(=O)O,202.209,2.5466,46.53,2,1,2,2,0.083333,0,0,1,0,1,0,2,1,0,,2,3.7595661544690757,0.040433845530924106
319,COc1ccc(C(=O)O)c(C(=O)O)c1,2.67,COc1ccc(C(=O)O)c(C(=O)O)c1,196.158,1.0916,83.83,3,2,3,1,0.111111,0,0,2,0,2,0,4,2,0,,4,2.371399888596511,0.2986001114034891
320,COc1ccc(C(=O)O)c(N)c1,4.88,COc1ccc(C(=O)O)c(N)c1,167.164,0.9756,72.55,3,2,2,1,0.125,0,0,1,0,1,0,2,1,0,,1,3.871448441654739,1.008551558345261
321,COc1ccc(C(=O)O)c(O)c1,3.31,COc1ccc(C(=O)O)c(O)c1,168.148,1.099,66.76,3,2,2,1,0.125,0,0,1,0,1,0,2,1,0,,2,3.7915356950581227,-0.48153569505812266
322,COc1ccc(C(=O)O)c(OC)c1,4.36,COc1ccc(C(=O)O)c(OC)c1,182.175,1.402,55.76,3,1,3,1,0.222222,0,0,1,0,1,0,2,1,0,,3,3.558144348181499,0.8018556518185012
323,COc1ccc(C(=O)O)c2ccccc12,4.31,COc1ccc(C(=O)O)c2ccccc12,202.209,2.5466,46.53,2,1,2,2,0.083333,0,0,1,0,1,0,2,1,0,,2,3.7595661544690757,0.5504338455309239
324,COc1ccc(C(=O)O)cc1,4.2783750000000005,COc1ccc(C(=O)O)cc1,152.149,1.3934,46.53,2,1,2,1,0.125,0,0,1,0,1,0,2,1,0,,4,3.9191746159310465,0.35920038406895394
325,COc1ccc(C(=O)O)cc1O,4.47,COc1ccc(C(=O)O)cc1O,168.148,1.099,66.76,3,2,2,1,0.125,0,0,1,0,1,0,2,1,0,,1,3.762698868696043,0.7073011313039568
326,COc1ccc(C(=O)O)cc1OC,4.395,COc1ccc(C(=O)O)cc1OC,182.175,1.402,55.76,3,1,3,1,0.222222,0,0,1,0,1,0,2,1,0,,3,3.558144348181499,0.8368556518185004
327,COc1ccc(C(=O)O)s1,3.8,COc1ccc(C(=O)O)s1,158.178,1.4549,46.53,3,1,2,1,0.166667,0,0,1,0,1,0,2,1,0,,4,3.591813469912818,0.2081865300871817
328,COc1ccc(C(O)C(=O)O)cc1,3.42,COc1ccc(C(O)C(=O)O)cc1,182.175,0.8132,66.76,3,2,3,1,0.222222,0,0,1,0,1,0,2,1,0,,2,4.731957545727464,-1.3119575457274637
329,COc1ccc(C2CC2C(=O)O)cc1,4.62,COc1ccc(C2CC2C(=O)O)cc1,192.214,1.8833,46.53,2,1,3,1,0.363636,0,0,1,0,1,0,2,1,0,,1,3.8495666327818765,0.7704333672181236
330,COc1ccc(C=O)c(C(=O)O)c1OC,3.065,COc1ccc(C=O)c(C(=O)O)c1OC,210.185,1.2145,72.83,4,1,4,1,0.2,0,0,1,0,1,0,2,1,0,,1,3.1083779542441365,-0.043377954244136596
331,COc1ccc(CC(=O)O)cc1,4.07,COc1ccc(CC(=O)O)cc1,166.176,1.3223,46.53,2,1,3,1,0.222222,0,0,1,0,1,0,2,1,0,,3,3.738406048766812,0.33159395123318847
332,COc1ccc(CCC(=O)O)cc1,4.71,COc1ccc(CCC(=O)O)cc1,180.203,1.7124,46.53,2,1,4,1,0.3,0,0,1,0,1,0,2,1,0,,5,3.8459585310790567,0.8640414689209432
333,COc1ccc(C[C@H](N)C(=O)O)cc1,9.31,COc1ccc(C[C@H](N)C(=O)O)cc1,195.218,0.6496,72.55,3,2,4,1,0.3,0,0,1,0,1,0,2,1,0,,2,5.614547764349151,3.6954522356508495
334,COc1ccc(N)c(C(=O)O)c1,5.57,COc1ccc(N)c(C(=O)O)c1,167.164,0.9756,72.55,3,2,2,1,0.125,0,0,1,0,1,0,2,1,0,,1,3.871448441654739,1.6985515583452613
335,COc1ccc(NCC(=O)O)cc1,5.096,COc1ccc(NCC(=O)O)cc1,181.191,1.1917,58.56,3,2,4,1,0.222222,0,0,1,0,1,0,2,1,0,,1,4.670758273573449,0.42524172642655067
336,COc1ccc(O)c(C(=O)O)c1,2.94,COc1ccc(O)c(C(=O)O)c1,168.148,1.099,66.76,3,2,2,1,0.125,0,0,1,0,1,0,2,1,0,,1,3.762698868696043,-0.822698868696043
337,COc1ccc(S(=O)(=O)CC(=O)O)cc1,2.602,COc1ccc(S(=O)(=O)CC(=O)O)cc1,230.241,0.5535,80.67,4,1,4,1,0.222222,0,0,1,0,1,0,2,1,0,,3,3.007887314860536,-0.4058873148605362
338,COc1ccc(S(=O)CC(=O)O)cc1,2.754,COc1ccc(S(=O)CC(=O)O)cc1,214.242,0.8874,63.6,3,1,4,1,0.222222,0,0,1,0,1,0,2,1,0,,3,2.784663207893531,-0.03066320789353094
339,COc1ccc(SCC(=O)O)cc1,3.7,COc1ccc(SCC(=O)O)cc1,198.243,1.8719,46.53,3,1,4,1,0.222222,0,0,1,0,1,0,2,1,0,,5,3.7059723613359656,-0.005972361335965459
340,COc1ccc2c(CC(N)C(=O)O)c[nH]c2c1,16.7,COc1ccc2c(CC(N)C(=O)O)c[nH]c2c1,234.255,1.1309,88.34,3,3,4,2,0.25,0,0,1,0,1,0,2,1,0,,3,11.065954291090069,5.63404570890993
341,COc1cccc(C(=O)O)c1,3.8745,COc1cccc(C(=O)O)c1,152.149,1.3934,46.53,2,1,2,1,0.125,0,0,1,0,1,0,2,1,0,,5,4.045539486335237,-0.1710394863352369
342,COc1cccc(C(=O)O)c1OC,3.98,COc1cccc(C(=O)O)c1OC,182.175,1.402,55.76,3,1,3,1,0.222222,0,0,1,0,1,0,2,1,0,,3,3.558144348181499,0.4218556518185008
343,COc1cccc(NCC(=O)O)c1,4.135,COc1cccc(NCC(=O)O)c1,181.191,1.1917,58.56,3,2,4,1,0.222222,0,0,1,0,1,0,2,1,0,,3,4.55131876508396,-0.41631876508396015
344,COc1cccc(OC)c1C(=O)O,3.44,COc1cccc(OC)c1C(=O)O,182.175,1.402,55.76,3,1,3,1,0.222222,0,0,1,0,1,0,2,1,0,,1,3.463871873851871,-0.02387187385187106
345,COc1cccc(S(=O)(=O)CC(=O)O)c1,2.588,COc1cccc(S(=O)(=O)CC(=O)O)c1,230.241,0.5535,80.67,4,1,4,1,0.222222,0,0,1,0,1,0,2,1,0,,5,3.1862857236505544,-0.5982857236505543
346,COc1cccc(SCC(=O)O)c1,3.546,COc1cccc(SCC(=O)O)c1,198.243,1.8719,46.53,3,1,4,1,0.222222,0,0,1,0,1,0,2,1,0,,1,3.420541855289667,0.12545814471033268
347,COc1ccccc1C(=O)O,3.9,COc1ccccc1C(=O)O,152.149,1.3934,46.53,2,1,2,1,0.125,0,0,1,0,1,0,2,1,0,,5,4.045539486335237,-0.14553948633523683
348,COc1ccccc1C(O)C(=O)O,3.64,COc1ccccc1C(O)C(=O)O,182.175,0.8132,66.76,3,2,3,1,0.222222,0,0,1,0,1,0,2,1,0,,1,4.694574898015638,-1.054574898015638
349,COc1coc(C(=O)O)cc1=O,1.53,COc1coc(C(=O)O)cc1=O,170.12,0.3466,76.74,4,1,2,1,0.142857,0,0,1,0,1,0,2,1,0,,4,3.0208875574414695,-1.4908875574414695
350,CS(=O)(=O)c1ccc(OCC(=O)O)cc1,2.85,CS(=O)(=O)c1ccc(OCC(=O)O)cc1,230.241,0.5535,80.67,4,1,4,1,0.222222,0,0,1,0,1,0,2,1,0,,4,3.1087537260749265,-0.2587537260749264
351,CSC(=S)N(C)CC(=O)O,2.9850000000000003,CSC(=S)N(C)CC(=O)O,179.266,0.6507,40.54,3,1,2,0,0.6,0,0,1,0,1,0,2,1,0,,3,3.447207750644932,-0.4622077506449318
352,CSC(=S)NCC(=O)O,3.19,CSC(=S)NCC(=O)O,165.239,0.3085,49.33,3,2,2,0,0.5,0,0,1,0,1,0,2,1,0,,2,4.358918134097729,-1.1689181340977295
353,CSCC(=O)O,3.655,CSCC(=O)O,106.146,0.434,37.3,2,1,2,0,0.666667,0,0,1,0,1,0,2,1,0,,2,4.177950183712801,-0.5229501837128008
354,CSCCC(NC(=O)CN)C(=O)O,8.51,CSCCC(NC(=O)CN)C(=O)O,206.267,-0.7324,92.42,4,3,6,0,0.714286,0,0,1,0,1,0,2,1,0,,1,9.05650313824905,-0.5465031382490508
355,CSCC[C@H](N)C(=O)O,9.194,CSCC[C@H](N)C(=O)O,149.215,0.1514,63.32,3,2,4,0,0.8,0,0,1,0,1,0,2,1,0,,3,9.26034275191885,-0.06634275191884953
356,CSC[C@H](N)C(=O)O,8.816666666666668,CSC[C@H](N)C(=O)O,135.188,-0.2387,63.32,3,2,3,0,0.75,0,0,1,0,1,0,2,1,0,,3,8.936430974100745,-0.1197643074340764
357,CSC[C@H](NC(=O)CC[C@H](N)C(=O)O)C(=O)NCC(=O)O,9.2,CSC[C@H](NC(=O)CC[C@H](N)C(=O)O)C(=O)NCC(=O)O,321.355,-1.7729,158.82,6,5,10,0,0.636364,0,0,2,0,2,0,4,2,0,,2,6.402635872175616,2.797364127824383
358,CSc1cccc(SCC(=O)O)c1,3.468,CSc1cccc(SCC(=O)O)c1,214.311,2.5852,37.3,3,1,4,1,0.222222,0,0,1,0,1,0,2,1,0,,3,3.9205999102832085,-0.45259991028320856
359,C[C@@H](N)C(=O)N1CCC[C@H]1C(=O)O,8.38,C[C@@H](N)C(=O)N1CCC[C@H]1C(=O)O,186.211,-0.5908,83.63,3,2,2,0,0.75,0,0,1,0,1,0,2,1,0,,1,6.920220612867176,1.4597793871328246
360,C[C@@H](O)[C@H](N)C(=O)O,9.05,C[C@@H](O)[C@H](N)C(=O)O,119.12,-1.2209,83.55,3,3,2,0,0.75,0,0,1,0,1,0,2,1,0,,4,9.427448109176401,-0.3774481091764006
361,C[C@@H]1[C@@H](C1)C(=O)O,5.02,C[C@H]1C[C@H]1C(=O)O,100.117,0.727,37.3,1,1,1,0,0.8,0,0,1,0,1,0,2,1,0,,2,4.603660911134975,0.41633908886502446
362,C[C@H](N)C(=O)NCC(=O)NCC(=O)O,8.05,C[C@H](N)C(=O)NCC(=O)NCC(=O)O,203.198,-2.3494,121.52,4,4,5,0,0.571429,0,0,1,0,1,0,2,1,0,,3,7.792365115372118,0.2576348846278824
363,C[C@H](N)C(=O)NCC(=O)O,8.114,C[C@H](N)C(=O)NCC(=O)O,146.146,-1.4656,92.42,3,3,3,0,0.6,0,0,1,0,1,0,2,1,0,,1,8.392145848523624,-0.27814584852362323
364,C[C@H](N)C(=O)N[C@@H](C)C(=O)N[C@@H](C)C(=O)N[C@@H](C)C(=O)O,7.9625,C[C@H](N)C(=O)N[C@@H](C)C(=O)N[C@@H](C)C(=O)N[C@@H](C)C(=O)O,302.331,-2.0677,150.62,5,5,7,0,0.666667,0,0,1,0,1,0,2,1,0,,1,6.29481357524496,1.6676864247550407
365,C[C@H](N)C(=O)N[C@@H](C)C(=O)N[C@@H](C)C(=O)O,8.065999999999999,C[C@H](N)C(=O)N[C@@H](C)C(=O)N[C@@H](C)C(=O)O,231.252,-1.5724,121.52,4,4,5,0,0.666667,0,0,1,0,1,0,2,1,0,,2,7.2235870558194355,0.8424129441805634
366,C[C@H](N)C(=O)N[C@@H](C)C(=O)O,8.286000000000001,C[C@H](N)C(=O)N[C@@H](C)C(=O)O,160.173,-1.0771,92.42,3,3,3,0,0.666667,0,0,1,0,1,0,2,1,0,,4,8.825302878048902,-0.5393028780489004
367,C[C@H](N)C(=O)N[C@@H](CCCCN)C(=O)N[C@@H](C)C(=O)O,10.533333333333331,C[C@H](N)C(=O)N[C@@H](CCCCN)C(=O)N[C@@H](C)C(=O)O,288.348,-1.4633,147.54,5,5,9,0,0.75,0,0,1,0,1,0,2,1,0,,1,6.556249027632042,3.9770843057012897
368,C[C@H](N)C(=O)O,9.847428571428573,C[C@H](N)C(=O)O,89.094,-0.5818,63.32,2,2,1,0,0.666667,0,0,1,0,1,0,2,1,0,,5,8.749375516536773,1.0980530548917997
369,C[C@H](NC(=O)CN)C(=O)NCC(=O)O,8.08,C[C@H](NC(=O)CN)C(=O)NCC(=O)O,203.198,-2.3494,121.52,4,4,5,0,0.571429,0,0,1,0,1,0,2,1,0,,3,7.792365115372118,0.2876348846278818
370,C[C@H](NC(=O)CN)C(=O)O,8.2275,C[C@H](NC(=O)CN)C(=O)O,146.146,-1.4656,92.42,3,3,3,0,0.6,0,0,1,0,1,0,2,1,0,,3,8.244941029006124,-0.01744102900612532
371,C[C@H](NC(=O)CNC(=O)CN)C(=O)O,8.02,C[C@H](NC(=O)CNC(=O)CN)C(=O)O,203.198,-2.3494,121.52,4,4,5,0,0.571429,0,0,1,0,1,0,2,1,0,,3,7.792365115372118,0.22763488462788128
372,C[C@H](NC(=O)[C@@H](N)CCCCN)C(=O)O,10.7,C[C@H](NC(=O)[C@@H](N)CCCCN)C(=O)O,217.269,-0.968,118.44,4,4,7,0,0.777778,0,0,1,0,1,0,2,1,0,,1,7.345955727427214,3.3540442725727857
373,C[C@H](NC(=O)[C@H](C)NC(=O)CN)C(=O)O,8.135,C[C@H](NC(=O)[C@H](C)NC(=O)CN)C(=O)O,217.225,-1.9609,121.52,4,4,5,0,0.625,0,0,1,0,1,0,2,1,0,,2,7.522481650069125,0.6125183499308751
374,C[C@H](NCc1ccccc1)C(=O)NCC(=O)O,7.05,C[C@H](NCc1ccccc1)C(=O)NCC(=O)O,236.271,0.3655,78.43,3,3,6,1,0.333333,0,0,1,0,1,0,2,1,0,,5,7.910774029390302,-0.8607740293903019
375,C[C@H](O)[C@H](N)C(=O)O,9.053,C[C@H](O)[C@H](N)C(=O)O,119.12,-1.2209,83.55,3,3,2,0,0.75,0,0,1,0,1,0,2,1,0,,4,9.427448109176401,-0.3744481091764005
376,C[C@H]1[C@@H](C1)C(=O)O,5.0,C[C@@H]1C[C@H]1C(=O)O,100.117,0.727,37.3,1,1,1,0,0.8,0,0,1,0,1,0,2,1,0,,4,4.554868652014995,0.4451313479850052
377,C[N+](C)(C)CC(O)CC(=O)O.[Cl-],3.8,C[N+](C)(C)CC(O)CC(=O)O.[Cl-],197.662,-3.4678,57.53,2,2,4,0,0.857143,0,0,1,0,1,0,2,1,0,,3,4.086811414311611,-0.28681141431161095
378,C[N+](C)(C)CCCC(=O)O.[Cl-],4.02,C[N+](C)(C)CCCC(=O)O.[Cl-],181.663,-2.4386,37.3,1,1,4,0,0.857143,0,0,1,0,1,0,2,1,0,,4,4.586829335606247,-0.566829335606247
379,C[N+](C)(C)c1ccc(CC(=O)O)cc1.[I-],3.75,C[N+](C)(C)c1ccc(CC(=O)O)cc1.[I-],321.158,-1.4856,37.3,1,1,3,1,0.363636,0,0,1,0,1,0,2,1,0,,2,3.860355532961507,-0.11035553296150713
380,C[N+](C)(C)c1ccc(CCC(=O)O)cc1.[I-],4.22,C[N+](C)(C)c1ccc(CCC(=O)O)cc1.[I-],335.185,-1.0955,37.3,1,1,4,1,0.416667,0,0,1,0,1,0,2,1,0,,5,3.669728690790137,0.5502713092098626
381,C[N+](C)(C)c1cccc(CC(=O)O)c1.[I-],3.66,C[N+](C)(C)c1cccc(CC(=O)O)c1.[I-],321.158,-1.4856,37.3,1,1,3,1,0.363636,0,0,1,0,1,0,2,1,0,,5,3.2808947146349214,0.3791052853650787
382,C[N+](C)(C)c1cccc(CCC(=O)O)c1.[I-],4.17,C[N+](C)(C)c1cccc(CCC(=O)O)c1.[I-],335.185,-1.0955,37.3,1,1,4,1,0.416667,0,0,1,0,1,0,2,1,0,,2,4.019968495233293,0.1500315047667069
383,C[S+](C)c1ccc(C(=O)O)cc1,3.3,C[S+](C)c1ccc(C(=O)O)cc1,183.252,1.6216,37.3,1,1,2,1,0.222222,1,0,1,0,1,0,2,1,0,,2,3.9298841253831105,-0.6298841253831107
384,C[S+](C)c1cccc(C(=O)O)c1,3.2,C[S+](C)c1cccc(C(=O)O)c1,183.252,1.6216,37.3,1,1,2,1,0.222222,1,0,1,0,1,0,2,1,0,,2,3.9298841253831105,-0.7298841253831103
385,C[Si](C)(C)c1ccc(C(=O)O)cc1,4.234,C[Si](C)(C)c1ccc(C(=O)O)cc1,194.306,1.93,37.3,1,1,2,1,0.3,0,0,1,0,1,0,2,1,0,,3,4.064606486361109,0.16939351363889088
386,C[Si](C)(C)c1cccc(C(=O)O)c1,4.1645,C[Si](C)(C)c1cccc(C(=O)O)c1,194.306,1.93,37.3,1,1,2,1,0.3,0,0,1,0,1,0,2,1,0,,4,3.809204543198681,0.35529545680131935
387,Cc1c(C(=O)O)nnn1-c1ccccc1,3.73,Cc1c(C(=O)O)nnn1-c1ccccc1,203.201,1.27392,68.01,3,1,2,2,0.1,0,0,1,0,1,0,2,1,0,,5,3.6957088154670035,0.03429118453299651
388,Cc1c(F)c(F)c(C(=O)O)c(F)c1F,2.0,Cc1c(F)c(F)c(C(=O)O)c(F)c1F,208.11,2.24962,37.3,1,1,1,1,0.125,0,0,1,0,1,0,2,1,0,,4,3.1699010357466366,-1.1699010357466366
389,Cc1cc(=O)c(C(=O)O)c(C)o1,3.36,Cc1cc(=O)c(C(=O)O)c(C)o1,168.148,0.95484,67.51,3,1,1,1,0.25,0,0,1,0,1,0,2,1,0,,5,3.6410392084154153,-0.2810392084154154
390,Cc1cc(C(=O)O)c2ccccc2c1,3.72,Cc1cc(C(=O)O)c2ccccc2c1,186.21,2.84642,37.3,1,1,1,2,0.083333,0,0,1,0,1,0,2,1,0,,1,4.082148251133835,-0.36214825113383453
391,Cc1cc(C(=O)O)cc(C)c1C,4.52,Cc1cc(C(=O)O)cc(C)c1C,164.204,2.31006,37.3,1,1,1,1,0.3,0,0,1,0,1,0,2,1,0,,5,3.8398100151026227,0.6801899848973769
392,Cc1cc(C)c(C(=O)O)c(C)c1,3.498,Cc1cc(C)c(C(=O)O)c(C)c1,164.204,2.31006,37.3,1,1,1,1,0.3,0,0,1,0,1,0,2,1,0,,3,4.10963087219431,-0.6116308721943096
393,Cc1cc(C)c(C(=O)O)cc1C,4.38,Cc1cc(C)c(C(=O)O)cc1C,164.204,2.31006,37.3,1,1,1,1,0.3,0,0,1,0,1,0,2,1,0,,5,3.8398100151026227,0.5401899848973772
394,Cc1cc(C)c(C)c(C(=O)O)c1,4.01,Cc1cc(C)c(C)c(C(=O)O)c1,164.204,2.31006,37.3,1,1,1,1,0.3,0,0,1,0,1,0,2,1,0,,5,3.8398100151026227,0.17018998489737713
395,Cc1cc(C)c(C)c(C(=O)O)c1C,3.416,Cc1cc(C)c(C)c(C(=O)O)c1C,178.231,2.61848,37.3,1,1,1,1,0.363636,0,0,1,0,1,0,2,1,0,,3,4.170150800682546,-0.7541508006825457
396,Cc1cc(C)cc(C(=O)O)c1,4.343999999999999,Cc1cc(C)cc(C(=O)O)c1,150.177,2.00164,37.3,1,1,1,1,0.222222,0,0,1,0,1,0,2,1,0,,2,4.051372806280076,0.2926271937199232
397,Cc1cc(C)cc(OCC(=O)O)c1,3.2,Cc1cc(C)cc(OCC(=O)O)c1,180.203,1.76684,46.53,2,1,3,1,0.3,0,0,1,0,1,0,2,1,0,,3,3.8425940572249524,-0.6425940572249522
398,Cc1cc(C)n(CC(=O)O)n1,3.9,Cc1cc(C)n(CC(=O)O)n1,154.169,0.58454,55.12,2,1,2,1,0.428571,0,0,1,0,1,0,2,1,0,,3,5.34071475750421,-1.4407147575042099
399,Cc1cc(Cl)ccc1OCC(=O)O,3.107,Cc1cc(Cl)ccc1OCC(=O)O,200.621,2.11182,46.53,2,1,3,1,0.222222,0,0,1,0,1,0,2,1,0,,5,3.764698401930289,-0.657698401930289
400,Cc1cc([N+](=O)[O-])c(C)c(C(=O)O)c1O,2.78,Cc1cc([N+](=O)[O-])c(C)c(C(=O)O)c1O,211.173,1.61544,100.67,4,2,2,1,0.222222,0,0,1,0,1,0,2,1,0,,2,3.982418945663987,-1.2024189456639873
401,Cc1cc2ccccc2c(C(=O)O)c1C,2.831,Cc1cc2ccccc2c(C(=O)O)c1C,200.237,3.15484,37.3,1,1,1,2,0.153846,0,0,1,0,1,0,2,1,0,,3,4.102567695965748,-1.2715676959657478
402,Cc1ccc(C(=O)O)[nH]1,4.88,Cc1ccc(C(=O)O)[nH]1,125.127,1.02132,53.09,1,2,1,1,0.166667,0,0,1,0,1,0,2,1,0,,4,5.571447047948904,-0.6914470479489045
403,Cc1ccc(C(=O)O)[se]1,3.82,Cc1ccc(C(=O)O)[se]1,189.072,0.75022,37.3,1,1,1,1,0.166667,0,0,1,0,1,0,2,1,0,,5,3.1793974175654722,0.6406025824345276
404,Cc1ccc(C(=O)O)c(C)c1,4.2595,Cc1ccc(C(=O)O)c(C)c1,150.177,2.00164,37.3,1,1,1,1,0.222222,0,0,1,0,1,0,2,1,0,,4,3.957677710064167,0.30182228993583315
405,Cc1ccc(C(=O)O)c(C)c1C,4.06,Cc1ccc(C(=O)O)c(C)c1C,164.204,2.31006,37.3,1,1,1,1,0.3,0,0,1,0,1,0,2,1,0,,4,3.85001239108243,0.20998760891756962
406,Cc1ccc(C(=O)O)c(N)c1,5.07,Cc1ccc(C(=O)O)c(N)c1,151.165,1.27542,63.32,2,2,1,1,0.125,0,0,1,0,1,0,2,1,0,,1,3.8778670915495166,1.1921329084504837
407,Cc1ccc(C(=O)O)c(O)c1,3.1630000000000003,Cc1ccc(C(=O)O)c(O)c1,152.149,1.39882,57.53,2,2,1,1,0.125,0,0,1,0,1,0,2,1,0,,2,3.773592185694451,-0.610592185694451
408,Cc1ccc(C(=O)O)cc1,4.383333333333334,Cc1ccc(C(=O)O)cc1,136.15,1.69322,37.3,1,1,1,1,0.125,0,0,1,0,1,0,2,1,0,,5,4.09785685470539,0.28547647862794356
409,Cc1ccc(C(=O)O)cc1C,4.5,Cc1ccc(C(=O)O)cc1C,150.177,2.00164,37.3,1,1,1,1,0.222222,0,0,1,0,1,0,2,1,0,,3,4.1072356825414635,0.39276431745853646
410,Cc1ccc(C(=O)O)s1,3.73,Cc1ccc(C(=O)O)s1,142.179,1.75472,37.3,2,1,1,1,0.166667,0,0,1,0,1,0,2,1,0,,1,3.7817614758685862,-0.05176147586858626
411,Cc1ccc(C(=O)c2ccccc2C(=O)O)cc1,3.644,Cc1ccc(C(=O)c2ccccc2C(=O)O)cc1,240.258,2.92422,54.37,2,1,3,2,0.066667,0,0,1,0,1,0,2,1,0,,3,3.8949357622163383,-0.2509357622163382
412,Cc1ccc(C)c(C(=O)O)c1,4.0205,Cc1ccc(C)c(C(=O)O)c1,150.177,2.00164,37.3,1,1,1,1,0.222222,0,0,1,0,1,0,2,1,0,,4,3.957677710064167,0.06282228993583328
413,Cc1ccc(C)c(C(=O)O)c1C,3.34,Cc1ccc(C)c(C(=O)O)c1C,164.204,2.31006,37.3,1,1,1,1,0.3,0,0,1,0,1,0,2,1,0,,1,4.071461829523051,-0.7314618295230515
414,Cc1ccc(C)c(C(=O)O)c1O,3.23,Cc1ccc(C)c(C(=O)O)c1O,166.176,1.70724,57.53,2,2,1,1,0.222222,0,0,1,0,1,0,2,1,0,,3,2.6351965275250953,0.5948034724749047
415,Cc1ccc(C)c(C(O)C(=O)O)c1,3.57,Cc1ccc(C)c(C(O)C(=O)O)c1,180.203,1.42144,57.53,2,2,2,1,0.3,0,0,1,0,1,0,2,1,0,,5,4.588579259126578,-1.0185792591265783
416,Cc1ccc(C2CC2C(=O)O)cc1,4.6,Cc1ccc(C2CC2C(=O)O)cc1,176.215,2.18312,37.3,1,1,2,1,0.363636,0,0,1,0,1,0,2,1,0,,4,4.163455585329404,0.43654441467059524
417,Cc1ccc(CC(=O)O)cc1,4.07025,Cc1ccc(CC(=O)O)cc1,150.177,1.62212,37.3,1,1,2,1,0.222222,0,0,1,0,1,0,2,1,0,,4,4.329605625539955,-0.25935562553995517
418,Cc1ccc(CCC(=O)O)cc1,4.74,Cc1ccc(CCC(=O)O)cc1,164.204,2.01222,37.3,1,1,3,1,0.3,0,0,1,0,1,0,2,1,0,,3,4.501024144538962,0.23897585546103794
419,Cc1ccc(N)c(C(=O)O)c1,5.13,Cc1ccc(N)c(C(=O)O)c1,151.165,1.27542,63.32,2,2,1,1,0.125,0,0,1,0,1,0,2,1,0,,3,3.8252214755628393,1.3047785244371606
420,Cc1ccc(NCC(=O)O)cc1,4.85,Cc1ccc(NCC(=O)O)cc1,165.192,1.49152,49.33,2,2,3,1,0.222222,0,0,1,0,1,0,2,1,0,,5,4.416179607481411,0.43382039251858906
421,Cc1ccc(O)c(C(=O)O)c1,3.026666666666667,Cc1ccc(O)c(C(=O)O)c1,152.149,1.39882,57.53,2,2,1,1,0.125,0,0,1,0,1,0,2,1,0,,4,4.022455166844133,-0.9957885001774662
422,Cc1ccc(S(=O)(=O)CC(=O)O)cc1,2.542,Cc1ccc(S(=O)(=O)CC(=O)O)cc1,214.242,0.85332,71.44,3,1,3,1,0.222222,0,0,1,0,1,0,2,1,0,,1,2.8814091061307563,-0.3394091061307565
423,Cc1ccc(S(=O)CC(=O)O)cc1,2.74,Cc1ccc(S(=O)CC(=O)O)cc1,198.243,1.18722,54.37,2,1,3,1,0.222222,0,0,1,0,1,0,2,1,0,,4,3.56074293826752,-0.8207429382675198
424,Cc1ccc(SCC(=O)O)cc1,3.689,Cc1ccc(SCC(=O)O)cc1,182.244,2.17172,37.3,2,1,3,1,0.222222,0,0,1,0,1,0,2,1,0,,1,3.7662624883936533,-0.07726248839365324
425,Cc1ccc2ccccc2c1C(=O)O,3.034,Cc1ccc2ccccc2c1C(=O)O,186.21,2.84642,37.3,1,1,1,2,0.083333,0,0,1,0,1,0,2,1,0,,1,4.082148251133835,-1.048148251133835
426,Cc1cccc(=O)c(O)c1C(=O)O,2.48,Cc1cccc(=O)c(O)c1C(=O)O,180.159,0.75902,74.6,3,2,1,1,0.111111,0,0,1,0,1,0,2,1,0,,3,3.393068347947303,-0.913068347947303
427,Cc1cccc(C(=O)O)c1,4.272666666666667,Cc1cccc(C(=O)O)c1,136.15,1.69322,37.3,1,1,1,1,0.125,0,0,1,0,1,0,2,1,0,,2,4.113770943908949,0.1588957227577179
428,Cc1cccc(C(=O)O)c1C,3.758,Cc1cccc(C(=O)O)c1C,150.177,2.00164,37.3,1,1,1,1,0.222222,0,0,1,0,1,0,2,1,0,,3,4.1072356825414635,-0.34923568254146353
429,Cc1cccc(C(=O)O)c1O,2.971,Cc1cccc(C(=O)O)c1O,152.149,1.39882,57.53,2,2,1,1,0.125,0,0,1,0,1,0,2,1,0,,5,3.9316601679674816,-0.9606601679674815
430,Cc1cccc(C(=O)O)n1,5.83,Cc1cccc(C(=O)O)n1,137.138,1.08822,50.19,2,1,1,1,0.142857,0,0,1,0,1,0,2,1,0,,2,3.8203240302033046,2.0096759697966955
431,Cc1cccc(C)c1C(=O)O,3.307,Cc1cccc(C)c1C(=O)O,150.177,2.00164,37.3,1,1,1,1,0.222222,0,0,1,0,1,0,2,1,0,,2,4.051372806280076,-0.7443728062800763
432,Cc1cccc(NCC(=O)O)c1,4.6,Cc1cccc(NCC(=O)O)c1,165.192,1.49152,49.33,2,2,3,1,0.222222,0,0,1,0,1,0,2,1,0,,1,4.609442193284185,-0.009442193284185052
433,Cc1cccc(O)c(=O)c1C(=O)O,3.15,Cc1cccc(O)c(=O)c1C(=O)O,180.159,0.75902,74.6,3,2,1,1,0.111111,0,0,1,0,1,0,2,1,0,,3,3.393068347947303,-0.24306834794730303
434,Cc1cccc(O)c1C(=O)O,3.24,Cc1cccc(O)c1C(=O)O,152.149,1.39882,57.53,2,2,1,1,0.125,0,0,1,0,1,0,2,1,0,,1,3.651132693629403,-0.41113269362940263
435,Cc1cccc(S(=O)(=O)CC(=O)O)c1,2.567,Cc1cccc(S(=O)(=O)CC(=O)O)c1,214.242,0.85332,71.44,3,1,3,1,0.222222,0,0,1,0,1,0,2,1,0,,2,3.347100117977943,-0.780100117977943
436,Cc1cccc(S(=O)CC(=O)O)c1,2.756,Cc1cccc(S(=O)CC(=O)O)c1,198.243,1.18722,54.37,2,1,3,1,0.222222,0,0,1,0,1,0,2,1,0,,3,3.2500405519504163,-0.4940405519504165
437,Cc1cccc(SCC(=O)O)c1,3.604,Cc1cccc(SCC(=O)O)c1,182.244,2.17172,37.3,2,1,3,1,0.222222,0,0,1,0,1,0,2,1,0,,5,3.847055617866366,-0.2430556178663661
438,Cc1cccc2[nH]cc(CC(N)C(=O)O)c12,16.9,Cc1cccc2[nH]cc(CC(N)C(=O)O)c12,218.256,1.43072,79.11,2,3,3,2,0.25,0,0,1,0,1,0,2,1,0,,3,10.06510796480403,6.834892035195969
439,Cc1cccc2c1[C@H](C(=O)O)[C@@]13CC(=O)[C@@](C)(CC[C@H]21)C3,4.24,Cc1cccc2c1[C@H](C(=O)O)[C@@]13CC(=O)[C@@](C)(CC[C@H]21)C3,284.355,3.40982,54.37,2,1,1,1,0.555556,0,0,1,0,1,0,2,1,0,,4,3.827210045779438,0.4127899542205622
440,Cc1ccccc1C(=O)O,3.914,Cc1ccccc1C(=O)O,136.15,1.69322,37.3,1,1,1,1,0.125,0,0,1,0,1,0,2,1,0,,4,4.111161128190194,-0.1971611281901935
441,Cc1csc(C(=O)O)c1,3.6366666666666663,Cc1csc(C(=O)O)c1,142.179,1.75472,37.3,2,1,1,1,0.166667,0,0,1,0,1,0,2,1,0,,2,3.6661946931550298,-0.0295280264883635
442,Cc1csc(C(=O)O)n1,3.18,Cc1csc(C(=O)O)n1,143.167,1.14972,50.19,3,1,1,1,0.2,0,0,1,0,1,0,2,1,0,,1,3.686976367429307,-0.5069763674293069
443,Cc1nc(C)c(C(=O)O)cc1C(=O)O,2.81,Cc1nc(C)c(C(=O)O)cc1C(=O)O,195.174,1.09484,87.49,3,2,2,1,0.222222,0,0,2,0,2,0,4,2,0,,4,2.387541245649886,0.42245875435011415
444,Cc1nc[nH]c1C(=O)O,7.01,Cc1nc[nH]c1C(=O)O,126.115,0.41632,65.98,2,2,1,1,0.2,0,0,1,0,1,0,2,1,0,,2,5.1135952869630135,1.8964047130369863
445,Cc1ncc(CO)c(C=NC(C(=O)O)C(C)OP(=O)(O)O)c1O,10.48,Cc1ncc(CO)c(C=NC(C(=O)O)C(C)OP(=O)(O)O)c1O,348.248,-0.04218,169.77,7,5,7,1,0.416667,0,0,1,0,1,0,2,1,0,,3,5.229013149878234,5.250986850121766
446,Cc1ncc(CO)c(C=N[C@H](C(=O)O)[C@@H](C)O)c1O,9.89,Cc1ncc(CO)c(C=N[C@H](C(=O)O)[C@@H](C)O)c1O,268.269,-0.15918,123.24,6,4,5,1,0.416667,0,0,1,0,1,0,2,1,0,,2,7.917683924789053,1.9723160752109479
447,Cc1ncoc1C(=O)O,2.88,Cc1ncoc1C(=O)O,127.099,0.68122,63.33,3,1,1,1,0.2,0,0,1,0,1,0,2,1,0,,1,3.7771596273285497,-0.8971596273285498
448,Cl/C=C/C(=O)O,3.79,O=C(O)/C=C/Cl,106.508,0.8235,37.3,1,1,1,0,0.0,0,0,1,0,1,0,2,1,0,,3,3.803120937763,-0.01312093776299994
449,ClC1=CC=C(C=C1)[C@H]1[C@@H](C1)C(=O)O,4.53,O=C(O)[C@@H]1C[C@H]1c1ccc(Cl)cc1,196.633,2.5281,37.3,1,1,2,1,0.3,0,0,1,0,1,0,2,1,0,,1,3.97925511226641,0.5507448877335901
450,ClC=1C=C(C=CC1)[C@H]1[C@@H](C1)C(=O)O,4.51,O=C(O)[C@@H]1C[C@H]1c1cccc(Cl)c1,196.633,2.5281,37.3,1,1,2,1,0.3,0,0,1,0,1,0,2,1,0,,1,3.97925511226641,0.5307448877335896
451,Cl[C@@H]1CC[C@H](CC1)C(=O)O,4.58,O=C(O)[C@H]1CC[C@H](Cl)CC1,162.616,1.8686,37.3,1,1,1,0,0.857143,0,0,1,0,1,0,2,1,0,,2,4.109887257788449,0.4701127422115512
452,Cl\C=C/C(=O)O,3.45,O=C(O)/C=C\Cl,106.508,0.8235,37.3,1,1,1,0,0.0,0,0,1,0,1,0,2,1,0,,2,3.990360581412863,-0.5403605814128629
453,Cn1ccnc1C(=O)O,7.25,Cn1ccnc1C(=O)O,126.115,0.1183,55.12,2,1,1,1,0.2,0,0,1,0,1,0,2,1,0,,1,4.245210796470449,3.004789203529551
454,Cn1cnc(C[C@H](NC(=O)CCN)C(=O)O)c1,9.49,Cn1cnc(C[C@H](NC(=O)CCN)C(=O)O)c1,240.263,-1.1192,110.24,4,3,6,1,0.5,0,0,1,0,1,0,2,1,0,,4,8.289811241244276,1.2001887587557238
455,FC1=C(C=CC=C1)/C=C/C(=O)O,4.28,O=C(O)/C=C/c1ccccc1F,166.151,1.9235,37.3,1,1,2,1,0.0,0,0,1,0,1,0,2,1,0,,1,3.93446021919443,0.34553978080557046
456,F[B-](F)(F)F.N#[N+]c1ccc(CC(=O)O)cc1,3.24,F[B-](F)(F)F.N#[N+]c1ccc(CC(=O)O)cc1,249.96,3.09828,65.45,2,1,2,1,0.125,0,0,1,0,1,0,2,1,0,,5,3.2947590299199385,-0.05475902991993831
457,I/C=C/C(=O)O,3.74,O=C(O)/C=C/I,197.959,1.0197,37.3,1,1,1,0,0.0,0,0,1,0,1,0,2,1,0,,5,3.2735257866885643,0.4664742133114359
458,I\C=C/C(=O)O,3.42,O=C(O)/C=C\I,197.959,1.0197,37.3,1,1,1,0,0.0,0,0,1,0,1,0,2,1,0,,3,3.640002206492229,-0.22000220649222912
459,N#CC12CCC(C(=O)O)(CC1)C2,4.227,N#CC12CCC(C(=O)O)(CC1)C2,165.192,1.54508,61.09,2,1,1,0,0.777778,0,0,1,0,1,0,2,1,0,,3,4.250456034183057,-0.02345603418305675
460,N#CC12CCC(C(=O)O)(CC1)CC2,4.545,N#CC12CCC(C(=O)O)(CC1)CC2,179.219,1.93518,61.09,2,1,1,0,0.8,0,0,1,0,1,0,2,1,0,,5,3.9614982232196145,0.5835017767803854
461,N#CC1CCC(C(=O)O)CC1,4.48,N#CC1CCC(C(=O)O)CC1,153.181,1.40098,61.09,2,1,1,0,0.75,0,0,1,0,1,0,2,1,0,,5,3.6752092467242647,0.8047907532757357
462,N#CCC(=O)O,2.56025,N#CCC(=O)O,85.062,-0.01532,61.09,2,1,1,0,0.333333,0,0,1,0,1,0,2,1,0,,5,3.7823373689603996,-1.2220873689603997
463,N#Cc1ccc(C(=O)O)c(O)c1,2.35,N#Cc1ccc(C(=O)O)c(O)c1,163.132,0.96208,81.32,3,2,1,1,0.0,0,0,1,0,1,0,2,1,0,,5,3.4196171343499975,-1.0696171343499974
464,N#Cc1ccc(O)c(C(=O)O)c1,2.38,N#Cc1ccc(O)c(C(=O)O)c1,163.132,0.96208,81.32,3,2,1,1,0.0,0,0,1,0,1,0,2,1,0,,1,2.9422022821743665,-0.5622022821743666
465,N#Cc1ccc(OCC(=O)O)cc1,2.87,N#Cc1ccc(OCC(=O)O)cc1,177.159,1.02168,70.32,3,1,3,1,0.111111,0,0,1,0,1,0,2,1,0,,4,3.416716063003859,-0.546716063003859
466,N#Cc1cccc(NCC(=O)O)c1,3.78,N#Cc1cccc(NCC(=O)O)c1,176.175,1.05478,73.12,3,2,3,1,0.111111,0,0,1,0,1,0,2,1,0,,1,4.084078731921073,-0.30407873192107315
467,N=C(N)NCCC[C@@H](NC(=O)[C@H](N)Cc1ccc(O)cc1)C(=O)O,9.58,N=C(N)NCCC[C@@H](NC(=O)[C@H](N)Cc1ccc(O)cc1)C(=O)O,337.38,-0.90533,174.55,5,7,9,1,0.4,0,0,1,0,1,0,2,1,0,,3,7.541598939073989,2.0384010609260113
468,NC(=O)C(N)CCC(=O)O,7.88,NC(=O)C(N)CCC(=O)O,146.146,-1.3362,106.41,3,3,4,0,0.6,0,0,1,0,1,0,2,1,0,,5,9.343442864319535,-1.4634428643195347
469,NC(=O)C(O)[C@H](N)C(=O)O,8.29,NC(=O)C(O)[C@H](N)C(=O)O,148.118,-2.7555,126.64,4,4,3,0,0.5,0,0,1,0,1,0,2,1,0,,2,7.077823174433288,1.2121768255667114
470,NC(=O)CC[C@H](N)C(=O)NCC(=O)O,7.52,NC(=O)CC[C@H](N)C(=O)NCC(=O)O,203.198,-2.22,135.51,4,4,6,0,0.571429,0,0,1,0,1,0,2,1,0,,2,8.62596179484036,-1.1059617948403613
471,NC(=O)CC[C@H](N)C(=O)O,9.07,NC(=O)CC[C@H](N)C(=O)O,146.146,-1.3362,106.41,3,3,4,0,0.6,0,0,1,0,1,0,2,1,0,,4,9.64263065040582,-0.5726306504058201
472,NC(=O)C[C@@](N)(O)C(=O)O,7.2,NC(=O)C[C@@](N)(O)C(=O)O,148.118,-2.4063,126.64,4,4,3,0,0.5,0,0,1,0,1,0,2,1,0,,3,8.325393420634336,-1.1253934206343361
473,NC(=O)C[C@H](N)C(=O)O,8.756666666666668,NC(=O)C[C@H](N)C(=O)O,132.119,-1.7263,106.41,3,3,3,0,0.5,0,0,1,0,1,0,2,1,0,,5,8.856956342021808,-0.10028967535514077
474,NC(=O)NCCCC(NC(=O)c1ccccc1)C(=O)O,3.5575,NC(=O)NCCCC(NC(=O)c1ccccc1)C(=O)O,279.296,0.3181,121.52,3,4,7,1,0.307692,0,0,1,0,1,0,2,1,0,,4,7.675582668779344,-4.118082668779344
475,NC(=O)NCCC[C@H](N)C(=O)O,9.41,NC(=O)NCCC[C@H](N)C(=O)O,175.188,-1.1532,118.44,3,4,5,0,0.666667,0,0,1,0,1,0,2,1,0,,3,9.406266604600628,0.003733395399372341
476,NC(C(=O)O)C(CC(=O)O)C(=O)O,3.6,NC(C(=O)O)C(CC(=O)O)C(=O)O,191.139,-1.4262,137.92,4,4,5,0,0.5,0,0,3,0,3,0,6,3,0,,5,2.9988653307962467,0.6011346692037534
477,NC(CC(=O)O)C(F)(F)F,5.831,NC(CC(=O)O)C(F)(F)F,157.091,0.3507,63.32,2,2,2,0,0.75,0,0,1,0,1,0,2,1,0,,5,7.436557347521114,-1.6055573475211133
478,NC(CC(=O)O)c1ccccc1,9.31,NC(CC(=O)O)c1ccccc1,165.192,1.1611,63.32,2,2,3,1,0.222222,0,0,1,0,1,0,2,1,0,,5,5.167173054952349,4.142826945047651
479,NC(CC(F)(F)F)C(=O)O,8.171,NC(CC(F)(F)F)C(=O)O,157.091,0.3507,63.32,2,2,2,0,0.75,0,0,1,0,1,0,2,1,0,,1,7.7374751813470795,0.4335248186529199
480,NC(Cc1c(F)c(F)c(F)c(F)c1F)C(=O)O,8.47,NC(Cc1c(F)c(F)c(F)c(F)c1F)C(=O)O,255.142,1.3365,63.32,2,2,3,1,0.222222,0,0,1,0,1,0,2,1,0,,2,4.351087137778135,4.118912862221865
481,NC(Cc1c[nH]c2ccc(O)cc12)C(=O)O,17.95,NC(Cc1c[nH]c2ccc(O)cc12)C(=O)O,220.228,0.8279,99.34,3,4,3,2,0.181818,0,0,1,0,1,0,2,1,0,,1,8.984587244607342,8.965412755392657
482,NC(Cc1c[nH]cn1)C(=O)O,9.16,NC(Cc1c[nH]cn1)C(=O)O,155.157,-0.6359,92.0,3,3,3,1,0.333333,0,0,1,0,1,0,2,1,0,,4,8.871544450793035,0.28845554920696515
483,NC(N)=NCCC[C@H](N)C(=O)O,12.48,NC(N)=NCCC[C@H](N)C(=O)O,174.204,-1.5481,127.72,3,4,5,0,0.666667,0,0,1,0,1,0,2,1,0,,1,6.81175532959109,5.66824467040891
484,NC(N)=NOCC[C@H](N)C(=O)O,9.25,NC(N)=NOCC[C@H](N)C(=O)O,176.176,-2.0066,136.95,4,4,5,0,0.6,0,0,1,0,1,0,2,1,0,,1,7.453481936797438,1.7965180632025621
485,NC1=NC(C(=O)O)CS1,8.48,NC1=NC(C(=O)O)CS1,146.171,-0.4989,75.68,4,2,1,0,0.5,0,0,1,0,1,0,2,1,0,,1,3.7501705904004634,4.729829409599537
486,NCC(=O)N1CCC[C@H]1C(=O)O,8.5925,NCC(=O)N1CCC[C@H]1C(=O)O,172.184,-0.9793,83.63,3,2,2,0,0.714286,0,0,1,0,1,0,2,1,0,,5,7.091061814442126,1.5014381855578733
487,NCC(=O)NCC(=O)NCC(=O)NC(Cc1c[nH]cn1)C(=O)O,8.11,NCC(=O)NCC(=O)NCC(=O)NC(Cc1c[nH]cn1)C(=O)O,326.313,-3.2873,179.3,6,6,9,1,0.416667,0,0,1,0,1,0,2,1,0,,2,6.7399395179965556,1.3700604820034439
488,NCC(=O)NCC(=O)NCC(=O)NCC(=O)O,7.95,NCC(=O)NCC(=O)NCC(=O)NCC(=O)O,246.223,-3.6217,150.62,5,5,7,0,0.5,0,0,1,0,1,0,2,1,0,,1,7.365135777392226,0.5848642226077745
489,NCC(=O)NCC(=O)NCC(=O)O,8.11,NCC(=O)NCC(=O)NCC(=O)O,189.171,-2.7379,121.52,4,4,5,0,0.5,0,0,1,0,1,0,2,1,0,,3,8.018136550212596,0.0918634497874038
490,NCC(=O)NCC(=O)O,8.231928571428572,NCC(=O)NCC(=O)O,132.119,-1.8541,92.42,3,3,3,0,0.5,0,0,1,0,1,0,2,1,0,,4,8.647257527426824,-0.4153289559982518
491,NCC(=O)N[C@@H](CO)C(=O)NCC(=O)O,7.99,NCC(=O)N[C@@H](CO)C(=O)NCC(=O)O,219.197,-3.377,141.75,5,5,6,0,0.571429,0,0,1,0,1,0,2,1,0,,5,8.21470170039999,-0.22470170039999005
492,NCC(=O)N[C@@H](CO)C(=O)O,8.24,NCC(=O)N[C@@H](CO)C(=O)O,162.145,-2.4932,112.65,4,4,4,0,0.6,0,0,1,0,1,0,2,1,0,,2,7.595818093843687,0.6441819061563132
493,NCC(=O)N[C@@H](Cc1c[nH]c2ccccc12)C(=O)O,8.06,NCC(=O)N[C@@H](Cc1c[nH]c2ccccc12)C(=O)O,261.281,0.2385,108.21,3,4,5,2,0.230769,0,0,1,0,1,0,2,1,0,,5,11.908731261634161,-3.8487312616341605
494,NCC(=O)N[C@@H](Cc1c[nH]cn1)C(=O)O,8.24,NCC(=O)N[C@@H](Cc1c[nH]cn1)C(=O)O,212.209,-1.5197,121.1,4,4,5,1,0.375,0,0,1,0,1,0,2,1,0,,5,8.390640134563611,-0.15064013456361103
495,NCC(=O)N[C@@H](Cc1ccc(O)cc1)C(=O)O,8.24,NCC(=O)N[C@@H](Cc1ccc(O)cc1)C(=O)O,238.243,-0.5372,112.65,4,4,5,1,0.272727,0,0,1,0,1,0,2,1,0,,3,7.503613490263257,0.736386509736743
496,NCC(=O)N[C@@H](Cc1ccccc1)C(=O)O,8.245000000000001,NCC(=O)N[C@@H](Cc1ccccc1)C(=O)O,222.244,-0.2428,92.42,3,3,5,1,0.272727,0,0,1,0,1,0,2,1,0,,1,7.166574843156508,1.078425156843493
497,NCC(=O)N[C@@H](Cc1cnc[nH]1)C(=O)N[C@@H](CCC(=O)O)C(=O)O,6.65,NCC(=O)N[C@@H](Cc1cnc[nH]1)C(=O)N[C@@H](CCC(=O)O)C(=O)O,341.324,-2.1701,187.5,6,6,10,1,0.461538,0,0,2,0,2,0,4,2,0,,2,5.007497998850157,1.6425020011498432
498,NCC(=O)N[C@@H](Cc1cnc[nH]1)C(=O)O,8.2,NCC(=O)N[C@@H](Cc1cnc[nH]1)C(=O)O,212.209,-1.5197,121.1,4,4,5,1,0.375,0,0,1,0,1,0,2,1,0,,4,8.280915175243948,-0.08091517524394831
499,NCC(=O)O,9.746006666666666,NCC(=O)O,75.067,-0.9703,63.32,2,2,1,0,0.5,0,0,1,0,1,0,2,1,0,,2,7.093867040269867,2.6521396263967993
500,NCC(N)C(=O)O,9.555,NCC(N)C(=O)O,104.109,-1.643,89.34,3,3,2,0,0.666667,0,0,1,0,1,0,2,1,0,,5,9.443191380997234,0.1118086190027654
501,NCC(O)C(=O)O,9.33,NCC(O)C(=O)O,105.093,-1.6094,83.55,3,3,2,0,0.666667,0,0,1,0,1,0,2,1,0,,1,9.131525660868252,0.1984743391317476
502,NCCC(=O)O,10.2552,NCCC(=O)O,89.094,-0.5802,63.32,2,2,2,0,0.666667,0,0,1,0,1,0,2,1,0,,2,9.131721472913716,1.1234785270862844
503,NCCCC(=O)O,10.515175,NCCCC(=O)O,103.121,-0.1901,63.32,2,2,3,0,0.75,0,0,1,0,1,0,2,1,0,,2,10.11822514208637,0.39694985791362924
504,NCCCCC(=O)O,10.6572,NCCCCC(=O)O,117.148,0.2,63.32,2,2,4,0,0.8,0,0,1,0,1,0,2,1,0,,5,10.358903229542076,0.2982967704579238
505,NCCCCCC(=O)O,10.808,NCCCCCC(=O)O,131.175,0.5901,63.32,2,2,5,0,0.833333,0,0,1,0,1,0,2,1,0,,4,9.735344306536103,1.072655693463897
506,NCCCC[C@H](N)C(=O)O,10.69,NCCCC[C@H](N)C(=O)O,146.19,-0.4727,89.34,3,3,5,0,0.833333,0,0,1,0,1,0,2,1,0,,5,10.300160496455355,0.3898395035446445
507,NCCC[C@H](N)C(=O)O,8.773333333333333,NCCC[C@H](N)C(=O)O,132.163,-0.8628,89.34,3,3,4,0,0.8,0,0,1,0,1,0,2,1,0,,4,10.930045600847045,-2.1567122675137114
508,NCC[C@H](N)C(=O)O,10.25,NCC[C@H](N)C(=O)O,118.136,-1.2529,89.34,3,3,3,0,0.75,0,0,1,0,1,0,2,1,0,,1,9.947345952752489,0.3026540472475112
509,NC[C@H](N)C(=O)O,9.34,NC[C@H](N)C(=O)O,104.109,-1.643,89.34,3,3,2,0,0.666667,0,0,1,0,1,0,2,1,0,,1,9.041044750679202,0.2989552493207981
510,NCc1ccc(CCC(=O)O)cc1,4.28,NCc1ccc(CCC(=O)O)cc1,179.219,1.1625,63.32,2,2,4,1,0.3,0,0,1,0,1,0,2,1,0,,5,5.564893126119846,-1.2848931261198455
511,NCc1ccccc1CCC(=O)O,4.22,NCc1ccccc1CCC(=O)O,179.219,1.1625,63.32,2,2,4,1,0.3,0,0,1,0,1,0,2,1,0,,4,5.9643674397554225,-1.7443674397554227
512,NOCC[C@H](N)C(=O)O,9.2,NOCC[C@H](N)C(=O)O,134.135,-1.3213,98.57,4,3,4,0,0.75,0,0,1,0,1,0,2,1,0,,5,8.584871373368912,0.6151286266310869
513,NS(=O)(=O)c1ccc(C(=O)O)cc1,3.47,NS(=O)(=O)c1ccc(C(=O)O)cc1,201.203,0.0322,97.46,3,2,2,1,0.0,0,0,1,0,1,0,2,1,0,,4,3.3401115562012462,0.12988844379875397
514,NS(=O)(=O)c1cccc(C(=O)O)c1,3.54,NS(=O)(=O)c1cccc(C(=O)O)c1,201.203,0.0322,97.46,3,2,2,1,0.0,0,0,1,0,1,0,2,1,0,,3,2.8724551917931573,0.6675448082068427
515,N[C@@H](CC(=O)O)C(=O)O,3.8392857142857135,N[C@@H](CC(=O)O)C(=O)O,133.103,-1.127,100.62,3,3,3,0,0.5,0,0,2,0,2,0,4,2,0,,2,3.4474003526094634,0.3918853616762501
516,N[C@@H](CCC(=O)O)C(=O)O,4.2375,N[C@@H](CCC(=O)O)C(=O)O,147.13,-0.7369,100.62,3,3,4,0,0.6,0,0,2,0,2,0,4,2,0,,2,4.019152866903467,0.21834713309653253
517,N[C@@H](CCC(=O)OCc1ccccc1)C(=O)O,9.0,N[C@@H](CCC(=O)OCc1ccccc1)C(=O)O,237.255,0.9219,89.62,4,2,6,1,0.333333,0,0,1,0,1,0,2,1,0,,4,5.283485858892872,3.716514141107128
518,N[C@@H](CCC(F)(F)F)C(=O)O,8.916,N[C@@H](CCC(F)(F)F)C(=O)O,171.118,0.7408,63.32,2,2,3,0,0.8,0,0,1,0,1,0,2,1,0,,2,7.738153747204578,1.1778462527954225
519,N[C@@H](CCCC(F)(F)F)C(=O)O,9.463,N[C@@H](CCCC(F)(F)F)C(=O)O,185.145,1.1309,63.32,2,2,4,0,0.833333,0,0,1,0,1,0,2,1,0,,4,7.836693468457636,1.6263065315423635
520,N[C@@H](CCS)C(=O)O,8.87,N[C@@H](CCS)C(=O)O,135.188,-0.2818,63.32,3,3,3,0,0.75,0,0,1,0,1,0,2,1,0,,1,9.642428525735609,-0.7724285257356094
521,N[C@@H](CCSSCC[C@H](N)C(=O)O)C(=O)O,8.523,N[C@@H](CCSSCC[C@H](N)C(=O)O)C(=O)O,268.36,-0.0282,126.64,6,4,9,0,0.75,0,0,2,0,2,0,4,2,0,,1,6.690882086764859,1.832117913235141
522,N[C@@H](CO)C(=O)NCC(=O)O,7.33,N[C@@H](CO)C(=O)NCC(=O)O,162.145,-2.4932,112.65,4,4,4,0,0.6,0,0,1,0,1,0,2,1,0,,5,7.7398709045065,-0.40987090450649966
523,N[C@@H](CO)C(=O)N[C@@H](CCC(=O)O)C(=O)O,4.34,N[C@@H](CO)C(=O)N[C@@H](CCC(=O)O)C(=O)O,234.208,-2.2598,149.95,5,5,7,0,0.625,0,0,2,0,2,0,4,2,0,,3,4.838522481483837,-0.49852248148383715
524,N[C@@H](CO)C(=O)O,9.161333333333332,N[C@@H](CO)C(=O)O,105.093,-1.6094,83.55,3,3,2,0,0.666667,0,0,1,0,1,0,2,1,0,,1,9.131525660868252,0.029807672465079094
525,N[C@@H](COP(=O)(O)O)C(=O)O,2.08,N[C@@H](COP(=O)(O)O)C(=O)O,185.072,-1.4924,130.08,4,4,4,0,0.666667,0,0,1,0,1,0,2,1,0,,1,6.517452896227935,-4.437452896227935
526,N[C@@H](CS(=O)(=O)O)C(=O)O,1.89,N[C@@H](CS(=O)(=O)O)C(=O)O,169.158,-1.7139,117.69,4,3,3,0,0.666667,0,1,2,0,4,0,3,1,0,,5,2.3901690629462844,-0.5001690629462845
527,N[C@@H](CS)C(=O)O,8.36,N[C@@H](CS)C(=O)O,121.161,-0.6719,63.32,3,3,2,0,0.666667,0,0,1,0,1,0,2,1,0,,1,8.579235817006237,-0.21923581700623807
528,N[C@@H](Cc1c[nH]c(S)n1)C(=O)O,8.47,N[C@@H](Cc1c[nH]c(S)n1)C(=O)O,187.224,-0.3472,92.0,4,4,3,1,0.333333,0,0,1,0,1,0,2,1,0,,3,10.326043720737601,-1.8560437207376008
529,N[C@@H](Cc1c[nH]c2ccccc12)C(=O)O,9.3825,N[C@@H](Cc1c[nH]c2ccccc12)C(=O)O,204.229,1.1223,79.11,2,3,3,2,0.181818,0,0,1,0,1,0,2,1,0,,1,8.876790559595607,0.5057094404043934
530,N[C@@H](Cc1c[nH]nn1)C(=O)O,8.55,N[C@@H](Cc1c[nH]nn1)C(=O)O,156.145,-1.2409,104.89,4,3,3,1,0.4,0,0,1,0,1,0,2,1,0,,2,8.31181837643488,0.2381816235651204
531,N[C@@H](Cc1cc(Br)c(O)c(Br)c1)C(=O)O,6.45,N[C@@H](Cc1cc(Br)c(O)c(Br)c1)C(=O)O,338.983,1.8716,83.55,3,3,3,1,0.222222,0,0,1,0,1,0,2,1,0,,3,6.738410060642549,-0.2884100606425486
532,N[C@@H](Cc1cc(Cl)c(O)c(Cl)c1)C(=O)O,6.47,N[C@@H](Cc1cc(Cl)c(O)c(Cl)c1)C(=O)O,250.081,1.6534,83.55,3,3,3,1,0.222222,0,0,1,0,1,0,2,1,0,,1,5.267832765176616,1.202167234823384
533,N[C@@H](Cc1cc(I)c(O)c(I)c1)C(=O)O,6.48,N[C@@H](Cc1cc(I)c(O)c(I)c1)C(=O)O,432.983,1.5558,83.55,3,3,3,1,0.222222,0,0,1,0,1,0,2,1,0,,1,7.1369927209105,-0.6569927209105
534,N[C@@H](Cc1cc[nH]n1)C(=O)O,8.95,N[C@@H](Cc1cc[nH]n1)C(=O)O,155.157,-0.6359,92.0,3,3,3,1,0.333333,0,0,1,0,1,0,2,1,0,,1,8.702243934052559,0.24775606594744026
535,N[C@@H](Cc1ccc(O)c(O)c1)C(=O)O,8.72,N[C@@H](Cc1ccc(O)c(O)c1)C(=O)O,197.19,0.0522,103.78,4,4,3,1,0.222222,0,0,1,0,1,0,2,1,0,,1,6.580850512544886,2.1391494874551142
536,N[C@@H](Cc1ccc(O)cc1)C(=O)N[C@@H](Cc1ccc(O)cc1)C(=O)O,7.68,N[C@@H](Cc1ccc(O)cc1)C(=O)N[C@@H](Cc1ccc(O)cc1)C(=O)O,344.367,0.7797,132.88,5,5,7,2,0.222222,0,0,1,0,1,0,2,1,0,,2,8.160925098581824,-0.48092509858182453
537,N[C@@H](Cc1ccc(O)cc1)C(=O)O,9.59,N[C@@H](Cc1ccc(O)cc1)C(=O)O,181.191,0.3466,83.55,3,3,3,1,0.222222,0,0,1,0,1,0,2,1,0,,2,6.645695981184794,2.944304018815206
538,N[C@@H](Cc1ccccc1)C(=O)NCC(=O)O,7.68,N[C@@H](Cc1ccccc1)C(=O)NCC(=O)O,222.244,-0.2428,92.42,3,3,5,1,0.272727,0,0,1,0,1,0,2,1,0,,1,7.166574843156508,0.5134251568434918
539,N[C@@H](Cc1ccccc1)C(=O)O,9.1425,N[C@@H](Cc1ccccc1)C(=O)O,165.192,0.641,63.32,2,2,3,1,0.222222,0,0,1,0,1,0,2,1,0,,3,5.314857353255738,3.8276426467442617
540,N[C@@H](Cc1cn(Cc2ccccc2)cn1)C(=O)O,9.3,N[C@@H](Cc1cn(Cc2ccccc2)cn1)C(=O)O,245.282,0.8858,81.14,3,2,5,2,0.230769,0,0,1,0,1,0,2,1,0,,1,6.712516738225915,2.5874832617740857
541,N[C@@H](Cc1cnc(I)[nH]1)C(=O)O,8.62,N[C@@H](Cc1cnc(I)[nH]1)C(=O)O,281.053,-0.0313,92.0,3,3,3,1,0.333333,0,0,1,0,1,0,2,1,0,,2,7.332656865819359,1.2873431341806398
542,N[C@@H](Cc1cnc[nH]1)C(=O)NCC(=O)O,5.96,N[C@@H](Cc1cnc[nH]1)C(=O)NCC(=O)O,212.209,-1.5197,121.1,4,4,5,1,0.375,0,0,1,0,1,0,2,1,0,,5,8.390640134563611,-2.4306401345636113
543,N[C@@H](Cc1cnc[nH]1)C(=O)O,9.281428571428572,N[C@@H](Cc1cnc[nH]1)C(=O)O,155.157,-0.6359,92.0,3,3,3,1,0.333333,0,0,1,0,1,0,2,1,0,,2,8.521187585679076,0.7602409857494958
544,N[C@@H](Cc1nc(I)[nH]c1I)C(=O)O,8.18,N[C@@H](Cc1nc(I)[nH]c1I)C(=O)O,406.949,0.5733,92.0,3,3,3,1,0.333333,0,0,1,0,1,0,2,1,0,,3,8.164460969156881,0.015539030843118695
545,N[C@H](C(=O)O)C(O)CC(=O)O,4.29,N[C@H](C(=O)O)C(O)CC(=O)O,163.129,-1.7661,120.85,4,4,4,0,0.6,0,0,2,0,2,0,4,2,0,,1,3.1162931973813013,1.1737068026186988
546,N[C@H](C(=O)O)[C@H](O)C(F)(F)F,7.781,N[C@H](C(=O)O)[C@H](O)C(F)(F)F,173.09,-0.6785,83.55,3,3,2,0,0.75,0,0,1,0,1,0,2,1,0,,1,7.559426323147222,0.22157367685277762
547,Nc1c(C(=O)O)[nH]c(=O)[nH]c1=O,2.63,Nc1c(C(=O)O)[nH]c(=O)[nH]c1=O,171.112,-1.6564,129.04,4,4,1,1,0.0,0,0,1,0,1,0,2,1,0,,2,4.368516593605176,-1.7385165936051763
548,Nc1c(NCC(=O)O)nc(Cl)nc1C(=O)O,4.48,Nc1c(NCC(=O)O)nc(Cl)nc1C(=O)O,246.61,-0.0931,138.43,6,4,4,1,0.142857,0,0,2,0,2,0,4,2,0,,5,4.750999383913188,-0.27099938391318723
549,Nc1cc(Br)ccc1C(=O)O,4.37,Nc1cc(Br)ccc1C(=O)O,216.034,1.7295,63.32,2,2,1,1,0.0,0,0,1,0,1,0,2,1,0,,1,2.732721580714089,1.6372784192859111
550,Nc1cc(C(=O)O)c2ccccc2c1,4.39,Nc1cc(C(=O)O)c2ccccc2c1,187.198,2.1202,63.32,2,2,1,2,0.0,0,0,1,0,1,0,2,1,0,,1,4.4137560055442435,-0.02375600554424384
551,Nc1cc(C(=O)O)cc([N+](=O)[O-])c1,3.55,Nc1cc(C(=O)O)cc([N+](=O)[O-])c1,182.135,0.8752,106.46,4,2,2,1,0.0,0,0,1,0,1,0,2,1,0,,1,2.0411620921460916,1.5088379078539083
552,Nc1cc(C(=O)O)cc2ccccc12,4.46,Nc1cc(C(=O)O)cc2ccccc12,187.198,2.1202,63.32,2,2,1,2,0.0,0,0,1,0,1,0,2,1,0,,4,4.2037501079302695,0.2562498920697305
553,Nc1cc(Cl)ccc1C(=O)O,4.44,Nc1cc(Cl)ccc1C(=O)O,171.583,1.6204,63.32,2,2,1,1,0.0,0,0,1,0,1,0,2,1,0,,1,3.149981157800317,1.2900188421996832
554,Nc1cc(F)ccc1C(=O)O,4.6,Nc1cc(F)ccc1C(=O)O,155.128,1.1061,63.32,2,2,1,1,0.0,0,0,1,0,1,0,2,1,0,,2,3.5229488251984677,1.077051174801532
555,Nc1cc([N+](=O)[O-])ccc1C(=O)O,3.7,Nc1cc([N+](=O)[O-])ccc1C(=O)O,182.135,0.8752,106.46,4,2,2,1,0.0,0,0,1,0,1,0,2,1,0,,5,2.4876357704056438,1.2123642295943564
556,Nc1ccc(Br)cc1C(=O)O,4.41,Nc1ccc(Br)cc1C(=O)O,216.034,1.7295,63.32,2,2,1,1,0.0,0,0,1,0,1,0,2,1,0,,3,3.0047406985904823,1.4052593014095178
557,Nc1ccc(C(=O)O)c(O)c1,3.356666666666667,Nc1ccc(C(=O)O)c(O)c1,153.137,0.6726,83.55,3,3,1,1,0.0,0,0,1,0,1,0,2,1,0,,5,3.842589851575034,-0.48592318490836695
558,Nc1ccc(C(=O)O)cc1,4.832833333333333,Nc1ccc(C(=O)O)cc1,137.138,0.967,63.32,2,2,1,1,0.0,0,0,1,0,1,0,2,1,0,,5,4.288198879855373,0.5446344534779604
559,Nc1ccc(Cl)cc1C(=O)O,4.35,Nc1ccc(Cl)cc1C(=O)O,171.583,1.6204,63.32,2,2,1,1,0.0,0,0,1,0,1,0,2,1,0,,1,3.149981157800317,1.2000188421996825
560,Nc1ccc(F)cc1C(=O)O,4.82,Nc1ccc(F)cc1C(=O)O,155.128,1.1061,63.32,2,2,1,1,0.0,0,0,1,0,1,0,2,1,0,,1,3.6971912090247576,1.1228087909752427
561,Nc1ccc(O)cc1C(=O)O,5.37,Nc1ccc(O)cc1C(=O)O,153.137,0.6726,83.55,3,3,1,1,0.0,0,0,1,0,1,0,2,1,0,,2,3.608719851879901,1.761280148120099
562,Nc1ccc(Oc2ccccc2)cc1C(=O)O,4.88,Nc1ccc(Oc2ccccc2)cc1C(=O)O,229.235,2.7593,72.55,3,2,3,2,0.0,0,0,1,0,1,0,2,1,0,,5,4.626621984647021,0.253378015352979
563,Nc1cccc(C(=O)O)c1,4.749,Nc1cccc(C(=O)O)c1,137.138,0.967,63.32,2,2,1,1,0.0,0,0,1,0,1,0,2,1,0,,5,4.288198879855373,0.4608011201446267
564,Nc1ccccc1C(=O)O,4.911714285714285,Nc1ccccc1C(=O)O,137.138,0.967,63.32,2,2,1,1,0.0,0,0,1,0,1,0,2,1,0,,5,4.288198879855373,0.6235154058589121
565,O=C(/C=C/c1ccc(O)c(O)c1)O[C@@H]1C[C@](O)(C(=O)O)C[C@@H](O)[C@H]1O,3.545,O=C(/C=C/c1ccc(O)c(O)c1)O[C@@H]1C[C@](O)(C(=O)O)C[C@@H](O)[C@H]1O,354.311,-0.6459,164.75,8,6,4,1,0.375,0,0,1,0,1,0,2,1,0,,5,8.249822722284218,-4.704822722284218
566,O=C(CCNC(=O)OCc1ccccc1)N[C@@H](Cc1cnc[nH]1)C(=O)O,6.964,O=C(CCNC(=O)OCc1ccccc1)N[C@@H](Cc1cnc[nH]1)C(=O)O,360.37,0.8381,133.41,5,4,9,2,0.294118,0,0,1,0,1,0,2,1,0,,5,7.130526080574562,-0.16652608057456142
567,O=C(O)/C=C/C(=O)O,3.326,O=C(O)/C=C/C(=O)O,116.072,-0.2882,74.6,2,2,2,0,0.0,0,0,2,0,2,0,4,2,0,,5,2.481654644699828,0.8443453553001721
568,O=C(O)/C=C/c1ccc(O)cc1,4.64,O=C(O)/C=C/c1ccc(O)cc1,164.16,1.49,57.53,2,2,2,1,0.0,0,0,1,0,1,0,2,1,0,,5,3.7855680436336616,0.8544319563663381
569,O=C(O)C#CBr,1.855,O=C(O)C#CBr,148.943,0.4268,37.3,1,1,0,0,0.0,0,0,1,0,1,0,2,1,0,,3,1.880690507058353,-0.025690507058353074
570,O=C(O)C#CCl,1.845,O=C(O)C#CCl,104.492,0.2707,37.3,1,1,0,0,0.0,0,0,1,0,1,0,2,1,0,,2,2.9494002435698405,-1.1044002435698406
571,O=C(O)C#Cc1ccccc1,2.23,O=C(O)C#Cc1ccccc1,146.145,1.1227,37.3,1,1,0,1,0.0,0,0,1,0,1,0,2,1,0,,3,3.855098921771991,-1.6250989217719911
572,O=C(O)C(=O)C=S1SCC=C1c1ccccc1,2.75,O=C(O)C(=O)C=S1SCC=C1c1ccccc1,266.343,2.4141,54.37,3,1,3,1,0.083333,0,0,1,0,1,0,2,1,0,,2,2.749269186881479,0.0007308131185208566
573,O=C(O)C(=O)O,1.1902222222222223,O=C(O)C(=O)O,90.034,-0.8444,74.6,2,2,0,0,0.0,0,0,2,0,2,0,4,2,0,,4,2.641067127164499,-1.4508449049422767
574,O=C(O)C(Br)(Br)Br,0.72,O=C(O)C(Br)(Br)Br,296.74,1.9095,37.3,1,1,0,0,0.5,0,0,1,0,1,0,2,1,0,,2,3.406053349745888,-2.6860533497458876
575,O=C(O)C(Br)Br,1.48,O=C(O)C(Br)Br,217.844,1.1869,37.3,1,1,1,0,0.5,0,0,1,0,1,0,2,1,0,,5,2.4695455323539965,-0.9895455323539966
576,O=C(O)C(C(=O)O)c1ccccc1,2.77,O=C(O)C(C(=O)O)c1ccccc1,180.159,0.9394,74.6,2,2,3,1,0.111111,0,0,2,0,2,0,4,2,0,,5,3.2986262962164754,-0.5286262962164754
577,O=C(O)C(Cc1ccccc1)C(=O)O,2.91,O=C(O)C(Cc1ccccc1)C(=O)O,194.186,1.0145,74.6,2,2,4,1,0.2,0,0,2,0,2,0,4,2,0,,2,3.6131372960974466,-0.7031372960974465
578,O=C(O)C(Cl)(Cl)Cl,0.001,O=C(O)C(Cl)(Cl)Cl,163.387,1.4412,37.3,1,1,0,0,0.5,0,0,1,0,1,0,2,1,0,,2,2.6064522161867485,-2.6054522161867486
579,O=C(O)C(Cl)Cl,1.3250000000000002,O=C(O)C(Cl)Cl,128.942,0.8747,37.3,1,1,1,0,0.5,0,0,1,0,1,0,2,1,0,,5,2.9078320677123872,-1.582832067712387
580,O=C(O)C(F)(F)Cl,0.46,O=C(O)C(F)(F)Cl,130.477,0.9026,37.3,1,1,1,0,0.5,0,0,1,0,1,0,2,1,0,,3,3.074866386786966,-2.614866386786966
581,O=C(O)C(F)(F)F,0.52,O=C(O)C(F)(F)F,114.022,0.6333,37.3,1,1,0,0,0.5,0,0,1,0,1,0,2,1,0,,4,2.650702637687704,-2.130702637687704
582,O=C(O)C(F)F,1.235,O=C(O)C(F)F,96.032,0.3361,37.3,1,1,1,0,0.5,0,0,1,0,1,0,2,1,0,,3,3.7854834132615918,-2.550483413261592
583,O=C(O)C(O)(CO)CO,3.29,O=C(O)C(O)(CO)CO,136.103,-2.2133,97.99,4,4,3,0,0.75,0,0,1,0,1,0,2,1,0,,1,7.264073894872032,-3.974073894872032
584,O=C(O)C(O)(O)C(O)(O)C(=O)O,1.95,O=C(O)C(O)(O)C(O)(O)C(=O)O,182.084,-3.4826,155.52,6,6,3,0,0.5,0,0,2,0,2,0,4,2,0,,1,3.469835947202918,-1.5198359472029181
585,O=C(O)C(O)=C(O)C(=O)O,1.57,O=C(O)C(O)=C(O)C(=O)O,148.07,-0.5168,115.06,4,4,2,0,0.0,0,0,2,0,2,0,4,2,0,,3,-0.20224316046247104,1.772243160462471
586,O=C(O)C(O)C(=O)O,2.37,O=C(O)C(O)C(=O)O,120.06,-1.4835,94.83,3,3,2,0,0.333333,0,0,2,0,2,0,4,2,0,,3,2.5048545202342334,-0.13485452023423328
587,O=C(O)C(O)C(O)C(=O)O,2.6,O=C(O)C(O)C(O)C(=O)O,150.086,-2.1226,115.06,4,4,3,0,0.5,0,0,2,0,2,0,4,2,0,,2,3.4901267766015405,-0.8901267766015404
588,O=C(O)C(O)C(O)C(O)C(=O)O,3.29,O=C(O)C(O)C(O)C(O)C(=O)O,180.112,-2.7617,135.29,5,5,4,0,0.6,0,0,2,0,2,0,4,2,0,,4,2.539003541049315,0.7509964589506852
589,O=C(O)C(O)CC([N+](=O)[O-])([N+](=O)[O-])[N+](=O)[O-],3.05,O=C(O)C(O)CC([N+](=O)[O-])([N+](=O)[O-])[N+](=O)[O-],239.096,-1.6941,186.95,8,2,6,0,0.75,0,0,1,0,1,0,2,1,0,,2,3.795374850799668,-0.745374850799668
590,O=C(O)C(O)c1ccc(Br)cc1,3.15,O=C(O)C(O)c1ccc(Br)cc1,231.045,1.5671,57.53,2,2,2,1,0.125,0,0,1,0,1,0,2,1,0,,2,3.4373888164815,-0.28738881648150016
591,O=C(O)C(O)c1ccc(Cl)cc1,3.15,O=C(O)C(O)c1ccc(Cl)cc1,186.594,1.458,57.53,2,2,2,1,0.125,0,0,1,0,1,0,2,1,0,,3,3.5482600676991964,-0.39826006769919653
592,O=C(O)C(O)c1ccc(F)cc1,3.19,O=C(O)C(O)c1ccc(F)cc1,170.139,0.9437,57.53,2,2,2,1,0.125,0,0,1,0,1,0,2,1,0,,2,4.255348291377866,-1.0653482913778665
593,O=C(O)C(O)c1ccc(I)cc1,3.14,O=C(O)C(O)c1ccc(I)cc1,278.045,1.4092,57.53,2,2,2,1,0.125,0,0,1,0,1,0,2,1,0,,1,3.5462005673755224,-0.40620056737552224
594,O=C(O)C(O)c1ccccc1,3.165,O=C(O)C(O)c1ccccc1,152.149,0.8046,57.53,2,2,2,1,0.125,0,0,1,0,1,0,2,1,0,,5,4.685056663609022,-1.5200566636090223
595,O=C(O)C(O)c1ccccc1Br,3.32,O=C(O)C(O)c1ccccc1Br,231.045,1.5671,57.53,2,2,2,1,0.125,0,0,1,0,1,0,2,1,0,,2,3.4373888164815,-0.11738881648150024
596,O=C(O)C(O)c1ccccc1Cl,3.31,O=C(O)C(O)c1ccccc1Cl,186.594,1.458,57.53,2,2,2,1,0.125,0,0,1,0,1,0,2,1,0,,3,3.5482600676991964,-0.2382600676991964
597,O=C(O)C(O)c1ccccc1F,3.3,O=C(O)C(O)c1ccccc1F,170.139,0.9437,57.53,2,2,2,1,0.125,0,0,1,0,1,0,2,1,0,,2,4.255348291377866,-0.9553482913778666
598,O=C(O)C(S)C(S)C(=O)O,2.71,O=C(O)C(S)C(S)C(=O)O,182.222,-0.2476,74.6,4,4,3,0,0.5,0,0,2,0,2,0,4,2,0,,3,2.4214582213968696,0.28854177860313035
599,O=C(O)C(SC(C(=O)O)c1ccccc1)c1ccccc1,2.61,O=C(O)C(SC(C(=O)O)c1ccccc1)c1ccccc1,302.351,3.3714,74.6,3,2,6,2,0.125,0,0,2,0,2,0,4,2,0,,3,1.9102456184104937,0.6997543815895062
600,O=C(O)C1(O)CC(O)C(O)C(O)C1,3.54,O=C(O)C1(O)CC(O)C(O)C(O)C1,192.167,-2.3214,118.22,5,5,1,0,0.857143,0,0,1,0,1,0,2,1,0,,3,3.1837813891448707,0.3562186108551293
601,O=C(O)C1(O)CCCC1,4.0016,O=C(O)C1(O)CCCC1,130.143,0.3761,57.53,2,2,1,0,0.833333,0,0,1,0,1,0,2,1,0,,3,7.3430919383916216,-3.3414919383916217
602,O=C(O)C1(O)CCCCC1,4.013666666666667,O=C(O)C1(O)CCCCC1,144.17,0.7662,57.53,2,2,1,0,0.857143,0,0,1,0,1,0,2,1,0,,5,6.828862132001294,-2.815195465334627
603,O=C(O)C1(O)CCCCCC1,4.063,O=C(O)C1(O)CCCCCC1,158.197,1.1563,57.53,2,2,1,0,0.875,0,0,1,0,1,0,2,1,0,,1,7.157119946550754,-3.0941199465507543
604,O=C(O)C12CC(C1)C2,4.09,O=C(O)C12CC(C1)C2,112.128,0.8711,37.3,1,1,1,0,0.833333,0,0,1,0,1,0,2,1,0,,1,4.929882326559909,-0.8398823265599091
605,O=C(O)C12CCC(Br)(CC1)C2,4.356,O=C(O)C12CCC(Br)(CC1)C2,219.078,2.1688,37.3,1,1,1,0,0.875,0,0,1,0,1,0,2,1,0,,3,4.669219003053722,-0.31321900305372186
606,O=C(O)C12CCC(Br)(CC1)CC2,4.619,O=C(O)C12CCC(Br)(CC1)CC2,233.105,2.5589,37.3,1,1,1,0,0.888889,0,0,1,0,1,0,2,1,0,,1,4.4361610054536476,0.18283899454635222
607,O=C(O)C12CCC(C(=O)O)(CC1)C2,4.197,O=C(O)C12CCC(C(=O)O)(CC1)C2,184.191,1.1061,74.6,2,2,2,0,0.777778,0,0,2,0,2,0,4,2,0,,3,4.230350748632331,-0.033350748632330784
608,O=C(O)C12CCC(C(=O)O)(CC1)CC2,4.468,O=C(O)C12CCC(C(=O)O)(CC1)CC2,198.218,1.4962,74.6,2,2,2,0,0.8,0,0,2,0,2,0,4,2,0,,4,4.022980253971058,0.445019746028942
609,O=C(O)C12CCC(C1)C2,4.46,O=C(O)C12CCC(C1)C2,126.155,1.2612,37.3,1,1,1,0,0.857143,0,0,1,0,1,0,2,1,0,,4,4.23466817009206,0.22533182990794032
610,O=C(O)C12CCC(CC1)C2,4.883,O=C(O)C12CCC(CC1)C2,140.182,1.6513,37.3,1,1,1,0,0.875,0,0,1,0,1,0,2,1,0,,4,4.12444812463554,0.7585518753644598
611,O=C(O)C12CCC(CC1)CC2,5.084,O=C(O)C12CCC(CC1)CC2,154.209,2.0414,37.3,1,1,1,0,0.888889,0,0,1,0,1,0,2,1,0,,4,4.124377210827844,0.9596227891721556
612,O=C(O)C1=C(C(=O)O)C2C=CC1C2,1.32,O=C(O)C1=C(C(=O)O)C2C=CC1C2,180.159,0.6581,74.6,2,2,2,0,0.333333,0,0,2,0,2,0,4,2,0,,4,1.9817631399797513,-0.6617631399797512
613,O=C(O)C1=C(C(=O)O)C2CCC1C2,1.32,O=C(O)C1=C(C(=O)O)C2CCC1C2,182.175,0.8821,74.6,2,2,2,0,0.555556,0,0,2,0,2,0,4,2,0,,2,3.4896880644125883,-2.169688064412588
614,O=C(O)C1=C(C(=O)O)CC1,1.12,O=C(O)C1=C(C(=O)O)CC1,142.11,0.246,74.6,2,2,2,0,0.333333,0,0,2,0,2,0,4,2,0,,5,2.687084327114329,-1.5670843271143289
615,O=C(O)C1=C(C(=O)O)CCC1,1.64,O=C(O)C1=C(C(=O)O)CCC1,156.137,0.6361,74.6,2,2,2,0,0.428571,0,0,2,0,2,0,4,2,0,,1,2.438207007926497,-0.7982070079264971
616,O=C(O)C1C(C(=O)O)C1(c1ccccc1)c1ccccc1,2.3666666666666667,O=C(O)C1C(C(=O)O)C1(c1ccccc1)c1ccccc1,282.295,2.3879,74.6,2,2,4,2,0.176471,0,0,2,0,2,0,4,2,0,,5,3.4114037776424952,-1.0447371109758286
617,O=C(O)C1C(C(=O)O)C12c1ccccc1-c1ccccc12,3.21,O=C(O)C1C(C(=O)O)C12c1ccccc1-c1ccccc12,280.279,2.3683,74.6,2,2,2,2,0.176471,0,0,2,0,2,0,4,2,0,,2,2.5656520956053437,0.6443479043946563
618,O=C(O)C1C2C=CC(C2)C1C(=O)O,3.97,O=C(O)C1C2C=CC(C2)C1C(=O)O,182.175,0.5939,74.6,2,2,2,0,0.555556,0,0,2,0,2,0,4,2,0,,1,2.754137935865443,1.2158620641345572
619,O=C(O)C1C2CCC(C2)C1C(=O)O,4.02,O=C(O)C1C2CCC(C2)C1C(=O)O,184.191,0.8179,74.6,2,2,2,0,0.777778,0,0,2,0,2,0,4,2,0,,3,4.351332884323596,-0.3313328843235963
620,O=C(O)C1C2CCC(CC2)C1C(=O)O,4.26,O=C(O)C1C2CCC(CC2)C1C(=O)O,198.218,1.208,74.6,2,2,2,0,0.8,0,0,2,0,2,0,4,2,0,,2,4.186544527746135,0.0734554722538645
621,O=C(O)C1C2CCC(O2)C1C(=O)O,3.46,O=C(O)C1C2CCC(O2)C1C(=O)O,186.163,-0.0508,83.83,3,2,2,0,0.75,0,0,2,0,2,0,4,2,0,,4,3.5781303639488344,-0.11813036394883447
622,O=C(O)C1CC(O)C(O)C(O)C1,4.32,O=C(O)C1CC(O)C(O)C(O)C1,176.168,-1.4363,97.99,4,4,1,0,0.857143,0,0,1,0,1,0,2,1,0,,3,4.824378064187607,-0.5043780641876063
623,O=C(O)C1CC2C=CC1(C(=O)O)CC2,3.85,O=C(O)C1CC2C=CC1(C(=O)O)CC2,196.202,1.1281,74.6,2,2,2,0,0.6,0,0,2,0,2,0,4,2,0,,1,2.9978405460929034,0.8521594539070967
624,O=C(O)C1CCCC(C(=O)O)N1,10.12,O=C(O)C1CCCC(C(=O)O)N1,173.168,-0.3337,86.63,3,3,2,0,0.714286,0,0,2,0,2,0,4,2,0,,3,3.1499411485007176,6.970058851499282
625,O=C(O)C1CCCCC1,4.895,O=C(O)C1CCCCC1,128.171,1.6513,37.3,1,1,1,0,0.857143,0,0,1,0,1,0,2,1,0,,4,4.133190640132653,0.761809359867347
626,O=C(O)C1CCCCC1O,4.0,O=C(O)C1CCCCC1O,144.17,0.6221,57.53,2,2,1,0,0.857143,0,0,1,0,1,0,2,1,0,,4,7.548455156935463,-3.5484551569354634
627,O=C(O)C1CSCN1,6.08,O=C(O)C1CSCN1,133.172,-0.2665,49.33,3,2,1,0,0.75,0,0,1,0,1,0,2,1,0,,1,6.988528138539783,-0.9085281385397828
628,O=C(O)C=C(Cl)c1ccccc1,3.56,O=C(O)C=C(Cl)c1ccccc1,182.606,2.3509,37.3,1,1,2,1,0.0,0,0,1,0,1,0,2,1,0,,1,3.7407748756545334,-0.18077487565453332
629,O=C(O)C=C=Cc1ccccc1,3.7,O=C(O)C=C=Cc1ccccc1,160.172,1.9395,37.3,1,1,2,1,0.0,0,0,1,0,1,0,2,1,0,,4,4.149988881137294,-0.44998888113729407
630,O=C(O)C=Cc1ccc(O)c(O)c1,4.555,O=C(O)C=Cc1ccc(O)c(O)c1,180.159,1.1956,77.76,3,3,2,1,0.0,0,0,1,0,1,0,2,1,0,,4,3.999211175882249,0.5557888241177507
631,O=C(O)CBr,3.093666666666666,O=C(O)CBr,138.948,0.4659,37.3,1,1,1,0,0.5,0,0,1,0,1,0,2,1,0,,2,2.842957143264052,0.2507095234026142
632,O=C(O)CC#Cc1ccccc1,3.44,O=C(O)CC#Cc1ccccc1,160.172,1.5128,37.3,1,1,1,1,0.1,0,0,1,0,1,0,2,1,0,,3,3.816743309064329,-0.37674330906432907
633,O=C(O)CC(=O)C(=O)O,2.22,O=C(O)CC(=O)C(=O)O,132.071,-0.8852,91.67,3,2,3,0,0.25,0,0,2,0,2,0,4,2,0,,2,2.5600935267125635,-0.3400935267125633
634,O=C(O)CC(=O)O,2.959142857142857,O=C(O)CC(=O)O,104.061,-0.4543,74.6,2,2,2,0,0.333333,0,0,2,0,2,0,4,2,0,,4,2.949686089550162,0.00945676759269487
635,O=C(O)CC(C(=O)O)C(O)C(=O)O,3.287,O=C(O)CC(C(=O)O)C(O)C(=O)O,192.123,-1.3926,132.13,4,4,5,0,0.5,0,0,3,0,3,0,6,3,0,,1,3.4939327919799426,-0.20693279197994263
636,O=C(O)CC(CC(=O)O)(c1ccccc1)c1ccccc1,4.02,O=C(O)CC(CC(=O)O)(c1ccccc1)c1ccccc1,284.311,2.9221,74.6,2,2,6,2,0.176471,0,0,2,0,2,0,4,2,0,,3,2.6823201516610586,1.337679848338941
637,O=C(O)CC(CC(=O)O)c1ccccc1,4.28,O=C(O)CC(CC(=O)O)c1ccccc1,208.213,1.7196,74.6,2,2,5,1,0.272727,0,0,2,0,2,0,4,2,0,,1,3.2208860745325074,1.0591139254674928
638,O=C(O)CC(CC([N+](=O)[O-])([N+](=O)[O-])[N+](=O)[O-])C(=O)O,3.03,O=C(O)CC(CC([N+](=O)[O-])([N+](=O)[O-])[N+](=O)[O-])C(=O)O,281.133,-0.9641,204.02,8,2,8,0,0.666667,0,0,2,0,2,0,4,2,0,,1,5.988511220650174,-2.958511220650174
639,O=C(O)CC(NCc1ccccc1)C(=O)O,3.34,O=C(O)CC(NCc1ccccc1)C(=O)O,223.228,0.7041,86.63,3,3,6,1,0.272727,0,0,2,0,2,0,4,2,0,,4,5.389185531493676,-2.049185531493676
640,O=C(O)CC(O)(CC(=O)O)C(=O)O,3.035,O=C(O)CC(O)(CC(=O)O)C(=O)O,192.123,-1.2485,132.13,4,4,5,0,0.5,0,0,3,0,3,0,6,3,0,,1,3.4715595091774225,-0.43655950917742237
641,O=C(O)CC(O)C(=O)O,3.22725,O=C(O)CC(O)C(=O)O,134.087,-1.0934,94.83,3,3,3,0,0.5,0,0,2,0,2,0,4,2,0,,4,3.7370224927655595,-0.5097724927655594
642,O=C(O)CC(S)C(=O)O,2.8475,O=C(O)CC(S)C(=O)O,150.155,-0.1559,74.6,3,3,3,0,0.5,0,0,2,0,2,0,4,2,0,,4,3.4926989162960167,-0.6451989162960166
643,O=C(O)CCBr,4.04,O=C(O)CCBr,152.975,0.856,37.3,1,1,2,0,0.666667,0,0,1,0,1,0,2,1,0,,4,3.710742754619784,0.32925724538021583
644,O=C(O)CCC(=O)O,4.2738,O=C(O)CCC(=O)O,118.088,-0.0642,74.6,2,2,3,0,0.5,0,0,2,0,2,0,4,2,0,,5,3.6797052622398896,0.59409473776011
645,O=C(O)CCC(CCC(=O)O)C(=O)O,3.99,O=C(O)CCC(CCC(=O)O)C(=O)O,204.178,0.4168,111.9,3,3,7,0,0.625,0,0,3,0,3,0,6,3,0,,2,3.338474001612898,0.6515259983871022
646,O=C(O)CCC([N+](=O)[O-])([N+](=O)[O-])[N+](=O)[O-],3.64,O=C(O)CCC([N+](=O)[O-])([N+](=O)[O-])[N+](=O)[O-],223.097,-0.6649,166.72,7,1,6,0,0.75,0,0,1,0,1,0,2,1,0,,3,2.7284944092776655,0.9115055907223346
647,O=C(O)CCCC(=O)O,4.25,O=C(O)CCCC(=O)O,132.115,0.3259,74.6,2,2,4,0,0.6,0,0,2,0,2,0,4,2,0,,4,3.936302278644897,0.3136977213551031
648,O=C(O)CCCCC(=O)O,4.386666666666667,O=C(O)CCCCC(=O)O,146.142,0.716,74.6,2,2,5,0,0.666667,0,0,2,0,2,0,4,2,0,,5,4.025677240828837,0.3609894258378299
649,O=C(O)CCCCCC(=O)O,4.484999999999999,O=C(O)CCCCCC(=O)O,160.169,1.1061,74.6,2,2,6,0,0.714286,0,0,2,0,2,0,4,2,0,,5,4.022831342352793,0.46216865764720616
650,O=C(O)CCCCCCC(=O)O,4.53,O=C(O)CCCCCCC(=O)O,174.196,1.4962,74.6,2,2,7,0,0.75,0,0,2,0,2,0,4,2,0,,4,4.332956832600121,0.1970431673998796
651,O=C(O)CCCCCCCC(=O)O,4.56,O=C(O)CCCCCCCC(=O)O,188.223,1.8863,74.6,2,2,8,0,0.777778,0,0,2,0,2,0,4,2,0,,2,4.296459942027981,0.2635400579720182
652,O=C(O)CCCCCCCCC(=O)O,4.49,O=C(O)CCCCCCCCC(=O)O,202.25,2.2764,74.6,2,2,9,0,0.8,0,0,2,0,2,0,4,2,0,,1,4.421220211155597,0.06877978884440328
653,O=C(O)CCCl,4.005,O=C(O)CCCl,108.524,0.6999,37.3,1,1,2,0,0.666667,0,0,1,0,1,0,2,1,0,,4,4.425537849715706,-0.4205378497157062
654,O=C(O)CCN(CC(=O)O)CC(=O)O,3.71,O=C(O)CCN(CC(=O)O)CC(=O)O,205.166,-1.0677,115.14,4,3,7,0,0.571429,0,0,3,0,3,0,6,3,0,,2,3.7810568342698603,-0.07105683426986031
655,O=C(O)CCN(CC(=O)O)CP(=O)(O)O,2.72,O=C(O)CCN(CC(=O)O)CP(=O)(O)O,241.136,-1.0171,135.37,4,4,7,0,0.666667,0,0,2,0,2,0,4,2,0,,2,5.188517655712172,-2.4685176557121715
656,O=C(O)CCN(F)F,3.74,O=C(O)CCN(F)F,125.074,0.5321,40.54,2,1,3,0,0.666667,0,0,1,0,1,0,2,1,0,,5,4.252213886407071,-0.5122138864070704
657,O=C(O)CCNC(=S)C(=S)NCCC(=O)O,3.76,O=C(O)CCNC(=S)C(=S)NCCC(=O)O,264.328,-0.2302,98.66,4,4,6,0,0.5,0,0,2,0,2,0,4,2,0,,1,2.191741357933074,1.568258642066926
658,O=C(O)CCOc1ccccc1,4.32,O=C(O)CCOc1ccccc1,166.176,1.5401,46.53,2,1,4,1,0.222222,0,0,1,0,1,0,2,1,0,,2,4.162836225247785,0.157163774752215
659,O=C(O)CCP(CCC(=O)O)CCC(=O)O,3.81,O=C(O)CCP(CCC(=O)O)CCC(=O)O,250.187,0.8924,111.9,3,3,9,0,0.666667,0,0,3,0,3,0,6,3,0,,1,3.9729948574950646,-0.1629948574950646
660,O=C(O)CCS,4.38,O=C(O)CCS,106.146,0.3909,37.3,2,2,2,0,0.666667,0,0,1,0,1,0,2,1,0,,4,7.345542259159363,-2.9655422591593634
661,O=C(O)CCSCCC(=O)O,3.84,O=C(O)CCSCCC(=O)O,178.209,0.669,74.6,3,2,6,0,0.666667,0,0,2,0,2,0,4,2,0,,4,4.231907769238432,-0.39190776923843185
662,O=C(O)CCc1ccc(Cl)cc1,4.66,O=C(O)CCc1ccc(Cl)cc1,184.622,2.3572,37.3,1,1,3,1,0.222222,0,0,1,0,1,0,2,1,0,,3,4.313301799647361,0.3466982003526393
663,O=C(O)CCc1ccc([N+](=O)[O-])cc1,4.54,O=C(O)CCc1ccc([N+](=O)[O-])cc1,195.174,1.612,80.44,3,1,4,1,0.222222,0,0,1,0,1,0,2,1,0,,5,3.828401152578476,0.711598847421524
664,O=C(O)CCc1cccc([N+](=O)[O-])c1,4.53,O=C(O)CCc1cccc([N+](=O)[O-])c1,195.174,1.612,80.44,3,1,4,1,0.222222,0,0,1,0,1,0,2,1,0,,1,3.492715024624795,1.0372849753752051
665,O=C(O)CCc1ccccc1,4.688,O=C(O)CCc1ccccc1,150.177,1.7038,37.3,1,1,3,1,0.222222,0,0,1,0,1,0,2,1,0,,5,4.345195109367166,0.34280489063283337
666,O=C(O)CCc1ccccc1Br,4.58,O=C(O)CCc1ccccc1Br,229.073,2.4663,37.3,1,1,3,1,0.222222,0,0,1,0,1,0,2,1,0,,1,3.547982130629514,1.032017869370486
667,O=C(O)CCc1ccccc1F,4.6,O=C(O)CCc1ccccc1F,168.167,1.8429,37.3,1,1,3,1,0.222222,0,0,1,0,1,0,2,1,0,,3,4.2107548643400605,0.3892451356599391
668,O=C(O)CCc1ccccc1O,4.75,O=C(O)CCc1ccccc1O,166.176,1.4094,57.53,2,2,3,1,0.222222,0,0,1,0,1,0,2,1,0,,4,5.1885209703050394,-0.43852097030503945
669,O=C(O)CCc1ncc[nH]1,7.56,O=C(O)CCc1ncc[nH]1,140.142,0.4269,65.98,2,2,3,1,0.333333,0,0,1,0,1,0,2,1,0,,3,7.045139846529087,0.514860153470913
670,O=C(O)CCl,2.934,O=C(O)CCl,94.497,0.3098,37.3,1,1,1,0,0.5,0,0,1,0,1,0,2,1,0,,3,3.8395198376423756,-0.9055198376423754
671,O=C(O)CF,2.8113333333333337,O=C(O)CF,78.042,0.0405,37.3,1,1,1,0,0.5,0,0,1,0,1,0,2,1,0,,4,4.132622000714547,-1.3212886673812134
672,O=C(O)CI,3.324666666666667,O=C(O)CI,185.948,0.506,37.3,1,1,1,0,0.5,0,0,1,0,1,0,2,1,0,,2,2.460907514220535,0.8637591524461317
673,O=C(O)CN(CC(=O)O)C1CCCCC1,2.22,O=C(O)CN(CC(=O)O)C1CCCCC1,215.249,0.7903,77.84,3,2,5,0,0.8,0,0,2,0,2,0,4,2,0,,4,3.95467734787106,-1.73467734787106
674,O=C(O)CN(CC(=O)O)CC(=O)Nc1ccc(Br)cc1,2.2,O=C(O)CN(CC(=O)O)CC(=O)Nc1ccc(Br)cc1,345.149,0.8588,106.94,4,3,7,1,0.25,0,0,2,0,2,0,4,2,0,,4,6.002351442720004,-3.8023514427200036
675,O=C(O)CN(CC(=O)O)CC(=O)c1ccccc1,1.875,O=C(O)CN(CC(=O)O)CC(=O)c1ccccc1,251.238,0.3405,94.91,4,2,7,1,0.25,0,0,2,0,2,0,4,2,0,,4,6.925624350940671,-5.050624350940671
676,O=C(O)CN(CC(=O)O)CC(=O)c1cccs1,7.46,O=C(O)CN(CC(=O)O)CC(=O)c1cccs1,257.267,0.402,94.91,5,2,7,1,0.3,0,0,2,0,2,0,4,2,0,,5,5.382355448457677,2.077644551542323
677,O=C(O)CN(CC(=O)O)Cc1ccc([N+](=O)[O-])cc1,7.65,O=C(O)CN(CC(=O)O)Cc1ccc([N+](=O)[O-])cc1,268.225,0.566,120.98,5,2,7,1,0.272727,0,0,2,0,2,0,4,2,0,,2,5.584071130088943,2.0659288699110574
678,O=C(O)CN(CC(=O)O)Cc1ccccc1,2.2375,O=C(O)CN(CC(=O)O)Cc1ccccc1,223.228,0.6578,77.84,3,2,6,1,0.272727,0,0,2,0,2,0,4,2,0,,4,4.941655332063186,-2.704155332063186
679,O=C(O)CN(CC(=O)O)Cc1ccccc1[N+](=O)[O-],8.29,O=C(O)CN(CC(=O)O)Cc1ccccc1[N+](=O)[O-],268.225,0.566,120.98,5,2,7,1,0.272727,0,0,2,0,2,0,4,2,0,,3,7.549874682545136,0.7401253174548632
680,O=C(O)CN(CC(=O)O)Cc1ccccn1,8.215,O=C(O)CN(CC(=O)O)Cc1ccccn1,224.216,0.0528,90.73,4,2,6,1,0.3,0,0,2,0,2,0,4,2,0,,3,4.324338699713222,3.8906613002867783
681,O=C(O)CN(CC(=O)O)c1cc(C(=O)O)c(O)cc1C(=O)O,1.61,O=C(O)CN(CC(=O)O)c1cc(C(=O)O)c(O)cc1C(=O)O,313.218,-0.2358,172.67,6,5,7,1,0.166667,0,0,4,0,4,0,8,4,0,,3,1.920431456848156,-0.3104314568481559
682,O=C(O)CN(CC(=O)O)c1ccc(N(CC(=O)O)CC(=O)O)cc1,2.1,O=C(O)CN(CC(=O)O)c1ccc(N(CC(=O)O)CC(=O)O)cc1,340.288,-0.3622,155.68,6,4,10,1,0.285714,0,0,4,0,4,0,8,4,0,,2,2.063659697293935,0.03634030270606514
683,O=C(O)CN(CCCCCCN(CC(=O)O)CC(=O)O)CC(=O)O,2.41,O=C(O)CN(CCCCCCN(CC(=O)O)CC(=O)O)CC(=O)O,348.352,-0.5108,155.68,6,4,15,0,0.714286,0,0,4,0,4,0,8,4,0,,5,3.5750953017326412,-1.165095301732641
684,O=C(O)CN(CCN(CC(=O)O)CC(=O)O)CC(=O)O,2.6500000000000004,O=C(O)CN(CCN(CC(=O)O)CC(=O)O)CC(=O)O,292.244,-2.0712,155.68,6,4,11,0,0.6,0,0,4,0,4,0,8,4,0,,3,2.943246679673057,-0.29324667967305684
685,O=C(O)CN(CCN(CC(=O)O)Cc1ccccn1)Cc1ccccn1,5.63,O=C(O)CN(CCN(CC(=O)O)Cc1ccccn1)Cc1ccccn1,358.398,0.95,106.86,6,2,11,2,0.333333,0,0,2,0,2,0,4,2,0,,5,5.559038752214651,0.07096124778534918
686,O=C(O)CN(CCO)CC(=O)O,8.7075,O=C(O)CN(CCO)CC(=O)O,177.156,-1.5501,98.07,4,3,6,0,0.666667,0,0,2,0,2,0,4,2,0,,3,4.097234252810669,4.610265747189331
687,O=C(O)CN(CCO)CCO,8.237566666666666,O=C(O)CN(CCO)CCO,163.173,-1.6424,81.0,4,3,6,0,0.833333,0,0,1,0,1,0,2,1,0,,1,10.167472937390489,-1.9299062707238228
688,O=C(O)CN(CCOc1ccccc1)CC(=O)O,8.49,O=C(O)CN(CCOc1ccccc1)CC(=O)O,253.254,0.5366,87.07,4,2,8,1,0.333333,0,0,2,0,2,0,4,2,0,,5,4.373975341725696,4.116024658274304
689,O=C(O)CN(CP(=O)(O)O)CP(=O)(O)O,2.0,O=C(O)CN(CP(=O)(O)O)CP(=O)(O)O,263.079,-1.3566,155.6,4,5,6,0,0.75,0,0,1,0,1,0,2,1,0,,3,8.944715102763361,-6.944715102763361
690,O=C(O)CN1C(C(=O)O)CCCC1C(=O)O,2.71,O=C(O)CN1C(C(=O)O)CCCC1C(=O)O,231.204,-0.5367,115.14,4,3,4,0,0.666667,0,0,3,0,3,0,6,3,0,,3,1.8421381170292888,0.8678618829707112
691,O=C(O)CN1CCCCC1,10.2,O=C(O)CN1CCCCC1,143.186,0.5569,40.54,2,1,2,0,0.857143,0,0,1,0,1,0,2,1,0,,1,5.3148271737080925,4.885172826291907
692,O=C(O)CN1CCOCC1,7.53,O=C(O)CN1CCOCC1,145.158,-0.5968,49.77,3,1,2,0,0.833333,0,0,1,0,1,0,2,1,0,,5,5.16893147991286,2.36106852008714
693,O=C(O)CNC(=O)c1ccccc1O,3.41,O=C(O)CNC(=O)c1ccccc1O,195.174,0.2066,86.63,3,3,3,1,0.111111,0,0,1,0,1,0,2,1,0,,4,5.900914288912345,-2.490914288912345
694,O=C(O)CNCC(=O)O,9.46,O=C(O)CNCC(=O)O,133.103,-1.2548,86.63,3,3,4,0,0.5,0,0,2,0,2,0,4,2,0,,2,3.997670228891975,5.462329771108026
695,O=C(O)CNCCNCC(=O)O,6.483333333333333,O=C(O)CNCCNCC(=O)O,176.172,-1.6652,98.66,4,4,7,0,0.666667,0,0,2,0,2,0,4,2,0,,4,6.145871593990261,0.33746173934307233
696,O=C(O)CNc1ccc(Cl)cc1,4.04,O=C(O)CNc1ccc(Cl)cc1,185.61,1.8365,49.33,2,2,3,1,0.125,0,0,1,0,1,0,2,1,0,,3,3.560547664853051,0.47945233514694907
697,O=C(O)CNc1cccc(Cl)c1,3.93,O=C(O)CNc1cccc(Cl)c1,185.61,1.8365,49.33,2,2,3,1,0.125,0,0,1,0,1,0,2,1,0,,2,3.839759800043295,0.09024019995670507
698,O=C(O)CNc1cccc([N+](=O)[O-])c1,3.752,O=C(O)CNc1cccc([N+](=O)[O-])c1,196.162,1.0913,92.47,4,2,4,1,0.125,0,0,1,0,1,0,2,1,0,,3,4.08755483719438,-0.3355548371943806
699,O=C(O)CNc1ccccc1,4.39,O=C(O)CNc1ccccc1,151.165,1.1831,49.33,2,2,3,1,0.125,0,0,1,0,1,0,2,1,0,,4,4.9596108316818786,-0.5696108316818789
700,O=C(O)CO,3.995,O=C(O)CO,76.051,-0.9367,57.53,2,2,1,0,0.5,0,0,1,0,1,0,2,1,0,,5,8.136752660822319,-4.141752660822319
701,O=C(O)COC(C(=O)O)c1ccccc1,2.87,O=C(O)COC(C(=O)O)c1ccccc1,210.185,0.9135,83.83,3,2,5,1,0.2,0,0,2,0,2,0,4,2,0,,5,2.926833067073452,-0.056833067073451815
702,O=C(O)COc1cc(Cl)c(Cl)cc1Cl,2.833,O=C(O)COc1cc(Cl)c(Cl)cc1Cl,255.484,3.1102,46.53,2,1,3,1,0.125,0,0,1,0,1,0,2,1,0,,5,3.4716266335576336,-0.6386266335576334
703,O=C(O)COc1ccc(Cl)cc1,3.009,O=C(O)COc1ccc(Cl)cc1,186.594,1.8034,46.53,2,1,3,1,0.125,0,0,1,0,1,0,2,1,0,,5,3.711171136059293,-0.702171136059293
704,O=C(O)COc1ccc(Cl)cc1Cl,2.9130000000000003,O=C(O)COc1ccc(Cl)cc1Cl,221.039,2.4568,46.53,2,1,3,1,0.125,0,0,1,0,1,0,2,1,0,,5,3.616154742547329,-0.7031547425473286
705,O=C(O)COc1ccc([N+](=O)[O-])cc1,2.81,O=C(O)COc1ccc([N+](=O)[O-])cc1,197.146,1.0582,89.67,4,1,4,1,0.125,0,0,1,0,1,0,2,1,0,,3,3.19173608566322,-0.38173608566322015
706,O=C(O)COc1cccc(Br)c1,3.04,O=C(O)COc1cccc(Br)c1,231.045,1.9125,46.53,2,1,3,1,0.125,0,0,1,0,1,0,2,1,0,,3,2.9619912331006555,0.07800876689934455
707,O=C(O)COc1cccc(Cl)c1,3.04,O=C(O)COc1cccc(Cl)c1,186.594,1.8034,46.53,2,1,3,1,0.125,0,0,1,0,1,0,2,1,0,,3,3.5660125251017503,-0.5260125251017502
708,O=C(O)COc1cccc([N+](=O)[O-])c1,2.91,O=C(O)COc1cccc([N+](=O)[O-])c1,197.146,1.0582,89.67,4,1,4,1,0.125,0,0,1,0,1,0,2,1,0,,3,3.19173608566322,-0.28173608566322006
709,O=C(O)COc1ccccc1,3.090666666666667,O=C(O)COc1ccccc1,152.149,1.15,46.53,2,1,3,1,0.125,0,0,1,0,1,0,2,1,0,,2,4.090293814885778,-0.9996271482191115
710,O=C(O)COc1ccccc1C(=O)O,2.51,O=C(O)COc1ccccc1C(=O)O,196.158,0.8482,83.83,3,2,4,1,0.111111,0,0,2,0,2,0,4,2,0,,3,2.712397056446252,-0.20239705644625205
711,O=C(O)COc1ccccc1O,3.02,O=C(O)COc1ccccc1O,168.148,0.8556,66.76,3,2,3,1,0.125,0,0,1,0,1,0,2,1,0,,4,4.505158223414861,-1.4851582234148606
712,O=C(O)COc1ccccc1OCC(=O)O,2.4,O=C(O)COc1ccccc1OCC(=O)O,226.184,0.6134,93.06,4,2,6,1,0.2,0,0,2,0,2,0,4,2,0,,4,5.493765652580285,-3.093765652580285
713,O=C(O)CP(=O)(c1ccccc1)c1ccccc1,3.62,O=C(O)CP(=O)(c1ccccc1)c1ccccc1,260.229,2.0851,54.37,2,1,4,2,0.071429,0,0,1,0,1,0,2,1,0,,3,3.945631721699783,-0.32563172169978305
714,O=C(O)CS,3.557,O=C(O)CS,92.119,0.0008,37.3,2,2,1,0,0.5,0,0,1,0,1,0,2,1,0,,4,6.098121967739567,-2.5411219677395667
715,O=C(O)CS(=O)(=O)C(F)(F)F,1.88,O=C(O)CS(=O)(=O)C(F)(F)F,192.114,0.0056,71.44,3,1,2,0,0.666667,0,0,1,0,1,0,2,1,0,,3,4.824107669425713,-2.944107669425713
716,O=C(O)CS(=O)(=O)c1ccc(Br)cc1,2.519,O=C(O)CS(=O)(=O)c1ccc(Br)cc1,279.111,1.3074,71.44,3,1,3,1,0.125,0,0,1,0,1,0,2,1,0,,4,2.722922042392851,-0.20392204239285094
717,O=C(O)CS(=O)(=O)c1ccc(Cl)cc1,2.424,O=C(O)CS(=O)(=O)c1ccc(Cl)cc1,234.66,1.1983,71.44,3,1,3,1,0.125,0,0,1,0,1,0,2,1,0,,2,2.8917391331948172,-0.4677391331948173
718,O=C(O)CS(=O)(=O)c1ccc(F)cc1,2.479,O=C(O)CS(=O)(=O)c1ccc(F)cc1,218.205,0.684,71.44,3,1,3,1,0.125,0,0,1,0,1,0,2,1,0,,4,2.8731030765992513,-0.39410307659925126
719,O=C(O)CS(=O)(=O)c1ccc([N+](=O)[O-])cc1,2.33,O=C(O)CS(=O)(=O)c1ccc([N+](=O)[O-])cc1,245.212,0.4531,114.58,5,1,4,1,0.125,0,0,1,0,1,0,2,1,0,,2,1.7784467400187998,0.5515532599812003
720,O=C(O)CS(=O)(=O)c1cccc(Br)c1,2.523,O=C(O)CS(=O)(=O)c1cccc(Br)c1,279.111,1.3074,71.44,3,1,3,1,0.125,0,0,1,0,1,0,2,1,0,,2,2.6742275701635423,-0.15122757016354216
721,O=C(O)CS(=O)(=O)c1cccc(Cl)c1,2.454,O=C(O)CS(=O)(=O)c1cccc(Cl)c1,234.66,1.1983,71.44,3,1,3,1,0.125,0,0,1,0,1,0,2,1,0,,5,2.9241338933800107,-0.47013389338001055
722,O=C(O)CS(=O)(=O)c1cccc(F)c1,2.432,O=C(O)CS(=O)(=O)c1cccc(F)c1,218.205,0.684,71.44,3,1,3,1,0.125,0,0,1,0,1,0,2,1,0,,2,2.8973581697136996,-0.4653581697136997
723,O=C(O)CS(=O)(=O)c1cccc([N+](=O)[O-])c1,2.362,O=C(O)CS(=O)(=O)c1cccc([N+](=O)[O-])c1,245.212,0.4531,114.58,5,1,4,1,0.125,0,0,1,0,1,0,2,1,0,,2,1.7784467400187998,0.5835532599812003
724,O=C(O)CS(=O)(=O)c1ccccc1,2.513,O=C(O)CS(=O)(=O)c1ccccc1,200.215,0.5449,71.44,3,1,3,1,0.125,0,0,1,0,1,0,2,1,0,,4,3.0598492573667957,-0.5468492573667958
725,O=C(O)CS(=O)C(F)(F)F,2.06,O=C(O)CS(=O)C(F)(F)F,176.115,0.3395,54.37,2,1,2,0,0.666667,0,0,1,0,1,0,2,1,0,,3,4.218365257573197,-2.158365257573197
726,O=C(O)CS(=O)c1ccc(Br)cc1,2.657,O=C(O)CS(=O)c1ccc(Br)cc1,263.112,1.6413,54.37,2,1,3,1,0.125,0,0,1,0,1,0,2,1,0,,5,3.133667327509869,-0.47666732750986895
727,O=C(O)CS(=O)c1ccc(Cl)cc1,2.664,O=C(O)CS(=O)c1ccc(Cl)cc1,218.661,1.5322,54.37,2,1,3,1,0.125,0,0,1,0,1,0,2,1,0,,5,3.320813950151636,-0.6568139501516357
728,O=C(O)CS(=O)c1ccc(F)cc1,2.653,O=C(O)CS(=O)c1ccc(F)cc1,202.206,1.0179,54.37,2,1,3,1,0.125,0,0,1,0,1,0,2,1,0,,5,3.2037371418637894,-0.5507371418637894
729,O=C(O)CS(=O)c1cccc(Br)c1,2.674,O=C(O)CS(=O)c1cccc(Br)c1,263.112,1.6413,54.37,2,1,3,1,0.125,0,0,1,0,1,0,2,1,0,,5,3.133667327509869,-0.45966732750986905
730,O=C(O)CS(=O)c1cccc(Cl)c1,2.663,O=C(O)CS(=O)c1cccc(Cl)c1,218.661,1.5322,54.37,2,1,3,1,0.125,0,0,1,0,1,0,2,1,0,,3,2.9582167328966147,-0.2952167328966149
731,O=C(O)CS(=O)c1cccc(F)c1,2.675,O=C(O)CS(=O)c1cccc(F)c1,202.206,1.0179,54.37,2,1,3,1,0.125,0,0,1,0,1,0,2,1,0,,5,3.2037371418637894,-0.5287371418637896
732,O=C(O)CS(=O)c1ccccc1,2.732,O=C(O)CS(=O)c1ccccc1,184.216,0.8788,54.37,2,1,3,1,0.125,0,0,1,0,1,0,2,1,0,,2,3.6463631356920456,-0.9143631356920454
733,O=C(O)CSC(C(=O)O)c1ccccc1,2.98,O=C(O)CSC(C(=O)O)c1ccccc1,226.253,1.6301,74.6,3,2,5,1,0.2,0,0,2,0,2,0,4,2,0,,4,3.0904972193519233,-0.11049721935192336
734,O=C(O)CSC(F)(F)F,2.95,O=C(O)CSC(F)(F)F,160.116,1.324,37.3,2,1,2,0,0.666667,0,0,1,0,1,0,2,1,0,,4,3.223612063641364,-0.2736120636413637
735,O=C(O)CSC(SCC(=O)O)C(SCC(=O)O)SCC(=O)O,2.89,O=C(O)CSC(SCC(=O)O)C(SCC(=O)O)SCC(=O)O,390.482,0.9098,149.2,8,4,13,0,0.6,0,0,4,0,4,0,8,4,0,,5,3.5364566019572274,-0.6464566019572273
736,O=C(O)CSC(SCC(=O)O)c1ccccc1,3.09,O=C(O)CSC(SCC(=O)O)c1ccccc1,272.347,2.3208,74.6,4,2,7,1,0.272727,0,0,2,0,2,0,4,2,0,,1,3.885554029492901,-0.7955540294929011
737,O=C(O)CSCC(=O)O,3.1950000000000003,O=C(O)CSCC(=O)O,150.155,-0.1112,74.6,3,2,4,0,0.5,0,0,2,0,2,0,4,2,0,,4,3.231944712295423,-0.03694471229542273
738,O=C(O)CSCCSCC(=O)O,3.175,O=C(O)CSCCSCC(=O)O,210.276,0.622,74.6,4,2,7,0,0.666667,0,0,2,0,2,0,4,2,0,,4,5.073835397473904,-1.8988353974739045
739,O=C(O)CSCc1ccccc1,3.708,O=C(O)CSCc1ccccc1,182.244,2.0044,37.3,2,1,4,1,0.222222,0,0,1,0,1,0,2,1,0,,2,3.793095753020345,-0.08509575302034467
740,O=C(O)CSSCC(=O)O,3.06,O=C(O)CSSCC(=O)O,182.222,0.537,74.6,4,2,5,0,0.5,0,0,2,0,2,0,4,2,0,,5,2.6395807800056525,0.4204192199943475
741,O=C(O)CSc1ccc(Br)cc1,3.54,O=C(O)CSc1ccc(Br)cc1,247.113,2.6258,37.3,2,1,3,1,0.125,0,0,1,0,1,0,2,1,0,,2,2.852599525645102,0.6874004743548978
742,O=C(O)CSc1ccc(Cl)cc1,3.53,O=C(O)CSc1ccc(Cl)cc1,202.662,2.5167,37.3,2,1,3,1,0.125,0,0,1,0,1,0,2,1,0,,1,3.4999140806605933,0.03008591933940652
743,O=C(O)CSc1ccc(F)cc1,3.584,O=C(O)CSc1ccc(F)cc1,186.207,2.0024,37.3,2,1,3,1,0.125,0,0,1,0,1,0,2,1,0,,2,3.577978480241622,0.006021519758378169
744,O=C(O)CSc1ccc([N+](=O)[O-])cc1,3.375,O=C(O)CSc1ccc([N+](=O)[O-])cc1,213.214,1.7715,80.44,4,1,4,1,0.125,0,0,1,0,1,0,2,1,0,,5,3.555433310600351,-0.18043331060035106
745,O=C(O)CSc1cccc(Br)c1,3.53,O=C(O)CSc1cccc(Br)c1,247.113,2.6258,37.3,2,1,3,1,0.125,0,0,1,0,1,0,2,1,0,,3,2.9917300312420796,0.5382699687579202
746,O=C(O)CSc1cccc(Cl)c1,3.6,O=C(O)CSc1cccc(Cl)c1,202.662,2.5167,37.3,2,1,3,1,0.125,0,0,1,0,1,0,2,1,0,,4,3.5583458782320836,0.0416541217679165
747,O=C(O)CSc1cccc(F)c1,3.513,O=C(O)CSc1cccc(F)c1,186.207,2.0024,37.3,2,1,3,1,0.125,0,0,1,0,1,0,2,1,0,,2,3.577978480241622,-0.064978480241622
748,O=C(O)CSc1cccc([N+](=O)[O-])c1,3.4,O=C(O)CSc1cccc([N+](=O)[O-])c1,213.214,1.7715,80.44,4,1,4,1,0.125,0,0,1,0,1,0,2,1,0,,2,3.153387889036394,0.2466121109636057
749,O=C(O)CSc1ccccc1,3.4690000000000003,O=C(O)CSc1ccccc1,168.217,1.8633,37.3,2,1,3,1,0.125,0,0,1,0,1,0,2,1,0,,5,3.8829464883606586,-0.4139464883606583
750,O=C(O)CSc1ccccc1C(=O)O,2.93,O=C(O)CSc1ccccc1C(=O)O,212.226,1.5615,74.6,3,2,4,1,0.111111,0,0,2,0,2,0,4,2,0,,5,2.464117838124074,0.4658821618759261
751,O=C(O)C[As](CC(=O)O)c1ccccc1,3.61,O=C(O)C[As](CC(=O)O)c1ccccc1,270.116,0.5576,74.6,2,2,5,1,0.2,0,0,2,0,2,0,4,2,0,,3,0.8420809723401312,2.7679190276598686
752,O=C(O)C[C@H](NO)C(=O)O,3.51,O=C(O)C[C@H](NO)C(=O)O,149.102,-1.1069,106.86,4,4,4,0,0.5,0,0,2,0,2,0,4,2,0,,1,3.3147563944621794,0.19524360553782039
754,O=C(O)C[P+](c1ccccc1)(c1ccccc1)c1ccccc1.[Cl-],1.77,O=C(O)C[P+](c1ccccc1)(c1ccccc1)c1ccccc1.[Cl-],356.789,0.0691,37.3,1,1,5,3,0.05,0,0,1,0,1,0,2,1,0,,3,6.379156069787824,-4.609156069787824
755,O=C(O)C[SH](=O)(O)c1ccc([N+](=O)[O-])cc1,2.586,O=C(O)C[SH](=O)(O)c1ccc([N+](=O)[O-])cc1,247.228,0.528,117.74,4,3,4,1,0.125,0,0,1,0,1,0,2,1,0,,4,5.301324468608114,-2.7153244686081144
756,O=C(O)C[SH](=O)(O)c1cccc([N+](=O)[O-])c1,2.624,O=C(O)C[SH](=O)(O)c1cccc([N+](=O)[O-])c1,247.228,0.528,117.74,4,3,4,1,0.125,0,0,1,0,1,0,2,1,0,,2,5.44427946112747,-2.82027946112747
757,O=C(O)C[Se]CC(=O)O,3.17,O=C(O)C[Se]CC(=O)O,197.048,-0.3036,74.6,2,2,4,0,0.5,0,0,2,0,2,0,4,2,0,,1,2.9327558833469043,0.23724411665309564
758,O=C(O)Cc1c[nH]cn1,7.43,O=C(O)Cc1c[nH]cn1,126.115,0.0368,65.98,2,2,2,1,0.2,0,0,1,0,1,0,2,1,0,,3,6.755914278068278,0.6740857219317213
759,O=C(O)Cc1ccc(Cl)cc1,3.899,O=C(O)Cc1ccc(Cl)cc1,170.595,1.9671,37.3,1,1,2,1,0.125,0,0,1,0,1,0,2,1,0,,4,3.9993431533074064,-0.1003431533074064
760,O=C(O)Cc1ccc(Cl)s1,3.89,O=C(O)Cc1ccc(Cl)s1,176.624,2.0286,37.3,2,1,2,1,0.166667,0,0,1,0,1,0,2,1,0,,4,3.5586696697276645,0.3313303302723356
761,O=C(O)Cc1ccc(F)cc1,3.9325,O=C(O)Cc1ccc(F)cc1,154.14,1.4528,37.3,1,1,2,1,0.125,0,0,1,0,1,0,2,1,0,,3,4.027952537174312,-0.09545253717431201
762,O=C(O)Cc1ccc([N+](=O)[O-])cc1,3.7142,O=C(O)Cc1ccc([N+](=O)[O-])cc1,181.147,1.2219,80.44,3,1,3,1,0.125,0,0,1,0,1,0,2,1,0,,4,3.4391352487624696,0.2750647512375304
763,O=C(O)Cc1ccc2ccccc2c1,4.3,O=C(O)Cc1ccc2ccccc2c1,186.21,2.4669,37.3,1,1,2,2,0.083333,0,0,1,0,1,0,2,1,0,,1,4.388982308180697,-0.08898230818069752
764,O=C(O)Cc1cccc(Cl)c1,3.836,O=C(O)Cc1cccc(Cl)c1,170.595,1.9671,37.3,1,1,2,1,0.125,0,0,1,0,1,0,2,1,0,,4,3.9993431533074064,-0.16334315330740656
765,O=C(O)Cc1cccc(F)c1,3.8535,O=C(O)Cc1cccc(F)c1,154.14,1.4528,37.3,1,1,2,1,0.125,0,0,1,0,1,0,2,1,0,,2,4.200162803113072,-0.34666280311307185
766,O=C(O)Cc1cccc(O)c(=O)c1C(=O)O,3.75,O=C(O)Cc1cccc(O)c(=O)c1C(=O)O,224.168,0.0777,111.9,4,3,3,1,0.1,0,0,2,0,2,0,4,2,0,,5,3.0206068792244465,0.7293931207755535
767,O=C(O)Cc1cccc([N+](=O)[O-])c1,3.97,O=C(O)Cc1cccc([N+](=O)[O-])c1,181.147,1.2219,80.44,3,1,3,1,0.125,0,0,1,0,1,0,2,1,0,,1,3.1837649899322873,0.7862350100677129
768,O=C(O)Cc1cccc2ccccc12,4.23,O=C(O)Cc1cccc2ccccc12,186.21,2.4669,37.3,1,1,2,2,0.083333,0,0,1,0,1,0,2,1,0,,4,4.180570129637798,0.0494298703622027
769,O=C(O)Cc1ccccc(O)c1=O,4.52,O=C(O)Cc1ccccc(O)c1=O,180.159,0.3795,74.6,3,2,2,1,0.111111,0,0,1,0,1,0,2,1,0,,5,4.020122107912346,0.4998778920876532
770,O=C(O)Cc1ccccc1,4.227125,O=C(O)Cc1ccccc1,136.15,1.3137,37.3,1,1,2,1,0.125,0,0,1,0,1,0,2,1,0,,3,4.329897484404556,-0.10277248440455633
771,O=C(O)Cc1ccccn1,5.68,O=C(O)Cc1ccccn1,137.138,0.7087,50.19,2,1,2,1,0.142857,0,0,1,0,1,0,2,1,0,,5,4.1717393609249775,1.5082606390750222
772,O=C(O)Cc1cccs1,3.89,O=C(O)Cc1cccs1,142.179,1.3752,37.3,2,1,2,1,0.166667,0,0,1,0,1,0,2,1,0,,5,4.052533390563456,-0.16253339056345562
773,O=C(O)[C@@H](O)[C@H](O)[C@H](O)[C@@H](O)C(=O)O,3.08,O=C(O)[C@@H](O)[C@H](O)[C@H](O)[C@@H](O)C(=O)O,210.138,-3.4008,155.52,6,6,5,0,0.666667,0,0,2,0,2,0,4,2,0,,1,4.287898198348918,-1.2078981983489179
774,O=C(O)[C@@H]1CCCN1,10.64,O=C(O)[C@@H]1CCCN1,115.132,-0.177,49.33,2,2,1,0,0.8,0,0,1,0,1,0,2,1,0,,5,7.84861696590465,2.7913830340953503
775,O=C(O)[GeH3],3.5,O=[C](O)[GeH3],120.651,-0.9702,37.3,1,1,0,0,0.0,0,0,1,0,1,0,2,1,0,,5,1.7319530184087673,1.7680469815912327
776,O=C(O)c1[nH]c(=O)[nH]c(=O)c1Br,2.38,O=C(O)c1[nH]c(=O)[nH]c(=O)c1Br,234.993,-0.4761,103.02,3,3,1,1,0.0,0,0,1,0,1,0,2,1,0,,4,4.185839914982149,-1.8058399149821494
779,O=C(O)c1c(Cl)cccc1Cl,1.707,O=C(O)c1c(Cl)cccc1Cl,191.013,2.6916,37.3,1,1,1,1,0.0,0,0,1,0,1,0,2,1,0,,1,3.262065134126901,-1.5550651341269008
780,O=C(O)c1c(F)c(F)c(-c2c(F)c(F)c(F)c(F)c2F)c(F)c1F,1.42,O=C(O)c1c(F)c(F)c(-c2c(F)c(F)c(F)c(F)c2F)c(F)c1F,360.131,4.3037,37.3,1,1,2,2,0.0,0,0,1,0,1,0,2,1,0,,5,2.7492658752425845,-1.3292658752425845
781,O=C(O)c1c(F)c(F)c(Br)c(F)c1F,1.66,O=C(O)c1c(F)c(F)c(Br)c(F)c1F,272.979,2.7037,37.3,1,1,1,1,0.0,0,0,1,0,1,0,2,1,0,,5,2.3236423061453566,-0.6636423061453567
782,O=C(O)c1c(F)c(F)c(C(F)(F)F)c(F)c1F,1.44,O=C(O)c1c(F)c(F)c(C(F)(F)F)c(F)c1F,262.08,2.96,37.3,1,1,1,1,0.125,0,0,1,0,1,0,2,1,0,,1,2.375903921757833,-0.9359039217578329
783,O=C(O)c1c(F)c(F)c(Cl)c(F)c1F,1.69,O=C(O)c1c(F)c(F)c(Cl)c(F)c1F,228.528,2.5946,37.3,1,1,1,1,0.0,0,0,1,0,1,0,2,1,0,,4,2.9129289766958677,-1.2229289766958678
784,O=C(O)c1c(F)c(F)c(F)c(F)c1F,1.75,O=C(O)c1c(F)c(F)c(F)c(F)c1F,212.073,2.0803,37.3,1,1,1,1,0.0,0,0,1,0,1,0,2,1,0,,5,3.225793942405977,-1.4757939424059772
785,O=C(O)c1c(F)c(F)c(O)c(F)c1F,2.27,O=C(O)c1c(F)c(F)c(O)c(F)c1F,210.082,1.6468,57.53,2,2,1,1,0.0,0,0,1,0,1,0,2,1,0,,1,2.7089241342662307,-0.43892413426623067
786,O=C(O)c1c(F)c(F)c(S)c(F)c1F,1.67,O=C(O)c1c(F)c(F)c(S)c(F)c1F,226.15,2.2299,37.3,2,2,1,1,0.0,0,0,1,0,1,0,2,1,0,,4,2.1078862069742197,-0.43788620697421976
787,O=C(O)c1c(F)c(F)cc(F)c1F,1.87,O=C(O)c1c(F)c(F)cc(F)c1F,194.083,1.9412,37.3,1,1,1,1,0.0,0,0,1,0,1,0,2,1,0,,5,3.452032050749682,-1.5820320507496817
788,O=C(O)c1c(O)cccc1Cl,2.63,O=C(O)c1c(O)cccc1Cl,172.567,1.7438,57.53,2,2,1,1,0.0,0,0,1,0,1,0,2,1,0,,4,3.1176110577989395,-0.48761105779893965
789,O=C(O)c1c(O)cccc1O,1.0605,O=C(O)c1c(O)cccc1O,154.121,0.796,77.76,3,3,1,1,0.0,0,0,1,0,1,0,2,1,0,,2,3.4478129066476866,-2.3873129066476864
790,O=C(O)c1c(O)cccc1[N+](=O)[O-],2.24,O=C(O)c1c(O)cccc1[N+](=O)[O-],183.119,0.9986,100.67,4,2,2,1,0.0,0,0,1,0,1,0,2,1,0,,2,2.587121316791298,-0.34712131679129765
791,O=C(O)c1c[nH]c(=O)[nH]c1=O,4.16,O=C(O)c1c[nH]c(=O)[nH]c1=O,156.097,-1.2386,103.02,3,3,1,1,0.0,0,0,1,0,1,0,2,1,0,,1,3.8543862388197834,0.30561376118021677
792,O=C(O)c1c[nH]c2ccccc12,3.87,O=C(O)c1c[nH]c2ccccc12,161.16,1.8661,53.09,1,2,1,2,0.0,0,0,1,0,1,0,2,1,0,,1,5.343010637103433,-1.4730106371034326
793,O=C(O)c1c[nH]cn1,6.065,O=C(O)c1c[nH]cn1,112.088,0.1079,65.98,2,2,1,1,0.0,0,0,1,0,1,0,2,1,0,,1,5.13191825621639,0.9330817437836103
794,O=C(O)c1c[nH]nn1,3.22,O=C(O)c1c[nH]nn1,113.076,-0.4971,78.87,3,2,1,1,0.0,0,0,1,0,1,0,2,1,0,,4,4.4810077422881935,-1.2610077422881933
795,O=C(O)c1cc(=O)[nH]c(=O)[nH]1,1.935,O=C(O)c1cc(=O)[nH]c(=O)[nH]1,156.097,-1.2386,103.02,3,3,1,1,0.0,0,0,1,0,1,0,2,1,0,,2,4.360225326654708,-2.4252253266547084
796,O=C(O)c1cc(=O)c(O)co1,-2.34,O=C(O)c1cc(=O)c(O)co1,156.093,0.0436,87.74,4,2,1,1,0.0,0,0,1,0,1,0,2,1,0,,5,2.848246760199634,-5.188246760199634
797,O=C(O)c1cc(=O)cc(-c2ccccc2)o1,1.51,O=C(O)c1cc(=O)cc(-c2ccccc2)o1,216.192,2.005,67.51,3,1,2,2,0.0,0,0,1,0,1,0,2,1,0,,2,3.180370989568301,-1.670370989568301
798,O=C(O)c1cc(=O)cc(-c2ccccc2)s1,2.59,O=C(O)c1cc(=O)cc(-c2ccccc2)s1,232.26,2.4735,54.37,3,1,2,2,0.0,0,0,1,0,1,0,2,1,0,,4,3.2821569217702438,-0.6921569217702439
800,O=C(O)c1cc(=O)cco1,1.5,O=C(O)c1cc(=O)cco1,140.094,0.338,67.51,3,1,1,1,0.0,0,0,1,0,1,0,2,1,0,,5,3.7302850882895218,-2.2302850882895218
801,O=C(O)c1cc(Br)c[nH]1,4.06,O=C(O)c1cc(Br)c[nH]1,189.996,1.4754,53.09,1,2,1,1,0.0,0,0,1,0,1,0,2,1,0,,5,3.5668010186684604,0.49319898133153917
802,O=C(O)c1cc(Br)c[se]1,3.14,O=C(O)c1cc(Br)c[se]1,253.941,1.2043,37.3,1,1,1,1,0.0,0,0,1,0,1,0,2,1,0,,2,2.608815353068161,0.5311846469318393
803,O=C(O)c1cc(Br)cc(Br)c1O,2.162,O=C(O)c1cc(Br)cc(Br)c1O,295.914,2.6154,57.53,2,2,1,1,0.0,0,0,1,0,1,0,2,1,0,,4,2.092500971635972,0.06949902836402799
804,O=C(O)c1cc(Br)ccc1O,2.6514,O=C(O)c1cc(Br)ccc1O,217.018,1.8529,57.53,2,2,1,1,0.0,0,0,1,0,1,0,2,1,0,,4,2.6045097978983347,0.0468902021016655
805,O=C(O)c1cc(Br)cs1,3.11,O=C(O)c1cc(Br)cs1,207.048,2.2088,37.3,2,1,1,1,0.0,0,0,1,0,1,0,2,1,0,,3,2.742299324818926,0.36770067518107385
806,O=C(O)c1cc(C(=O)O)c(C(=O)O)cc1C(=O)O,1.87,O=C(O)c1cc(C(=O)O)c(C(=O)O)cc1C(=O)O,254.15,0.4794,149.2,4,4,4,1,0.0,0,0,4,0,4,0,8,4,0,,1,2.553177751884331,-0.6831777518843309
807,O=C(O)c1cc(C(=O)O)c(C(=O)O)cc1O,1.86,O=C(O)c1cc(C(=O)O)c(C(=O)O)cc1O,226.14,0.4868,132.13,4,4,3,1,0.0,0,0,3,0,3,0,6,3,0,,4,2.5698934631696435,-0.7098934631696434
809,O=C(O)c1cc(C(=O)O)c(O)c(C(=O)O)c1,2.77,O=C(O)c1cc(C(=O)O)c(O)c(C(=O)O)c1,226.14,0.4868,132.13,4,4,3,1,0.0,0,0,3,0,3,0,6,3,0,,2,2.009563214223466,0.760436785776534
810,O=C(O)c1cc(Cl)c[nH]1,4.07,O=C(O)c1cc(Cl)c[nH]1,145.545,1.3663,53.09,1,2,1,1,0.0,0,0,1,0,1,0,2,1,0,,3,4.420053076301907,-0.35005307630190696
811,O=C(O)c1cc(Cl)ccc1Cl,2.466,O=C(O)c1cc(Cl)ccc1Cl,191.013,2.6916,37.3,1,1,1,1,0.0,0,0,1,0,1,0,2,1,0,,5,3.452446449342415,-0.9864464493424148
812,O=C(O)c1cc(Cl)ccc1O,2.695,O=C(O)c1cc(Cl)ccc1O,172.567,1.7438,57.53,2,2,1,1,0.0,0,0,1,0,1,0,2,1,0,,5,3.2285815268329046,-0.5335815268329047
813,O=C(O)c1cc(I)cc(I)c1O,2.299,O=C(O)c1cc(I)cc(I)c1O,389.914,2.2996,57.53,2,2,1,1,0.0,0,0,1,0,1,0,2,1,0,,4,2.8589548717395443,-0.5599548717395444
814,O=C(O)c1cc(I)ccc1O,2.6595000000000004,O=C(O)c1cc(I)ccc1O,264.018,1.695,57.53,2,2,1,1,0.0,0,0,1,0,1,0,2,1,0,,2,2.453090559054594,0.20640944094540625
815,O=C(O)c1cc(N=Nc2ccc(S(=O)(=O)O)cc2)ccc1O,2.38,O=C(O)c1cc(N=Nc2ccc(S(=O)(=O)O)cc2)ccc1O,322.298,2.7525,136.62,6,3,4,2,0.0,0,1,2,0,4,0,3,2,0,,3,2.479821226682249,-0.09982122668224891
816,O=C(O)c1cc(O)c(O)c(O)c1,4.27,O=C(O)c1cc(O)c(O)c(O)c1,170.12,0.5016,97.99,4,4,1,1,0.0,0,0,1,0,1,0,2,1,0,,1,3.0623641739785095,1.20763582602149
817,O=C(O)c1cc(O)c2ccccc2c1,4.25,O=C(O)c1cc(O)c2ccccc2c1,188.182,2.2436,57.53,2,2,1,2,0.0,0,0,1,0,1,0,2,1,0,,2,3.896253475441093,0.3537465245589071
818,O=C(O)c1cc(O)cc(O)c1,4.039,O=C(O)c1cc(O)cc(O)c1,154.121,0.796,77.76,3,3,1,1,0.0,0,0,1,0,1,0,2,1,0,,4,3.7837796193838074,0.25522038061619234
819,O=C(O)c1cc(O)cc2ccccc12,3.69,O=C(O)c1cc(O)cc2ccccc12,188.182,2.2436,57.53,2,2,1,2,0.0,0,0,1,0,1,0,2,1,0,,5,3.7496893176730115,-0.059689317673011555
820,O=C(O)c1cc(O)ccc1O,2.9655,O=C(O)c1cc(O)ccc1O,154.121,0.796,77.76,3,3,1,1,0.0,0,0,1,0,1,0,2,1,0,,3,3.30874462719105,-0.3432446271910501
821,O=C(O)c1cc([N+](=O)[O-])c[nH]1,3.37,O=C(O)c1cc([N+](=O)[O-])c[nH]1,156.097,0.6211,96.23,3,2,2,1,0.0,0,0,1,0,1,0,2,1,0,,2,3.6298782392225637,-0.2598782392225636
822,O=C(O)c1cc([N+](=O)[O-])c[se]1,2.74,O=C(O)c1cc([N+](=O)[O-])c[se]1,220.042,0.35,80.44,3,1,2,1,0.0,0,0,1,0,1,0,2,1,0,,5,2.129891913635537,0.610108086364463
823,O=C(O)c1cc([N+](=O)[O-])cc([N+](=O)[O-])c1O,0.7,O=C(O)c1cc([N+](=O)[O-])cc([N+](=O)[O-])c1O,228.116,0.9068,143.81,6,2,3,1,0.0,0,0,1,0,1,0,2,1,0,,2,1.4945541330241463,-0.7945541330241463
824,O=C(O)c1cc([N+](=O)[O-])cc2ccccc12,2.83,O=C(O)c1cc([N+](=O)[O-])cc2ccccc12,217.18,2.4462,80.44,3,1,2,2,0.0,0,0,1,0,1,0,2,1,0,,4,3.7983341688105945,-0.9683341688105944
825,O=C(O)c1cc([N+](=O)[O-])ccc1O,2.18,O=C(O)c1cc([N+](=O)[O-])ccc1O,183.119,0.9986,100.67,4,2,2,1,0.0,0,0,1,0,1,0,2,1,0,,5,2.5851857574563066,-0.4051857574563065
826,O=C(O)c1cc([N+](=O)[O-])cs1,2.835,O=C(O)c1cc([N+](=O)[O-])cs1,173.149,1.3545,80.44,4,1,2,1,0.0,0,0,1,0,1,0,2,1,0,,1,2.8445623689666037,-0.009562368966603785
827,O=C(O)c1cc2cc(Br)ccc2[nH]1,16.1,O=C(O)c1cc2cc(Br)ccc2[nH]1,240.056,2.6286,53.09,1,2,1,2,0.0,0,0,1,0,1,0,2,1,0,,4,3.4160546913367567,12.683945308663244
828,O=C(O)c1cc2cc([N+](=O)[O-])ccc2[nH]1,14.91,O=C(O)c1cc2cc([N+](=O)[O-])ccc2[nH]1,206.157,1.7743,96.23,3,2,2,2,0.0,0,0,1,0,1,0,2,1,0,,5,4.698888287846413,10.211111712153588
829,O=C(O)c1cc2ccccc2cc1O,2.75,O=C(O)c1cc2ccccc2cc1O,188.182,2.2436,57.53,2,2,1,2,0.0,0,0,1,0,1,0,2,1,0,,3,4.047732627443283,-1.297732627443283
830,O=C(O)c1cc[nH]n1,3.74,O=C(O)c1cc[nH]n1,112.088,0.1079,65.98,2,2,1,1,0.0,0,0,1,0,1,0,2,1,0,,3,5.964748783020954,-2.224748783020954
831,O=C(O)c1ccc(=O)oc1,3.26,O=C(O)c1ccc(=O)oc1,140.094,0.338,67.51,3,1,1,1,0.0,0,0,1,0,1,0,2,1,0,,3,3.5885046035580808,-0.328504603558081
832,O=C(O)c1ccc(Br)[nH]1,4.17,O=C(O)c1ccc(Br)[nH]1,189.996,1.4754,53.09,1,2,1,1,0.0,0,0,1,0,1,0,2,1,0,,1,3.5531900097469187,0.6168099902530813
833,O=C(O)c1ccc(Br)[se]1,3.27,O=C(O)c1ccc(Br)[se]1,253.941,1.2043,37.3,1,1,1,1,0.0,0,0,1,0,1,0,2,1,0,,2,2.608815353068161,0.6611846469318392
834,O=C(O)c1ccc(Br)c2ccccc12,3.37,O=C(O)c1ccc(Br)c2ccccc12,251.079,3.3005,37.3,1,1,1,2,0.0,0,0,1,0,1,0,2,1,0,,2,2.1898869624597204,1.1801130375402797
835,O=C(O)c1ccc(Br)cc1,3.963,O=C(O)c1ccc(Br)cc1,201.019,2.1473,37.3,1,1,1,1,0.0,0,0,1,0,1,0,2,1,0,,4,3.258641775412158,0.7043582245878421
836,O=C(O)c1ccc(Br)cc1C(=O)O,2.5,O=C(O)c1ccc(Br)cc1C(=O)O,245.028,1.8455,74.6,2,2,2,1,0.0,0,0,2,0,2,0,4,2,0,,2,2.9347970065718503,-0.4347970065718503
837,O=C(O)c1ccc(Br)cc1O,2.669,O=C(O)c1ccc(Br)cc1O,217.018,1.8529,57.53,2,2,1,1,0.0,0,0,1,0,1,0,2,1,0,,2,2.6419826332658722,0.0270173667341278
838,O=C(O)c1ccc(Br)s1,3.245,O=C(O)c1ccc(Br)s1,207.048,2.2088,37.3,2,1,1,1,0.0,0,0,1,0,1,0,2,1,0,,5,3.1155890128659434,0.12941098713405674
839,O=C(O)c1ccc(C(=O)O)c(C(=O)O)c1,2.53,O=C(O)c1ccc(C(=O)O)c(C(=O)O)c1,210.141,0.7812,111.9,3,3,3,1,0.0,0,0,3,0,3,0,6,3,0,,3,2.7399756381849794,-0.20997563818497955
840,O=C(O)c1ccc(C2CC2)cc1,4.44,O=C(O)c1ccc(C2CC2)cc1,162.188,2.2622,37.3,1,1,2,1,0.3,0,0,1,0,1,0,2,1,0,,4,4.281620296363892,0.15837970363610854
841,O=C(O)c1ccc(C=C[N+](=O)[O-])cc1,3.94,O=C(O)c1ccc(C=C[N+](=O)[O-])cc1,193.158,1.6322,80.44,3,1,3,1,0.0,0,0,1,0,1,0,2,1,0,,1,3.1080015738232283,0.8319984261767717
842,O=C(O)c1ccc(Cl)[nH]1,4.32,O=C(O)c1ccc(Cl)[nH]1,145.545,1.3663,53.09,1,2,1,1,0.0,0,0,1,0,1,0,2,1,0,,2,4.098987781816401,0.22101221818359917
843,O=C(O)c1ccc(Cl)[se]1,3.3,O=C(O)c1ccc(Cl)[se]1,209.49,1.0952,37.3,1,1,1,1,0.0,0,0,1,0,1,0,2,1,0,,3,3.357901629293683,-0.05790162929368314
844,O=C(O)c1ccc(Cl)c(Cl)c1,3.64,O=C(O)c1ccc(Cl)c(Cl)c1,191.013,2.6916,37.3,1,1,1,1,0.0,0,0,1,0,1,0,2,1,0,,1,3.262065134126901,0.3779348658730992
845,O=C(O)c1ccc(Cl)c2ccccc12,3.36,O=C(O)c1ccc(Cl)c2ccccc12,206.628,3.1914,37.3,1,1,1,2,0.0,0,0,1,0,1,0,2,1,0,,5,3.196415584634672,0.16358441536532808
846,O=C(O)c1ccc(Cl)cc1,3.988,O=C(O)c1ccc(Cl)cc1,156.568,2.0382,37.3,1,1,1,1,0.0,0,0,1,0,1,0,2,1,0,,5,3.934309420003358,0.05369057999664184
847,O=C(O)c1ccc(Cl)cc1Cl,2.73,O=C(O)c1ccc(Cl)cc1Cl,191.013,2.6916,37.3,1,1,1,1,0.0,0,0,1,0,1,0,2,1,0,,5,3.452446449342415,-0.722446449342415
848,O=C(O)c1ccc(Cl)s1,3.3150000000000004,O=C(O)c1ccc(Cl)s1,162.597,2.0997,37.3,2,1,1,1,0.0,0,0,1,0,1,0,2,1,0,,2,3.5131991918037686,-0.19819919180376822
849,O=C(O)c1ccc(F)c2ccccc12,3.7,O=C(O)c1ccc(F)c2ccccc12,190.173,2.6771,37.3,1,1,1,2,0.0,0,0,1,0,1,0,2,1,0,,3,3.819406853088423,-0.1194068530884227
850,O=C(O)c1ccc(F)cc1,3.907428571428572,O=C(O)c1ccc(F)cc1,140.113,1.5239,37.3,1,1,1,1,0.0,0,0,1,0,1,0,2,1,0,,3,3.8572937464393067,0.05013482498926525
851,O=C(O)c1ccc(I)cc1,3.9635,O=C(O)c1ccc(I)cc1,248.019,1.9894,37.3,1,1,1,1,0.0,0,0,1,0,1,0,2,1,0,,4,2.723159429023238,1.2403405709767616
852,O=C(O)c1ccc(I)cc1O,2.75,O=C(O)c1ccc(I)cc1O,264.018,1.695,57.53,2,2,1,1,0.0,0,0,1,0,1,0,2,1,0,,2,2.453090559054594,0.29690944094540583
853,O=C(O)c1ccc(O)c(=O)cc1,4.05,O=C(O)c1ccc(O)c(=O)cc1,166.132,0.4506,74.6,3,2,1,1,0.0,0,0,1,0,1,0,2,1,0,,2,2.9688110683216755,1.0811889316783243
854,O=C(O)c1ccc(O)c(O)c1,4.3755,O=C(O)c1ccc(O)c(O)c1,154.121,0.796,77.76,3,3,1,1,0.0,0,0,1,0,1,0,2,1,0,,3,3.30874462719105,1.0667553728089496
855,O=C(O)c1ccc(O)cc1,4.566666666666666,O=C(O)c1ccc(O)cc1,138.122,1.0904,57.53,2,2,1,1,0.0,0,0,1,0,1,0,2,1,0,,3,4.123643284951899,0.4430233817147675
856,O=C(O)c1ccc(O)cc1O,3.20875,O=C(O)c1ccc(O)cc1O,154.121,0.796,77.76,3,3,1,1,0.0,0,0,1,0,1,0,2,1,0,,4,3.7837796193838074,-0.5750296193838071
857,O=C(O)c1ccc([N+](=O)[O-])[nH]1,3.22,O=C(O)c1ccc([N+](=O)[O-])[nH]1,156.097,0.6211,96.23,3,2,2,1,0.0,0,0,1,0,1,0,2,1,0,,3,4.129252589980314,-0.9092525899803134
858,O=C(O)c1ccc([N+](=O)[O-])[se]1,2.63,O=C(O)c1ccc([N+](=O)[O-])[se]1,220.042,0.35,80.44,3,1,2,1,0.0,0,0,1,0,1,0,2,1,0,,3,2.0392600796803197,0.5907399203196801
859,O=C(O)c1ccc([N+](=O)[O-])c2ccccc12,2.8,O=C(O)c1ccc([N+](=O)[O-])c2ccccc12,217.18,2.4462,80.44,3,1,2,2,0.0,0,0,1,0,1,0,2,1,0,,4,3.7983341688105945,-0.9983341688105947
860,O=C(O)c1ccc([N+](=O)[O-])cc1,3.2511666666666668,O=C(O)c1ccc([N+](=O)[O-])cc1,167.12,1.293,80.44,3,1,2,1,0.0,0,0,1,0,1,0,2,1,0,,4,3.194181989669531,0.05698467699713561
862,O=C(O)c1ccc([N+](=O)[O-])cc1O,2.27,O=C(O)c1ccc([N+](=O)[O-])cc1O,183.119,0.9986,100.67,4,2,2,1,0.0,0,0,1,0,1,0,2,1,0,,4,2.43988250788842,-0.16988250788842008
863,O=C(O)c1ccc([N+](=O)[O-])s1,2.68,O=C(O)c1ccc([N+](=O)[O-])s1,173.149,1.3545,80.44,4,1,2,1,0.0,0,0,1,0,1,0,2,1,0,,4,2.747580606545921,-0.06758060654592102
864,O=C(O)c1ccc2c(c1)OCCO2,4.35,O=C(O)c1ccc2c(c1)OCCO2,180.159,1.156,55.76,3,1,1,1,0.222222,0,0,1,0,1,0,2,1,0,,5,3.405844063759348,0.9441559362406515
865,O=C(O)c1ccc2c(c1)OCO2,4.5,O=C(O)c1ccc2c(c1)OCO2,166.132,1.1135,55.76,3,1,1,1,0.125,0,0,1,0,1,0,2,1,0,,4,3.158261989990506,1.341738010009494
866,O=C(O)c1ccc2ccccc2c1,4.343666666666667,O=C(O)c1ccc2ccccc2c1,172.183,2.538,37.3,1,1,1,2,0.0,0,0,1,0,1,0,2,1,0,,4,3.794945701312656,0.5487209653540104
867,O=C(O)c1ccc2ccccc2n1,4.864,O=C(O)c1ccc2ccccc2n1,173.171,1.933,50.19,2,1,1,2,0.0,0,0,1,0,1,0,2,1,0,,1,3.983597372044427,0.880402627955573
868,O=C(O)c1ccc2cccccc1-2,5.5,O=C(O)c1ccc2cccccc1-2,172.183,2.4896,37.3,1,1,1,0,0.0,0,0,1,0,1,0,2,1,0,,5,4.470137311784203,1.0298626882157969
869,O=C(O)c1ccc2ncccc2c1,4.82,O=C(O)c1ccc2ncccc2c1,173.171,1.933,50.19,2,1,1,2,0.0,0,0,1,0,1,0,2,1,0,,5,3.8913984466743066,0.9286015533256937
870,O=C(O)c1ccc2nccnc2c1,3.64,O=C(O)c1ccc2nccnc2c1,174.159,1.328,63.08,3,1,1,2,0.0,0,0,1,0,1,0,2,1,0,,5,3.525973663394805,0.11402633660519523
871,O=C(O)c1ccc[nH]1,4.475,O=C(O)c1ccc[nH]1,111.1,0.7129,53.09,1,2,1,1,0.0,0,0,1,0,1,0,2,1,0,,1,5.206540155367617,-0.7315401553676173
872,O=C(O)c1ccc[se]1,3.6,O=C(O)c1ccc[se]1,175.045,0.4418,37.3,1,1,1,1,0.0,0,0,1,0,1,0,2,1,0,,4,3.473755651803643,0.12624434819635688
873,O=C(O)c1cccc(Br)c1,3.813,O=C(O)c1cccc(Br)c1,201.019,2.1473,37.3,1,1,1,1,0.0,0,0,1,0,1,0,2,1,0,,1,3.197047157598008,0.6159528424019922
874,O=C(O)c1cccc(Br)c1C(=O)O,2.27,O=C(O)c1cccc(Br)c1C(=O)O,245.028,1.8455,74.6,2,2,2,1,0.0,0,0,2,0,2,0,4,2,0,,2,2.9347970065718503,-0.6647970065718503
875,O=C(O)c1cccc(C(=O)O)c1,3.7,O=C(O)c1cccc(C(=O)O)c1,166.132,1.083,74.6,2,2,2,1,0.0,0,0,2,0,2,0,4,2,0,,4,2.6136839998435972,1.086316000156403
876,O=C(O)c1cccc(C(=O)O)c1C(=O)O,2.84,O=C(O)c1cccc(C(=O)O)c1C(=O)O,210.141,0.7812,111.9,3,3,3,1,0.0,0,0,3,0,3,0,6,3,0,,4,2.330023156352344,0.5099768436476557
877,O=C(O)c1cccc(C(=O)O)n1,4.6,O=C(O)c1cccc(C(=O)O)n1,167.12,0.478,87.49,3,2,2,1,0.0,0,0,2,0,2,0,4,2,0,,4,2.389300031297257,2.2106999687027424
878,O=C(O)c1cccc(C=C[N+](=O)[O-])c1,3.87,O=C(O)c1cccc(C=C[N+](=O)[O-])c1,193.158,1.6322,80.44,3,1,3,1,0.0,0,0,1,0,1,0,2,1,0,,2,3.240659171519242,0.6293408284807582
879,O=C(O)c1cccc(CO)n1,4.61,O=C(O)c1cccc(CO)n1,153.137,0.2721,70.42,3,2,2,1,0.142857,0,0,1,0,1,0,2,1,0,,5,4.737140810092203,-0.1271408100922029
880,O=C(O)c1cccc(Cl)c1,3.8295,O=C(O)c1cccc(Cl)c1,156.568,2.0382,37.3,1,1,1,1,0.0,0,0,1,0,1,0,2,1,0,,3,3.494103956583945,0.335396043416055
882,O=C(O)c1cccc(F)c1,3.626714285714286,O=C(O)c1cccc(F)c1,140.113,1.5239,37.3,1,1,1,1,0.0,0,0,1,0,1,0,2,1,0,,4,4.032048127299733,-0.4053338415854473
883,O=C(O)c1cccc(I)c1O,2.52,O=C(O)c1cccc(I)c1O,264.018,1.695,57.53,2,2,1,1,0.0,0,0,1,0,1,0,2,1,0,,3,2.759789957891168,-0.2397899578911682
884,O=C(O)c1cccc(O)c(=O)c1,3.42,O=C(O)c1cccc(O)c(=O)c1,166.132,0.4506,74.6,3,2,1,1,0.0,0,0,1,0,1,0,2,1,0,,5,3.33470111263358,0.08529888736641977
885,O=C(O)c1cccc(O)c(=O)c1C(=O)O,3.24,O=C(O)c1cccc(O)c(=O)c1C(=O)O,210.141,0.1488,111.9,4,3,2,1,0.0,0,0,2,0,2,0,4,2,0,,2,2.4519338936777926,0.7880661063222076
886,O=C(O)c1cccc(O)c1,4.19,O=C(O)c1cccc(O)c1,138.122,1.0904,57.53,2,2,1,1,0.0,0,0,1,0,1,0,2,1,0,,1,3.9091645379686604,0.28083546203134
887,O=C(O)c1cccc(O)c1O,2.914,O=C(O)c1cccc(O)c1O,154.121,0.796,77.76,3,3,1,1,0.0,0,0,1,0,1,0,2,1,0,,5,3.708556536046684,-0.794556536046684
888,O=C(O)c1cccc([N+](=O)[O-])c1,3.293333333333333,O=C(O)c1cccc([N+](=O)[O-])c1,167.12,1.293,80.44,3,1,2,1,0.0,0,0,1,0,1,0,2,1,0,,2,3.268739340806584,0.024593992526749098
890,O=C(O)c1cccc([N+](=O)[O-])c1O,2.085,O=C(O)c1cccc([N+](=O)[O-])c1O,183.119,0.9986,100.67,4,2,2,1,0.0,0,0,1,0,1,0,2,1,0,,2,2.587121316791298,-0.5021213167912979
891,O=C(O)c1cccc2ccccc12,3.80925,O=C(O)c1cccc2ccccc12,172.183,2.538,37.3,1,1,1,2,0.0,0,0,1,0,1,0,2,1,0,,1,4.029869925596824,-0.22061992559682375
892,O=C(O)c1cccc2cccnc12,6.8,O=C(O)c1cccc2cccnc12,173.171,1.933,50.19,2,1,1,2,0.0,0,0,1,0,1,0,2,1,0,,2,3.741548392377745,3.058451607622255
893,O=C(O)c1cccc2nccnc12,4.026,O=C(O)c1cccc2nccnc12,174.159,1.328,63.08,3,1,1,2,0.0,0,0,1,0,1,0,2,1,0,,4,3.8402088486807564,0.1857911513192434
894,O=C(O)c1ccccc(O)c1=O,3.2,O=C(O)c1ccccc(O)c1=O,166.132,0.4506,74.6,3,2,1,1,0.0,0,0,1,0,1,0,2,1,0,,2,2.9688110683216755,0.23118893167832466
895,O=C(O)c1ccccc1,4.093071428571428,O=C(O)c1ccccc1,122.123,1.3848,37.3,1,1,1,1,0.0,0,0,1,0,1,0,2,1,0,,1,4.138098466993261,-0.04502703842183298
896,O=C(O)c1ccccc1C(=O)O,2.813333333333333,O=C(O)c1ccccc1C(=O)O,166.132,1.083,74.6,2,2,2,1,0.0,0,0,2,0,2,0,4,2,0,,1,3.092806846647739,-0.27947351331440595
897,O=C(O)c1ccccc1C(=O)c1ccccc1,3.536,O=C(O)c1ccccc1C(=O)c1ccccc1,226.231,2.6158,54.37,2,1,3,2,0.0,0,0,1,0,1,0,2,1,0,,1,3.3994284732231637,0.13657152677683637
898,O=C(O)c1ccccc1Cl,3.063333333333333,O=C(O)c1ccccc1Cl,156.568,2.0382,37.3,1,1,1,1,0.0,0,0,1,0,1,0,2,1,0,,2,3.9007469628075144,-0.8374136294741814
899,O=C(O)c1ccccc1Nc1ccccc1,3.925,O=C(O)c1ccccc1Nc1ccccc1,213.236,3.1284,49.33,2,2,3,2,0.0,0,0,1,0,1,0,2,1,0,,4,3.957884971663615,-0.03288497166361504
900,O=C(O)c1ccccc1O,2.9423076923076925,O=C(O)c1ccccc1O,138.122,1.0904,57.53,2,2,1,1,0.0,0,0,1,0,1,0,2,1,0,,3,4.123643284951899,-1.1813355926442064
901,O=C(O)c1ccccc1P(O)O,1.32,O=C(O)c1ccccc1P(O)O,186.103,0.3066,77.76,3,3,2,1,0.0,0,0,1,0,1,0,2,1,0,,1,4.253144736286683,-2.9331447362866827
902,O=C(O)c1ccccc1[N+](=O)[O-],2.1083333333333334,O=C(O)c1ccccc1[N+](=O)[O-],167.12,1.293,80.44,3,1,2,1,0.0,0,0,1,0,1,0,2,1,0,,5,3.6299343795025725,-1.521601046169239
903,O=C(O)c1cccccc1=O,3.73,O=C(O)c1cccccc1=O,150.133,0.745,54.37,2,1,1,1,0.0,0,0,1,0,1,0,2,1,0,,1,3.6817826965294462,0.04821730347055375
904,O=C(O)c1ccccn1,5.4,O=C(O)c1ccccn1,123.111,0.7798,50.19,2,1,1,1,0.0,0,0,1,0,1,0,2,1,0,,5,4.3368903448401035,1.0631096551598969
905,O=C(O)c1cccnc1,4.7725,O=C(O)c1cccnc1,123.111,0.7798,50.19,2,1,1,1,0.0,0,0,1,0,1,0,2,1,0,,2,3.7993571509668156,0.9731428490331844
906,O=C(O)c1cccnc1C(=O)O,4.75,O=C(O)c1cccnc1C(=O)O,167.12,0.478,87.49,3,2,2,1,0.0,0,0,2,0,2,0,4,2,0,,3,2.8199776323212307,1.9300223676787693
907,O=C(O)c1ccco1,3.153,O=C(O)c1ccco1,112.084,0.9778,50.44,2,1,1,1,0.0,0,0,1,0,1,0,2,1,0,,5,4.605330650362557,-1.452330650362557
908,O=C(O)c1cccs1,3.5125,O=C(O)c1cccs1,128.152,1.4463,37.3,2,1,1,1,0.0,0,0,1,0,1,0,2,1,0,,4,3.9379466139453454,-0.4254466139453452
909,O=C(O)c1ccnc(C(=O)O)c1,2.2,O=C(O)c1ccnc(C(=O)O)c1,167.12,0.478,87.49,3,2,2,1,0.0,0,0,2,0,2,0,4,2,0,,3,2.8199776323212307,-0.6199776323212305
910,O=C(O)c1ccncc1,4.876666666666666,O=C(O)c1ccncc1,123.111,0.7798,50.19,2,1,1,1,0.0,0,0,1,0,1,0,2,1,0,,2,3.7993571509668156,1.0773095156998505
911,O=C(O)c1ccncc1C(=O)O,2.95,O=C(O)c1ccncc1C(=O)O,167.12,0.478,87.49,3,2,2,1,0.0,0,0,2,0,2,0,4,2,0,,4,2.389300031297257,0.560699968702743
912,O=C(O)c1ccncc1O,4.83,O=C(O)c1ccncc1O,139.11,0.4854,70.42,3,2,1,1,0.0,0,0,1,0,1,0,2,1,0,,4,3.634738398161097,1.195261601838903
913,O=C(O)c1cn(-c2ccccc2)nn1,2.88,O=C(O)c1cn(-c2ccccc2)nn1,189.174,0.9655,68.01,3,1,2,2,0.0,0,0,1,0,1,0,2,1,0,,4,3.942491276809526,-1.062491276809526
914,O=C(O)c1cnc2ccccc2n1,2.811666666666666,O=C(O)c1cnc2ccccc2n1,174.159,1.328,63.08,3,1,1,2,0.0,0,0,1,0,1,0,2,1,0,,5,3.525973663394805,-0.7143069967281388
915,O=C(O)c1cncc(C(=O)O)c1,2.72,O=C(O)c1cncc(C(=O)O)c1,167.12,0.478,87.49,3,2,2,1,0.0,0,0,2,0,2,0,4,2,0,,2,2.3999469613883013,0.32005303861169887
916,O=C(O)c1cncc(C(=O)O)c1C(=O)O,2.01,O=C(O)c1cncc(C(=O)O)c1C(=O)O,211.129,0.1762,124.79,4,3,3,1,0.0,0,0,3,0,3,0,6,3,0,,1,2.831039630885349,-0.8210396308853491
917,O=C(O)c1cocc1C(=O)O,1.44,O=C(O)c1cocc1C(=O)O,156.093,0.676,87.74,3,2,2,1,0.0,0,0,2,0,2,0,4,2,0,,1,2.9937247877326767,-1.5537247877326767
918,O=C(O)c1csccc1=O,4.1,O=C(O)c1csccc1=O,156.162,0.8065,54.37,3,1,1,1,0.0,0,0,1,0,1,0,2,1,0,,1,3.3877792708058134,0.7122207291941862
919,O=C(O)c1nc(C(=O)O)c(C(=O)O)c(C(=O)O)c1C(=O)O,0.5,O=C(O)c1nc(C(=O)O)c(C(=O)O)c(C(=O)O)c1C(=O)O,299.147,-0.4274,199.39,6,5,5,1,0.0,0,0,5,0,5,0,10,5,0,,2,3.37003334585706,-2.87003334585706
920,O=C(O)c1nc2ccccc2nc1C(=O)O,1.71,O=C(O)c1nc2ccccc2nc1C(=O)O,218.168,1.0262,100.38,4,2,2,2,0.0,0,0,2,0,2,0,4,2,0,,1,2.2210422430979815,-0.5110422430979815
921,O=C(O)c1nc2ccccc2nc1Cl,1.83,O=C(O)c1nc2ccccc2nc1Cl,208.604,1.9814,63.08,3,1,1,2,0.0,0,0,1,0,1,0,2,1,0,,5,2.9528302807474587,-1.1228302807474586
922,O=C(O)c1nc2ccccc2nc1O,2.58,O=C(O)c1nc2ccccc2nc1O,190.158,1.0336,83.31,4,2,1,2,0.0,0,0,1,0,1,0,2,1,0,,4,4.2886116551561795,-1.7086116551561794
923,O=C(O)c1ncccc1O,5.17,O=C(O)c1ncccc1O,139.11,0.4854,70.42,3,2,1,1,0.0,0,0,1,0,1,0,2,1,0,,2,3.1627888684641365,2.0072111315358634
924,O=C(O)c1nnn(-c2ccccc2)c1C(=O)O,2.13,O=C(O)c1nnn(-c2ccccc2)c1C(=O)O,233.183,0.6637,105.31,4,2,3,2,0.0,0,0,2,0,2,0,4,2,0,,3,1.7643112920525463,0.36568870794745356
925,O=C(O)c1occc(=O)c1O,7.67,O=C(O)c1occc(=O)c1O,156.093,0.0436,87.74,4,2,1,1,0.0,0,0,1,0,1,0,2,1,0,,5,2.848246760199634,4.8217532398003655
926,O=C/C(Cl)=C(/Cl)C(=O)O,4.2,O=C/C(Cl)=C(/Cl)C(=O)O,168.963,0.9591,54.37,2,1,2,0,0.0,0,0,1,0,1,0,2,1,0,,1,3.602064917635874,0.5979350823641263
927,O=C1CCC(C(=O)O)CC1,4.38,O=C1CCC(C(=O)O)CC1,142.154,0.8303,54.37,2,1,1,0,0.714286,0,0,1,0,1,0,2,1,0,,2,3.8000072254912194,0.5799927745087805
928,O=CC(=O)O,3.22,O=CC(=O)O,74.035,-0.7301,54.37,2,1,1,0,0.0,0,0,1,0,1,0,2,1,0,,2,3.0386002605612137,0.1813997394387865
929,O=CO,3.744857142857143,O=CO,46.025,-0.2992,37.3,1,1,0,0,0.0,0,0,1,0,1,0,2,1,0,,4,3.316229814880187,0.4286273279769559
930,O=Cc1ccc(C(=O)O)cc1,3.76,O=Cc1ccc(C(=O)O)cc1,150.133,1.1973,54.37,2,1,2,1,0.0,0,0,1,0,1,0,2,1,0,,4,3.9440728089623596,-0.18407280896235978
931,O=Cc1cccc(C(=O)O)c1,3.84,O=Cc1cccc(C(=O)O)c1,150.133,1.1973,54.37,2,1,2,1,0.0,0,0,1,0,1,0,2,1,0,,1,3.8809420404858996,-0.04094204048589978
932,O[C@@H]1CC[C@H](CC1)C(=O)O,4.69,O=C(O)[C@H]1CC[C@H](O)CC1,144.17,0.6221,57.53,2,2,1,0,0.857143,0,0,1,0,1,0,2,1,0,,1,7.832457169417925,-3.1424571694179244
933,[C@@H]1([C@@H](CC1)C(=O)O)C(=O)O,3.94,O=C(O)[C@@H]1CC[C@H]1C(=O)O,144.126,0.1818,74.6,2,2,2,0,0.666667,0,0,2,0,2,0,4,2,0,,4,3.748719485430034,0.1912805145699661
934,[C@@H]1([C@@H](CC=CC1)C(=O)O)C(=O)O,3.89,O=C(O)[C@@H]1CC=CC[C@H]1C(=O)O,170.164,0.738,74.6,2,2,2,0,0.5,0,0,2,0,2,0,4,2,0,,4,2.536144566793114,1.3538554332068862
935,[C@@H]1([C@@H](CCCC1)C(=O)O)C(=O)O,4.199999999999999,O=C(O)[C@@H]1CCCC[C@H]1C(=O)O,172.18,0.962,74.6,2,2,2,0,0.75,0,0,2,0,2,0,4,2,0,,3,4.0490530537459986,0.15094694625400074
936,[C@@H]1([C@@H](CCCCC1)C(=O)O)C(=O)O,4.3,O=C(O)[C@@H]1CCCCC[C@H]1C(=O)O,186.207,1.3521,74.6,2,2,2,0,0.777778,0,0,2,0,2,0,4,2,0,,3,4.137444393440158,0.1625556065598417
937,[C@@H]1([C@@H](CCCCCC1)C(=O)O)C(=O)O,4.37,O=C(O)[C@@H]1CCCCCC[C@H]1C(=O)O,200.234,1.7422,74.6,2,2,2,0,0.8,0,0,2,0,2,0,4,2,0,,4,3.9684095433694466,0.4015904566305535
938,[C@@H]1([C@H](CC1)C(=O)O)C(=O)O,4.16,O=C(O)[C@H]1CC[C@H]1C(=O)O,144.126,0.1818,74.6,2,2,2,0,0.666667,0,0,2,0,2,0,4,2,0,,1,3.7591879032843485,0.40081209671565166
939,[C@@H]1([C@H](CC=CC1)C(=O)O)C(=O)O,3.75,O=C(O)[C@H]1CC=CC[C@H]1C(=O)O,170.164,0.738,74.6,2,2,2,0,0.5,0,0,2,0,2,0,4,2,0,,4,2.536144566793114,1.213855433206886
940,[C@@H]1([C@H](CCCC1)C(=O)O)C(=O)O,4.345000000000001,O=C(O)[C@H]1CCCC[C@H]1C(=O)O,172.18,0.962,74.6,2,2,2,0,0.75,0,0,2,0,2,0,4,2,0,,2,4.077344570847745,0.2676554291522555
941,[C@@H]1([C@H](CCCCC1)C(=O)O)C(=O)O,3.87,O=C(O)[C@H]1CCCCC[C@H]1C(=O)O,186.207,1.3521,74.6,2,2,2,0,0.777778,0,0,2,0,2,0,4,2,0,,5,3.883147748452777,-0.013147748452777108
942,[C@@H]1([C@H](CCCCCC1)C(=O)O)C(=O)O,3.99,O=C(O)[C@H]1CCCCCC[C@H]1C(=O)O,200.234,1.7422,74.6,2,2,2,0,0.8,0,0,2,0,2,0,4,2,0,,2,4.163093266860205,-0.17309326686020476
943,[C@H]1(C[C@@H](C1)C(=O)O)C(=O)O,4.08,O=C(O)[C@H]1C[C@@H](C(=O)O)C1,144.126,0.1818,74.6,2,2,2,0,0.666667,0,0,2,0,2,0,4,2,0,,5,3.7912729711702897,0.28872702882971035
944,[C@H]1(C[C@H](C1)C(=O)O)C(=O)O,4.11,O=C(O)[C@H]1C[C@H](C(=O)O)C1,144.126,0.1818,74.6,2,2,2,0,0.666667,0,0,2,0,2,0,4,2,0,,4,3.748719485430034,0.36128051456996646
945,[N+](=O)([O-])/C=C/C(=O)O,2.58,O=C(O)/C=C/[N+](=O)[O-],117.06,-0.1386,80.44,3,1,2,0,0.0,0,0,1,0,1,0,2,1,0,,3,2.4762714265425343,0.10372857345746578
946,[N+](=O)([O-])C1=CC=C(C=C1)[C@H]1[C@@H](C1)C(=O)O,4.45,O=C(O)[C@@H]1C[C@H]1c1ccc([N+](=O)[O-])cc1,207.185,1.7829,80.44,3,1,3,1,0.3,0,0,1,0,1,0,2,1,0,,3,4.041877517907965,0.4081224820920353
947,[N+](=O)([O-])C=1C=C(C=CC1)[C@H]1[C@@H](C1)C(=O)O,4.41,O=C(O)[C@@H]1C[C@H]1c1cccc([N+](=O)[O-])c1,207.185,1.7829,80.44,3,1,3,1,0.3,0,0,1,0,1,0,2,1,0,,4,3.801707503378201,0.6082924966217993
948,[Se]1[C@H](CC[C@H]1C(=O)O)C(=O)O,3.24,O=C(O)[C@@H]1CC[C@H](C(=O)O)[Se]1,223.086,0.2306,74.6,2,2,2,0,0.666667,0,0,2,0,2,0,4,2,0,,2,3.780507772267931,-0.5405077722679308
949,CC(C)(C)c1ccc(S(=O)(=O)O)c(C(C)(C)C)n1,4.12,CC(C)(C)c1ccc(S(=O)(=O)O)c(C(C)(C)C)n1,271.382,2.9233,67.26,3,1,1,1,0.615385,0,1,1,0,3,0,1,1,0,,2,4.101686314947169,0.018313685052831374
950,CS(=O)(=O)O,-1.53,CS(=O)(=O)O,96.107,-0.496,54.37,2,1,0,0,1.0,0,1,1,0,3,0,1,0,0,,1,7.368910008610521,-8.898910008610521
951,Cc1cc(S(=O)(=O)O)cc(C)n1,5.09,Cc1cc(S(=O)(=O)O)cc(C)n1,187.22,0.94514,67.26,3,1,1,1,0.285714,0,1,1,0,3,0,1,1,0,,3,4.3921286581453955,0.6978713418546043
952,Cc1cc(S(=O)(=O)O)ccc1N,3.1264,Cc1cc(S(=O)(=O)O)ccc1N,187.22,0.82392,80.39,3,2,1,1,0.142857,0,1,1,0,3,0,1,1,0,,3,3.7319925102393894,-0.6055925102393895
953,Cc1ccc(S(=O)(=O)O)c(C)n1,4.89,Cc1ccc(S(=O)(=O)O)c(C)n1,187.22,0.94514,67.26,3,1,1,1,0.285714,0,1,1,0,3,0,1,1,0,,4,3.4968942349983148,1.393105765001685
954,Cc1ccc(S(=O)(=O)O)cc1,-1.34,Cc1ccc(S(=O)(=O)O)cc1,172.205,1.24172,54.37,2,1,1,1,0.142857,0,1,1,0,3,0,1,1,0,,1,3.8523206390275506,-5.1923206390275505
955,Cc1ccc(S(=O)(=O)O)cc1N,3.6323,Cc1ccc(S(=O)(=O)O)cc1N,187.22,0.82392,80.39,3,2,1,1,0.142857,0,1,1,0,3,0,1,1,0,,2,3.448610584267345,0.18368941573265474
956,Cc1ccc2c(S(=O)(=O)O)cc(Br)c(O)c2n1,3.32,Cc1ccc2c(S(=O)(=O)O)cc(Br)c(O)c2n1,318.148,2.25802,87.49,4,2,1,2,0.1,0,1,1,0,3,0,1,1,0,,4,3.5486545170027055,-0.22865451700270567
957,Cc1ccc2c(S(=O)(=O)O)cc([N+](=O)[O-])c(O)c2n1,6.24,Cc1ccc2c(S(=O)(=O)O)cc([N+](=O)[O-])c(O)c2n1,284.249,1.40372,130.63,6,2,2,2,0.1,0,1,1,0,3,0,1,1,0,,2,6.138004486594472,0.10199551340552837
958,Cc1ccc2c(S(=O)(=O)O)ccc(O)c2n1,4.68,Cc1ccc2c(S(=O)(=O)O)ccc(O)c2n1,239.252,1.49552,87.49,4,2,1,2,0.1,0,1,1,0,3,0,1,1,0,,3,4.369884778962566,0.3101152210374334
959,Cc1cccc(C(O)S(=O)(=O)O)n1,4.83,Cc1cccc(C(O)S(=O)(=O)O)n1,203.219,0.26872,87.49,4,2,2,1,0.285714,0,1,1,0,3,0,1,0,0,,2,5.025901396680258,-0.19590139668025763
960,NCC(O)S(=O)(=O)O,9.175,NCC(O)S(=O)(=O)O,141.148,-1.8487,100.62,4,3,2,0,1.0,0,1,1,0,3,0,1,0,0,,1,7.816958871451785,1.3580411285482157
961,NCCOS(=O)(=O)O,9.135,NCCOS(=O)(=O)O,141.148,-1.2355,89.62,4,2,3,0,1.0,0,1,1,0,4,0,1,0,0,,3,10.133544287661561,-0.9985442876615611
962,NCCS(=O)(=O)O,8.98335,NCCS(=O)(=O)O,125.149,-1.1671,80.39,3,2,2,0,1.0,0,1,1,0,3,0,1,0,0,,5,5.7371538061629686,3.246196193837031
963,NNc1ccc(S(=O)(=O)O)cc1,2.61,NNc1ccc(S(=O)(=O)O)cc1,188.208,0.2189,92.42,4,3,2,1,0.0,0,1,1,0,3,0,1,1,0,,1,3.2874437125544973,-0.6774437125544974
964,NNc1cccc(S(=O)(=O)O)c1,2.43,NNc1cccc(S(=O)(=O)O)c1,188.208,0.2189,92.42,4,3,2,1,0.0,0,1,1,0,3,0,1,1,0,,2,3.923745525218809,-1.493745525218809
965,NNc1ccccc1S(=O)(=O)O,2.33,NNc1ccccc1S(=O)(=O)O,188.208,0.2189,92.42,4,3,2,1,0.0,0,1,1,0,3,0,1,1,0,,5,3.4068190961413034,-1.0768190961413033
966,N[C@@H](CS(=O)(=O)O)C(=O)O,1.89,N[C@@H](CS(=O)(=O)O)C(=O)O,169.158,-1.7139,117.69,4,3,3,0,0.666667,0,1,2,0,4,0,3,1,0,,1,1.9902868653926409,-0.10028686539264098
967,Nc1c(S(=O)(=O)O)ccc2ccccc12,1.71,Nc1c(S(=O)(=O)O)ccc2ccccc12,223.253,1.6687,80.39,3,2,1,2,0.0,0,1,1,0,3,0,1,1,0,,5,3.4598408255366837,-1.7498408255366837
968,Nc1cc(S(=O)(=O)O)c2ccccc2c1,3.7,Nc1cc(S(=O)(=O)O)c2ccccc2c1,223.253,1.6687,80.39,3,2,1,2,0.0,0,1,1,0,3,0,1,1,0,,3,3.6401355600327103,0.05986443996728985
969,Nc1cc(S(=O)(=O)O)cc2ccccc12,3.2,Nc1cc(S(=O)(=O)O)cc2ccccc12,223.253,1.6687,80.39,3,2,1,2,0.0,0,1,1,0,3,0,1,1,0,,5,3.4598408255366837,-0.25984082553668353
970,Nc1ccc(S(=O)(=O)O)c2ccccc12,2.81,Nc1ccc(S(=O)(=O)O)c2ccccc12,223.253,1.6687,80.39,3,2,1,2,0.0,0,1,1,0,3,0,1,1,0,,4,3.6898236029319023,-0.8798236029319022
971,Nc1ccc(S(=O)(=O)O)cc1,3.228825,Nc1ccc(S(=O)(=O)O)cc1,173.193,0.5155,80.39,3,2,1,1,0.0,0,1,1,0,3,0,1,1,0,,1,2.9189209655346944,0.3099040344653057
972,Nc1ccc2c(S(=O)(=O)O)cccc2c1,3.96,Nc1ccc2c(S(=O)(=O)O)cccc2c1,223.253,1.6687,80.39,3,2,1,2,0.0,0,1,1,0,3,0,1,1,0,,4,3.6898236029319023,0.2701763970680977
973,Nc1ccc2cc(S(=O)(=O)O)ccc2c1,3.74,Nc1ccc2cc(S(=O)(=O)O)ccc2c1,223.253,1.6687,80.39,3,2,1,2,0.0,0,1,1,0,3,0,1,1,0,,1,3.599884835103752,0.14011516489624842
974,Nc1ccc2ccc(S(=O)(=O)O)cc2c1,3.95,Nc1ccc2ccc(S(=O)(=O)O)cc2c1,223.253,1.6687,80.39,3,2,1,2,0.0,0,1,1,0,3,0,1,1,0,,1,3.599884835103752,0.3501151648962484
975,Nc1ccc2cccc(S(=O)(=O)O)c2c1,3.89,Nc1ccc2cccc(S(=O)(=O)O)c2c1,223.253,1.6687,80.39,3,2,1,2,0.0,0,1,1,0,3,0,1,1,0,,3,3.6401355600327103,0.2498644399672898
976,Nc1ccc2ccccc2c1S(=O)(=O)O,2.35,Nc1ccc2ccccc2c1S(=O)(=O)O,223.253,1.6687,80.39,3,2,1,2,0.0,0,1,1,0,3,0,1,1,0,,4,3.6898236029319023,-1.3398236029319022
977,Nc1cccc(S(=O)(=O)O)c1,3.729025,Nc1cccc(S(=O)(=O)O)c1,173.193,0.5155,80.39,3,2,1,1,0.0,0,1,1,0,3,0,1,1,0,,3,3.128468434203869,0.6005565657961309
978,Nc1cccc2c(S(=O)(=O)O)cccc12,3.69,Nc1cccc2c(S(=O)(=O)O)cccc12,223.253,1.6687,80.39,3,2,1,2,0.0,0,1,1,0,3,0,1,1,0,,3,3.6401355600327103,0.04986443996728962
979,Nc1cccc2cc(S(=O)(=O)O)ccc12,3.8,Nc1cccc2cc(S(=O)(=O)O)ccc12,223.253,1.6687,80.39,3,2,1,2,0.0,0,1,1,0,3,0,1,1,0,,5,3.4598408255366837,0.3401591744633161
980,Nc1cccc2ccc(S(=O)(=O)O)cc12,3.66,Nc1cccc2ccc(S(=O)(=O)O)cc12,223.253,1.6687,80.39,3,2,1,2,0.0,0,1,1,0,3,0,1,1,0,,4,3.6898236029319023,-0.029823602931902116
981,Nc1cccc2cccc(S(=O)(=O)O)c12,5.03,Nc1cccc2cccc(S(=O)(=O)O)c12,223.253,1.6687,80.39,3,2,1,2,0.0,0,1,1,0,3,0,1,1,0,,1,3.599884835103752,1.4301151648962485
982,Nc1ccccc1S(=O)(=O)O,2.4746,Nc1ccccc1S(=O)(=O)O,173.193,0.5155,80.39,3,2,1,1,0.0,0,1,1,0,3,0,1,1,0,,3,3.128468434203869,-0.653868434203869
983,O=C(NCCS(=O)(=O)O)C(=S)NCCS(=O)(=O)O,11.97,O=C(NCCS(=O)(=O)O)C(=S)NCCS(=O)(=O)O,320.37,-2.2048,149.87,6,4,6,0,0.666667,0,1,2,0,6,0,2,0,0,,1,2.7765981990370934,9.193401800962906
984,O=C(O)c1cc(N=Nc2ccc(S(=O)(=O)O)cc2)ccc1O,2.38,O=C(O)c1cc(N=Nc2ccc(S(=O)(=O)O)cc2)ccc1O,322.298,2.7525,136.62,6,3,4,2,0.0,0,1,2,0,4,0,3,2,0,,5,2.8802360787109267,-0.5002360787109268
985,O=C1C(O)=C(S(=O)(=O)O)C(=O)C(O)=C1S(=O)(=O)O,0.75,O=C1C(O)=C(S(=O)(=O)O)C(=O)C(O)=C1S(=O)(=O)O,300.222,-1.547,183.34,8,4,2,0,0.0,0,1,2,0,6,0,2,0,0,,4,7.934416700150436,-7.184416700150436
986,O=C1c2ccccc2C(=O)c2c(O)c(S(=O)(=O)O)cc(O)c21,7.73,O=C1c2ccccc2C(=O)c2c(O)c(S(=O)(=O)O)cc(O)c21,320.278,1.1199,128.97,6,3,1,2,0.0,0,1,1,0,3,0,1,1,0,,1,6.008298998679601,1.7217010013203993
987,O=Nc1c(O)cc(S(=O)(=O)O)c2[nH]ncc12,7.75,O=Nc1c(O)cc(S(=O)(=O)O)c2[nH]ncc12,243.2,0.9131,132.71,6,3,2,2,0.0,0,1,1,0,3,0,1,1,0,,3,7.250017127325248,0.49998287267475217
988,O=Nc1c(O)cc(S(=O)(=O)O)c2cn[nH]c12,5.85,O=Nc1c(O)cc(S(=O)(=O)O)c2cn[nH]c12,243.2,0.9131,132.71,6,3,2,2,0.0,0,1,1,0,3,0,1,1,0,,3,7.250017127325248,-1.4000171273252482
989,O=Nc1c(O)ccc2cc(S(=O)(=O)O)ccc12,7.6,O=Nc1c(O)ccc2cc(S(=O)(=O)O)ccc12,253.235,2.19,104.03,5,2,2,2,0.0,0,1,1,0,3,0,1,1,0,,5,4.820229872399427,2.779770127600573
990,O=Nc1c(S(=O)(=O)O)cc(O)c2[nH]ncc12,8.6,O=Nc1c(S(=O)(=O)O)cc(O)c2[nH]ncc12,243.2,0.9131,132.71,6,3,2,2,0.0,0,1,1,0,3,0,1,1,0,,1,7.049879624687929,1.550120375312071
991,O=Nc1c(S(=O)(=O)O)cc(O)c2cn[nH]c12,7.15,O=Nc1c(S(=O)(=O)O)cc(O)c2cn[nH]c12,243.2,0.9131,132.71,6,3,2,2,0.0,0,1,1,0,3,0,1,1,0,,4,7.949773748069921,-0.7997737480699207
992,O=Nc1cc(S(=O)(=O)O)c2cn[nH]c2c1O,6.35,O=Nc1cc(S(=O)(=O)O)c2cn[nH]c2c1O,243.2,0.9131,132.71,6,3,2,2,0.0,0,1,1,0,3,0,1,1,0,,4,7.949773748069921,-1.5997737480699215
993,O=Nc1ccc2c(S(=O)(=O)O)cccc2c1O,7.32,O=Nc1ccc2c(S(=O)(=O)O)cccc2c1O,253.235,2.19,104.03,5,2,2,2,0.0,0,1,1,0,3,0,1,1,0,,3,6.334374714517606,0.9856252854823939
994,O=P(O)(O)c1ccccc1N=Nc1c(S(=O)(=O)O)cc2cc(S(=O)(=O)O)c(N=Nc3ccc(Cl)cc3P(=O)(O)O)c(O)c2c1O,-2.0,O=P(O)(O)c1ccccc1N=Nc1c(S(=O)(=O)O)cc2cc(S(=O)(=O)O)c(N=Nc3ccc(Cl)cc3P(=O)(O)O)c(O)c2c1O,722.927,3.8346,313.7,12,8,8,4,0.0,0,1,2,0,6,0,2,2,0,,4,4.435772817375545,-6.435772817375545
995,O=S(=O)(O)C(N=Nc1ccccc1)=NNc1ccccc1,-0.92,O=S(=O)(O)C(N=Nc1ccccc1)=NNc1ccccc1,304.331,3.0412,103.48,5,2,3,2,0.0,0,1,1,0,3,0,1,0,0,,4,5.00971141309004,-5.92971141309004
996,O=S(=O)(O)C(O)c1ccccn1,4.05,O=S(=O)(O)C(O)c1ccccn1,189.192,-0.0397,87.49,4,2,2,1,0.166667,0,1,1,0,3,0,1,0,0,,4,4.710145070838675,-0.6601450708386754
997,O=S(=O)(O)C(O)c1cccnc1,4.6,O=S(=O)(O)C(O)c1cccnc1,189.192,-0.0397,87.49,4,2,2,1,0.166667,0,1,1,0,3,0,1,0,0,,1,4.441800915321489,0.15819908467851107
998,O=S(=O)(O)C(O)c1ccncc1,4.95,O=S(=O)(O)C(O)c1ccncc1,189.192,-0.0397,87.49,4,2,2,1,0.166667,0,1,1,0,3,0,1,0,0,,4,4.710145070838675,0.239854929161325
999,O=S(=O)(O)CCc1ccccn1,5.14,O=S(=O)(O)CCc1ccccn1,187.22,0.5119,67.26,3,1,3,1,0.285714,0,1,1,0,3,0,1,0,0,,4,3.829062141083638,1.3109378589163616
1000,O=S(=O)(O)c1c(O)ccc2[nH]ncc12,10.55,O=S(=O)(O)c1c(O)ccc2[nH]ncc12,214.202,0.5152,103.28,4,3,1,2,0.0,0,1,1,0,3,0,1,1,0,,2,7.80025390851425,2.7497460914857506
1001,O=S(=O)(O)c1c(O)ccc2cn[nH]c12,9.45,O=S(=O)(O)c1c(O)ccc2cn[nH]c12,214.202,0.5152,103.28,4,3,1,2,0.0,0,1,1,0,3,0,1,1,0,,2,7.80025390851425,1.6497460914857491
1002,O=S(=O)(O)c1cc(Br)c(O)c2ncccc12,3.22,O=S(=O)(O)c1cc(Br)c(O)c2ncccc12,304.121,1.9496,87.49,4,2,1,2,0.0,0,1,1,0,3,0,1,1,0,,1,3.464962209550908,-0.24496220955090786
1003,O=S(=O)(O)c1cc(Br)c2cccnc2c1O,3.565,O=S(=O)(O)c1cc(Br)c2cccnc2c1O,304.121,1.9496,87.49,4,2,1,2,0.0,0,1,1,0,3,0,1,1,0,,5,3.0781160210426037,0.4868839789573962
1004,O=S(=O)(O)c1cc(Cl)c(O)c2ncccc12,2.91,O=S(=O)(O)c1cc(Cl)c(O)c2ncccc12,259.67,1.8405,87.49,4,2,1,2,0.0,0,1,1,0,3,0,1,1,0,,3,3.5299954609329482,-0.6199954609329481
1005,O=S(=O)(O)c1cc(Cl)c2cccnc2c1O,3.08,O=S(=O)(O)c1cc(Cl)c2cccnc2c1O,259.67,1.8405,87.49,4,2,1,2,0.0,0,1,1,0,3,0,1,1,0,,1,3.9536636775660785,-0.8736636775660784
1006,O=S(=O)(O)c1cc(I)c(O)c2ncccc12,2.5208,O=S(=O)(O)c1cc(I)c(O)c2ncccc12,351.121,1.7917,87.49,4,2,1,2,0.0,0,1,1,0,3,0,1,1,0,,2,3.430844378278244,-0.9100443782782439
1007,O=S(=O)(O)c1cc(I)c2cccnc2c1O,3.58,O=S(=O)(O)c1cc(I)c2cccnc2c1O,351.121,1.7917,87.49,4,2,1,2,0.0,0,1,1,0,3,0,1,1,0,,5,3.020855541748844,0.559144458251156
1008,O=S(=O)(O)c1cc(N=Nc2ccccc2)c(O)c2ncccc12,3.41,O=S(=O)(O)c1cc(N=Nc2ccccc2)c(O)c2ncccc12,329.337,3.6025,112.21,6,2,3,3,0.0,0,1,1,0,3,0,1,1,0,,4,7.828362773374069,-4.418362773374069
1009,O=S(=O)(O)c1cc(O)c2[nH]ncc2c1,8.0,O=S(=O)(O)c1cc(O)c2[nH]ncc2c1,214.202,0.5152,103.28,4,3,1,2,0.0,0,1,1,0,3,0,1,1,0,,5,8.100112653614836,-0.10011265361483623
1010,O=S(=O)(O)c1cc(O)c2cn[nH]c2c1,8.1,O=S(=O)(O)c1cc(O)c2cn[nH]c2c1,214.202,0.5152,103.28,4,3,1,2,0.0,0,1,1,0,3,0,1,1,0,,3,9.187270871889737,-1.0872708718897375
1011,O=S(=O)(O)c1cc(O)cc2[nH]ncc12,8.85,O=S(=O)(O)c1cc(O)cc2[nH]ncc12,214.202,0.5152,103.28,4,3,1,2,0.0,0,1,1,0,3,0,1,1,0,,4,7.800274780582208,1.049725219417792
1012,O=S(=O)(O)c1cc(O)cc2cn[nH]c12,9.65,O=S(=O)(O)c1cc(O)cc2cn[nH]c12,214.202,0.5152,103.28,4,3,1,2,0.0,0,1,1,0,3,0,1,1,0,,1,7.9003107451454575,1.7496892548545429
1013,O=S(=O)(O)c1cc2cn[nH]c2c(S(=O)(=O)O)c1O,9.4,O=S(=O)(O)c1cc2cn[nH]c2c(S(=O)(=O)O)c1O,294.266,-0.2381,157.65,6,4,2,2,0.0,0,1,2,0,6,0,2,2,0,,1,3.2276075167921547,6.172392483207846
1014,O=S(=O)(O)c1ccc(N=NN(O)c2ccccc2)cc1,9.99,O=S(=O)(O)c1ccc(N=NN(O)c2ccccc2)cc1,293.304,2.8278,102.56,5,2,4,2,0.0,0,1,1,0,3,0,1,1,0,,4,4.704945087174696,5.285054912825304
1015,O=S(=O)(O)c1ccc(O)c2[nH]ncc12,7.6,O=S(=O)(O)c1ccc(O)c2[nH]ncc12,214.202,0.5152,103.28,4,3,1,2,0.0,0,1,1,0,3,0,1,1,0,,3,9.187270871889737,-1.5872708718897375
1016,O=S(=O)(O)c1ccc(O)c2cn[nH]c12,7.6,O=S(=O)(O)c1ccc(O)c2cn[nH]c12,214.202,0.5152,103.28,4,3,1,2,0.0,0,1,1,0,3,0,1,1,0,,3,9.187270871889737,-1.5872708718897375
1017,O=S(=O)(O)c1ccc2c(N=Nc3nc4ccccc4s3)c(O)ccc2c1,8.41,O=S(=O)(O)c1ccc2c(N=Nc3nc4ccccc4s3)c(O)ccc2c1,385.426,4.8172,112.21,7,2,3,4,0.0,0,1,1,0,3,0,1,1,0,,2,5.4476884105410965,2.9623115894589036
1018,O=S(=O)(O)c1ccc2c(N=Nc3nccs3)c(O)ccc2c1,8.38,O=S(=O)(O)c1ccc2c(N=Nc3nccs3)c(O)ccc2c1,335.366,3.664,112.21,7,2,3,3,0.0,0,1,1,0,3,0,1,1,0,,3,3.910931315496047,4.469068684503954
1019,O=S(=O)(O)c1ccc2cccnc2c1O,3.805,O=S(=O)(O)c1ccc2cccnc2c1O,225.225,1.1871,87.49,4,2,1,2,0.0,0,1,1,0,3,0,1,1,0,,5,4.766986277343171,-0.9619862773431707
1020,O=S(=O)(O)c1cccc2ncc(O)cc12,4.09,O=S(=O)(O)c1cccc2ncc(O)cc12,225.225,1.1871,87.49,4,2,1,2,0.0,0,1,1,0,3,0,1,1,0,,4,4.857793280487195,-0.7677932804871954
1021,O=S(=O)(O)c1ccccn1,1.75,O=S(=O)(O)c1ccccn1,159.166,0.3283,67.26,3,1,1,1,0.0,0,1,1,0,3,0,1,1,0,,2,3.240106246382888,-1.4901062463828878
1022,O=S(=O)(O)c1cccnc1,3.22,O=S(=O)(O)c1cccnc1,159.166,0.3283,67.26,3,1,1,1,0.0,0,1,1,0,3,0,1,1,0,,1,3.3396645329488135,-0.1196645329488133
1023,O=S(=O)(O)c1ccncc1,3.44,O=S(=O)(O)c1ccncc1,159.166,0.3283,67.26,3,1,1,1,0.0,0,1,1,0,3,0,1,1,0,,5,2.7200373021061575,0.7199626978938425
1024,O=[N+]([O-])c1cc(S(=O)(=O)O)c2cccnc2c1O,5.6850000000000005,O=[N+]([O-])c1cc(S(=O)(=O)O)c2cccnc2c1O,270.222,1.0953,130.63,6,2,2,2,0.0,0,1,1,0,3,0,1,1,0,,4,6.502730266017929,-0.8177302660179286
1025,O=[N+]([O-])c1ccc(N=Nc2cc(S(=O)(=O)O)c3cccnc3c2O)cc1,7.494,O=[N+]([O-])c1ccc(N=Nc2cc(S(=O)(=O)O)c3cccnc3c2O)cc1,374.334,3.5107,155.35,8,2,4,3,0.0,0,1,1,0,3,0,1,1,0,,2,6.267102581361194,1.2268974186388055
1026,O=c1cc(S(=O)(=O)O)[nH]c(=O)[nH]1,7.26,O=c1cc(S(=O)(=O)O)[nH]c(=O)[nH]1,192.152,-1.6901,120.09,4,3,1,1,0.0,0,1,1,0,3,0,1,1,0,,3,4.409799076430946,2.850200923569054
