source_csv_row,SMILES,pka_value,canonical_smiles,MW,logP,TPSA,HBA,HBD,rotatable_bonds,aromatic_rings,FractionCSP3,formal_charge,acid_type,acid_group_count,local_heteroatom_count,nearest_heteroatom_distance,local_conjugation,error,cv_fold,predicted_pka_value,residual_pka_value
2,Br/C=C/C(=O)O,3.71,O=C(O)/C=C/Br,150.959,0.9796,37.3,1,1,1,0,0.0,0,0,1,1,2,1,,2,1.6968404830807122,2.0131595169192877
3,BrC1=C(C=CC=C1)/C=C/C(=O)O,4.23,O=C(O)/C=C/c1ccccc1Br,227.057,2.5469,37.3,1,1,2,1,0.0,0,0,1,1,2,1,,5,2.224365664531126,2.0056343354688746
4,Br\C=C/C(=O)O,3.32,O=C(O)/C=C\Br,150.959,0.9796,37.3,1,1,1,0,0.0,0,0,1,1,2,1,,2,1.6968404830807122,1.6231595169192876
5,C#CC#CC#CC(=O)O,1.67,C#CC#CC#CC(=O)O,118.091,-0.289,37.3,1,1,0,0,0.0,0,0,1,1,2,1,,1,2.029102394346113,-0.35910239434611313
6,C#CC(=O)O,1.8635,C#CC(=O)O,70.047,-0.2958,37.3,1,1,0,0,0.0,0,0,1,1,2,1,,5,2.566166214976513,-0.702666214976513
7,C#CCC(=O)O,3.32,C#CCC(=O)O,84.074,0.0943,37.3,1,1,1,0,0.25,0,0,1,1,2,1,,2,3.8019615737795274,-0.48196157377952753
8,C#CCCC(=O)O,4.2,C#CCCC(=O)O,98.101,0.4844,37.3,1,1,2,0,0.4,0,0,1,1,2,1,,2,4.377915719736108,-0.17791571973610765
9,C#CCCCC(=O)O,4.59,C#CCCCC(=O)O,112.128,0.8745,37.3,1,1,3,0,0.5,0,0,1,1,2,1,,2,4.74560403105847,-0.15560403105846987
10,C#CCCCCC(=O)O,4.57,C#CCCCCC(=O)O,126.155,1.2646,37.3,1,1,4,0,0.571429,0,0,1,1,2,1,,4,4.657866261775025,-0.08786626177502477
11,C(C)(=O)NC1=CC=C(C=C1)[C@H]1[C@@H](C1)C(=O)O,4.57,CC(=O)Nc1ccc([C@@H]2C[C@H]2C(=O)O)cc1,219.24,1.8331,66.4,2,2,3,1,0.333333,0,0,1,1,2,1,,2,5.030474258252829,-0.4604742582528285
12,C(\C=C/CC)(=O)O,4.7,CC/C=C\C(=O)O,100.117,1.0372,37.3,1,1,2,0,0.4,0,0,1,1,2,1,,1,4.011768716562267,0.6882312834377329
13,C(\C=C/CCC)(=O)O,4.63,CCC/C=C\C(=O)O,114.144,1.4273,37.3,1,1,3,0,0.5,0,0,1,1,2,1,,3,4.326698445743324,0.3033015542566755
14,C(\C=C/CCCC)(=O)O,4.12,CCCC/C=C\C(=O)O,128.171,1.8174,37.3,1,1,4,0,0.571429,0,0,1,1,2,1,,3,4.510418283791486,-0.3904182837914858
15,C(\C=C\C#C)(=O)O,3.75,C#C/C=C/C(=O)O,96.085,0.2604,37.3,1,1,1,0,0.0,0,0,1,1,2,1,,5,2.266644576095653,1.4833554239043472
16,C(\C=C\C#CC)(=O)O,4.2,CC#C/C=C/C(=O)O,110.112,0.6505,37.3,1,1,1,0,0.166667,0,0,1,1,2,1,,5,2.721760575217436,1.478239424782564
17,C(\C=C\CC)(=O)O,4.74,CC/C=C/C(=O)O,100.117,1.0372,37.3,1,1,2,0,0.4,0,0,1,1,2,1,,3,4.017397809122847,0.7226021908771534
18,C(\C=C\CCCC)(=O)O,4.88,CCCC/C=C/C(=O)O,128.171,1.8174,37.3,1,1,4,0,0.571429,0,0,1,1,2,1,,4,4.49806786121453,0.38193213878547017
19,C/C(=C/C(=O)O)C(=O)O,2.2,C/C(=C/C(=O)O)C(=O)O,130.099,0.1019,74.6,2,2,2,0,0.2,0,0,2,2,4,2,,4,2.0754482094297755,0.1245517905702247
20,C/C(Cl)=C/C(=O)O,4.0075,C/C(Cl)=C/C(=O)O,120.535,1.2136,37.3,1,1,1,0,0.25,0,0,1,1,2,1,,3,2.907271524144405,1.1002284758555954
21,C/C=C/C(=O)O,4.720000000000001,C/C=C/C(=O)O,86.09,0.6471,37.3,1,1,1,0,0.25,0,0,1,1,2,1,,3,3.488327478455407,1.2316725215445938
22,C/C=C\C(=O)O,4.5600000000000005,C/C=C\C(=O)O,86.09,0.6471,37.3,1,1,1,0,0.25,0,0,1,1,2,1,,5,3.3997136234121235,1.160286376587877
23,C1(=CC=CC=C1)/C=C/C(=O)O,4.46,O=C(O)/C=C/c1ccccc1,148.161,1.7844,37.3,1,1,2,1,0.0,0,0,1,1,2,1,,5,3.4530224185856992,1.0069775814143007
24,C1(=CC=CC=C1)[C@H]1[C@@H](C1)C(=O)O,4.57,O=C(O)[C@@H]1C[C@H]1c1ccccc1,162.188,1.8747,37.3,1,1,2,1,0.3,0,0,1,1,2,1,,3,4.549734657904135,0.020265342095865613
25,C1(=CC=CC=C1)\C=C/C(=O)O,3.93,O=C(O)/C=C\c1ccccc1,148.161,1.7844,37.3,1,1,2,1,0.0,0,0,1,1,2,1,,1,3.3674213211132207,0.5625786788867795
26,C1[C@H]([C@@H](CC2=CC=CC=C12)N(CC(=O)O)CC(=O)O)N(CC(=O)O)CC(=O)O,2.2,O=C(O)CN(CC(=O)O)[C@@H]1Cc2ccccc2C[C@H]1N(CC(=O)O)CC(=O)O,394.38,-0.5352,155.68,6,4,10,1,0.444444,0,0,4,4,8,4,,3,1.9063228202255917,0.29367717977440844
27,C=C(C)c1ccc(C(=O)O)cc1,4.04,C=C(C)c1ccc(C(=O)O)cc1,162.188,2.4179,37.3,1,1,2,1,0.1,0,0,1,1,2,1,,1,3.4694934258488663,0.5705065741511337
28,C=C(CC(=O)O)C(=O)O,3.6545,C=C(CC(=O)O)C(=O)O,130.099,0.1019,74.6,2,2,3,0,0.2,0,0,2,2,4,2,,4,2.2507115490943583,1.4037884509056417
29,C=C=CC(=O)O,3.69,C=C=CC(=O)O,84.074,0.4121,37.3,1,1,1,0,0.0,0,0,1,1,2,1,,5,2.3668333936646424,1.3231666063353575
30,C=CC#CCC(=O)O,3.39,C=CC#CCC(=O)O,110.112,0.6505,37.3,1,1,1,0,0.166667,0,0,1,1,2,1,,2,2.9705227458259724,0.4194772541740277
31,C=CC(=O)O,4.2485,C=CC(=O)O,72.063,0.257,37.3,1,1,1,0,0.0,0,0,1,1,2,1,,2,2.8449210961069253,1.4035789038930746
32,C=CCCCSCC(=O)O,3.739,C=CCCCSCC(=O)O,160.238,1.7704,37.3,2,1,6,0,0.571429,0,0,1,1,2,1,,1,4.693202527853759,-0.9542025278537594
33,C=CCCSCC(=O)O,3.717,C=CCCSCC(=O)O,146.211,1.3803,37.3,2,1,5,0,0.5,0,0,1,1,2,1,,1,4.464114828188974,-0.7471148281889737
34,C=CCN(CC(=O)O)CC(=O)O,9.28,C=CCN(CC(=O)O)CC(=O)O,173.168,-0.3564,77.84,3,2,6,0,0.428571,0,0,2,2,4,2,,5,3.4233812878208982,5.856618712179101
35,C=CCSCC(=O)O,3.683,C=CCSCC(=O)O,132.184,0.9902,37.3,2,1,4,0,0.4,0,0,1,1,2,1,,2,4.153156896668909,-0.47015689666890914
36,C=CCc1ccc(C(=O)O)cc1,4.34,C=CCc1ccc(C(=O)O)cc1,162.188,2.1133,37.3,1,1,3,1,0.1,0,0,1,1,2,1,,5,3.8302980596021614,0.5097019403978384
37,C=CCc1cccc(C(=O)O)c1,4.32,C=CCc1cccc(C(=O)O)c1,162.188,2.1133,37.3,1,1,3,1,0.1,0,0,1,1,2,1,,5,3.8302980596021614,0.4897019403978389
38,CC#CC#CC(=O)O,1.94,CC#CC#CC(=O)O,108.096,0.0977,37.3,1,1,0,0,0.166667,0,0,1,1,2,1,,4,2.661006571982952,-0.7210065719829521
39,CC#CC#CCC(=O)O,3.23,CC#CC#CCC(=O)O,122.123,0.4878,37.3,1,1,1,0,0.285714,0,0,1,1,2,1,,4,3.1117245853836355,0.11827541461636448
40,CC#CC(=O)O,2.603,CC#CC(=O)O,84.074,0.0943,37.3,1,1,0,0,0.25,0,0,1,1,2,1,,3,3.5716048987482703,-0.96860489874827
41,CC#CCC(=O)O,3.59,CC#CCC(=O)O,98.101,0.4844,37.3,1,1,1,0,0.4,0,0,1,1,2,1,,1,4.004660609464586,-0.41466060946458594
42,CC(=O)/C=C/C(=O)O,3.24,CC(=O)/C=C/C(=O)O,114.1,0.2162,54.37,2,1,2,0,0.2,0,0,1,1,2,1,,5,2.9309079061028953,0.3090920938971049
43,CC(=O)C(=O)O,2.365,CC(=O)C(=O)O,88.062,-0.34,54.37,2,1,1,0,0.333333,0,0,1,1,2,1,,3,3.97503782330162,-1.61003782330162
44,CC(=O)C(CC(=O)O)C(=O)O,2.86,CC(=O)C(CC(=O)O)C(=O)O,160.125,-0.2491,91.67,3,2,4,0,0.5,0,0,2,2,4,2,,3,3.375997231328275,-0.5159972313282752
45,CC(=O)CC(=O)O,3.6,CC(=O)CC(=O)O,102.089,0.0501,54.37,2,1,2,0,0.5,0,0,1,1,2,1,,3,4.577366183782675,-0.9773661837826748
46,CC(=O)CCC(=O)O,4.6,CC(=O)CCC(=O)O,116.116,0.4402,54.37,2,1,3,0,0.6,0,0,1,1,2,1,,1,4.848556573903431,-0.24855657390343122
47,CC(=O)CCCC(=O)O,4.8,CC(=O)CCCC(=O)O,130.143,0.8303,54.37,2,1,4,0,0.666667,0,0,1,1,2,1,,4,4.965506317493134,-0.1655063174931346
48,CC(=O)NC(CC([N+](=O)[O-])([N+](=O)[O-])[N+](=O)[O-])C(=O)O,3.43,CC(=O)NC(CC([N+](=O)[O-])([N+](=O)[O-])[N+](=O)[O-])C(=O)O,280.149,-1.5503,195.82,8,2,7,0,0.666667,0,0,1,1,2,1,,3,3.841529604508371,-0.4115296045083707
49,CC(=O)NC(Cc1cc(I)c(O)c(I)c1)C(=O)O,7.12,CC(=O)NC(Cc1cc(I)c(O)c(I)c1)C(=O)O,475.02,1.7332,86.63,3,3,4,1,0.272727,0,0,1,1,2,1,,5,2.649288107314562,4.470711892685438
50,CC(=O)NC(Cc1ccc(O)c(I)c1)C(=O)O,8.83,CC(=O)NC(Cc1ccc(O)c(I)c1)C(=O)O,349.124,1.1286,86.63,3,3,4,1,0.272727,0,0,1,1,2,1,,4,4.756702438683618,4.073297561316382
51,CC(=O)NCC(=O)NC(Cc1c[nH]cn1)C(=O)NCC(=O)O,6.86,CC(=O)NCC(=O)NC(Cc1c[nH]cn1)C(=O)NCC(=O)O,311.298,-2.2261,153.28,5,5,8,1,0.416667,0,0,1,1,2,1,,2,8.965168901104558,-2.105168901104558
52,CC(=O)NCC(=O)NC(Cc1cn(Cc2ccccc2)cn1)C(=O)NCC(=O)O,6.37,CC(=O)NCC(=O)NC(Cc1cn(Cc2ccccc2)cn1)C(=O)NCC(=O)O,401.423,-0.7044,142.42,5,4,10,2,0.315789,0,0,1,1,2,1,,3,8.203844590101436,-1.8338445901014362
53,CC(=O)NCC(=O)NCC(=O)NC(Cc1c[nH]cn1)C(=O)O,7.18,CC(=O)NCC(=O)NCC(=O)NC(Cc1c[nH]cn1)C(=O)O,311.298,-2.2261,153.28,5,5,8,1,0.416667,0,0,1,1,2,1,,3,8.78858866638732,-1.6085886663873197
54,CC(=O)NCC(=O)NCC(=O)NCC(=O)NC(Cc1c[nH]cn1)C(=O)O,7.21,CC(=O)NCC(=O)NCC(=O)NCC(=O)NC(Cc1c[nH]cn1)C(=O)O,368.35,-3.1099,182.38,6,6,10,1,0.428571,0,0,1,1,2,1,,5,9.617232829135034,-2.407232829135034
55,CC(=O)NCC(=O)NCC(=O)N[C@@H](Cc1cnc[nH]1)C(=O)NCC(=O)O,6.9,CC(=O)NCC(=O)NCC(=O)N[C@@H](Cc1cnc[nH]1)C(=O)NCC(=O)O,368.35,-3.1099,182.38,6,6,10,1,0.428571,0,0,1,1,2,1,,4,9.802011226329478,-2.9020112263294777
56,CC(=O)NCC(=O)NCC(=O)N[C@@H](Cc1cnc[nH]1)C(=O)O,7.18,CC(=O)NCC(=O)NCC(=O)N[C@@H](Cc1cnc[nH]1)C(=O)O,311.298,-2.2261,153.28,5,5,8,1,0.416667,0,0,1,1,2,1,,1,8.571175076632606,-1.3911750766326065
57,CC(=O)NCC(=O)N[C@@H](Cc1c[nH]cn1)C(=O)O,7.11,CC(=O)NCC(=O)N[C@@H](Cc1c[nH]cn1)C(=O)O,254.246,-1.3423,124.18,4,4,6,1,0.4,0,0,1,1,2,1,,1,7.790497969464679,-0.6804979694646791
58,CC(=O)N[C@@H](Cc1c[nH]cn1)C(=O)O,7.08,CC(=O)N[C@@H](Cc1c[nH]cn1)C(=O)O,197.194,-0.4585,95.08,3,3,4,1,0.375,0,0,1,1,2,1,,3,7.078972475104946,0.0010275248950541993
59,CC(=O)N[C@@H](Cc1ccc(O)cc1)C(=O)O,10.11,CC(=O)N[C@@H](Cc1ccc(O)cc1)C(=O)O,223.228,0.524,86.63,3,3,4,1,0.272727,0,0,1,1,2,1,,3,6.092066892764888,4.017933107235112
60,CC(=O)Nc1cccc(C(=O)O)c1,4.03,CC(=O)Nc1cccc(C(=O)O)c1,179.175,1.3432,66.4,2,2,2,1,0.111111,0,0,1,1,2,1,,5,4.460047190085173,-0.43004719008517256
61,CC(=O)O,4.645133333333334,CC(=O)O,60.052,0.0909,37.3,1,1,0,0,0.5,0,0,1,1,2,1,,1,4.817010338645901,-0.17187700531256755
62,CC(=O)OC(C(=O)O)C(C)([N+](=O)[O-])[N+](=O)[O-],1.85,CC(=O)OC(C(=O)O)C(C)([N+](=O)[O-])[N+](=O)[O-],236.136,-0.7277,149.88,7,1,5,0,0.666667,0,0,1,1,2,1,,1,3.1818574636066366,-1.3318574636066365
63,CC(=O)OC(CC(=O)O)C[N+](C)(C)C.[Cl-],3.6,CC(=O)OC(CC(=O)O)C[N+](C)(C)C.[Cl-],239.699,-2.897,63.6,3,1,5,0,0.777778,0,0,1,1,2,1,,3,6.098303807232003,-2.4983038072320025
64,CC(=O)OC(CC([N+](=O)[O-])([N+](=O)[O-])[N+](=O)[O-])C(=O)O,2.02,CC(=O)OC(CC([N+](=O)[O-])([N+](=O)[O-])[N+](=O)[O-])C(=O)O,281.133,-1.1233,193.02,9,1,7,0,0.666667,0,0,1,1,2,1,,5,2.5304250290675903,-0.5104250290675902
65,CC(=O)Oc1ccc(C(=O)O)cc1,3.92,CC(=O)Oc1ccc(C(=O)O)cc1,180.159,1.3101,63.6,3,1,2,1,0.111111,0,0,1,1,2,1,,1,3.3267042003265592,0.5932957996734407
66,CC(=O)Oc1ccccc1C(=O)O,3.38,CC(=O)Oc1ccccc1C(=O)O,180.159,1.3101,63.6,3,1,2,1,0.111111,0,0,1,1,2,1,,5,3.3315094583872895,0.04849054161271038
67,CC(=O)SCC(=O)O,3.23,CC(=O)SCC(=O)O,134.156,0.3507,54.37,3,1,2,0,0.5,0,0,1,1,2,1,,2,3.9946188876887954,-0.7646188876887954
68,CC(=O)c1ccc(C(=O)O)cc1,3.7,CC(=O)c1ccc(C(=O)O)cc1,164.16,1.5874,54.37,2,1,2,1,0.111111,0,0,1,1,2,1,,1,3.5126047864385486,0.1873952135614516
69,CC(=O)c1ccc(CC(=O)O)s1,3.76,CC(=O)c1ccc(CC(=O)O)s1,184.216,1.5778,54.37,3,1,3,1,0.25,0,0,1,1,2,1,,1,4.169205031429631,-0.4092050314296314
70,CC(=O)c1ccc(OCC(=O)O)cc1,2.81,CC(=O)c1ccc(OCC(=O)O)cc1,194.186,1.3526,63.6,3,1,4,1,0.2,0,0,1,1,2,1,,3,3.9313696691483986,-1.1213696691483985
71,CC(=O)c1cccc(C(=O)O)c1,3.827,CC(=O)c1cccc(C(=O)O)c1,164.16,1.5874,54.37,2,1,2,1,0.111111,0,0,1,1,2,1,,2,3.60243436806153,0.22456563193847012
72,CC(=O)c1cccc(NCC(=O)O)c1,3.93,CC(=O)c1cccc(NCC(=O)O)c1,193.202,1.3857,66.4,3,2,4,1,0.2,0,0,1,1,2,1,,1,5.052107781822332,-1.1221077818223315
73,CC(=O)c1ccccc1C(=O)O,4.123,CC(=O)c1ccccc1C(=O)O,164.16,1.5874,54.37,2,1,2,1,0.111111,0,0,1,1,2,1,,5,3.5839009683514504,0.5390990316485498
74,CC(=S)SCC(=O)O,2.9450000000000003,CC(=S)SCC(=O)O,150.224,1.1515,37.3,3,1,2,0,0.5,0,0,1,1,2,1,,1,4.011744214650271,-1.0667442146502708
75,CC(Br)=CC(=O)O,3.86,CC(Br)=CC(=O)O,164.986,1.3697,37.3,1,1,1,0,0.25,0,0,1,1,2,1,,2,2.447234446025178,1.4127655539748218
76,CC(Br)C(=O)O,3.01,CC(Br)C(=O)O,152.975,0.8544,37.3,1,1,1,0,0.666667,0,0,1,1,2,1,,3,4.577185381986387,-1.5671853819863868
77,CC(C(=O)O)C(=O)O,3.05,CC(C(=O)O)C(=O)O,118.088,-0.2083,74.6,2,2,2,0,0.5,0,0,2,2,4,2,,3,3.7050761563340426,-0.6550761563340428
78,CC(C(=O)O)c1ccccc1,4.3,CC(C(=O)O)c1ccccc1,150.177,1.8747,37.3,1,1,2,1,0.222222,0,0,1,1,2,1,,1,4.303738975839928,-0.003738975839928216
79,CC(C(O)C(=O)O)([N+](=O)[O-])[N+](=O)[O-],2.37,CC(C(O)C(=O)O)([N+](=O)[O-])[N+](=O)[O-],194.099,-1.2985,143.81,6,2,4,0,0.75,0,0,1,1,2,1,,2,5.309989839338093,-2.939989839338093
80,CC(C)(C#N)C(=O)O,2.422,CC(C)(C#N)C(=O)O,113.116,0.62078,61.09,2,1,1,0,0.6,0,0,1,1,2,1,,2,4.418544045132921,-1.996544045132921
81,CC(C)(C(=O)O)C(=O)C(=O)O,1.77,CC(C)(C(=O)O)C(=O)C(=O)O,160.125,-0.2491,91.67,3,2,3,0,0.5,0,0,2,2,4,2,,2,3.1963582881910657,-1.4263582881910657
82,CC(C)(C(=O)O)C(=O)O,3.03,CC(C)(C(=O)O)C(=O)O,132.115,0.1818,74.6,2,2,2,0,0.6,0,0,2,2,4,2,,5,3.7890632549503365,-0.7590632549503367
83,CC(C)(C(=O)O)C(C)(C)C(=O)O,3.88,CC(C)(C(=O)O)C(C)(C)C(=O)O,174.196,1.208,74.6,2,2,3,0,0.75,0,0,2,2,4,2,,2,3.872570345315358,0.00742965468464174
84,CC(C)(C)C#CC(=O)O,2.66,CC(C)(C)C#CC(=O)O,126.155,1.1205,37.3,1,1,0,0,0.571429,0,0,1,1,2,1,,2,4.073734759698954,-1.4137347596989542
85,CC(C)(C)C(=O)O,5.1555,CC(C)(C)C(=O)O,102.133,1.1171,37.3,1,1,0,0,0.8,0,0,1,1,2,1,,3,5.370829547079477,-0.21532954707947738
86,CC(C)(C)C(C(=O)O)C(=O)O,2.92,CC(C)(C)C(C(=O)O)C(=O)O,160.169,0.8179,74.6,2,2,2,0,0.714286,0,0,2,2,4,2,,2,3.7726535828989016,-0.8526535828989017
87,CC(C)(C)C(C(=O)O)C(C(=O)O)C(C)(C)C,2.4850000000000003,CC(C)(C)C(C(=O)O)C(C(=O)O)C(C)(C)C,230.304,2.4802,74.6,2,2,3,0,0.833333,0,0,2,2,4,2,,5,3.0855656476757023,-0.600565647675702
88,CC(C)(C)C(C)(CC(=O)O)CC(=O)O,3.61,CC(C)(C)C(C)(CC(=O)O)CC(=O)O,202.25,1.9882,74.6,2,2,4,0,0.8,0,0,2,2,4,2,,1,3.810124448365664,-0.20012444836566434
89,CC(C)(C)C1CCC(C(=O)O)C(C(=O)O)C1,4.29,CC(C)(C)C1CCC(C(=O)O)C(C(=O)O)C1,228.288,2.2342,74.6,2,2,2,0,0.833333,0,0,2,2,4,2,,5,2.9856772853663403,1.3043227146336598
90,CC(C)(C)CC#CC(=O)O,2.53,CC(C)(C)CC#CC(=O)O,140.182,1.5106,37.3,1,1,0,0,0.625,0,0,1,1,2,1,,1,4.037795148263096,-1.5077951482630962
91,CC(C)(C)c1ccc(C(=O)O)cc1,4.382,CC(C)(C)c1ccc(C(=O)O)cc1,178.231,2.6823,37.3,1,1,1,1,0.363636,0,0,1,1,2,1,,3,4.148603964168828,0.23339603583117174
92,CC(C)(C)c1ccc(S(=O)(=O)CC(=O)O)cc1,2.598,CC(C)(C)c1ccc(S(=O)(=O)CC(=O)O)cc1,256.323,1.8424,71.44,3,1,3,1,0.416667,0,0,1,1,2,1,,2,3.691220253294678,-1.0932202532946782
93,CC(C)(C)c1ccc(S(=O)CC(=O)O)cc1,2.773,CC(C)(C)c1ccc(S(=O)CC(=O)O)cc1,240.324,2.1763,54.37,2,1,3,1,0.416667,0,0,1,1,2,1,,5,4.036518915169449,-1.2635189151694486
94,CC(C)(C)c1ccc(SCC(=O)O)cc1,3.758,CC(C)(C)c1ccc(SCC(=O)O)cc1,224.325,3.1608,37.3,2,1,3,1,0.416667,0,0,1,1,2,1,,3,4.074095563174408,-0.31609556317440823
95,CC(C)(C)c1cccc(C(=O)O)c1,4.204,CC(C)(C)c1cccc(C(=O)O)c1,178.231,2.6823,37.3,1,1,1,1,0.363636,0,0,1,1,2,1,,3,4.148603964168828,0.05539603583117181
96,CC(C)(CC(=O)O)CC(=O)O,3.79,CC(C)(CC(=O)O)CC(=O)O,160.169,0.962,74.6,2,2,4,0,0.714286,0,0,2,2,4,2,,3,4.080971037136498,-0.2909710371364982
97,CC(C)(CCC(=O)O)N(F)F,4.35,CC(C)(CCC(=O)O)N(F)F,167.155,1.7008,40.54,2,1,4,0,0.833333,0,0,1,1,2,1,,5,5.2393838580034275,-0.8893838580034279
98,CC(C)(N)C(=O)O,10.2125,CC(C)(N)C(=O)O,103.121,-0.1917,63.32,2,2,1,0,0.75,0,0,1,1,2,1,,1,6.496084010945674,3.716415989054326
99,CC(C)(O)C(=O)O,3.784,CC(C)(O)C(=O)O,104.105,-0.1581,57.53,2,2,1,0,0.75,0,0,1,1,2,1,,2,6.5017642968170595,-2.7177642968170597
100,CC(C)(OCC(=O)O)C(=O)O,3.44,CC(C)(OCC(=O)O)C(=O)O,162.141,-0.0492,83.83,3,2,4,0,0.666667,0,0,2,2,4,2,,5,4.059149482675933,-0.6191494826759327
101,CC(C)(SCC(=O)O)C(=O)O,3.74,CC(C)(SCC(=O)O)C(=O)O,178.209,0.6674,74.6,3,2,4,0,0.666667,0,0,2,2,4,2,,5,3.7384146998579837,0.0015853001420165214
102,CC(C)=CC(=O)O,5.12,CC(C)=CC(=O)O,100.117,1.0372,37.3,1,1,1,0,0.4,0,0,1,1,2,1,,1,3.8262722498012707,1.2937277501987294
103,CC(C)C(=O)O,4.619,CC(C)C(=O)O,88.106,0.727,37.3,1,1,1,0,0.75,0,0,1,1,2,1,,1,5.605034950308139,-0.9860349503081389
104,CC(C)C(C#N)(C(=O)O)C(C)C,2.556,CC(C)C(C#N)(C(=O)O)C(C)C,169.224,1.89298,61.09,2,1,3,0,0.777778,0,0,1,1,2,1,,5,4.446123722730936,-1.8901237227309355
105,CC(C)C(C#N)C(=O)O,2.014,CC(C)C(C#N)C(=O)O,127.143,0.86678,61.09,2,1,2,0,0.666667,0,0,1,1,2,1,,4,4.552923636287374,-2.538923636287374
106,CC(C)C(C(=O)O)(C(=O)O)C(C)C,2.152,CC(C)C(C(=O)O)(C(=O)O)C(C)C,188.223,1.454,74.6,2,2,4,0,0.777778,0,0,2,2,4,2,,3,3.8735718911299992,-1.721571891129999
107,CC(C)C(C(=O)O)C(=O)O,3.0966666666666662,CC(C)C(C(=O)O)C(=O)O,146.142,0.4278,74.6,2,2,3,0,0.666667,0,0,2,2,4,2,,5,4.0420062402862165,-0.9453395736195502
108,CC(C)C(C)(CC(=O)O)CC(=O)O,3.78,CC(C)C(C)(CC(=O)O)CC(=O)O,188.223,1.5981,74.6,2,2,5,0,0.777778,0,0,2,2,4,2,,5,4.052582553445039,-0.27258255344503945
109,CC(C)C(CC(=O)O)(CC(=O)O)C(C)C,3.63,CC(C)C(CC(=O)O)(CC(=O)O)C(C)C,216.277,2.2342,74.6,2,2,6,0,0.818182,0,0,2,2,4,2,,1,4.029018894408942,-0.39901889440894234
110,CC(C)C(CC(=O)O)CC(=O)O,4.28,CC(C)C(CC(=O)O)CC(=O)O,174.196,1.208,74.6,2,2,5,0,0.75,0,0,2,2,4,2,,3,4.169972625000965,0.11002737499903503
111,CC(C)CNCC(=O)O,10.12,CC(C)CNCC(=O)O,131.175,0.3166,49.33,2,2,4,0,0.833333,0,0,1,1,2,1,,1,7.200068884080188,2.9199311159198116
112,CC(C)C[C@H](N)C(=O)NCC(=O)NCC(=O)O,7.835,CC(C)C[C@H](N)C(=O)NCC(=O)NCC(=O)O,245.279,-1.3232,121.52,4,4,7,0,0.7,0,0,1,1,2,1,,1,7.553225332865185,0.28177466713481536
113,CC(C)C[C@H](N)C(=O)NCC(=O)O,8.015,CC(C)C[C@H](N)C(=O)NCC(=O)O,188.227,-0.4394,92.42,3,3,5,0,0.75,0,0,1,1,2,1,,4,7.123853526748082,0.8911464732519185
114,CC(C)C[C@H](N)C(=O)O,9.6888,CC(C)C[C@H](N)C(=O)O,131.175,0.4444,63.32,2,2,3,0,0.833333,0,0,1,1,2,1,,4,6.679941548072193,3.008858451927807
115,CC(C)C[C@H](NC(=O)[C@@H](N)CO)C(=O)O,7.45,CC(C)C[C@H](NC(=O)[C@@H](N)CO)C(=O)O,218.253,-1.0785,112.65,4,4,6,0,0.777778,0,0,1,1,2,1,,3,8.103072141009717,-0.6530721410097167
116,CC(C)NCC(=O)O,10.06,CC(C)NCC(=O)O,117.148,0.069,49.33,2,2,3,0,0.8,0,0,1,1,2,1,,3,7.076184957664779,2.9838150423352214
117,CC(C)[C@H](N)C(=O)NCC(=O)O,7.775,CC(C)[C@H](N)C(=O)NCC(=O)O,174.2,-0.8295,92.42,3,3,4,0,0.714286,0,0,1,1,2,1,,4,7.039999542929909,0.7350004570700914
118,CC(C)[C@H](N)C(=O)O,9.634166666666667,CC(C)[C@H](N)C(=O)O,117.148,0.0543,63.32,2,2,2,0,0.8,0,0,1,1,2,1,,3,6.673317011663691,2.960849655002976
119,CC(C)[C@H](NC(=O)CN)C(=O)O,8.223333333333334,CC(C)[C@H](NC(=O)CN)C(=O)O,174.2,-0.8295,92.42,3,3,4,0,0.714286,0,0,1,1,2,1,,3,7.059806877775503,1.1635264555578315
120,CC(C)c1ccc(C(=O)O)cc1,4.36,CC(C)c1ccc(C(=O)O)cc1,164.204,2.5082,37.3,1,1,2,1,0.3,0,0,1,1,2,1,,2,4.363548905307802,-0.0035489053078014976
121,CC(C)c1ccc(C(O)C(=O)O)cc1,3.64,CC(C)c1ccc(C(O)C(=O)O)cc1,194.23,1.928,57.53,2,2,3,1,0.363636,0,0,1,1,2,1,,4,5.597181749158808,-1.9571817491588077
122,CC(C)c1cccc(C(=O)O)c1O,2.76,CC(C)c1cccc(C(=O)O)c1O,180.203,2.2138,57.53,2,2,2,1,0.3,0,0,1,1,2,1,,1,5.114633727384133,-2.354633727384133
123,CC(C)c1csc(C(=O)O)c1,3.66,CC(C)c1csc(C(=O)O)c1,170.233,2.5697,37.3,2,1,2,1,0.375,0,0,1,1,2,1,,5,4.593258074826234,-0.9332580748262336
124,CC(CC(=O)O)(CC(=O)O)c1ccccc1,4.12,CC(CC(=O)O)(CC(=O)O)c1ccccc1,222.24,1.8937,74.6,2,2,5,1,0.333333,0,0,2,2,4,2,,4,3.709257705571306,0.41074229442869425
125,CC(CC(=O)O)C(=O)O,3.94,CC(CC(=O)O)C(=O)O,132.115,0.1818,74.6,2,2,3,0,0.6,0,0,2,2,4,2,,4,3.9699785560438325,-0.029978556043832594
126,CC(CC(=O)O)C1(C)N=N1,4.5,CC(CC(=O)O)C1(C)N=N1,142.158,1.2792,62.02,3,1,3,0,0.833333,0,0,1,1,2,1,,3,5.166200905668857,-0.6662009056688571
127,CC(CC(=O)O)CC(=O)O,4.31,CC(CC(=O)O)CC(=O)O,146.142,0.5719,74.6,2,2,4,0,0.666667,0,0,2,2,4,2,,2,4.301607192430681,0.008392807569318705
128,CC(CC(=O)O)c1ccccc1,4.4,CC(CC(=O)O)c1ccccc1,164.204,2.2648,37.3,1,1,3,1,0.3,0,0,1,1,2,1,,3,4.536757234266288,-0.1367572342662875
129,CC(CCC(=O)O)(N(F)F)N(F)F,4.01,CC(CCC(=O)O)(N(F)F)N(F)F,204.123,1.7094,43.78,3,1,5,0,0.8,0,0,1,1,2,1,,4,4.8846338292728335,-0.8746338292728337
130,CC(CCC(=O)O)([N+](=O)[O-])[N+](=O)[O-],3.98,CC(CCC(=O)O)([N+](=O)[O-])[N+](=O)[O-],192.127,0.1208,123.58,5,1,5,0,0.8,0,0,1,1,2,1,,5,4.3957683448948375,-0.4157683448948375
131,CC(CCC(=O)O)C(=O)O,4.36,CC(CCC(=O)O)C(=O)O,146.142,0.5719,74.6,2,2,4,0,0.666667,0,0,2,2,4,2,,4,4.190099592622227,0.16990040737777345
132,CC(CCC(=O)O)c1ccccc1,4.7,CC(CCC(=O)O)c1ccccc1,178.231,2.6549,37.3,1,1,4,1,0.363636,0,0,1,1,2,1,,5,4.855877287277917,-0.1558772872779164
133,CC(CCCC(=O)O)(N(F)F)N(F)F,4.62,CC(CCCC(=O)O)(N(F)F)N(F)F,218.15,2.0995,43.78,3,1,6,0,0.833333,0,0,1,1,2,1,,2,4.88581317177472,-0.2658131717747203
134,CC(CCCC(=O)O)c1ccccc1,4.8,CC(CCCC(=O)O)c1ccccc1,192.258,3.045,37.3,1,1,5,1,0.416667,0,0,1,1,2,1,,2,5.074677119402708,-0.2746771194027078
135,CC(CO)(CO)C(=O)O,4.5,CC(CO)(CO)C(=O)O,134.131,-0.9381,77.76,3,3,3,0,0.8,0,0,1,1,2,1,,2,7.871364670740776,-3.3713646707407756
136,CC(C[C@H](N)C(=O)O)C(F)(F)F,8.947,CC(C[C@H](N)C(=O)O)C(F)(F)F,185.145,0.9868,63.32,2,2,3,0,0.833333,0,0,1,1,2,1,,5,5.896218760469935,3.050781239530064
137,CC(Cl)C(=O)O,2.89,CC(Cl)C(=O)O,108.524,0.6983,37.3,1,1,1,0,0.666667,0,0,1,1,2,1,,2,5.055601503263314,-2.165601503263314
138,CC(Cl)CC(=O)O,4.2,CC(Cl)CC(=O)O,122.551,1.0884,37.3,1,1,2,0,0.75,0,0,1,1,2,1,,1,5.287080455739927,-1.087080455739927
139,CC(Cl)CCC(=O)O,4.4,CC(Cl)CCC(=O)O,136.578,1.4785,37.3,1,1,3,0,0.8,0,0,1,1,2,1,,1,5.421169261619137,-1.0211692616191366
140,CC(Cl)CCCC(=O)O,4.6,CC(Cl)CCCC(=O)O,150.605,1.8686,37.3,1,1,4,0,0.833333,0,0,1,1,2,1,,5,5.461744820123318,-0.8617448201233184
141,CC(I)=CC(=O)O,3.835,CC(I)=CC(=O)O,211.986,1.4098,37.3,1,1,1,0,0.25,0,0,1,1,2,1,,1,1.7506176047590438,2.084382395240956
142,CC(N)C(=O)O,9.906,CC(N)C(=O)O,89.094,-0.5818,63.32,2,2,1,0,0.666667,0,0,1,1,2,1,,2,6.423406912260994,3.4825930877390068
143,CC(N)CC(=O)O,10.19,CC(N)CC(=O)O,103.121,-0.1917,63.32,2,2,2,0,0.75,0,0,1,1,2,1,,2,6.721671890266387,3.468328109733613
144,CC(N)CCC(=O)O,10.46,CC(N)CCC(=O)O,117.148,0.1984,63.32,2,2,3,0,0.8,0,0,1,1,2,1,,3,6.786314007337791,3.67368599266221
145,CC(NC(=O)CN)C(=O)O,8.225000000000001,CC(NC(=O)CN)C(=O)O,146.146,-1.4656,92.42,3,3,3,0,0.6,0,0,1,1,2,1,,4,6.822887188255576,1.4021128117444253
146,CC(O)(CC(=O)C(=O)O)C(=O)O,1.73,CC(O)(CC(=O)C(=O)O)C(=O)O,176.124,-1.1342,111.9,4,3,4,0,0.5,0,0,2,2,4,2,,2,4.311963870679255,-2.5819638706792554
147,CC(O)C(N)C(=O)O,9.03,CC(O)C(N)C(=O)O,119.12,-1.2209,83.55,3,3,2,0,0.75,0,0,1,1,2,1,,2,7.643002710141036,1.3869972898589635
148,CC(OC(C)(C)C(=O)O)C(=O)O,3.32,CC(OC(C)(C)C(=O)O)C(=O)O,176.168,0.3393,83.83,3,2,4,0,0.714286,0,0,2,2,4,2,,4,4.056544763074366,-0.7365447630743662
149,CC(OCC(=O)O)C(=O)O,3.03,CC(OCC(=O)O)C(=O)O,148.114,-0.4393,83.83,3,2,4,0,0.6,0,0,2,2,4,2,,4,4.050286402731003,-1.0202864027310032
150,CC(SC(C(=O)O)c1ccccc1)C(=O)O,2.94,CC(SC(C(=O)O)c1ccccc1)C(=O)O,240.28,2.0186,74.6,3,2,5,1,0.272727,0,0,2,2,4,2,,2,3.0250063489383505,-0.08500634893835057
151,CC(SC(C)(C)C(=O)O)C(=O)O,3.6,CC(SC(C)(C)C(=O)O)C(=O)O,192.236,1.0559,74.6,3,2,4,0,0.714286,0,0,2,2,4,2,,3,3.725972557138508,-0.12597255713850775
152,CC(SC(C)C(=O)O)C(=O)O,3.4,CC(SC(C)C(=O)O)C(=O)O,178.209,0.6658,74.6,3,2,4,0,0.666667,0,0,2,2,4,2,,4,3.8604980688279444,-0.46049806882794453
153,CC(SCC(=O)O)C(=O)O,3.38,CC(SCC(=O)O)C(=O)O,164.182,0.2773,74.6,3,2,4,0,0.6,0,0,2,2,4,2,,4,3.8152407575459493,-0.4352407575459494
154,CC([C@H](N)C(=O)O)C(F)(F)F,8.102,CC([C@H](N)C(=O)O)C(F)(F)F,171.118,0.5967,63.32,2,2,2,0,0.8,0,0,1,1,2,1,,4,5.889326359556429,2.2126736404435716
155,CC1(C)SCNC1C(=O)O,5.98,CC1(C)SCNC1C(=O)O,161.226,0.5121,49.33,3,2,1,0,0.833333,0,0,1,1,2,1,,3,6.2490327559191154,-0.269032755919115
156,CC1(C)S[C@@H]2[C@H](N)C(=O)N2[C@H]1C(=O)O,4.9,CC1(C)S[C@@H]2[C@H](N)C(=O)N2[C@H]1C(=O)O,216.262,-0.5394,83.63,4,2,1,0,0.75,0,0,1,1,2,1,,3,5.224808943740534,-0.3248089437405337
157,CC1(C)S[C@@H]2[C@H](NC(=O)[C@H](N)c3ccccc3)C(=O)N2[C@H]1C(=O)O,7.24,CC1(C)S[C@@H]2[C@H](NC(=O)[C@H](N)c3ccccc3)C(=O)N2[C@H]1C(=O)O,349.412,0.3181,112.73,5,3,4,1,0.4375,0,0,1,1,2,1,,2,4.975799171023461,2.2642008289765396
158,CC1(C)[C@H](C(=O)O)[C@@H]1C(=O)O,2.5733333333333333,CC1(C)[C@H](C(=O)O)[C@@H]1C(=O)O,158.153,0.4278,74.6,2,2,2,0,0.714286,0,0,2,2,4,2,,5,3.9038868408134997,-1.3305535074801664
159,CC1(CC(=O)O)N=N1,3.9,CC1(CC(=O)O)N=N1,114.104,0.6431,62.02,3,1,2,0,0.75,0,0,1,1,2,1,,4,5.143925770604808,-1.243925770604808
160,CC1(CC(C(=O)O)c2ccccc2)N=N1,3.9,CC1(CC(C(=O)O)c2ccccc2)N=N1,204.229,2.4269,62.02,3,1,4,1,0.363636,0,0,1,1,2,1,,1,4.251302171428951,-0.35130217142895104
161,CC1(CCC(=O)O)N=N1,4.4,CC1(CCC(=O)O)N=N1,128.131,1.0332,62.02,3,1,3,0,0.8,0,0,1,1,2,1,,5,5.293932158755088,-0.8939321587550877
162,CC1(CCCCC(=O)O)N=N1,4.7,CC1(CCCCC(=O)O)N=N1,156.185,1.8134,62.02,3,1,5,0,0.857143,0,0,1,1,2,1,,5,5.360677283913977,-0.6606772839139765
163,CC=CC#CC(=O)O,2.67,CC=CC#CC(=O)O,110.112,0.6505,37.3,1,1,0,0,0.166667,0,0,1,1,2,1,,5,2.517002164944121,0.15299783505587872
164,CC=Cc1ccc(C(=O)O)cc1,4.49,CC=Cc1ccc(C(=O)O)cc1,162.188,2.4179,37.3,1,1,2,1,0.1,0,0,1,1,2,1,,4,3.5172551878772342,0.972744812122766
165,CC=Cc1cccc(C(=O)O)c1,4.25,CC=Cc1cccc(C(=O)O)c1,162.188,2.4179,37.3,1,1,2,1,0.1,0,0,1,1,2,1,,3,3.4359480871065404,0.8140519128934596
166,CCC#CC#CC(=O)O,1.9,CCC#CC#CC(=O)O,122.123,0.4878,37.3,1,1,0,0,0.285714,0,0,1,1,2,1,,2,3.140010654360929,-1.2400106543609293
167,CCC#CC(=O)O,2.61,CCC#CC(=O)O,98.101,0.4844,37.3,1,1,0,0,0.4,0,0,1,1,2,1,,2,3.893732015175007,-1.2837320151750071
168,CCC(=O)C(=O)O,2.5,CCC(=O)C(=O)O,102.089,0.0501,54.37,2,1,2,0,0.5,0,0,1,1,2,1,,5,4.495199629773575,-1.995199629773575
169,CCC(=O)O,4.7335,CCC(=O)O,74.079,0.481,37.3,1,1,1,0,0.666667,0,0,1,1,2,1,,3,5.508773469269497,-0.7752734692694965
170,CCC(C(=O)O)(C(=O)O)C(C)C,2.19,CCC(C(=O)O)(C(=O)O)C(C)C,174.196,1.208,74.6,2,2,4,0,0.75,0,0,2,2,4,2,,1,4.13459942243587,-1.94459942243587
171,CCC(C(=O)O)(C(=O)O)c1ccccc1,1.9,CCC(C(=O)O)(C(=O)O)c1ccccc1,208.213,1.5036,74.6,2,2,4,1,0.272727,0,0,2,2,4,2,,2,3.471700477586132,-1.5717004775861323
172,CCC(C(=O)O)C(=O)O,2.975,CCC(C(=O)O)C(=O)O,132.115,0.1818,74.6,2,2,3,0,0.6,0,0,2,2,4,2,,5,3.9938216652236513,-1.0188216652236513
173,CCC(C)(C)C(=O)O,4.93,CCC(C)(C)C(=O)O,116.16,1.5072,37.3,1,1,2,0,0.833333,0,0,1,1,2,1,,4,5.507492464860332,-0.5774924648603319
174,CCC(C)(O)C(=O)O,3.73,CCC(C)(O)C(=O)O,118.132,0.232,57.53,2,2,2,0,0.8,0,0,1,1,2,1,,2,6.661186773505205,-2.9311867735052046
175,CCC(C)C(=O)O,4.761,CCC(C)C(=O)O,102.133,1.1171,37.3,1,1,2,0,0.8,0,0,1,1,2,1,,2,5.787673043297565,-1.0266730432975653
176,CCC(C)CC(=O)O,4.766,CCC(C)CC(=O)O,116.16,1.5072,37.3,1,1,3,0,0.833333,0,0,1,1,2,1,,1,5.799324533566665,-1.033324533566665
177,CCC(C)SCC(=O)O,3.768,CCC(C)SCC(=O)O,148.227,1.6027,37.3,2,1,4,0,0.833333,0,0,1,1,2,1,,3,5.557193359975644,-1.789193359975644
178,CCC(CC(=O)O)(CC(=O)O)c1ccccc1,3.89,CCC(CC(=O)O)(CC(=O)O)c1ccccc1,236.267,2.2838,74.6,2,2,6,1,0.384615,0,0,2,2,4,2,,3,3.6081325921758105,0.2818674078241896
179,CCC(CC)(C(=O)O)C(=O)O,2.2342,CCC(CC)(C(=O)O)C(=O)O,160.169,0.962,74.6,2,2,4,0,0.714286,0,0,2,2,4,2,,2,4.209020197792993,-1.9748201977929933
180,CCC(CC)(C(=O)O)C(CC)(CC)C(=O)O,3.84,CCC(CC)(C(=O)O)C(CC)(CC)C(=O)O,230.304,2.7684,74.6,2,2,7,0,0.833333,0,0,2,2,4,2,,2,4.02430524948253,-0.1843052494825299
181,CCC(CC)(C(=O)O)C(CC)(CC)C(=O)OC,5.34,CCC(CC)(C(=O)O)C(CC)(CC)C(=O)OC,244.331,2.8568,63.6,3,1,7,0,0.846154,0,0,1,1,2,1,,3,4.218019876995264,1.121980123004736
182,CCC(CC)(CC(=O)O)CC(=O)O,3.67,CCC(CC)(CC(=O)O)CC(=O)O,188.223,1.7422,74.6,2,2,6,0,0.777778,0,0,2,2,4,2,,4,4.2838712743054,-0.6138712743054002
183,CCC(CC)C(CC)(C(=O)O)C(=O)O,2.15,CCC(CC)C(CC)(C(=O)O)C(=O)O,202.25,1.9882,74.6,2,2,6,0,0.8,0,0,2,2,4,2,,2,4.225241316337979,-2.0752413163379795
184,CCC(N)C(=O)O,9.708666666666668,CCC(N)C(=O)O,103.121,-0.1917,63.32,2,2,2,0,0.75,0,0,1,1,2,1,,3,6.696783064764276,3.011883601902392
185,CCCC(=O)O,4.8175,CCCC(=O)O,88.106,0.8711,37.3,1,1,2,0,0.75,0,0,1,1,2,1,,4,5.601910502610801,-0.7844105026108013
186,CCCC(=O)OC(CC(=O)O)C[N+](C)(C)C.[Cl-],3.56,CCCC(=O)OC(CC(=O)O)C[N+](C)(C)C.[Cl-],267.753,-2.1168,63.6,3,1,7,0,0.818182,0,0,1,1,2,1,,1,5.426604086311385,-1.8666040863113849
187,CCCC(=O)c1ccccc1C(=O)O,4.45,CCCC(=O)c1ccccc1C(=O)O,192.214,2.3676,54.37,2,1,4,1,0.272727,0,0,1,1,2,1,,3,3.9874384827136264,0.46256151728637374
188,CCCC(C(=O)O)C(=O)O,3.0,CCCC(C(=O)O)C(=O)O,146.142,0.5719,74.6,2,2,4,0,0.666667,0,0,2,2,4,2,,4,4.190099592622227,-1.1900995926222269
189,CCCC(C)(C)C(=O)O,4.969,CCCC(C)(C)C(=O)O,130.187,1.8973,37.3,1,1,3,0,0.857143,0,0,1,1,2,1,,5,5.609660170394813,-0.6406601703948125
190,CCCC(C)C(=O)O,4.782,CCCC(C)C(=O)O,116.16,1.5072,37.3,1,1,3,0,0.833333,0,0,1,1,2,1,,3,5.737622935735676,-0.9556229357356756
191,CCCC(CC(=O)O)(CC(=O)O)c1ccccc1,3.88,CCCC(CC(=O)O)(CC(=O)O)c1ccccc1,250.294,2.6739,74.6,2,2,7,1,0.428571,0,0,2,2,4,2,,5,3.8805231423491535,-0.0005231423491536269
192,CCCC(CC(=O)O)CC(=O)O,4.32,CCCC(CC(=O)O)CC(=O)O,174.196,1.3521,74.6,2,2,6,0,0.75,0,0,2,2,4,2,,4,4.410217965166352,-0.09021796516635128
193,CCCC(CCC)(C(=O)O)C(=O)O,1.9433333333333327,CCCC(CCC)(C(=O)O)C(=O)O,188.223,1.7422,74.6,2,2,6,0,0.777778,0,0,2,2,4,2,,5,4.210599497049306,-2.2672661637159734
194,CCCC(CCC)(CC(=O)O)CC(=O)O,3.65,CCCC(CCC)(CC(=O)O)CC(=O)O,216.277,2.5224,74.6,2,2,8,0,0.818182,0,0,2,2,4,2,,2,4.446406509111834,-0.7964065091118342
195,CCCC(O)C(=O)O,3.59,CCCC(O)C(=O)O,118.132,0.232,57.53,2,2,3,0,0.8,0,0,1,1,2,1,,2,6.903278625785755,-3.313278625785755
196,CCCCC#CC#CC(=O)O,1.89,CCCCC#CC#CC(=O)O,150.177,1.268,37.3,1,1,2,0,0.444444,0,0,1,1,2,1,,4,3.488506312831145,-1.5985063128311452
197,CCCCC#CC(=O)O,2.6,CCCCC#CC(=O)O,126.155,1.2646,37.3,1,1,2,0,0.571429,0,0,1,1,2,1,,3,4.4184354661362,-1.8184354661362003
198,CCCCC(=O)O,4.8,CCCCC(=O)O,102.133,1.2612,37.3,1,1,3,0,0.8,0,0,1,1,2,1,,2,5.981947805911107,-1.1819478059111068
199,CCCCC(CC)(C(=O)O)C(=O)O,2.15,CCCCC(CC)(C(=O)O)C(=O)O,188.223,1.7422,74.6,2,2,6,0,0.777778,0,0,2,2,4,2,,4,4.2838712743054,-2.1338712743054002
200,CCCCC(CCCC)(C(=O)O)C(=O)O,2.175,CCCCC(CCCC)(C(=O)O)C(=O)O,216.277,2.5224,74.6,2,2,8,0,0.818182,0,0,2,2,4,2,,1,4.319282808441094,-2.144282808441094
201,CCCCCC(=O)O,4.8,CCCCCC(=O)O,116.16,1.6513,37.3,1,1,4,0,0.833333,0,0,1,1,2,1,,1,5.944456490582741,-1.1444564905827415
202,CCCCCC=CCC=CCCCCCCCC(=O)O,4.77,CCCCCC=CCC=CCCCCCCCC(=O)O,280.452,5.8845,37.3,1,1,14,0,0.722222,0,0,1,1,2,1,,5,4.087552133846312,0.6824478661536872
203,CCCCCCC(=O)O,4.8,CCCCCCC(=O)O,130.187,2.0414,37.3,1,1,5,0,0.857143,0,0,1,1,2,1,,5,5.972435524272395,-1.1724355242723954
204,CCCCCCCC(=O)OC(CC(=O)O)C[N+](C)(C)C.[Cl-],3.6,CCCCCCCC(=O)OC(CC(=O)O)C[N+](C)(C)C.[Cl-],323.861,-0.5564,63.6,3,1,11,0,0.866667,0,0,1,1,2,1,,4,5.253350421339158,-1.6533504213391583
205,CCCCCCCCCC(=O)OC(CC(=O)O)C[N+](C)(C)C.[Cl-],3.65,CCCCCCCCCC(=O)OC(CC(=O)O)C[N+](C)(C)C.[Cl-],351.915,0.2238,63.6,3,1,13,0,0.882353,0,0,1,1,2,1,,3,5.5160421105436415,-1.8660421105436416
206,CCCCCCCCCC[N+](C)(C)C(C)C(=O)O.[Br-],1.75,CCCCCCCCCC[N+](C)(C)C(C)C(=O)O.[Br-],338.33,0.6806,37.3,1,1,11,0,0.933333,0,0,1,1,2,1,,2,5.947476590519948,-4.197476590519948
207,CCCCCCSCC(=O)O,3.758,CCCCCCSCC(=O)O,176.281,2.3845,37.3,2,1,7,0,0.875,0,0,1,1,2,1,,5,5.746571708664149,-1.988571708664149
208,CCCCCSCC(=O)O,3.753,CCCCCSCC(=O)O,162.254,1.9944,37.3,2,1,6,0,0.857143,0,0,1,1,2,1,,5,5.761807927961785,-2.0088079279617848
209,CCCCNCC(=O)O,10.16,CCCCNCC(=O)O,131.175,0.4607,49.33,2,2,5,0,0.833333,0,0,1,1,2,1,,4,7.203944285278272,2.956055714721728
210,CCCCOP(=O)(CC(=O)O)OCCCC,3.58,CCCCOP(=O)(CC(=O)O)OCCCC,252.247,2.8975,72.83,4,1,10,0,0.9,0,0,1,1,2,1,,1,5.045540517262637,-1.465540517262637
211,CCCCP(=O)(CCCC)C(C)(O)C(=O)O,2.94,CCCCP(=O)(CCCC)C(C)(O)C(=O)O,250.275,2.7428,74.6,3,2,8,0,0.909091,0,0,1,1,2,1,,1,5.84641289344984,-2.9064128934498403
212,CCCCSCC(=O)O,3.739,CCCCSCC(=O)O,148.227,1.6043,37.3,2,1,5,0,0.833333,0,0,1,1,2,1,,1,5.8555576772626114,-2.1165576772626116
213,CCCC[C@H](N)C(=O)O,9.844333333333331,CCCC[C@H](N)C(=O)O,131.175,0.5885,63.32,2,2,4,0,0.833333,0,0,1,1,2,1,,2,6.971093510325706,2.8732398230076255
214,CCCC[P+](CCCC)(CCCC)CC(=O)O.[Cl-],2.34,CCCC[P+](CCCC)(CCCC)CC(=O)O.[Cl-],296.819,1.4929,37.3,1,1,11,0,0.928571,0,0,1,1,2,1,,2,6.135993321514733,-3.7959933215147332
215,CCCCc1ccc(C(O)C(=O)O)cc1,3.58,CCCCc1ccc(C(O)C(=O)O)cc1,208.257,2.1472,57.53,2,2,5,1,0.416667,0,0,1,1,2,1,,1,5.879396853501278,-2.2993968535012783
216,CCCN(CC(=O)O)CC(=O)O,2.44,CCCN(CC(=O)O)CC(=O)O,175.184,-0.1324,77.84,3,2,6,0,0.714286,0,0,2,2,4,2,,5,4.621858841382748,-2.181858841382748
217,CCCNCC(=O)O,10.11,CCCNCC(=O)O,117.148,0.0706,49.33,2,2,4,0,0.8,0,0,1,1,2,1,,1,7.285000063716947,2.824999936283052
218,CCCN[C@@H](C)C(=O)O,10.19,CCCN[C@@H](C)C(=O)O,131.175,0.4591,49.33,2,2,4,0,0.833333,0,0,1,1,2,1,,5,7.112537077433252,3.077462922566747
219,CCCSCC(=O)O,3.729,CCCSCC(=O)O,134.2,1.2142,37.3,2,1,4,0,0.8,0,0,1,1,2,1,,5,5.695062802802896,-1.9660628028028961
220,CCC[C@H](N)C(=O)O,9.819,CCC[C@H](N)C(=O)O,117.148,0.1984,63.32,2,2,3,0,0.8,0,0,1,1,2,1,,1,6.81566928358588,3.003330716414121
221,CCN(CC)CC(=O)O,10.483333333333334,CCN(CC)CC(=O)O,131.175,0.4128,40.54,2,1,4,0,0.833333,0,0,1,1,2,1,,4,5.967900791526983,4.5154325418063515
222,CCNCC(=O)O,10.165,CCNCC(=O)O,103.121,-0.3195,49.33,2,2,3,0,0.75,0,0,1,1,2,1,,2,7.1140864176160195,3.0509135823839797
223,CCN[C@@H](C)C(=O)O,10.22,CCN[C@@H](C)C(=O)O,117.148,0.069,49.33,2,2,3,0,0.8,0,0,1,1,2,1,,2,7.031947974316933,3.188052025683068
224,CCOC(=O)C(C)(C)C(=O)O,3.49,CCOC(=O)C(C)(C)C(=O)O,160.169,0.6603,63.6,3,1,3,0,0.714286,0,0,1,1,2,1,,3,4.708097819166502,-1.218097819166502
225,CCOC(=O)C(C)SC(C)C(=O)O,3.76,CCOC(=O)C(C)SC(C)C(=O)O,206.263,1.1443,63.6,4,1,5,0,0.75,0,0,1,1,2,1,,3,4.555097922707077,-0.7950979227070771
226,CCOC(=O)C(C)SCC(=O)O,3.77,CCOC(=O)C(C)SCC(=O)O,192.236,0.7558,63.6,4,1,5,0,0.714286,0,0,1,1,2,1,,4,4.661578777292191,-0.891578777292191
227,CCOC(=O)C(CC)(C(=O)O)C(C)C,4.07,CCOC(=O)C(CC)(C(=O)O)C(C)C,202.25,1.6865,63.6,3,1,5,0,0.8,0,0,1,1,2,1,,4,4.659007790501969,-0.5890077905019684
228,CCOC(=O)C(CC)(CC)C(=O)O,3.790000000000001,CCOC(=O)C(CC)(CC)C(=O)O,188.223,1.4405,63.6,3,1,5,0,0.777778,0,0,1,1,2,1,,4,4.773823868747297,-0.9838238687472964
229,CCOC(=O)C(CC)C(=O)O,3.665,CCOC(=O)C(CC)C(=O)O,160.169,0.6603,63.6,3,1,4,0,0.714286,0,0,1,1,2,1,,2,4.897961591993502,-1.2329615919935017
230,CCOC(=O)CC(=O)O,3.533333333333333,CCOC(=O)CC(=O)O,132.115,0.0242,63.6,3,1,3,0,0.6,0,0,1,1,2,1,,2,4.713885686959065,-1.1805523536257319
231,CCOC(=O)CC[C@H](N)C(=O)O,9.19,CCOC(=O)CC[C@H](N)C(=O)O,175.184,-0.2584,89.62,4,2,5,0,0.714286,0,0,1,1,2,1,,4,5.952775389967366,3.2372246100326336
232,CCOC(=O)CNc1ccc(C(=O)O)cc1,4.88,CCOC(=O)CNc1ccc(C(=O)O)cc1,223.228,1.3598,75.63,4,2,5,1,0.272727,0,0,1,1,2,1,,5,5.079090327064934,-0.19909032706493424
233,CCOC(=O)CNc1cccc(C(=O)O)c1,4.3,CCOC(=O)CNc1cccc(C(=O)O)c1,223.228,1.3598,75.63,4,2,5,1,0.272727,0,0,1,1,2,1,,1,5.139901071008136,-0.8399010710081365
234,CCOC(=O)CSC(C)(C)C(=O)O,4.59,CCOC(=O)CSC(C)(C)C(=O)O,206.263,1.1459,63.6,4,1,5,0,0.75,0,0,1,1,2,1,,4,4.570169421445782,0.01983057855421766
235,CCOC(=O)CSC(C)C(=O)O,3.71,CCOC(=O)CSC(C)C(=O)O,192.236,0.7558,63.6,4,1,5,0,0.714286,0,0,1,1,2,1,,4,4.661578777292191,-0.9515787772921911
236,CCOC(=O)CSCC(=O)O,3.66,CCOC(=O)CSCC(=O)O,178.209,0.3673,63.6,4,1,5,0,0.666667,0,0,1,1,2,1,,2,4.682527336344567,-1.0225273363445666
237,CCOC(=O)[C@@H](N)CCC(=O)O,7.838,CCOC(=O)[C@@H](N)CCC(=O)O,175.184,-0.2584,89.62,4,2,5,0,0.714286,0,0,1,1,2,1,,2,5.991382915650467,1.8466170843495329
238,CCOC(=O)c1cc(=O)cc(C(=O)O)o1,1.28,CCOC(=O)c1cc(=O)cc(C(=O)O)o1,212.157,0.5147,93.81,5,1,3,1,0.222222,0,0,1,1,2,1,,3,3.5324447714448723,-2.252444771444872
239,CCOC(=S)SCC(=O)O,3.08,CCOC(=S)SCC(=O)O,180.25,1.1256,46.53,4,1,3,0,0.6,0,0,1,1,2,1,,1,4.220443977783251,-1.1404439777832511
240,CCOCC(=O)O,3.84,CCOCC(=O)O,104.105,0.1075,46.53,2,1,3,0,0.75,0,0,1,1,2,1,,2,5.913899656551256,-2.073899656551256
241,CCOP(=O)(CC(=O)O)OCC,3.3,CCOP(=O)(CC(=O)O)OCC,196.139,1.3371,72.83,4,1,6,0,0.833333,0,0,1,1,2,1,,2,5.019406238933232,-1.7194062389332325
242,CCOP(=O)(OCC)c1ccc(C(=O)O)cc1,3.63,CCOP(=O)(OCC)c1ccc(C(=O)O)cc1,258.21,2.2762,72.83,4,1,6,1,0.363636,0,0,1,1,2,1,,5,3.8686530145895563,-0.23865301458955646
243,CCOP(=O)(OCC)c1cccc(C(=O)O)c1,3.73,CCOP(=O)(OCC)c1cccc(C(=O)O)c1,258.21,2.2762,72.83,4,1,6,1,0.363636,0,0,1,1,2,1,,5,3.8686530145895563,-0.13865301458955637
244,CCOc1ccc(C(=O)O)c(C(=O)O)c1,2.74,CCOc1ccc(C(=O)O)c(C(=O)O)c1,210.185,1.4817,83.83,3,2,4,1,0.2,0,0,2,2,4,2,,5,2.9715400155362635,-0.23154001553626324
245,CCOc1ccc(C(=O)O)c(O)c1,3.2,CCOc1ccc(C(=O)O)c(O)c1,182.175,1.4891,66.76,3,2,3,1,0.222222,0,0,1,1,2,1,,5,5.048119844674666,-1.8481198446746658
246,CCOc1nc(NCC(=O)O)c(N)c(C(=O)O)n1,7.33,CCOc1nc(NCC(=O)O)c(N)c(C(=O)O)n1,256.218,-0.3478,147.66,7,4,6,1,0.333333,0,0,2,2,4,2,,2,5.100398724829443,2.229601275170557
247,CCOc1nc2c(c(C(=O)O)n1)N=C(O)CN2,5.31,CCOc1nc2c(c(C(=O)O)n1)N=C(O)CN2,238.203,0.587,116.93,6,3,3,1,0.333333,0,0,1,1,2,1,,3,5.498973814622798,-0.1889738146227984
248,CCSC(=S)SCC(=O)O,2.9400000000000004,CCSC(=S)SCC(=O)O,196.318,1.8422,37.3,4,1,3,0,0.6,0,0,1,1,2,1,,4,3.8263539816331726,-0.8863539816331722
249,CCSCC(=O)O,3.911000000000001,CCSCC(=O)O,120.173,0.8241,37.3,2,1,3,0,0.75,0,0,1,1,2,1,,1,5.661268094004084,-1.7502680940040833
250,CCSCCC(N)C(=O)O,9.02,CCSCCC(N)C(=O)O,163.242,0.5415,63.32,3,2,5,0,0.833333,0,0,1,1,2,1,,3,6.683729252901518,2.3362707470984816
251,CCSc1nc(=O)c(C(=O)O)c[nH]1,6.01,CCSc1nc(=O)c(C(=O)O)c[nH]1,200.219,0.5801,83.05,4,2,3,1,0.285714,0,0,1,1,2,1,,2,5.041025727328013,0.9689742726719865
252,CC[C@H](C)[C@H](N)C(=O)O,9.74575,CC[C@H](C)[C@H](N)C(=O)O,131.175,0.4444,63.32,2,2,3,0,0.833333,0,0,1,1,2,1,,2,6.776818747712164,2.9689312522878355
253,CC[C@H](C)[C@H](NC(=O)CN)C(=O)O,8.0,CC[C@H](C)[C@H](NC(=O)CN)C(=O)O,188.227,-0.4394,92.42,3,3,5,0,0.75,0,0,1,1,2,1,,5,7.097547789356078,0.9024522106439221
254,CCc1ccc(C(=O)O)s1,3.7,CCc1ccc(C(=O)O)s1,156.206,2.0087,37.3,2,1,2,1,0.285714,0,0,1,1,2,1,,5,4.544633231390899,-0.8446332313908984
255,CCc1ccc(C(O)C(=O)O)cc1,3.55,CCc1ccc(C(O)C(=O)O)cc1,180.203,1.367,57.53,2,2,3,1,0.3,0,0,1,1,2,1,,4,5.608351493805152,-2.0583514938051524
256,CN(C)C(=O)OCC(=O)O,3.01,CN(C)C(=O)OCC(=O)O,147.13,-0.2308,66.84,3,1,2,0,0.6,0,0,1,1,2,1,,1,4.354665466406381,-1.344665466406381
257,CN(C)C(=O)SCC(=O)O,3.52,CN(C)C(=O)SCC(=O)O,163.198,0.4858,57.61,3,1,2,0,0.6,0,0,1,1,2,1,,4,4.049609510517827,-0.5296095105178273
258,CN(C)C(=S)NCC(=O)O,3.71,CN(C)C(=S)NCC(=O)O,162.214,-0.4929,52.57,2,2,2,0,0.6,0,0,1,1,2,1,,1,5.601529523083475,-1.8915295230834754
259,CN(C)C(=S)OCC(=O)O,2.87,CN(C)C(=S)OCC(=O)O,163.198,-0.0659,49.77,3,1,2,0,0.6,0,0,1,1,2,1,,3,4.5459966819479085,-1.6759966819479084
260,CN(C)C(=S)SCC(=O)O,3.35,CN(C)C(=S)SCC(=O)O,179.266,0.6507,40.54,3,1,2,0,0.6,0,0,1,1,2,1,,4,4.0518533566594925,-0.7018533566594924
261,CN(C)C12CCC(C(=O)O)(CC1)C2,3.716,CN(C)C12CCC(C(=O)O)(CC1)C2,183.251,1.3355,40.54,2,1,2,0,0.9,0,0,1,1,2,1,,2,5.024143281564189,-1.3081432815641891
262,CN(C)C12CCC(C(=O)O)(CC1)CC2,4.083,CN(C)C12CCC(C(=O)O)(CC1)CC2,197.278,1.7256,40.54,2,1,2,0,0.909091,0,0,1,1,2,1,,1,4.970723433709596,-0.8877234337095956
263,CN(C)CC(=O)NCC(=O)O,8.09,CN(C)CC(=O)NCC(=O)O,160.173,-1.2512,69.64,3,2,4,0,0.666667,0,0,1,1,2,1,,1,6.288560202332399,1.8014397976676007
264,CN(C)CC(=O)O,9.848,CN(C)CC(=O)O,103.121,-0.3674,40.54,2,1,2,0,0.75,0,0,1,1,2,1,,4,5.747782418982859,4.100217581017142
265,CN(C)CC(O)CC(=O)O,3.81,CN(C)CC(O)CC(=O)O,147.174,-0.6164,60.77,3,2,4,0,0.833333,0,0,1,1,2,1,,3,7.208292182977053,-3.398292182977053
266,CN(C)CCC(=O)O,9.85,CN(C)CCC(=O)O,117.148,0.0227,40.54,2,1,3,0,0.8,0,0,1,1,2,1,,3,6.167348852324638,3.6826511476753616
267,CN(C)c1ccc(/N=N/c2ccccc2C(=O)O)cc1,4.82,CN(C)c1ccc(/N=N/c2ccccc2C(=O)O)cc1,269.304,3.8662,65.26,4,1,4,2,0.133333,0,0,1,1,2,1,,1,3.9959596125856707,0.8240403874143296
268,CN(C)c1ccc(C(=O)O)cc1,5.03,CN(C)c1ccc(C(=O)O)cc1,165.192,1.4508,40.54,2,1,2,1,0.222222,0,0,1,1,2,1,,2,4.205374477965481,0.8246255220345189
269,CN(C)c1cccc(C(=O)O)c1,5.1,CN(C)c1cccc(C(=O)O)c1,165.192,1.4508,40.54,2,1,2,1,0.222222,0,0,1,1,2,1,,4,4.262884488091341,0.8371155119086584
270,CN(C)c1ccccc1C(=O)O,8.5,CN(C)c1ccccc1C(=O)O,165.192,1.4508,40.54,2,1,2,1,0.222222,0,0,1,1,2,1,,3,4.306157598941964,4.193842401058036
271,CN(C)c1nc(NCC(=O)O)c(N)c(C(=O)O)n1,9.81,CN(C)c1nc(NCC(=O)O)c(N)c(C(=O)O)n1,255.234,-0.6805,141.67,7,4,5,1,0.333333,0,0,2,2,4,2,,5,5.3541994297052895,4.455800570294711
272,CN(C)c1nc2c(c(C(=O)O)n1)N=C(O)CN2,7.31,CN(C)c1nc2c(c(C(=O)O)n1)N=C(O)CN2,237.219,0.2543,110.94,6,3,2,1,0.333333,0,0,1,1,2,1,,5,5.563089691496325,1.7469103085036748
273,CN(CC(=O)O)C(=O)CN,8.666666666666666,CN(CC(=O)O)C(=O)CN,146.146,-1.5119,83.63,3,2,3,0,0.6,0,0,1,1,2,1,,3,6.022113285979333,2.6445533806873334
274,CN(CC(=O)O)C(=O)CNC(=O)CN,8.4,CN(CC(=O)O)C(=O)CNC(=O)CN,203.198,-2.3957,112.73,4,3,5,0,0.571429,0,0,1,1,2,1,,3,6.6597691446296565,1.7402308553703438
275,CN(CC(=O)O)C1CCCCC1,10.71,CN(CC(=O)O)C1CCCCC1,171.24,1.3355,40.54,2,1,3,0,0.888889,0,0,1,1,2,1,,5,5.354349548911282,5.355650451088719
276,CN1C2CCC1[C@H](C(=O)O)[C@@H](O)C2,9.7,CN1C2CCC1[C@H](C(=O)O)[C@@H](O)C2,185.223,-0.0854,60.77,3,2,1,0,0.888889,0,0,1,1,2,1,,2,5.948567557905813,3.7514324420941865
277,CN1CCC=C(C(=O)O)C1,9.07,CN1CCC=C(C(=O)O)C1,141.17,0.3329,40.54,2,1,1,0,0.571429,0,0,1,1,2,1,,2,4.23060644793806,4.83939355206194
278,CN1[C@H]2CC[C@@H]1[C@@H](C(=O)O)[C@@H](O)C2,11.03,CN1[C@H]2CC[C@@H]1[C@@H](C(=O)O)[C@@H](O)C2,185.223,-0.0854,60.77,3,2,1,0,0.888889,0,0,1,1,2,1,,5,6.084609429419992,4.945390570580007
279,CN1[C@H]2CC[C@@H]1[C@@H](C(=O)O)[C@@H](OC(=O)c1ccccc1)C2,11.8,CN1[C@H]2CC[C@@H]1[C@@H](C(=O)O)[C@@H](OC(=O)c1ccccc1)C2,289.331,1.7793,66.84,4,1,3,1,0.5,0,0,1,1,2,1,,2,3.5660246758873617,8.233975324112638
280,CNCC(=O)O,10.058333333333332,CNCC(=O)O,89.094,-0.7096,49.33,2,2,2,0,0.666667,0,0,1,1,2,1,,3,6.925180312522359,3.1331530208109726
281,CN[C@@H](C)C(=O)O,10.19,CN[C@@H](C)C(=O)O,103.121,-0.3211,49.33,2,2,2,0,0.75,0,0,1,1,2,1,,4,6.80896218743775,3.3810378125622496
282,CNc1ccc(C(=O)O)cc1,5.04,CNc1ccc(C(=O)O)cc1,151.165,1.4265,49.33,2,2,2,1,0.125,0,0,1,1,2,1,,2,4.970925701910299,0.069074298089701
283,CNc1cccc(C(=O)O)c1,5.1,CNc1cccc(C(=O)O)c1,151.165,1.4265,49.33,2,2,2,1,0.125,0,0,1,1,2,1,,2,4.970925701910299,0.1290742980897006
284,CNc1ccccc1C(=O)O,5.34,CNc1ccccc1C(=O)O,151.165,1.4265,49.33,2,2,2,1,0.125,0,0,1,1,2,1,,4,5.064893662339344,0.27510633766065595
285,CO/C=C/C(=O)O,4.85,CO/C=C/C(=O)O,102.089,0.2311,46.53,2,1,2,0,0.25,0,0,1,1,2,1,,4,3.3322141084435017,1.517785891556498
286,COC(=O)C(C(C(=O)O)C(C)(C)C)C(C)(C)C,5.57,COC(=O)C(C(C(=O)O)C(C)(C)C)C(C)(C)C,244.331,2.5686,63.6,3,1,3,0,0.846154,0,0,1,1,2,1,,3,3.641505409750767,1.9284945902492332
287,COC(=O)C(C)(C)C(C)(C)C(=O)O,5.23,COC(=O)C(C)(C)C(C)(C)C(=O)O,188.223,1.2964,63.6,3,1,3,0,0.777778,0,0,1,1,2,1,,3,4.438435430885954,0.7915645691140467
288,COC(=O)C12CCC(C(=O)O)(CC1)C2,4.494,COC(=O)C12CCC(C(=O)O)(CC1)C2,198.218,1.1945,63.6,3,1,2,0,0.8,0,0,1,1,2,1,,1,4.302940893153122,0.1910591068468781
289,COC(=O)C1=C(C(=O)O)C2C=CC1C2,3.02,COC(=O)C1=C(C(=O)O)C2C=CC1C2,194.186,0.7465,63.6,3,1,2,0,0.4,0,0,1,1,2,1,,3,2.7820790941802755,0.23792090581972447
290,COC(=O)C1=C(C(=O)O)C2CCC1C2,3.19,COC(=O)C1=C(C(=O)O)C2CCC1C2,196.202,0.9705,63.6,3,1,2,0,0.6,0,0,1,1,2,1,,5,3.336385878026264,-0.14638587802626413
291,COC(=O)C1=C(C(=O)O)CC1,3.19,COC(=O)C1=C(C(=O)O)CC1,156.137,0.3344,63.6,3,1,2,0,0.428571,0,0,1,1,2,1,,1,3.3886348327247946,-0.19863483272479465
292,COC(=O)C1=C(C(=O)O)CCC1,2.94,COC(=O)C1=C(C(=O)O)CCC1,170.164,0.7245,63.6,3,1,2,0,0.5,0,0,1,1,2,1,,1,3.4322260656285843,-0.4922260656285844
293,COC(=O)C1C(C(=O)O)C1(c1ccccc1)c1ccccc1,5.17,COC(=O)C1C(C(=O)O)C1(c1ccccc1)c1ccccc1,296.322,2.4763,63.6,3,1,4,2,0.222222,0,0,1,1,2,1,,2,4.347766481181758,0.8222335188182424
294,COC(=O)C[C@H](N)C(=O)O,8.62,COC(=O)C[C@H](N)C(=O)O,147.13,-1.0386,89.62,4,2,3,0,0.6,0,0,1,1,2,1,,1,5.6329214492330255,2.9870785507669737
295,COC(=O)[C@@H]1CC[C@H](CC1)C(=O)O,4.66,COC(=O)[C@H]1CC[C@H](C(=O)O)CC1,186.207,1.0504,63.6,3,1,2,0,0.777778,0,0,1,1,2,1,,4,4.367196464249336,0.2928035357506644
296,COC(=O)c1ccc(C(=O)O)nc1,3.62,COC(=O)c1ccc(C(=O)O)nc1,181.147,0.5664,76.49,4,1,2,1,0.125,0,0,1,1,2,1,,1,3.443416588272549,0.17658341172745118
297,COC(=O)c1cccc(C(=O)O)n1,2.65,COC(=O)c1cccc(C(=O)O)n1,181.147,0.5664,76.49,4,1,2,1,0.125,0,0,1,1,2,1,,5,3.435884927688289,-0.7858849276882891
298,COC(=O)c1ccnc(C(=O)O)c1,3.71,COC(=O)c1ccnc(C(=O)O)c1,181.147,0.5664,76.49,4,1,2,1,0.125,0,0,1,1,2,1,,1,3.443416588272549,0.26658341172745104
299,COC(=O)c1cocc1C(=O)O,3.75,COC(=O)c1cocc1C(=O)O,170.12,0.7644,76.74,4,1,2,1,0.142857,0,0,1,1,2,1,,4,3.651426981000869,0.09857301899913118
300,COC1=C(C=CC(=C1)OC)/C=C/C(=O)O,4.8,COc1ccc(/C=C/C(=O)O)c(OC)c1,208.213,1.8016,55.76,3,1,4,1,0.181818,0,0,1,1,2,1,,1,3.6848886259848377,1.1151113740151621
301,COC1=C(C=CC=C1OC)/C=C/C(=O)O,4.37,COc1cccc(/C=C/C(=O)O)c1OC,208.213,1.8016,55.76,3,1,4,1,0.181818,0,0,1,1,2,1,,1,3.6848886259848377,0.6851113740151624
302,COC=1C=C(C=C(C1)OC)/C=C/C(=O)O,4.36,COc1cc(/C=C/C(=O)O)cc(OC)c1,208.213,1.8016,55.76,3,1,4,1,0.181818,0,0,1,1,2,1,,2,3.6434523295784507,0.7165476704215497
303,COC=1C=C(C=CC1OC)/C=C/C(=O)O,4.53,COc1ccc(/C=C/C(=O)O)cc1OC,208.213,1.8016,55.76,3,1,4,1,0.181818,0,0,1,1,2,1,,4,3.7305359604029236,0.7994640395970767
304,COCC(=O)O,3.513333333333333,COCC(=O)O,90.078,-0.2826,46.53,2,1,2,0,0.666667,0,0,1,1,2,1,,2,5.615634678545864,-2.1023013452125308
305,COCCN(CCOC)CC(=O)O,8.3,COCCN(CCOC)CC(=O)O,191.227,-0.3342,59.0,4,1,8,0,0.875,0,0,1,1,2,1,,4,6.236386353179949,2.063613646820052
306,COP(=O)(OC)c1ccc(C(=O)O)cc1,3.61,COP(=O)(OC)c1ccc(C(=O)O)cc1,230.156,1.496,72.83,4,1,4,1,0.222222,0,0,1,1,2,1,,3,3.4601968746028753,0.1498031253971246
307,COP(=O)(OC)c1cccc(C(=O)O)c1,3.74,COP(=O)(OC)c1cccc(C(=O)O)c1,230.156,1.496,72.83,4,1,4,1,0.222222,0,0,1,1,2,1,,2,3.380144686657276,0.35985531334272425
308,CO[C@@H](C)[C@H](N)C(=O)O,8.9,CO[C@@H](C)[C@H](N)C(=O)O,133.147,-0.5668,72.55,3,2,3,0,0.8,0,0,1,1,2,1,,1,6.766436596880876,2.1335634031191244
309,CO[C@@H]1CC[C@H](CC1)C(=O)O,4.66,CO[C@H]1CC[C@H](C(=O)O)CC1,158.197,1.2762,46.53,2,1,2,0,0.875,0,0,1,1,2,1,,1,5.295627817521671,-0.6356278175216712
310,COc1cc(/C=C/C(=O)O)ccc1O,4.55,COc1cc(/C=C/C(=O)O)ccc1O,194.186,1.4986,66.76,3,2,3,1,0.1,0,0,1,1,2,1,,5,4.341154782636896,0.20884521736310369
311,COc1cc(C(=O)O)cc(OC)c1O,4.34,COc1cc(C(=O)O)cc(OC)c1O,198.174,1.1076,75.99,4,2,3,1,0.222222,0,0,1,1,2,1,,1,4.901829949655491,-0.5618299496554915
312,COc1cc(C(=O)O)cc(OC)c1OC,4.166666666666667,COc1cc(C(=O)O)cc(OC)c1OC,212.201,1.4106,64.99,4,1,4,1,0.3,0,0,1,1,2,1,,1,4.1950142815228135,-0.028347614856146564
313,COc1cc(C(=O)O)cc([N+](=O)[O-])c1O,4.12,COc1cc(C(=O)O)cc([N+](=O)[O-])c1O,213.145,1.0072,109.9,5,2,3,1,0.125,0,0,1,1,2,1,,2,3.725233412029013,0.3947665879709872
314,COc1cc(C(=O)O)ccc1O,4.49,COc1cc(C(=O)O)ccc1O,168.148,1.099,66.76,3,2,2,1,0.125,0,0,1,1,2,1,,1,4.715109549519447,-0.22510954951944662
315,COc1cc(CC(=O)O)ccc1O,4.41,COc1cc(CC(=O)O)ccc1O,182.175,1.0279,66.76,3,2,3,1,0.222222,0,0,1,1,2,1,,5,5.197718487476645,-0.7877184874766447
316,COc1cc(OC)cc(C(=O)O)c1,3.97,COc1cc(OC)cc(C(=O)O)c1,182.175,1.402,55.76,3,1,3,1,0.222222,0,0,1,1,2,1,,1,4.094492886975772,-0.12449288697577154
317,COc1cc([N+](=O)[O-])cc(C(=O)O)c1O,2.58,COc1cc([N+](=O)[O-])cc(C(=O)O)c1O,213.145,1.0072,109.9,5,2,3,1,0.125,0,0,1,1,2,1,,5,3.7931597702143907,-1.2131597702143906
318,COc1cc2ccccc2cc1C(=O)O,3.8,COc1cc2ccccc2cc1C(=O)O,202.209,2.5466,46.53,2,1,2,2,0.083333,0,0,1,1,2,1,,2,4.625613984599449,-0.8256139845994488
319,COc1ccc(C(=O)O)c(C(=O)O)c1,2.67,COc1ccc(C(=O)O)c(C(=O)O)c1,196.158,1.0916,83.83,3,2,3,1,0.111111,0,0,2,2,4,2,,4,2.7842904649776186,-0.11429046497761863
320,COc1ccc(C(=O)O)c(N)c1,4.88,COc1ccc(C(=O)O)c(N)c1,167.164,0.9756,72.55,3,2,2,1,0.125,0,0,1,1,2,1,,1,4.658512158641521,0.22148784135847865
321,COc1ccc(C(=O)O)c(O)c1,3.31,COc1ccc(C(=O)O)c(O)c1,168.148,1.099,66.76,3,2,2,1,0.125,0,0,1,1,2,1,,2,4.600915322611042,-1.2909153226110424
322,COc1ccc(C(=O)O)c(OC)c1,4.36,COc1ccc(C(=O)O)c(OC)c1,182.175,1.402,55.76,3,1,3,1,0.222222,0,0,1,1,2,1,,3,4.0808111526324335,0.2791888473675668
323,COc1ccc(C(=O)O)c2ccccc12,4.31,COc1ccc(C(=O)O)c2ccccc12,202.209,2.5466,46.53,2,1,2,2,0.083333,0,0,1,1,2,1,,2,4.625613984599449,-0.315613984599449
324,COc1ccc(C(=O)O)cc1,4.2783750000000005,COc1ccc(C(=O)O)cc1,152.149,1.3934,46.53,2,1,2,1,0.125,0,0,1,1,2,1,,4,3.9137908603204647,0.36458413967953573
325,COc1ccc(C(=O)O)cc1O,4.47,COc1ccc(C(=O)O)cc1O,168.148,1.099,66.76,3,2,2,1,0.125,0,0,1,1,2,1,,1,4.715109549519447,-0.24510954951944708
326,COc1ccc(C(=O)O)cc1OC,4.395,COc1ccc(C(=O)O)cc1OC,182.175,1.402,55.76,3,1,3,1,0.222222,0,0,1,1,2,1,,3,4.0808111526324335,0.314188847367566
327,COc1ccc(C(=O)O)s1,3.8,COc1ccc(C(=O)O)s1,158.178,1.4549,46.53,3,1,2,1,0.166667,0,0,1,1,2,1,,4,4.05639448719505,-0.25639448719504987
328,COc1ccc(C(O)C(=O)O)cc1,3.42,COc1ccc(C(O)C(=O)O)cc1,182.175,0.8132,66.76,3,2,3,1,0.222222,0,0,1,1,2,1,,2,5.181318094819915,-1.7613180948199147
329,COc1ccc(C2CC2C(=O)O)cc1,4.62,COc1ccc(C2CC2C(=O)O)cc1,192.214,1.8833,46.53,2,1,3,1,0.363636,0,0,1,1,2,1,,1,4.5461174487718035,0.07388255122819665
330,COc1ccc(C=O)c(C(=O)O)c1OC,3.065,COc1ccc(C=O)c(C(=O)O)c1OC,210.185,1.2145,72.83,4,1,4,1,0.2,0,0,1,1,2,1,,1,3.6911672079145252,-0.6261672079145253
331,COc1ccc(CC(=O)O)cc1,4.07,COc1ccc(CC(=O)O)cc1,166.176,1.3223,46.53,2,1,3,1,0.222222,0,0,1,1,2,1,,3,4.42716122746542,-0.35716122746541945
332,COc1ccc(CCC(=O)O)cc1,4.71,COc1ccc(CCC(=O)O)cc1,180.203,1.7124,46.53,2,1,4,1,0.3,0,0,1,1,2,1,,5,4.705027203333669,0.004972796666330659
333,COc1ccc(C[C@H](N)C(=O)O)cc1,9.31,COc1ccc(C[C@H](N)C(=O)O)cc1,195.218,0.6496,72.55,3,2,4,1,0.3,0,0,1,1,2,1,,2,5.606846658363108,3.7031533416368925
334,COc1ccc(N)c(C(=O)O)c1,5.57,COc1ccc(N)c(C(=O)O)c1,167.164,0.9756,72.55,3,2,2,1,0.125,0,0,1,1,2,1,,1,4.658512158641521,0.911487841358479
335,COc1ccc(NCC(=O)O)cc1,5.096,COc1ccc(NCC(=O)O)cc1,181.191,1.1917,58.56,3,2,4,1,0.222222,0,0,1,1,2,1,,1,5.484217279876935,-0.388217279876935
336,COc1ccc(O)c(C(=O)O)c1,2.94,COc1ccc(O)c(C(=O)O)c1,168.148,1.099,66.76,3,2,2,1,0.125,0,0,1,1,2,1,,1,4.715109549519447,-1.7751095495194469
337,COc1ccc(S(=O)(=O)CC(=O)O)cc1,2.602,COc1ccc(S(=O)(=O)CC(=O)O)cc1,230.241,0.5535,80.67,4,1,4,1,0.222222,0,0,1,1,2,1,,3,3.735494918800449,-1.1334949188004493
338,COc1ccc(S(=O)CC(=O)O)cc1,2.754,COc1ccc(S(=O)CC(=O)O)cc1,214.242,0.8874,63.6,3,1,4,1,0.222222,0,0,1,1,2,1,,3,4.034246108625627,-1.2802461086256272
339,COc1ccc(SCC(=O)O)cc1,3.7,COc1ccc(SCC(=O)O)cc1,198.243,1.8719,46.53,3,1,4,1,0.222222,0,0,1,1,2,1,,5,4.044272387882716,-0.3442723878827154
340,COc1ccc2c(CC(N)C(=O)O)c[nH]c2c1,16.7,COc1ccc2c(CC(N)C(=O)O)c[nH]c2c1,234.255,1.1309,88.34,3,3,4,2,0.25,0,0,1,1,2,1,,3,7.533424391247452,9.166575608752547
341,COc1cccc(C(=O)O)c1,3.8745,COc1cccc(C(=O)O)c1,152.149,1.3934,46.53,2,1,2,1,0.125,0,0,1,1,2,1,,5,3.953998176547188,-0.07949817654718805
342,COc1cccc(C(=O)O)c1OC,3.98,COc1cccc(C(=O)O)c1OC,182.175,1.402,55.76,3,1,3,1,0.222222,0,0,1,1,2,1,,3,4.0808111526324335,-0.10081115263243356
343,COc1cccc(NCC(=O)O)c1,4.135,COc1cccc(NCC(=O)O)c1,181.191,1.1917,58.56,3,2,4,1,0.222222,0,0,1,1,2,1,,3,5.385559487716941,-1.2505594877169415
344,COc1cccc(OC)c1C(=O)O,3.44,COc1cccc(OC)c1C(=O)O,182.175,1.402,55.76,3,1,3,1,0.222222,0,0,1,1,2,1,,1,4.094492886975772,-0.6544928869757718
345,COc1cccc(S(=O)(=O)CC(=O)O)c1,2.588,COc1cccc(S(=O)(=O)CC(=O)O)c1,230.241,0.5535,80.67,4,1,4,1,0.222222,0,0,1,1,2,1,,5,3.629489392126608,-1.041489392126608
346,COc1cccc(SCC(=O)O)c1,3.546,COc1cccc(SCC(=O)O)c1,198.243,1.8719,46.53,3,1,4,1,0.222222,0,0,1,1,2,1,,1,4.124379208449915,-0.5783792084499155
347,COc1ccccc1C(=O)O,3.9,COc1ccccc1C(=O)O,152.149,1.3934,46.53,2,1,2,1,0.125,0,0,1,1,2,1,,5,3.953998176547188,-0.05399817654718797
348,COc1ccccc1C(O)C(=O)O,3.64,COc1ccccc1C(O)C(=O)O,182.175,0.8132,66.76,3,2,3,1,0.222222,0,0,1,1,2,1,,1,5.247872036261379,-1.6078720362613788
349,COc1coc(C(=O)O)cc1=O,1.53,COc1coc(C(=O)O)cc1=O,170.12,0.3466,76.74,4,1,2,1,0.142857,0,0,1,1,2,1,,4,3.755776282892915,-2.225776282892915
350,CS(=O)(=O)c1ccc(OCC(=O)O)cc1,2.85,CS(=O)(=O)c1ccc(OCC(=O)O)cc1,230.241,0.5535,80.67,4,1,4,1,0.222222,0,0,1,1,2,1,,4,3.706068329464283,-0.856068329464283
351,CSC(=S)N(C)CC(=O)O,2.9850000000000003,CSC(=S)N(C)CC(=O)O,179.266,0.6507,40.54,3,1,2,0,0.6,0,0,1,1,2,1,,3,4.233852778009187,-1.2488527780091863
352,CSC(=S)NCC(=O)O,3.19,CSC(=S)NCC(=O)O,165.239,0.3085,49.33,3,2,2,0,0.5,0,0,1,1,2,1,,2,4.758417089164653,-1.5684170891646532
353,CSCC(=O)O,3.655,CSCC(=O)O,106.146,0.434,37.3,2,1,2,0,0.666667,0,0,1,1,2,1,,2,5.264056190597956,-1.6090561905979563
354,CSCCC(NC(=O)CN)C(=O)O,8.51,CSCCC(NC(=O)CN)C(=O)O,206.267,-0.7324,92.42,4,3,6,0,0.714286,0,0,1,1,2,1,,1,7.053572840177569,1.4564271598224305
355,CSCC[C@H](N)C(=O)O,9.194,CSCC[C@H](N)C(=O)O,149.215,0.1514,63.32,3,2,4,0,0.8,0,0,1,1,2,1,,3,6.667456340141618,2.5265436598583833
356,CSC[C@H](N)C(=O)O,8.816666666666668,CSC[C@H](N)C(=O)O,135.188,-0.2387,63.32,3,2,3,0,0.75,0,0,1,1,2,1,,3,6.577925397568103,2.238741269098565
357,CSC[C@H](NC(=O)CC[C@H](N)C(=O)O)C(=O)NCC(=O)O,9.2,CSC[C@H](NC(=O)CC[C@H](N)C(=O)O)C(=O)NCC(=O)O,321.355,-1.7729,158.82,6,5,10,0,0.636364,0,0,2,2,4,2,,2,6.3506360408593725,2.849363959140627
358,CSc1cccc(SCC(=O)O)c1,3.468,CSc1cccc(SCC(=O)O)c1,214.311,2.5852,37.3,3,1,4,1,0.222222,0,0,1,1,2,1,,3,3.7398044749204344,-0.27180447492043447
359,C[C@@H](N)C(=O)N1CCC[C@H]1C(=O)O,8.38,C[C@@H](N)C(=O)N1CCC[C@H]1C(=O)O,186.211,-0.5908,83.63,3,2,2,0,0.75,0,0,1,1,2,1,,1,5.549926997635815,2.830073002364186
360,C[C@@H](O)[C@H](N)C(=O)O,9.05,C[C@@H](O)[C@H](N)C(=O)O,119.12,-1.2209,83.55,3,3,2,0,0.75,0,0,1,1,2,1,,4,7.650763885999051,1.3992361140009493
361,C[C@@H]1[C@@H](C1)C(=O)O,5.02,C[C@H]1C[C@H]1C(=O)O,100.117,0.727,37.3,1,1,1,0,0.8,0,0,1,1,2,1,,2,5.6982385281683126,-0.678238528168313
362,C[C@H](N)C(=O)NCC(=O)NCC(=O)O,8.05,C[C@H](N)C(=O)NCC(=O)NCC(=O)O,203.198,-2.3494,121.52,4,4,5,0,0.571429,0,0,1,1,2,1,,3,7.568605249969797,0.48139475003020404
363,C[C@H](N)C(=O)NCC(=O)O,8.114,C[C@H](N)C(=O)NCC(=O)O,146.146,-1.4656,92.42,3,3,3,0,0.6,0,0,1,1,2,1,,1,6.810961445882231,1.3030385541177694
364,C[C@H](N)C(=O)N[C@@H](C)C(=O)N[C@@H](C)C(=O)N[C@@H](C)C(=O)O,7.9625,C[C@H](N)C(=O)N[C@@H](C)C(=O)N[C@@H](C)C(=O)N[C@@H](C)C(=O)O,302.331,-2.0677,150.62,5,5,7,0,0.666667,0,0,1,1,2,1,,1,7.7022298944024925,0.26027010559750785
365,C[C@H](N)C(=O)N[C@@H](C)C(=O)N[C@@H](C)C(=O)O,8.065999999999999,C[C@H](N)C(=O)N[C@@H](C)C(=O)N[C@@H](C)C(=O)O,231.252,-1.5724,121.52,4,4,5,0,0.666667,0,0,1,1,2,1,,2,7.475035911457442,0.5909640885425569
366,C[C@H](N)C(=O)N[C@@H](C)C(=O)O,8.286000000000001,C[C@H](N)C(=O)N[C@@H](C)C(=O)O,160.173,-1.0771,92.42,3,3,3,0,0.666667,0,0,1,1,2,1,,4,6.868144499537571,1.41785550046243
367,C[C@H](N)C(=O)N[C@@H](CCCCN)C(=O)N[C@@H](C)C(=O)O,10.533333333333331,C[C@H](N)C(=O)N[C@@H](CCCCN)C(=O)N[C@@H](C)C(=O)O,288.348,-1.4633,147.54,5,5,9,0,0.75,0,0,1,1,2,1,,1,8.491240536268815,2.042092797064516
368,C[C@H](N)C(=O)O,9.847428571428573,C[C@H](N)C(=O)O,89.094,-0.5818,63.32,2,2,1,0,0.666667,0,0,1,1,2,1,,5,6.434091186958212,3.4133373844703607
369,C[C@H](NC(=O)CN)C(=O)NCC(=O)O,8.08,C[C@H](NC(=O)CN)C(=O)NCC(=O)O,203.198,-2.3494,121.52,4,4,5,0,0.571429,0,0,1,1,2,1,,3,7.568605249969797,0.5113947500302034
370,C[C@H](NC(=O)CN)C(=O)O,8.2275,C[C@H](NC(=O)CN)C(=O)O,146.146,-1.4656,92.42,3,3,3,0,0.6,0,0,1,1,2,1,,3,6.930949391319474,1.2965506086805254
371,C[C@H](NC(=O)CNC(=O)CN)C(=O)O,8.02,C[C@H](NC(=O)CNC(=O)CN)C(=O)O,203.198,-2.3494,121.52,4,4,5,0,0.571429,0,0,1,1,2,1,,3,7.568605249969797,0.4513947500302029
372,C[C@H](NC(=O)[C@@H](N)CCCCN)C(=O)O,10.7,C[C@H](NC(=O)[C@@H](N)CCCCN)C(=O)O,217.269,-0.968,118.44,4,4,7,0,0.777778,0,0,1,1,2,1,,1,8.180215823910364,2.519784176089635
373,C[C@H](NC(=O)[C@H](C)NC(=O)CN)C(=O)O,8.135,C[C@H](NC(=O)[C@H](C)NC(=O)CN)C(=O)O,217.225,-1.9609,121.52,4,4,5,0,0.625,0,0,1,1,2,1,,2,7.591883938756668,0.5431160612433317
374,C[C@H](NCc1ccccc1)C(=O)NCC(=O)O,7.05,C[C@H](NCc1ccccc1)C(=O)NCC(=O)O,236.271,0.3655,78.43,3,3,6,1,0.333333,0,0,1,1,2,1,,5,6.846124476037364,0.20387552396263597
375,C[C@H](O)[C@H](N)C(=O)O,9.053,C[C@H](O)[C@H](N)C(=O)O,119.12,-1.2209,83.55,3,3,2,0,0.75,0,0,1,1,2,1,,4,7.650763885999051,1.4022361140009494
376,C[C@H]1[C@@H](C1)C(=O)O,5.0,C[C@@H]1C[C@H]1C(=O)O,100.117,0.727,37.3,1,1,1,0,0.8,0,0,1,1,2,1,,4,5.553283176519499,-0.553283176519499
377,C[N+](C)(C)CC(O)CC(=O)O.[Cl-],3.8,C[N+](C)(C)CC(O)CC(=O)O.[Cl-],197.662,-3.4678,57.53,2,2,4,0,0.857143,0,0,1,1,2,1,,3,8.107628739473517,-4.307628739473517
378,C[N+](C)(C)CCCC(=O)O.[Cl-],4.02,C[N+](C)(C)CCCC(=O)O.[Cl-],181.663,-2.4386,37.3,1,1,4,0,0.857143,0,0,1,1,2,1,,4,6.242244009158647,-2.222244009158647
379,C[N+](C)(C)c1ccc(CC(=O)O)cc1.[I-],3.75,C[N+](C)(C)c1ccc(CC(=O)O)cc1.[I-],321.158,-1.4856,37.3,1,1,3,1,0.363636,0,0,1,1,2,1,,2,4.389029150396918,-0.6390291503969179
380,C[N+](C)(C)c1ccc(CCC(=O)O)cc1.[I-],4.22,C[N+](C)(C)c1ccc(CCC(=O)O)cc1.[I-],335.185,-1.0955,37.3,1,1,4,1,0.416667,0,0,1,1,2,1,,5,4.360746613348054,-0.14074661334805416
381,C[N+](C)(C)c1cccc(CC(=O)O)c1.[I-],3.66,C[N+](C)(C)c1cccc(CC(=O)O)c1.[I-],321.158,-1.4856,37.3,1,1,3,1,0.363636,0,0,1,1,2,1,,5,4.216407930060929,-0.5564079300609288
382,C[N+](C)(C)c1cccc(CCC(=O)O)c1.[I-],4.17,C[N+](C)(C)c1cccc(CCC(=O)O)c1.[I-],335.185,-1.0955,37.3,1,1,4,1,0.416667,0,0,1,1,2,1,,2,4.561076701980589,-0.3910767019805892
383,C[S+](C)c1ccc(C(=O)O)cc1,3.3,C[S+](C)c1ccc(C(=O)O)cc1,183.252,1.6216,37.3,1,1,2,1,0.222222,1,0,1,1,2,1,,2,4.114489701145667,-0.8144897011456669
384,C[S+](C)c1cccc(C(=O)O)c1,3.2,C[S+](C)c1cccc(C(=O)O)c1,183.252,1.6216,37.3,1,1,2,1,0.222222,1,0,1,1,2,1,,2,4.114489701145667,-0.9144897011456665
385,C[Si](C)(C)c1ccc(C(=O)O)cc1,4.234,C[Si](C)(C)c1ccc(C(=O)O)cc1,194.306,1.93,37.3,1,1,2,1,0.3,0,0,1,1,2,1,,3,4.212277924896028,0.021722075103972394
386,C[Si](C)(C)c1cccc(C(=O)O)c1,4.1645,C[Si](C)(C)c1cccc(C(=O)O)c1,194.306,1.93,37.3,1,1,2,1,0.3,0,0,1,1,2,1,,4,4.173371187785679,-0.008871187785678636
387,Cc1c(C(=O)O)nnn1-c1ccccc1,3.73,Cc1c(C(=O)O)nnn1-c1ccccc1,203.201,1.27392,68.01,3,1,2,2,0.1,0,0,1,1,2,1,,5,5.076620950522108,-1.3466209505221083
388,Cc1c(F)c(F)c(C(=O)O)c(F)c1F,2.0,Cc1c(F)c(F)c(C(=O)O)c(F)c1F,208.11,2.24962,37.3,1,1,1,1,0.125,0,0,1,1,2,1,,4,2.999060995742294,-0.999060995742294
389,Cc1cc(=O)c(C(=O)O)c(C)o1,3.36,Cc1cc(=O)c(C(=O)O)c(C)o1,168.148,0.95484,67.51,3,1,1,1,0.25,0,0,1,1,2,1,,5,3.9742223862099735,-0.6142223862099736
390,Cc1cc(C(=O)O)c2ccccc2c1,3.72,Cc1cc(C(=O)O)c2ccccc2c1,186.21,2.84642,37.3,1,1,1,2,0.083333,0,0,1,1,2,1,,1,4.708812853817127,-0.988812853817127
391,Cc1cc(C(=O)O)cc(C)c1C,4.52,Cc1cc(C(=O)O)cc(C)c1C,164.204,2.31006,37.3,1,1,1,1,0.3,0,0,1,1,2,1,,5,4.239228865808236,0.28077113419176314
392,Cc1cc(C)c(C(=O)O)c(C)c1,3.498,Cc1cc(C)c(C(=O)O)c(C)c1,164.204,2.31006,37.3,1,1,1,1,0.3,0,0,1,1,2,1,,3,4.1666806560429706,-0.6686806560429703
393,Cc1cc(C)c(C(=O)O)cc1C,4.38,Cc1cc(C)c(C(=O)O)cc1C,164.204,2.31006,37.3,1,1,1,1,0.3,0,0,1,1,2,1,,5,4.239228865808236,0.14077113419176346
394,Cc1cc(C)c(C)c(C(=O)O)c1,4.01,Cc1cc(C)c(C)c(C(=O)O)c1,164.204,2.31006,37.3,1,1,1,1,0.3,0,0,1,1,2,1,,5,4.239228865808236,-0.22922886580823665
395,Cc1cc(C)c(C)c(C(=O)O)c1C,3.416,Cc1cc(C)c(C)c(C(=O)O)c1C,178.231,2.61848,37.3,1,1,1,1,0.363636,0,0,1,1,2,1,,3,4.176179537534059,-0.7601795375340594
396,Cc1cc(C)cc(C(=O)O)c1,4.343999999999999,Cc1cc(C)cc(C(=O)O)c1,150.177,2.00164,37.3,1,1,1,1,0.222222,0,0,1,1,2,1,,2,4.127067495830201,0.21693250416979826
397,Cc1cc(C)cc(OCC(=O)O)c1,3.2,Cc1cc(C)cc(OCC(=O)O)c1,180.203,1.76684,46.53,2,1,3,1,0.3,0,0,1,1,2,1,,3,4.440004553826277,-1.2400045538262772
398,Cc1cc(C)n(CC(=O)O)n1,3.9,Cc1cc(C)n(CC(=O)O)n1,154.169,0.58454,55.12,2,1,2,1,0.428571,0,0,1,1,2,1,,3,5.451228997861396,-1.5512289978613958
399,Cc1cc(Cl)ccc1OCC(=O)O,3.107,Cc1cc(Cl)ccc1OCC(=O)O,200.621,2.11182,46.53,2,1,3,1,0.222222,0,0,1,1,2,1,,5,3.763888306178658,-0.6568883061786579
400,Cc1cc([N+](=O)[O-])c(C)c(C(=O)O)c1O,2.78,Cc1cc([N+](=O)[O-])c(C)c(C(=O)O)c1O,211.173,1.61544,100.67,4,2,2,1,0.222222,0,0,1,1,2,1,,2,3.928885749416241,-1.148885749416241
401,Cc1cc2ccccc2c(C(=O)O)c1C,2.831,Cc1cc2ccccc2c(C(=O)O)c1C,200.237,3.15484,37.3,1,1,1,2,0.153846,0,0,1,1,2,1,,3,4.747211444303349,-1.9162114443033489
402,Cc1ccc(C(=O)O)[nH]1,4.88,Cc1ccc(C(=O)O)[nH]1,125.127,1.02132,53.09,1,2,1,1,0.166667,0,0,1,1,2,1,,4,5.367702770223949,-0.48770277022394914
403,Cc1ccc(C(=O)O)[se]1,3.82,Cc1ccc(C(=O)O)[se]1,189.072,0.75022,37.3,1,1,1,1,0.166667,0,0,1,1,2,1,,5,3.830982079671287,-0.01098207967128717
404,Cc1ccc(C(=O)O)c(C)c1,4.2595,Cc1ccc(C(=O)O)c(C)c1,150.177,2.00164,37.3,1,1,1,1,0.222222,0,0,1,1,2,1,,4,4.113498492320581,0.14600150767941944
405,Cc1ccc(C(=O)O)c(C)c1C,4.06,Cc1ccc(C(=O)O)c(C)c1C,164.204,2.31006,37.3,1,1,1,1,0.3,0,0,1,1,2,1,,4,4.227671413182122,-0.16767141318212264
406,Cc1ccc(C(=O)O)c(N)c1,5.07,Cc1ccc(C(=O)O)c(N)c1,151.165,1.27542,63.32,2,2,1,1,0.125,0,0,1,1,2,1,,1,4.652608097843621,0.4173919021563792
407,Cc1ccc(C(=O)O)c(O)c1,3.1630000000000003,Cc1ccc(C(=O)O)c(O)c1,152.149,1.39882,57.53,2,2,1,1,0.125,0,0,1,1,2,1,,2,4.663438357154819,-1.5004383571548185
408,Cc1ccc(C(=O)O)cc1,4.383333333333334,Cc1ccc(C(=O)O)cc1,136.15,1.69322,37.3,1,1,1,1,0.125,0,0,1,1,2,1,,5,3.9943265029598445,0.38900683037348927
409,Cc1ccc(C(=O)O)cc1C,4.5,Cc1ccc(C(=O)O)cc1C,150.177,2.00164,37.3,1,1,1,1,0.222222,0,0,1,1,2,1,,3,4.095022114287639,0.40497788571236093
410,Cc1ccc(C(=O)O)s1,3.73,Cc1ccc(C(=O)O)s1,142.179,1.75472,37.3,2,1,1,1,0.166667,0,0,1,1,2,1,,1,4.0858467827797655,-0.35584678277976556
411,Cc1ccc(C(=O)c2ccccc2C(=O)O)cc1,3.644,Cc1ccc(C(=O)c2ccccc2C(=O)O)cc1,240.258,2.92422,54.37,2,1,3,2,0.066667,0,0,1,1,2,1,,3,4.136646440564053,-0.4926464405640525
412,Cc1ccc(C)c(C(=O)O)c1,4.0205,Cc1ccc(C)c(C(=O)O)c1,150.177,2.00164,37.3,1,1,1,1,0.222222,0,0,1,1,2,1,,4,4.113498492320581,-0.09299849232058044
413,Cc1ccc(C)c(C(=O)O)c1C,3.34,Cc1ccc(C)c(C(=O)O)c1C,164.204,2.31006,37.3,1,1,1,1,0.3,0,0,1,1,2,1,,1,4.177302099129111,-0.8373020991291114
414,Cc1ccc(C)c(C(=O)O)c1O,3.23,Cc1ccc(C)c(C(=O)O)c1O,166.176,1.70724,57.53,2,2,1,1,0.222222,0,0,1,1,2,1,,3,4.802197525775074,-1.5721975257750738
415,Cc1ccc(C)c(C(O)C(=O)O)c1,3.57,Cc1ccc(C)c(C(O)C(=O)O)c1,180.203,1.42144,57.53,2,2,2,1,0.3,0,0,1,1,2,1,,5,5.386033782899412,-1.8160337828994124
416,Cc1ccc(C2CC2C(=O)O)cc1,4.6,Cc1ccc(C2CC2C(=O)O)cc1,176.215,2.18312,37.3,1,1,2,1,0.363636,0,0,1,1,2,1,,4,4.585315837333597,0.014684162666402933
417,Cc1ccc(CC(=O)O)cc1,4.07025,Cc1ccc(CC(=O)O)cc1,150.177,1.62212,37.3,1,1,2,1,0.222222,0,0,1,1,2,1,,4,4.383550360118408,-0.3133003601184079
418,Cc1ccc(CCC(=O)O)cc1,4.74,Cc1ccc(CCC(=O)O)cc1,164.204,2.01222,37.3,1,1,3,1,0.3,0,0,1,1,2,1,,3,4.645892902091268,0.09410709790873195
419,Cc1ccc(N)c(C(=O)O)c1,5.13,Cc1ccc(N)c(C(=O)O)c1,151.165,1.27542,63.32,2,2,1,1,0.125,0,0,1,1,2,1,,3,4.611172620678613,0.5188273793213867
420,Cc1ccc(NCC(=O)O)cc1,4.85,Cc1ccc(NCC(=O)O)cc1,165.192,1.49152,49.33,2,2,3,1,0.222222,0,0,1,1,2,1,,5,5.501027959726967,-0.6510279597269673
421,Cc1ccc(O)c(C(=O)O)c1,3.026666666666667,Cc1ccc(O)c(C(=O)O)c1,152.149,1.39882,57.53,2,2,1,1,0.125,0,0,1,1,2,1,,4,4.781870320017111,-1.7552036533504443
422,Cc1ccc(S(=O)(=O)CC(=O)O)cc1,2.542,Cc1ccc(S(=O)(=O)CC(=O)O)cc1,214.242,0.85332,71.44,3,1,3,1,0.222222,0,0,1,1,2,1,,1,3.5957382059241563,-1.0537382059241565
423,Cc1ccc(S(=O)CC(=O)O)cc1,2.74,Cc1ccc(S(=O)CC(=O)O)cc1,198.243,1.18722,54.37,2,1,3,1,0.222222,0,0,1,1,2,1,,4,3.972186781972173,-1.2321867819721728
424,Cc1ccc(SCC(=O)O)cc1,3.689,Cc1ccc(SCC(=O)O)cc1,182.244,2.17172,37.3,2,1,3,1,0.222222,0,0,1,1,2,1,,1,4.118475147652014,-0.4294751476520142
425,Cc1ccc2ccccc2c1C(=O)O,3.034,Cc1ccc2ccccc2c1C(=O)O,186.21,2.84642,37.3,1,1,1,2,0.083333,0,0,1,1,2,1,,1,4.708812853817127,-1.6748128538171274
426,Cc1cccc(=O)c(O)c1C(=O)O,2.48,Cc1cccc(=O)c(O)c1C(=O)O,180.159,0.75902,74.6,3,2,1,1,0.111111,0,0,1,1,2,1,,3,4.3001891658427,-1.8201891658427
427,Cc1cccc(C(=O)O)c1,4.272666666666667,Cc1cccc(C(=O)O)c1,136.15,1.69322,37.3,1,1,1,1,0.125,0,0,1,1,2,1,,2,3.98593819298675,0.2867284736799167
428,Cc1cccc(C(=O)O)c1C,3.758,Cc1cccc(C(=O)O)c1C,150.177,2.00164,37.3,1,1,1,1,0.222222,0,0,1,1,2,1,,3,4.095022114287639,-0.33702211428763906
429,Cc1cccc(C(=O)O)c1O,2.971,Cc1cccc(C(=O)O)c1O,152.149,1.39882,57.53,2,2,1,1,0.125,0,0,1,1,2,1,,5,4.7436269006584695,-1.7726269006584694
430,Cc1cccc(C(=O)O)n1,5.83,Cc1cccc(C(=O)O)n1,137.138,1.08822,50.19,2,1,1,1,0.142857,0,0,1,1,2,1,,2,4.001555657921284,1.8284443420787158
431,Cc1cccc(C)c1C(=O)O,3.307,Cc1cccc(C)c1C(=O)O,150.177,2.00164,37.3,1,1,1,1,0.222222,0,0,1,1,2,1,,2,4.127067495830201,-0.8200674958302012
432,Cc1cccc(NCC(=O)O)c1,4.6,Cc1cccc(NCC(=O)O)c1,165.192,1.49152,49.33,2,2,3,1,0.222222,0,0,1,1,2,1,,1,5.478313219079034,-0.8783132190790344
433,Cc1cccc(O)c(=O)c1C(=O)O,3.15,Cc1cccc(O)c(=O)c1C(=O)O,180.159,0.75902,74.6,3,2,1,1,0.111111,0,0,1,1,2,1,,3,4.3001891658427,-1.1501891658427001
434,Cc1cccc(O)c1C(=O)O,3.24,Cc1cccc(O)c1C(=O)O,152.149,1.39882,57.53,2,2,1,1,0.125,0,0,1,1,2,1,,1,4.709205488721547,-1.4692054887215464
435,Cc1cccc(S(=O)(=O)CC(=O)O)c1,2.567,Cc1cccc(S(=O)(=O)CC(=O)O)c1,214.242,0.85332,71.44,3,1,3,1,0.222222,0,0,1,1,2,1,,2,3.693966160793539,-1.1269661607935388
436,Cc1cccc(S(=O)CC(=O)O)c1,2.756,Cc1cccc(S(=O)CC(=O)O)c1,198.243,1.18722,54.37,2,1,3,1,0.222222,0,0,1,1,2,1,,3,4.04135158945323,-1.2853515894532301
437,Cc1cccc(SCC(=O)O)c1,3.604,Cc1cccc(SCC(=O)O)c1,182.244,2.17172,37.3,2,1,3,1,0.222222,0,0,1,1,2,1,,5,4.084600714295373,-0.480600714295373
438,Cc1cccc2[nH]cc(CC(N)C(=O)O)c12,16.9,Cc1cccc2[nH]cc(CC(N)C(=O)O)c12,218.256,1.43072,79.11,2,3,3,2,0.25,0,0,1,1,2,1,,3,7.540529872075055,9.359470127924943
439,Cc1cccc2c1[C@H](C(=O)O)[C@@]13CC(=O)[C@@](C)(CC[C@H]21)C3,4.24,Cc1cccc2c1[C@H](C(=O)O)[C@@]13CC(=O)[C@@](C)(CC[C@H]21)C3,284.355,3.40982,54.37,2,1,1,1,0.555556,0,0,1,1,2,1,,4,3.60575939232357,0.6342406076764302
440,Cc1ccccc1C(=O)O,3.914,Cc1ccccc1C(=O)O,136.15,1.69322,37.3,1,1,1,1,0.125,0,0,1,1,2,1,,4,3.913725578764641,0.00027442123535914575
441,Cc1csc(C(=O)O)c1,3.6366666666666654,Cc1csc(C(=O)O)c1,142.179,1.75472,37.3,2,1,1,1,0.166667,0,0,1,1,2,1,,2,3.920959738117197,-0.2842930714505316
442,Cc1csc(C(=O)O)n1,3.18,Cc1csc(C(=O)O)n1,143.167,1.14972,50.19,3,1,1,1,0.2,0,0,1,1,2,1,,1,4.24990628525563,-1.0699062852556298
443,Cc1nc(C)c(C(=O)O)cc1C(=O)O,2.81,Cc1nc(C)c(C(=O)O)cc1C(=O)O,195.174,1.09484,87.49,3,2,2,1,0.222222,0,0,2,2,4,2,,4,3.0615294510735422,-0.2515294510735422
444,Cc1nc[nH]c1C(=O)O,7.01,Cc1nc[nH]c1C(=O)O,126.115,0.41632,65.98,2,2,1,1,0.2,0,0,1,1,2,1,,2,5.536401182333706,1.4735988176662937
445,Cc1ncc(CO)c(C=NC(C(=O)O)C(C)OP(=O)(O)O)c1O,10.48,Cc1ncc(CO)c(C=NC(C(=O)O)C(C)OP(=O)(O)O)c1O,348.248,-0.04218,169.77,7,5,7,1,0.416667,0,0,1,1,2,1,,3,7.030465880403414,3.4495341195965867
446,Cc1ncc(CO)c(C=N[C@H](C(=O)O)[C@@H](C)O)c1O,9.89,Cc1ncc(CO)c(C=N[C@H](C(=O)O)[C@@H](C)O)c1O,268.269,-0.15918,123.24,6,4,5,1,0.416667,0,0,1,1,2,1,,2,7.0626349956347605,2.82736500436524
447,Cc1ncoc1C(=O)O,2.88,Cc1ncoc1C(=O)O,127.099,0.68122,63.33,3,1,1,1,0.2,0,0,1,1,2,1,,1,4.335801934605929,-1.4558019346059288
448,Cl/C=C/C(=O)O,3.79,O=C(O)/C=C/Cl,106.508,0.8235,37.3,1,1,1,0,0.0,0,0,1,1,2,1,,3,2.113922043331188,1.676077956668812
449,ClC1=CC=C(C=C1)[C@H]1[C@@H](C1)C(=O)O,4.53,O=C(O)[C@@H]1C[C@H]1c1ccc(Cl)cc1,196.633,2.5281,37.3,1,1,2,1,0.3,0,0,1,1,2,1,,1,3.9230458540926385,0.6069541459073617
450,ClC=1C=C(C=CC1)[C@H]1[C@@H](C1)C(=O)O,4.51,O=C(O)[C@@H]1C[C@H]1c1cccc(Cl)c1,196.633,2.5281,37.3,1,1,2,1,0.3,0,0,1,1,2,1,,1,3.9230458540926385,0.5869541459073613
451,Cl[C@@H]1CC[C@H](CC1)C(=O)O,4.58,O=C(O)[C@H]1CC[C@H](Cl)CC1,162.616,1.8686,37.3,1,1,1,0,0.857143,0,0,1,1,2,1,,2,4.837910861863862,-0.2579108618638619
452,Cl\C=C/C(=O)O,3.45,O=C(O)/C=C\Cl,106.508,0.8235,37.3,1,1,1,0,0.0,0,0,1,1,2,1,,2,2.26038627513588,1.1896137248641203
453,Cn1ccnc1C(=O)O,7.25,Cn1ccnc1C(=O)O,126.115,0.1183,55.12,2,1,1,1,0.2,0,0,1,1,2,1,,1,4.563644709161414,2.686355290838586
454,Cn1cnc(C[C@H](NC(=O)CCN)C(=O)O)c1,9.49,Cn1cnc(C[C@H](NC(=O)CCN)C(=O)O)c1,240.263,-1.1192,110.24,4,3,6,1,0.5,0,0,1,1,2,1,,4,7.582541952079094,1.9074580479209065
455,FC1=C(C=CC=C1)/C=C/C(=O)O,4.28,O=C(O)/C=C/c1ccccc1F,166.151,1.9235,37.3,1,1,2,1,0.0,0,0,1,1,2,1,,1,3.11838643580852,1.1616135641914802
456,F[B-](F)(F)F.N#[N+]c1ccc(CC(=O)O)cc1,3.24,F[B-](F)(F)F.N#[N+]c1ccc(CC(=O)O)cc1,249.96,3.09828,65.45,2,1,2,1,0.125,0,0,1,1,2,1,,5,1.9557044526755876,1.2842955473244126
457,I/C=C/C(=O)O,3.74,O=C(O)/C=C/I,197.959,1.0197,37.3,1,1,1,0,0.0,0,0,1,1,2,1,,5,0.7532203380571669,2.9867796619428333
458,I\C=C/C(=O)O,3.42,O=C(O)/C=C\I,197.959,1.0197,37.3,1,1,1,0,0.0,0,0,1,1,2,1,,3,1.136326858151143,2.283673141848857
459,N#CC12CCC(C(=O)O)(CC1)C2,4.227,N#CC12CCC(C(=O)O)(CC1)C2,165.192,1.54508,61.09,2,1,1,0,0.777778,0,0,1,1,2,1,,3,4.248648880905228,-0.021648880905227763
460,N#CC12CCC(C(=O)O)(CC1)CC2,4.545,N#CC12CCC(C(=O)O)(CC1)CC2,179.219,1.93518,61.09,2,1,1,0,0.8,0,0,1,1,2,1,,5,3.999413723552502,0.5455862764474979
461,N#CC1CCC(C(=O)O)CC1,4.48,N#CC1CCC(C(=O)O)CC1,153.181,1.40098,61.09,2,1,1,0,0.75,0,0,1,1,2,1,,5,4.2697212255610095,0.2102787744389909
462,N#CCC(=O)O,2.56025,N#CCC(=O)O,85.062,-0.01532,61.09,2,1,1,0,0.333333,0,0,1,1,2,1,,5,3.6860980089896973,-1.1258480089896974
463,N#Cc1ccc(C(=O)O)c(O)c1,2.35,N#Cc1ccc(C(=O)O)c(O)c1,163.132,0.96208,81.32,3,2,1,1,0.0,0,0,1,1,2,1,,5,3.8622620302117996,-1.5122620302117995
464,N#Cc1ccc(O)c(C(=O)O)c1,2.38,N#Cc1ccc(O)c(C(=O)O)c1,163.132,0.96208,81.32,3,2,1,1,0.0,0,0,1,1,2,1,,1,3.814248065485466,-1.4342480654854661
465,N#Cc1ccc(OCC(=O)O)cc1,2.87,N#Cc1ccc(OCC(=O)O)cc1,177.159,1.02168,70.32,3,1,3,1,0.111111,0,0,1,1,2,1,,4,3.588753263917882,-0.7187532639178817
466,N#Cc1cccc(NCC(=O)O)c1,3.78,N#Cc1cccc(NCC(=O)O)c1,176.175,1.05478,73.12,3,2,3,1,0.111111,0,0,1,1,2,1,,1,4.64492841406069,-0.8649284140606901
467,N=C(N)NCCC[C@@H](NC(=O)[C@H](N)Cc1ccc(O)cc1)C(=O)O,9.58,N=C(N)NCCC[C@@H](NC(=O)[C@H](N)Cc1ccc(O)cc1)C(=O)O,337.38,-0.90533,174.55,5,7,9,1,0.4,0,0,1,1,2,1,,3,9.861247852484773,-0.281247852484773
468,NC(=O)C(N)CCC(=O)O,7.88,NC(=O)C(N)CCC(=O)O,146.146,-1.3362,106.41,3,3,4,0,0.6,0,0,1,1,2,1,,5,6.857486376727391,1.0225136232726086
469,NC(=O)C(O)[C@H](N)C(=O)O,8.29,NC(=O)C(O)[C@H](N)C(=O)O,148.118,-2.7555,126.64,4,4,3,0,0.5,0,0,1,1,2,1,,2,7.606817275311771,0.683182724688228
470,NC(=O)CC[C@H](N)C(=O)NCC(=O)O,7.52,NC(=O)CC[C@H](N)C(=O)NCC(=O)O,203.198,-2.22,135.51,4,4,6,0,0.571429,0,0,1,1,2,1,,2,7.750386281064329,-0.23038628106432935
471,NC(=O)CC[C@H](N)C(=O)O,9.07,NC(=O)CC[C@H](N)C(=O)O,146.146,-1.3362,106.41,3,3,4,0,0.6,0,0,1,1,2,1,,4,6.78828458664049,2.2817154133595103
472,NC(=O)C[C@@](N)(O)C(=O)O,7.2,NC(=O)C[C@@](N)(O)C(=O)O,148.118,-2.4063,126.64,4,4,3,0,0.5,0,0,1,1,2,1,,3,7.380824877963551,-0.18082487796355107
473,NC(=O)C[C@H](N)C(=O)O,8.756666666666668,NC(=O)C[C@H](N)C(=O)O,132.119,-1.7263,106.41,3,3,3,0,0.5,0,0,1,1,2,1,,5,6.500062073394107,2.256604593272561
474,NC(=O)NCCCC(NC(=O)c1ccccc1)C(=O)O,3.5575,NC(=O)NCCCC(NC(=O)c1ccccc1)C(=O)O,279.296,0.3181,121.52,3,4,7,1,0.307692,0,0,1,1,2,1,,4,7.133076590990619,-3.575576590990619
475,NC(=O)NCCC[C@H](N)C(=O)O,9.41,NC(=O)NCCC[C@H](N)C(=O)O,175.188,-1.1532,118.44,3,4,5,0,0.666667,0,0,1,1,2,1,,3,7.796681292112252,1.613318707887748
476,NC(C(=O)O)C(CC(=O)O)C(=O)O,3.6,NC(C(=O)O)C(CC(=O)O)C(=O)O,191.139,-1.4262,137.92,4,4,5,0,0.5,0,0,3,3,6,3,,5,3.53819346672081,0.061806533279189946
477,NC(CC(=O)O)C(F)(F)F,5.831,NC(CC(=O)O)C(F)(F)F,157.091,0.3507,63.32,2,2,2,0,0.75,0,0,1,1,2,1,,5,5.86867364883358,-0.0376736488335796
478,NC(CC(=O)O)c1ccccc1,9.31,NC(CC(=O)O)c1ccccc1,165.192,1.1611,63.32,2,2,3,1,0.222222,0,0,1,1,2,1,,5,5.439105781727472,3.8708942182725288
479,NC(CC(F)(F)F)C(=O)O,8.171,NC(CC(F)(F)F)C(=O)O,157.091,0.3507,63.32,2,2,2,0,0.75,0,0,1,1,2,1,,1,5.899433488905065,2.2715665110949343
480,NC(Cc1c(F)c(F)c(F)c(F)c1F)C(=O)O,8.47,NC(Cc1c(F)c(F)c(F)c(F)c1F)C(=O)O,255.142,1.3365,63.32,2,2,3,1,0.222222,0,0,1,1,2,1,,2,4.342882548399423,4.1271174516005775
481,NC(Cc1c[nH]c2ccc(O)cc12)C(=O)O,17.95,NC(Cc1c[nH]c2ccc(O)cc12)C(=O)O,220.228,0.8279,99.34,3,4,3,2,0.181818,0,0,1,1,2,1,,1,8.308850207205547,9.641149792794453
482,NC(Cc1c[nH]cn1)C(=O)O,9.16,NC(Cc1c[nH]cn1)C(=O)O,155.157,-0.6359,92.0,3,3,3,1,0.333333,0,0,1,1,2,1,,4,7.3116822276492766,1.8483177723507236
483,NC(N)=NCCC[C@H](N)C(=O)O,12.48,NC(N)=NCCC[C@H](N)C(=O)O,174.204,-1.5481,127.72,3,4,5,0,0.666667,0,0,1,1,2,1,,1,7.73059646466951,4.74940353533049
484,NC(N)=NOCC[C@H](N)C(=O)O,9.25,NC(N)=NOCC[C@H](N)C(=O)O,176.176,-2.0066,136.95,4,4,5,0,0.6,0,0,1,1,2,1,,1,7.463699576964996,1.7863004230350041
485,NC1=NC(C(=O)O)CS1,8.48,NC1=NC(C(=O)O)CS1,146.171,-0.4989,75.68,4,2,1,0,0.5,0,0,1,1,2,1,,1,4.925778907755059,3.5542210922449415
486,NCC(=O)N1CCC[C@H]1C(=O)O,8.5925,NCC(=O)N1CCC[C@H]1C(=O)O,172.184,-0.9793,83.63,3,2,2,0,0.714286,0,0,1,1,2,1,,5,5.673062716923928,2.9194372830760713
487,NCC(=O)NCC(=O)NCC(=O)NC(Cc1c[nH]cn1)C(=O)O,8.11,NCC(=O)NCC(=O)NCC(=O)NC(Cc1c[nH]cn1)C(=O)O,326.313,-3.2873,179.3,6,6,9,1,0.416667,0,0,1,1,2,1,,2,10.105876382135214,-1.995876382135215
488,NCC(=O)NCC(=O)NCC(=O)NCC(=O)O,7.95,NCC(=O)NCC(=O)NCC(=O)NCC(=O)O,246.223,-3.6217,150.62,5,5,7,0,0.5,0,0,1,1,2,1,,1,8.053839428479144,-0.10383942847914351
489,NCC(=O)NCC(=O)NCC(=O)O,8.11,NCC(=O)NCC(=O)NCC(=O)O,189.171,-2.7379,121.52,4,4,5,0,0.5,0,0,1,1,2,1,,3,7.559454316159593,0.5505456838404061
490,NCC(=O)NCC(=O)O,8.231928571428572,NCC(=O)NCC(=O)O,132.119,-1.8541,92.42,3,3,3,0,0.5,0,0,1,1,2,1,,4,6.630885145617769,1.6010434258108033
491,NCC(=O)N[C@@H](CO)C(=O)NCC(=O)O,7.99,NCC(=O)N[C@@H](CO)C(=O)NCC(=O)O,219.197,-3.377,141.75,5,5,6,0,0.571429,0,0,1,1,2,1,,5,8.658227973854114,-0.6682279738541137
492,NCC(=O)N[C@@H](CO)C(=O)O,8.24,NCC(=O)N[C@@H](CO)C(=O)O,162.145,-2.4932,112.65,4,4,4,0,0.6,0,0,1,1,2,1,,2,8.124828261703215,0.11517173829678562
493,NCC(=O)N[C@@H](Cc1c[nH]c2ccccc12)C(=O)O,8.06,NCC(=O)N[C@@H](Cc1c[nH]c2ccccc12)C(=O)O,261.281,0.2385,108.21,3,4,5,2,0.230769,0,0,1,1,2,1,,5,8.799012928769477,-0.7390129287694762
494,NCC(=O)N[C@@H](Cc1c[nH]cn1)C(=O)O,8.24,NCC(=O)N[C@@H](Cc1c[nH]cn1)C(=O)O,212.209,-1.5197,121.1,4,4,5,1,0.375,0,0,1,1,2,1,,5,8.322754199875819,-0.08275419987581856
495,NCC(=O)N[C@@H](Cc1ccc(O)cc1)C(=O)O,8.24,NCC(=O)N[C@@H](Cc1ccc(O)cc1)C(=O)O,238.243,-0.5372,112.65,4,4,5,1,0.272727,0,0,1,1,2,1,,3,7.218602785690763,1.0213972143092374
496,NCC(=O)N[C@@H](Cc1ccccc1)C(=O)O,8.245000000000001,NCC(=O)N[C@@H](Cc1ccccc1)C(=O)O,222.244,-0.2428,92.42,3,3,5,1,0.272727,0,0,1,1,2,1,,1,6.399208086705931,1.8457919132940699
497,NCC(=O)N[C@@H](Cc1cnc[nH]1)C(=O)N[C@@H](CCC(=O)O)C(=O)O,6.65,NCC(=O)N[C@@H](Cc1cnc[nH]1)C(=O)N[C@@H](CCC(=O)O)C(=O)O,341.324,-2.1701,187.5,6,6,10,1,0.461538,0,0,2,2,4,2,,2,8.206620213760546,-1.5566202137605458
498,NCC(=O)N[C@@H](Cc1cnc[nH]1)C(=O)O,8.2,NCC(=O)N[C@@H](Cc1cnc[nH]1)C(=O)O,212.209,-1.5197,121.1,4,4,5,1,0.375,0,0,1,1,2,1,,4,8.305892451891912,-0.1058924518919131
499,NCC(=O)O,9.746006666666666,NCC(=O)O,75.067,-0.9703,63.32,2,2,1,0,0.5,0,0,1,1,2,1,,2,6.019590352974675,3.726416313691991
500,NCC(N)C(=O)O,9.555,NCC(N)C(=O)O,104.109,-1.643,89.34,3,3,2,0,0.666667,0,0,1,1,2,1,,5,7.579129896460514,1.975870103539486
501,NCC(O)C(=O)O,9.33,NCC(O)C(=O)O,105.093,-1.6094,83.55,3,3,2,0,0.666667,0,0,1,1,2,1,,1,7.597933581243362,1.732066418756638
502,NCCC(=O)O,10.2552,NCCC(=O)O,89.094,-0.5802,63.32,2,2,2,0,0.666667,0,0,1,1,2,1,,2,6.664967832248227,3.5902321677517737
503,NCCCC(=O)O,10.515175,NCCCC(=O)O,103.121,-0.1901,63.32,2,2,3,0,0.75,0,0,1,1,2,1,,2,6.9632328102536185,3.5519421897463808
504,NCCCCC(=O)O,10.6572,NCCCCC(=O)O,117.148,0.2,63.32,2,2,4,0,0.8,0,0,1,1,2,1,,5,7.050729108615808,3.606470891384191
505,NCCCCCC(=O)O,10.808,NCCCCCC(=O)O,131.175,0.5901,63.32,2,2,5,0,0.833333,0,0,1,1,2,1,,4,6.994078343998604,3.813921656001396
506,NCCCC[C@H](N)C(=O)O,10.69,NCCCC[C@H](N)C(=O)O,146.19,-0.4727,89.34,3,3,5,0,0.833333,0,0,1,1,2,1,,5,8.04650259433674,2.6434974056632594
507,NCCC[C@H](N)C(=O)O,8.773333333333333,NCCC[C@H](N)C(=O)O,132.163,-0.8628,89.34,3,3,4,0,0.8,0,0,1,1,2,1,,4,7.917892184709265,0.8554411486240685
508,NCC[C@H](N)C(=O)O,10.25,NCC[C@H](N)C(=O)O,118.136,-1.2529,89.34,3,3,3,0,0.75,0,0,1,1,2,1,,1,7.798042331535814,2.4519576684641864
509,NC[C@H](N)C(=O)O,9.34,NC[C@H](N)C(=O)O,104.109,-1.643,89.34,3,3,2,0,0.666667,0,0,1,1,2,1,,1,7.516181901849865,1.8238180981501353
510,NCc1ccc(CCC(=O)O)cc1,4.28,NCc1ccc(CCC(=O)O)cc1,179.219,1.1625,63.32,2,2,4,1,0.3,0,0,1,1,2,1,,5,5.821796839032317,-1.5417968390323171
511,NCc1ccccc1CCC(=O)O,4.22,NCc1ccccc1CCC(=O)O,179.219,1.1625,63.32,2,2,4,1,0.3,0,0,1,1,2,1,,4,5.771816746877697,-1.551816746877697
512,NOCC[C@H](N)C(=O)O,9.2,NOCC[C@H](N)C(=O)O,134.135,-1.3213,98.57,4,3,4,0,0.75,0,0,1,1,2,1,,5,7.745546909306979,1.4544530906930202
513,NS(=O)(=O)c1ccc(C(=O)O)cc1,3.47,NS(=O)(=O)c1ccc(C(=O)O)cc1,201.203,0.0322,97.46,3,2,2,1,0.0,0,0,1,1,2,1,,4,3.75214738257089,-0.2821473825708898
514,NS(=O)(=O)c1cccc(C(=O)O)c1,3.54,NS(=O)(=O)c1cccc(C(=O)O)c1,201.203,0.0322,97.46,3,2,2,1,0.0,0,0,1,1,2,1,,3,3.713375578307505,-0.17337557830750505
515,N[C@@H](CC(=O)O)C(=O)O,3.8392857142857135,N[C@@H](CC(=O)O)C(=O)O,133.103,-1.127,100.62,3,3,3,0,0.5,0,0,2,2,4,2,,2,4.798494394760169,-0.9592086804744557
516,N[C@@H](CCC(=O)O)C(=O)O,4.2375,N[C@@H](CCC(=O)O)C(=O)O,147.13,-0.7369,100.62,3,3,4,0,0.6,0,0,2,2,4,2,,2,5.166182706082533,-0.9286827060825331
517,N[C@@H](CCC(=O)OCc1ccccc1)C(=O)O,9.0,N[C@@H](CCC(=O)OCc1ccccc1)C(=O)O,237.255,0.9219,89.62,4,2,6,1,0.333333,0,0,1,1,2,1,,4,5.448842371398489,3.551157628601511
518,N[C@@H](CCC(F)(F)F)C(=O)O,8.916,N[C@@H](CCC(F)(F)F)C(=O)O,171.118,0.7408,63.32,2,2,3,0,0.8,0,0,1,1,2,1,,2,6.079773142608741,2.8362268573912592
519,N[C@@H](CCCC(F)(F)F)C(=O)O,9.463,N[C@@H](CCCC(F)(F)F)C(=O)O,185.145,1.1309,63.32,2,2,4,0,0.833333,0,0,1,1,2,1,,4,6.101971333023059,3.3610286669769405
520,N[C@@H](CCS)C(=O)O,8.87,N[C@@H](CCS)C(=O)O,135.188,-0.2818,63.32,3,3,3,0,0.75,0,0,1,1,2,1,,1,7.788226765412201,1.0817732345877982
521,N[C@@H](CCSSCC[C@H](N)C(=O)O)C(=O)O,8.523,N[C@@H](CCSSCC[C@H](N)C(=O)O)C(=O)O,268.36,-0.0282,126.64,6,4,9,0,0.75,0,0,2,2,4,2,,1,6.100653667286572,2.4223463327134276
522,N[C@@H](CO)C(=O)NCC(=O)O,7.33,N[C@@H](CO)C(=O)NCC(=O)O,162.145,-2.4932,112.65,4,4,4,0,0.6,0,0,1,1,2,1,,5,8.055686777307594,-0.7256867773075939
523,N[C@@H](CO)C(=O)N[C@@H](CCC(=O)O)C(=O)O,4.34,N[C@@H](CO)C(=O)N[C@@H](CCC(=O)O)C(=O)O,234.208,-2.2598,149.95,5,5,7,0,0.625,0,0,2,2,4,2,,3,6.846893947981721,-2.5068939479817214
524,N[C@@H](CO)C(=O)O,9.161333333333332,N[C@@H](CO)C(=O)O,105.093,-1.6094,83.55,3,3,2,0,0.666667,0,0,1,1,2,1,,1,7.597933581243362,1.5633997520899694
525,N[C@@H](COP(=O)(O)O)C(=O)O,2.08,N[C@@H](COP(=O)(O)O)C(=O)O,185.072,-1.4924,130.08,4,4,4,0,0.666667,0,0,1,1,2,1,,1,7.447638084995016,-5.367638084995016
526,N[C@@H](CS(=O)(=O)O)C(=O)O,1.89,N[C@@H](CS(=O)(=O)O)C(=O)O,169.158,-1.7139,117.69,4,3,3,0,0.666667,0,1,2,4,3,1,,5,4.81174063292892,-2.9217406329289206
527,N[C@@H](CS)C(=O)O,8.36,N[C@@H](CS)C(=O)O,121.161,-0.6719,63.32,3,3,2,0,0.666667,0,0,1,1,2,1,,1,7.506366335726253,0.8536336642737465
528,N[C@@H](Cc1c[nH]c(S)n1)C(=O)O,8.47,N[C@@H](Cc1c[nH]c(S)n1)C(=O)O,187.224,-0.3472,92.0,4,4,3,1,0.333333,0,0,1,1,2,1,,3,7.895800088504826,0.5741999114951746
529,N[C@@H](Cc1c[nH]c2ccccc12)C(=O)O,9.3825,N[C@@H](Cc1c[nH]c2ccccc12)C(=O)O,204.229,1.1223,79.11,2,3,3,2,0.181818,0,0,1,1,2,1,,1,7.501513144525828,1.8809868554741724
530,N[C@@H](Cc1c[nH]nn1)C(=O)O,8.55,N[C@@H](Cc1c[nH]nn1)C(=O)O,156.145,-1.2409,104.89,4,3,3,1,0.4,0,0,1,1,2,1,,2,7.529034120976928,1.0209658790230725
531,N[C@@H](Cc1cc(Br)c(O)c(Br)c1)C(=O)O,6.45,N[C@@H](Cc1cc(Br)c(O)c(Br)c1)C(=O)O,338.983,1.8716,83.55,3,3,3,1,0.222222,0,0,1,1,2,1,,3,4.033953152651064,2.4160468473489365
532,N[C@@H](Cc1cc(Cl)c(O)c(Cl)c1)C(=O)O,6.47,N[C@@H](Cc1cc(Cl)c(O)c(Cl)c1)C(=O)O,250.081,1.6534,83.55,3,3,3,1,0.222222,0,0,1,1,2,1,,1,5.105368823541625,1.3646311764583752
533,N[C@@H](Cc1cc(I)c(O)c(I)c1)C(=O)O,6.48,N[C@@H](Cc1cc(I)c(O)c(I)c1)C(=O)O,432.983,1.5558,83.55,3,3,3,1,0.222222,0,0,1,1,2,1,,1,2.99694388079143,3.4830561192085705
534,N[C@@H](Cc1cc[nH]n1)C(=O)O,8.95,N[C@@H](Cc1cc[nH]n1)C(=O)O,155.157,-0.6359,92.0,3,3,3,1,0.333333,0,0,1,1,2,1,,1,7.197833985151231,1.7521660148487683
535,N[C@@H](Cc1ccc(O)c(O)c1)C(=O)O,8.72,N[C@@H](Cc1ccc(O)c(O)c1)C(=O)O,197.19,0.0522,103.78,4,4,3,1,0.222222,0,0,1,1,2,1,,1,7.083194718602406,1.6368052813975948
536,N[C@@H](Cc1ccc(O)cc1)C(=O)N[C@@H](Cc1ccc(O)cc1)C(=O)O,7.68,N[C@@H](Cc1ccc(O)cc1)C(=O)N[C@@H](Cc1ccc(O)cc1)C(=O)O,344.367,0.7797,132.88,5,5,7,2,0.222222,0,0,1,1,2,1,,2,8.527123708825442,-0.8471237088254426
537,N[C@@H](Cc1ccc(O)cc1)C(=O)O,9.59,N[C@@H](Cc1ccc(O)cc1)C(=O)O,181.191,0.3466,83.55,3,3,3,1,0.222222,0,0,1,1,2,1,,2,6.286730972004057,3.3032690279959427
538,N[C@@H](Cc1ccccc1)C(=O)NCC(=O)O,7.68,N[C@@H](Cc1ccccc1)C(=O)NCC(=O)O,222.244,-0.2428,92.42,3,3,5,1,0.272727,0,0,1,1,2,1,,1,6.399208086705931,1.2807919132940686
539,N[C@@H](Cc1ccccc1)C(=O)O,9.1425,N[C@@H](Cc1ccccc1)C(=O)O,165.192,0.641,63.32,2,2,3,1,0.222222,0,0,1,1,2,1,,3,5.526201349023853,3.616298650976147
540,N[C@@H](Cc1cn(Cc2ccccc2)cn1)C(=O)O,9.3,N[C@@H](Cc1cn(Cc2ccccc2)cn1)C(=O)O,245.282,0.8858,81.14,3,2,5,2,0.230769,0,0,1,1,2,1,,1,6.5438083186243325,2.756191681375668
541,N[C@@H](Cc1cnc(I)[nH]1)C(=O)O,8.62,N[C@@H](Cc1cnc(I)[nH]1)C(=O)O,281.053,-0.0313,92.0,3,3,3,1,0.333333,0,0,1,1,2,1,,2,5.660090856973809,2.9599091430261906
542,N[C@@H](Cc1cnc[nH]1)C(=O)NCC(=O)O,5.96,N[C@@H](Cc1cnc[nH]1)C(=O)NCC(=O)O,212.209,-1.5197,121.1,4,4,5,1,0.375,0,0,1,1,2,1,,5,8.322754199875819,-2.362754199875819
543,N[C@@H](Cc1cnc[nH]1)C(=O)O,9.281428571428572,N[C@@H](Cc1cnc[nH]1)C(=O)O,155.157,-0.6359,92.0,3,3,3,1,0.333333,0,0,1,1,2,1,,2,7.3101075482724704,1.9713210231561016
544,N[C@@H](Cc1nc(I)[nH]c1I)C(=O)O,8.18,N[C@@H](Cc1nc(I)[nH]c1I)C(=O)O,406.949,0.5733,92.0,3,3,3,1,0.333333,0,0,1,1,2,1,,3,4.278451379465429,3.9015486205345704
545,N[C@H](C(=O)O)C(O)CC(=O)O,4.29,N[C@H](C(=O)O)C(O)CC(=O)O,163.129,-1.7661,120.85,4,4,4,0,0.6,0,0,2,2,4,2,,1,6.1526722057497985,-1.8626722057497984
546,N[C@H](C(=O)O)[C@H](O)C(F)(F)F,7.781,N[C@H](C(=O)O)[C@H](O)C(F)(F)F,173.09,-0.6785,83.55,3,3,2,0,0.75,0,0,1,1,2,1,,1,6.912598738681017,0.8684012613189829
547,Nc1c(C(=O)O)[nH]c(=O)[nH]c1=O,2.63,Nc1c(C(=O)O)[nH]c(=O)[nH]c1=O,171.112,-1.6564,129.04,4,4,1,1,0.0,0,0,1,1,2,1,,2,6.22676971379868,-3.59676971379868
548,Nc1c(NCC(=O)O)nc(Cl)nc1C(=O)O,4.48,Nc1c(NCC(=O)O)nc(Cl)nc1C(=O)O,246.61,-0.0931,138.43,6,4,4,1,0.142857,0,0,2,2,4,2,,5,4.2729737364949445,0.20702626350505593
549,Nc1cc(Br)ccc1C(=O)O,4.37,Nc1cc(Br)ccc1C(=O)O,216.034,1.7295,63.32,2,2,1,1,0.0,0,0,1,1,2,1,,1,3.213783033145403,1.156216966854597
550,Nc1cc(C(=O)O)c2ccccc2c1,4.39,Nc1cc(C(=O)O)c2ccccc2c1,187.198,2.1202,63.32,2,2,1,2,0.0,0,0,1,1,2,1,,1,5.340308804498513,-0.9503088044985137
551,Nc1cc(C(=O)O)cc([N+](=O)[O-])c1,3.55,Nc1cc(C(=O)O)cc([N+](=O)[O-])c1,182.135,0.8752,106.46,4,2,2,1,0.0,0,0,1,1,2,1,,1,3.443350228003554,0.10664977199644587
552,Nc1cc(C(=O)O)cc2ccccc12,4.46,Nc1cc(C(=O)O)cc2ccccc12,187.198,2.1202,63.32,2,2,1,2,0.0,0,0,1,1,2,1,,4,5.561902193421739,-1.101902193421739
553,Nc1cc(Cl)ccc1C(=O)O,4.44,Nc1cc(Cl)ccc1C(=O)O,171.583,1.6204,63.32,2,2,1,1,0.0,0,0,1,1,2,1,,1,3.7634021058794733,0.6765978941205271
554,Nc1cc(F)ccc1C(=O)O,4.6,Nc1cc(F)ccc1C(=O)O,155.128,1.1061,63.32,2,2,1,1,0.0,0,0,1,1,2,1,,2,4.1609495514659525,0.4390504485340472
555,Nc1cc([N+](=O)[O-])ccc1C(=O)O,3.7,Nc1cc([N+](=O)[O-])ccc1C(=O)O,182.135,0.8752,106.46,4,2,2,1,0.0,0,0,1,1,2,1,,5,3.5231909424265204,0.17680905757347976
556,Nc1ccc(Br)cc1C(=O)O,4.41,Nc1ccc(Br)cc1C(=O)O,216.034,1.7295,63.32,2,2,1,1,0.0,0,0,1,1,2,1,,3,3.2322429851474563,1.1777570148525438
557,Nc1ccc(C(=O)O)c(O)c1,3.356666666666667,Nc1ccc(C(=O)O)c(O)c1,153.137,0.6726,83.55,3,3,1,1,0.0,0,0,1,1,2,1,,5,5.182630144156567,-1.8259634774899003
558,Nc1ccc(C(=O)O)cc1,4.832833333333333,Nc1ccc(C(=O)O)cc1,137.138,0.967,63.32,2,2,1,1,0.0,0,0,1,1,2,1,,5,4.433329746457942,0.3995035868753911
559,Nc1ccc(Cl)cc1C(=O)O,4.35,Nc1ccc(Cl)cc1C(=O)O,171.583,1.6204,63.32,2,2,1,1,0.0,0,0,1,1,2,1,,1,3.7634021058794733,0.5865978941205263
560,Nc1ccc(F)cc1C(=O)O,4.82,Nc1ccc(F)cc1C(=O)O,155.128,1.1061,63.32,2,2,1,1,0.0,0,0,1,1,2,1,,1,4.099611636765305,0.7203883632346955
561,Nc1ccc(O)cc1C(=O)O,5.37,Nc1ccc(O)cc1C(=O)O,153.137,0.6726,83.55,3,3,1,1,0.0,0,0,1,1,2,1,,2,5.091719367521335,0.2782806324786655
562,Nc1ccc(Oc2ccccc2)cc1C(=O)O,4.88,Nc1ccc(Oc2ccccc2)cc1C(=O)O,229.235,2.7593,72.55,3,2,3,2,0.0,0,0,1,1,2,1,,5,5.096308199004506,-0.21630819900450593
563,Nc1cccc(C(=O)O)c1,4.749,Nc1cccc(C(=O)O)c1,137.138,0.967,63.32,2,2,1,1,0.0,0,0,1,1,2,1,,5,4.433329746457942,0.31567025354205747
564,Nc1ccccc1C(=O)O,4.911714285714285,Nc1ccccc1C(=O)O,137.138,0.967,63.32,2,2,1,1,0.0,0,0,1,1,2,1,,5,4.433329746457942,0.47838453925634283
565,O=C(/C=C/c1ccc(O)c(O)c1)O[C@@H]1C[C@](O)(C(=O)O)C[C@@H](O)[C@H]1O,3.545,O=C(/C=C/c1ccc(O)c(O)c1)O[C@@H]1C[C@](O)(C(=O)O)C[C@@H](O)[C@H]1O,354.311,-0.6459,164.75,8,6,4,1,0.375,0,0,1,1,2,1,,5,7.670569703408194,-4.125569703408194
566,O=C(CCNC(=O)OCc1ccccc1)N[C@@H](Cc1cnc[nH]1)C(=O)O,6.964,O=C(CCNC(=O)OCc1ccccc1)N[C@@H](Cc1cnc[nH]1)C(=O)O,360.37,0.8381,133.41,5,4,9,2,0.294118,0,0,1,1,2,1,,5,8.110314462728347,-1.1463144627283466
567,O=C(O)/C=C/C(=O)O,3.326,O=C(O)/C=C/C(=O)O,116.072,-0.2882,74.6,2,2,2,0,0.0,0,0,2,2,4,2,,5,1.4190253877624013,1.9069746122375988
568,O=C(O)/C=C/c1ccc(O)cc1,4.64,O=C(O)/C=C/c1ccc(O)cc1,164.16,1.49,57.53,2,2,2,1,0.0,0,0,1,1,2,1,,5,4.202322816284324,0.43767718371567543
569,O=C(O)C#CBr,1.855,O=C(O)C#CBr,148.943,0.4268,37.3,1,1,0,0,0.0,0,0,1,1,2,1,,3,1.6957837484028229,0.15921625159717712
570,O=C(O)C#CCl,1.845,O=C(O)C#CCl,104.492,0.2707,37.3,1,1,0,0,0.0,0,0,1,1,2,1,,2,2.224940937583466,-0.37994093758346614
571,O=C(O)C#Cc1ccccc1,2.23,O=C(O)C#Cc1ccccc1,146.145,1.1227,37.3,1,1,0,1,0.0,0,0,1,1,2,1,,3,3.362147912091542,-1.132147912091542
572,O=C(O)C(=O)C=S1SCC=C1c1ccccc1,2.75,O=C(O)C(=O)C=S1SCC=C1c1ccccc1,266.343,2.4141,54.37,3,1,3,1,0.083333,0,0,1,1,2,1,,2,2.1293861620773846,0.6206138379226154
573,O=C(O)C(=O)O,1.1902222222222223,O=C(O)C(=O)O,90.034,-0.8444,74.6,2,2,0,0,0.0,0,0,2,2,4,2,,4,1.512675193846455,-0.3224529716242328
574,O=C(O)C(Br)(Br)Br,0.72,O=C(O)C(Br)(Br)Br,296.74,1.9095,37.3,1,1,0,0,0.5,0,0,1,1,2,1,,2,1.5505170058821687,-0.8305170058821687
575,O=C(O)C(Br)Br,1.48,O=C(O)C(Br)Br,217.844,1.1869,37.3,1,1,1,0,0.5,0,0,1,1,2,1,,5,2.720016376017735,-1.240016376017735
576,O=C(O)C(C(=O)O)c1ccccc1,2.77,O=C(O)C(C(=O)O)c1ccccc1,180.159,0.9394,74.6,2,2,3,1,0.111111,0,0,2,2,4,2,,5,3.0562309859272707,-0.2862309859272707
577,O=C(O)C(Cc1ccccc1)C(=O)O,2.91,O=C(O)C(Cc1ccccc1)C(=O)O,194.186,1.0145,74.6,2,2,4,1,0.2,0,0,2,2,4,2,,2,3.4925561363529907,-0.5825561363529905
578,O=C(O)C(Cl)(Cl)Cl,0.001,O=C(O)C(Cl)(Cl)Cl,163.387,1.4412,37.3,1,1,0,0,0.5,0,0,1,1,2,1,,2,3.241154382047669,-3.240154382047669
579,O=C(O)C(Cl)Cl,1.3250000000000002,O=C(O)C(Cl)Cl,128.942,0.8747,37.3,1,1,1,0,0.5,0,0,1,1,2,1,,5,3.927066949494934,-2.602066949494934
580,O=C(O)C(F)(F)Cl,0.46,O=C(O)C(F)(F)Cl,130.477,0.9026,37.3,1,1,1,0,0.5,0,0,1,1,2,1,,3,4.043435947719271,-3.5834359477192708
581,O=C(O)C(F)(F)F,0.52,O=C(O)C(F)(F)F,114.022,0.6333,37.3,1,1,0,0,0.5,0,0,1,1,2,1,,4,3.930816382836546,-3.410816382836546
582,O=C(O)C(F)F,1.235,O=C(O)C(F)F,96.032,0.3361,37.3,1,1,1,0,0.5,0,0,1,1,2,1,,3,4.624491902030273,-3.3894919020302723
583,O=C(O)C(O)(CO)CO,3.29,O=C(O)C(O)(CO)CO,136.103,-2.2133,97.99,4,4,3,0,0.75,0,0,1,1,2,1,,1,8.974262756784452,-5.6842627567844515
584,O=C(O)C(O)(O)C(O)(O)C(=O)O,1.95,O=C(O)C(O)(O)C(O)(O)C(=O)O,182.084,-3.4826,155.52,6,6,3,0,0.5,0,0,2,2,4,2,,1,7.709373909813647,-5.759373909813647
585,O=C(O)C(O)=C(O)C(=O)O,1.57,O=C(O)C(O)=C(O)C(=O)O,148.07,-0.5168,115.06,4,4,2,0,0.0,0,0,2,2,4,2,,3,2.8202988758553755,-1.2502988758553755
586,O=C(O)C(O)C(=O)O,2.37,O=C(O)C(O)C(=O)O,120.06,-1.4835,94.83,3,3,2,0,0.333333,0,0,2,2,4,2,,3,4.240415209419601,-1.8704152094196012
587,O=C(O)C(O)C(O)C(=O)O,2.6,O=C(O)C(O)C(O)C(=O)O,150.086,-2.1226,115.06,4,4,3,0,0.5,0,0,2,2,4,2,,2,5.742009473466043,-3.1420094734660426
588,O=C(O)C(O)C(O)C(O)C(=O)O,3.29,O=C(O)C(O)C(O)C(O)C(=O)O,180.112,-2.7617,135.29,5,5,4,0,0.6,0,0,2,2,4,2,,4,7.2642545461967565,-3.9742545461967564
589,O=C(O)C(O)CC([N+](=O)[O-])([N+](=O)[O-])[N+](=O)[O-],3.05,O=C(O)C(O)CC([N+](=O)[O-])([N+](=O)[O-])[N+](=O)[O-],239.096,-1.6941,186.95,8,2,6,0,0.75,0,0,1,1,2,1,,2,4.777210550230489,-1.727210550230489
590,O=C(O)C(O)c1ccc(Br)cc1,3.15,O=C(O)C(O)c1ccc(Br)cc1,231.045,1.5671,57.53,2,2,2,1,0.125,0,0,1,1,2,1,,2,3.941391089429394,-0.7913910894293941
591,O=C(O)C(O)c1ccc(Cl)cc1,3.15,O=C(O)C(O)c1ccc(Cl)cc1,186.594,1.458,57.53,2,2,2,1,0.125,0,0,1,1,2,1,,3,4.458483865194624,-1.3084838651946238
592,O=C(O)C(O)c1ccc(F)cc1,3.19,O=C(O)C(O)c1ccc(F)cc1,170.139,0.9437,57.53,2,2,2,1,0.125,0,0,1,1,2,1,,2,4.8494421746329275,-1.6594421746329275
593,O=C(O)C(O)c1ccc(I)cc1,3.14,O=C(O)C(O)c1ccc(I)cc1,278.045,1.4092,57.53,2,2,2,1,0.125,0,0,1,1,2,1,,1,3.4216947485597067,-0.28169474855970655
594,O=C(O)C(O)c1ccccc1,3.165,O=C(O)C(O)c1ccccc1,152.149,0.8046,57.53,2,2,2,1,0.125,0,0,1,1,2,1,,5,5.141131420051021,-1.9761314200510212
595,O=C(O)C(O)c1ccccc1Br,3.32,O=C(O)C(O)c1ccccc1Br,231.045,1.5671,57.53,2,2,2,1,0.125,0,0,1,1,2,1,,2,3.941391089429394,-0.6213910894293941
596,O=C(O)C(O)c1ccccc1Cl,3.31,O=C(O)C(O)c1ccccc1Cl,186.594,1.458,57.53,2,2,2,1,0.125,0,0,1,1,2,1,,3,4.458483865194624,-1.1484838651946236
597,O=C(O)C(O)c1ccccc1F,3.3,O=C(O)C(O)c1ccccc1F,170.139,0.9437,57.53,2,2,2,1,0.125,0,0,1,1,2,1,,2,4.8494421746329275,-1.5494421746329277
598,O=C(O)C(S)C(S)C(=O)O,2.71,O=C(O)C(S)C(S)C(=O)O,182.222,-0.2476,74.6,4,4,3,0,0.5,0,0,2,2,4,2,,3,5.420144840271301,-2.710144840271301
599,O=C(O)C(SC(C(=O)O)c1ccccc1)c1ccccc1,2.61,O=C(O)C(SC(C(=O)O)c1ccccc1)c1ccccc1,302.351,3.3714,74.6,3,2,6,2,0.125,0,0,2,2,4,2,,3,3.290295091607074,-0.680295091607074
600,O=C(O)C1(O)CC(O)C(O)C(O)C1,3.54,O=C(O)C1(O)CC(O)C(O)C(O)C1,192.167,-2.3214,118.22,5,5,1,0,0.857143,0,0,1,1,2,1,,3,9.348650647330901,-5.808650647330901
601,O=C(O)C1(O)CCCC1,4.0016,O=C(O)C1(O)CCCC1,130.143,0.3761,57.53,2,2,1,0,0.833333,0,0,1,1,2,1,,3,6.4754840547697885,-2.4738840547697887
602,O=C(O)C1(O)CCCCC1,4.013666666666667,O=C(O)C1(O)CCCCC1,144.17,0.7662,57.53,2,2,1,0,0.857143,0,0,1,1,2,1,,5,6.245918128344953,-2.2322514616782856
603,O=C(O)C1(O)CCCCCC1,4.063,O=C(O)C1(O)CCCCCC1,158.197,1.1563,57.53,2,2,1,0,0.875,0,0,1,1,2,1,,1,6.132164777496714,-2.069164777496714
604,O=C(O)C12CC(C1)C2,4.09,O=C(O)C12CC(C1)C2,112.128,0.8711,37.3,1,1,1,0,0.833333,0,0,1,1,2,1,,1,5.653594528078867,-1.563594528078867
605,O=C(O)C12CCC(Br)(CC1)C2,4.356,O=C(O)C12CCC(Br)(CC1)C2,219.078,2.1688,37.3,1,1,1,0,0.875,0,0,1,1,2,1,,3,4.27960810917406,0.07639189082594022
606,O=C(O)C12CCC(Br)(CC1)CC2,4.619,O=C(O)C12CCC(Br)(CC1)CC2,233.105,2.5589,37.3,1,1,1,0,0.888889,0,0,1,1,2,1,,1,4.014447642463461,0.604552357536539
607,O=C(O)C12CCC(C(=O)O)(CC1)C2,4.197,O=C(O)C12CCC(C(=O)O)(CC1)C2,184.191,1.1061,74.6,2,2,2,0,0.777778,0,0,2,2,4,2,,3,3.7127370115835423,0.48426298841645776
608,O=C(O)C12CCC(C(=O)O)(CC1)CC2,4.468,O=C(O)C12CCC(C(=O)O)(CC1)CC2,198.218,1.4962,74.6,2,2,2,0,0.8,0,0,2,2,4,2,,4,3.63434652832417,0.8336534716758299
609,O=C(O)C12CCC(C1)C2,4.46,O=C(O)C12CCC(C1)C2,126.155,1.2612,37.3,1,1,1,0,0.857143,0,0,1,1,2,1,,4,5.390748726784528,-0.930748726784528
610,O=C(O)C12CCC(CC1)C2,4.883,O=C(O)C12CCC(CC1)C2,140.182,1.6513,37.3,1,1,1,0,0.875,0,0,1,1,2,1,,4,5.220725964769437,-0.3377259647694366
611,O=C(O)C12CCC(CC1)CC2,5.084,O=C(O)C12CCC(CC1)CC2,154.209,2.0414,37.3,1,1,1,0,0.888889,0,0,1,1,2,1,,4,5.0332345352470735,0.05076546475292609
612,O=C(O)C1=C(C(=O)O)C2C=CC1C2,1.32,O=C(O)C1=C(C(=O)O)C2C=CC1C2,180.159,0.6581,74.6,2,2,2,0,0.333333,0,0,2,2,4,2,,4,1.9838897413941394,-0.6638897413941394
613,O=C(O)C1=C(C(=O)O)C2CCC1C2,1.32,O=C(O)C1=C(C(=O)O)C2CCC1C2,182.175,0.8821,74.6,2,2,2,0,0.555556,0,0,2,2,4,2,,2,2.836842867235603,-1.5168428672356031
614,O=C(O)C1=C(C(=O)O)CC1,1.12,O=C(O)C1=C(C(=O)O)CC1,142.11,0.246,74.6,2,2,2,0,0.333333,0,0,2,2,4,2,,5,2.4341228972410147,-1.3141228972410146
615,O=C(O)C1=C(C(=O)O)CCC1,1.64,O=C(O)C1=C(C(=O)O)CCC1,156.137,0.6361,74.6,2,2,2,0,0.428571,0,0,2,2,4,2,,1,2.7097238727046187,-1.0697238727046188
616,O=C(O)C1C(C(=O)O)C1(c1ccccc1)c1ccccc1,2.3666666666666667,O=C(O)C1C(C(=O)O)C1(c1ccccc1)c1ccccc1,282.295,2.3879,74.6,2,2,4,2,0.176471,0,0,2,2,4,2,,5,3.9409618461814144,-1.5742951795147477
617,O=C(O)C1C(C(=O)O)C12c1ccccc1-c1ccccc12,3.21,O=C(O)C1C(C(=O)O)C12c1ccccc1-c1ccccc12,280.279,2.3683,74.6,2,2,2,2,0.176471,0,0,2,2,4,2,,2,3.3047225166194742,-0.09472251661947428
618,O=C(O)C1C2C=CC(C2)C1C(=O)O,3.97,O=C(O)C1C2C=CC(C2)C1C(=O)O,182.175,0.5939,74.6,2,2,2,0,0.555556,0,0,2,2,4,2,,1,2.9804455134152517,0.9895544865847485
619,O=C(O)C1C2CCC(C2)C1C(=O)O,4.02,O=C(O)C1C2CCC(C2)C1C(=O)O,184.191,0.8179,74.6,2,2,2,0,0.777778,0,0,2,2,4,2,,3,3.837263496131643,0.1827365038683566
620,O=C(O)C1C2CCC(CC2)C1C(=O)O,4.26,O=C(O)C1C2CCC(CC2)C1C(=O)O,198.218,1.208,74.6,2,2,2,0,0.8,0,0,2,2,4,2,,2,3.5621885815183747,0.6978114184816251
621,O=C(O)C1C2CCC(O2)C1C(=O)O,3.46,O=C(O)C1C2CCC(O2)C1C(=O)O,186.163,-0.0508,83.83,3,2,2,0,0.75,0,0,2,2,4,2,,4,3.852933956890364,-0.39293395689036403
622,O=C(O)C1CC(O)C(O)C(O)C1,4.32,O=C(O)C1CC(O)C(O)C(O)C1,176.168,-1.4363,97.99,4,4,1,0,0.857143,0,0,1,1,2,1,,3,8.386243471712437,-4.066243471712436
623,O=C(O)C1CC2C=CC1(C(=O)O)CC2,3.85,O=C(O)C1CC2C=CC1(C(=O)O)CC2,196.202,1.1281,74.6,2,2,2,0,0.6,0,0,2,2,4,2,,1,2.8640425222242314,0.9859574777757687
624,O=C(O)C1CCCC(C(=O)O)N1,10.12,O=C(O)C1CCCC(C(=O)O)N1,173.168,-0.3337,86.63,3,3,2,0,0.714286,0,0,2,2,4,2,,3,5.036691011003191,5.083308988996809
625,O=C(O)C1CCCCC1,4.895,O=C(O)C1CCCCC1,128.171,1.6513,37.3,1,1,1,0,0.857143,0,0,1,1,2,1,,4,5.271586112288743,-0.3765861122887433
626,O=C(O)C1CCCCC1O,4.0,O=C(O)C1CCCCC1O,144.17,0.6221,57.53,2,2,1,0,0.857143,0,0,1,1,2,1,,4,6.323253752129713,-2.3232537521297134
627,O=C(O)C1CSCN1,6.08,O=C(O)C1CSCN1,133.172,-0.2665,49.33,3,2,1,0,0.75,0,0,1,1,2,1,,1,6.5010526116600165,-0.4210526116600164
628,O=C(O)C=C(Cl)c1ccccc1,3.56,O=C(O)C=C(Cl)c1ccccc1,182.606,2.3509,37.3,1,1,2,1,0.0,0,0,1,1,2,1,,1,2.8065188611810754,0.7534811388189246
629,O=C(O)C=C=Cc1ccccc1,3.7,O=C(O)C=C=Cc1ccccc1,160.172,1.9395,37.3,1,1,2,1,0.0,0,0,1,1,2,1,,4,3.218232923863777,0.48176707613622316
630,O=C(O)C=Cc1ccc(O)c(O)c1,4.555,O=C(O)C=Cc1ccc(O)c(O)c1,180.159,1.1956,77.76,3,3,2,1,0.0,0,0,1,1,2,1,,4,5.122733577872543,-0.5677335778725432
631,O=C(O)CBr,3.093666666666666,O=C(O)CBr,138.948,0.4659,37.3,1,1,1,0,0.5,0,0,1,1,2,1,,2,4.088239151921828,-0.9945724852551616
632,O=C(O)CC#Cc1ccccc1,3.44,O=C(O)CC#Cc1ccccc1,160.172,1.5128,37.3,1,1,1,1,0.1,0,0,1,1,2,1,,3,3.6714485487120196,-0.2314485487120197
633,O=C(O)CC(=O)C(=O)O,2.22,O=C(O)CC(=O)C(=O)O,132.071,-0.8852,91.67,3,2,3,0,0.25,0,0,2,2,4,2,,2,2.689082445806216,-0.4690824458062157
634,O=C(O)CC(=O)O,2.959142857142857,O=C(O)CC(=O)O,104.061,-0.4543,74.6,2,2,2,0,0.333333,0,0,2,2,4,2,,4,3.0820262257078483,-0.12288336856499127
635,O=C(O)CC(C(=O)O)C(O)C(=O)O,3.287,O=C(O)CC(C(=O)O)C(O)C(=O)O,192.123,-1.3926,132.13,4,4,5,0,0.5,0,0,3,3,6,3,,1,3.755712808925073,-0.46871280892507317
636,O=C(O)CC(CC(=O)O)(c1ccccc1)c1ccccc1,4.02,O=C(O)CC(CC(=O)O)(c1ccccc1)c1ccccc1,284.311,2.9221,74.6,2,2,6,2,0.176471,0,0,2,2,4,2,,3,3.888148201221273,0.13185179877872644
637,O=C(O)CC(CC(=O)O)c1ccccc1,4.28,O=C(O)CC(CC(=O)O)c1ccccc1,208.213,1.7196,74.6,2,2,5,1,0.272727,0,0,2,2,4,2,,1,3.5629719793945047,0.7170280206054955
638,O=C(O)CC(CC([N+](=O)[O-])([N+](=O)[O-])[N+](=O)[O-])C(=O)O,3.03,O=C(O)CC(CC([N+](=O)[O-])([N+](=O)[O-])[N+](=O)[O-])C(=O)O,281.133,-0.9641,204.02,8,2,8,0,0.666667,0,0,2,2,4,2,,1,2.0936582762769635,0.9363417237230363
639,O=C(O)CC(NCc1ccccc1)C(=O)O,3.34,O=C(O)CC(NCc1ccccc1)C(=O)O,223.228,0.7041,86.63,3,3,6,1,0.272727,0,0,2,2,4,2,,4,4.975317542988906,-1.635317542988906
640,O=C(O)CC(O)(CC(=O)O)C(=O)O,3.035,O=C(O)CC(O)(CC(=O)O)C(=O)O,192.123,-1.2485,132.13,4,4,5,0,0.5,0,0,3,3,6,3,,1,3.7153482991801527,-0.6803482991801526
641,O=C(O)CC(O)C(=O)O,3.22725,O=C(O)CC(O)C(=O)O,134.087,-1.0934,94.83,3,3,3,0,0.5,0,0,2,2,4,2,,4,4.7940534985806105,-1.5668034985806103
642,O=C(O)CC(S)C(=O)O,2.8475,O=C(O)CC(S)C(=O)O,150.155,-0.1559,74.6,3,3,3,0,0.5,0,0,2,2,4,2,,4,4.643437125551675,-1.7959371255516752
643,O=C(O)CCBr,4.04,O=C(O)CCBr,152.975,0.856,37.3,1,1,2,0,0.666667,0,0,1,1,2,1,,4,4.539557159730253,-0.4995571597302533
644,O=C(O)CCC(=O)O,4.2738,O=C(O)CCC(=O)O,118.088,-0.0642,74.6,2,2,3,0,0.5,0,0,2,2,4,2,,5,3.7944143054946333,0.4793856945053663
645,O=C(O)CCC(CCC(=O)O)C(=O)O,3.99,O=C(O)CCC(CCC(=O)O)C(=O)O,204.178,0.4168,111.9,3,3,7,0,0.625,0,0,3,3,6,3,,2,3.148515903569329,0.8414840964306713
646,O=C(O)CCC([N+](=O)[O-])([N+](=O)[O-])[N+](=O)[O-],3.64,O=C(O)CCC([N+](=O)[O-])([N+](=O)[O-])[N+](=O)[O-],223.097,-0.6649,166.72,7,1,6,0,0.75,0,0,1,1,2,1,,3,3.619143209804002,0.020856790195998176
647,O=C(O)CCCC(=O)O,4.25,O=C(O)CCCC(=O)O,132.115,0.3259,74.6,2,2,4,0,0.6,0,0,2,2,4,2,,4,4.109251626673844,0.14074837332615608
648,O=C(O)CCCCC(=O)O,4.386666666666667,O=C(O)CCCCC(=O)O,146.142,0.716,74.6,2,2,5,0,0.666667,0,0,2,2,4,2,,5,4.35804012749475,0.02862653917191693
649,O=C(O)CCCCCC(=O)O,4.484999999999999,O=C(O)CCCCCC(=O)O,160.169,1.1061,74.6,2,2,6,0,0.714286,0,0,2,2,4,2,,5,4.477826033935661,0.007173966064338622
650,O=C(O)CCCCCCC(=O)O,4.53,O=C(O)CCCCCCC(=O)O,174.196,1.4962,74.6,2,2,7,0,0.75,0,0,2,2,4,2,,4,4.549491035796363,-0.019491035796362688
651,O=C(O)CCCCCCCC(=O)O,4.56,O=C(O)CCCCCCCC(=O)O,188.223,1.8863,74.6,2,2,8,0,0.777778,0,0,2,2,4,2,,2,4.812164384246854,-0.2521643842468544
652,O=C(O)CCCCCCCCC(=O)O,4.49,O=C(O)CCCCCCCCC(=O)O,202.25,2.2764,74.6,2,2,9,0,0.8,0,0,2,2,4,2,,1,4.656877762680805,-0.16687776268080512
653,O=C(O)CCCl,4.005,O=C(O)CCCl,108.524,0.6999,37.3,1,1,2,0,0.666667,0,0,1,1,2,1,,4,5.057707714861465,-1.052707714861465
654,O=C(O)CCN(CC(=O)O)CC(=O)O,3.71,O=C(O)CCN(CC(=O)O)CC(=O)O,205.166,-1.0677,115.14,4,3,7,0,0.571429,0,0,3,3,6,3,,2,3.23289703645456,0.4771029635454398
655,O=C(O)CCN(CC(=O)O)CP(=O)(O)O,2.72,O=C(O)CCN(CC(=O)O)CP(=O)(O)O,241.136,-1.0171,135.37,4,4,7,0,0.666667,0,0,2,2,4,2,,2,5.832869247456449,-3.1128692474564486
656,O=C(O)CCN(F)F,3.74,O=C(O)CCN(F)F,125.074,0.5321,40.54,2,1,3,0,0.666667,0,0,1,1,2,1,,5,5.181008991453355,-1.441008991453355
657,O=C(O)CCNC(=S)C(=S)NCCC(=O)O,3.76,O=C(O)CCNC(=S)C(=S)NCCC(=O)O,264.328,-0.2302,98.66,4,4,6,0,0.5,0,0,2,2,4,2,,1,4.8618250260753335,-1.1018250260753337
658,O=C(O)CCOc1ccccc1,4.32,O=C(O)CCOc1ccccc1,166.176,1.5401,46.53,2,1,4,1,0.222222,0,0,1,1,2,1,,2,4.602392147394705,-0.2823921473947051
659,O=C(O)CCP(CCC(=O)O)CCC(=O)O,3.81,O=C(O)CCP(CCC(=O)O)CCC(=O)O,250.187,0.8924,111.9,3,3,9,0,0.666667,0,0,3,3,6,3,,1,3.0067918072469513,0.8032081927530488
660,O=C(O)CCS,4.38,O=C(O)CCS,106.146,0.3909,37.3,2,2,2,0,0.666667,0,0,1,1,2,1,,4,6.384334293655918,-2.0043342936559183
661,O=C(O)CCSCCC(=O)O,3.84,O=C(O)CCSCCC(=O)O,178.209,0.669,74.6,3,2,6,0,0.666667,0,0,2,2,4,2,,4,4.210225519420741,-0.37022551942074156
662,O=C(O)CCc1ccc(Cl)cc1,4.66,O=C(O)CCc1ccc(Cl)cc1,184.622,2.3572,37.3,1,1,3,1,0.222222,0,0,1,1,2,1,,3,3.955630343890202,0.7043696561097983
663,O=C(O)CCc1ccc([N+](=O)[O-])cc1,4.54,O=C(O)CCc1ccc([N+](=O)[O-])cc1,195.174,1.612,80.44,3,1,4,1,0.222222,0,0,1,1,2,1,,5,3.756871622727311,0.7831283772726891
664,O=C(O)CCc1cccc([N+](=O)[O-])c1,4.53,O=C(O)CCc1cccc([N+](=O)[O-])c1,195.174,1.612,80.44,3,1,4,1,0.222222,0,0,1,1,2,1,,1,3.631810728794062,0.8981892712059381
665,O=C(O)CCc1ccccc1,4.688,O=C(O)CCc1ccccc1,150.177,1.7038,37.3,1,1,3,1,0.222222,0,0,1,1,2,1,,5,4.667010426758733,0.020989573241267045
666,O=C(O)CCc1ccccc1Br,4.58,O=C(O)CCc1ccccc1Br,229.073,2.4663,37.3,1,1,3,1,0.222222,0,0,1,1,2,1,,1,3.402243533935912,1.1777564660640882
667,O=C(O)CCc1ccccc1F,4.6,O=C(O)CCc1ccccc1F,168.167,1.8429,37.3,1,1,3,1,0.222222,0,0,1,1,2,1,,3,4.338498259096435,0.26150174090356426
668,O=C(O)CCc1ccccc1O,4.75,O=C(O)CCc1ccccc1O,166.176,1.4094,57.53,2,2,3,1,0.222222,0,0,1,1,2,1,,4,5.406558127539667,-0.6565581275396672
669,O=C(O)CCc1ncc[nH]1,7.56,O=C(O)CCc1ncc[nH]1,140.142,0.4269,65.98,2,2,3,1,0.333333,0,0,1,1,2,1,,3,6.3071618452831695,1.2528381547168301
670,O=C(O)CCl,2.934,O=C(O)CCl,94.497,0.3098,37.3,1,1,1,0,0.5,0,0,1,1,2,1,,3,4.6508416409645195,-1.7168416409645193
671,O=C(O)CF,2.8113333333333337,O=C(O)CF,78.042,0.0405,37.3,1,1,1,0,0.5,0,0,1,1,2,1,,4,4.641986189156481,-1.8306528558231472
672,O=C(O)CI,3.324666666666667,O=C(O)CI,185.948,0.506,37.3,1,1,1,0,0.5,0,0,1,1,2,1,,2,3.5338403264158336,-0.20917365974916668
673,O=C(O)CN(CC(=O)O)C1CCCCC1,2.22,O=C(O)CN(CC(=O)O)C1CCCCC1,215.249,0.7903,77.84,3,2,5,0,0.8,0,0,2,2,4,2,,4,4.151255194527802,-1.9312551945278016
674,O=C(O)CN(CC(=O)O)CC(=O)Nc1ccc(Br)cc1,2.2,O=C(O)CN(CC(=O)O)CC(=O)Nc1ccc(Br)cc1,345.149,0.8588,106.94,4,3,7,1,0.25,0,0,2,2,4,2,,4,3.479398201785344,-1.279398201785344
675,O=C(O)CN(CC(=O)O)CC(=O)c1ccccc1,1.875,O=C(O)CN(CC(=O)O)CC(=O)c1ccccc1,251.238,0.3405,94.91,4,2,7,1,0.25,0,0,2,2,4,2,,4,3.5895448015610234,-1.7145448015610234
676,O=C(O)CN(CC(=O)O)CC(=O)c1cccs1,7.46,O=C(O)CN(CC(=O)O)CC(=O)c1cccs1,257.267,0.402,94.91,5,2,7,1,0.3,0,0,2,2,4,2,,5,3.606616295079439,3.853383704920561
677,O=C(O)CN(CC(=O)O)Cc1ccc([N+](=O)[O-])cc1,7.65,O=C(O)CN(CC(=O)O)Cc1ccc([N+](=O)[O-])cc1,268.225,0.566,120.98,5,2,7,1,0.272727,0,0,2,2,4,2,,2,3.0142947696932234,4.635705230306777
678,O=C(O)CN(CC(=O)O)Cc1ccccc1,2.2375,O=C(O)CN(CC(=O)O)Cc1ccccc1,223.228,0.6578,77.84,3,2,6,1,0.272727,0,0,2,2,4,2,,4,3.9141377745340153,-1.6766377745340155
679,O=C(O)CN(CC(=O)O)Cc1ccccc1[N+](=O)[O-],8.29,O=C(O)CN(CC(=O)O)Cc1ccccc1[N+](=O)[O-],268.225,0.566,120.98,5,2,7,1,0.272727,0,0,2,2,4,2,,3,2.942122139602637,5.347877860397363
680,O=C(O)CN(CC(=O)O)Cc1ccccn1,8.215,O=C(O)CN(CC(=O)O)Cc1ccccn1,224.216,0.0528,90.73,4,2,6,1,0.3,0,0,2,2,4,2,,3,4.0453769160813335,4.169623083918666
681,O=C(O)CN(CC(=O)O)c1cc(C(=O)O)c(O)cc1C(=O)O,1.61,O=C(O)CN(CC(=O)O)c1cc(C(=O)O)c(O)cc1C(=O)O,313.218,-0.2358,172.67,6,5,7,1,0.166667,0,0,4,4,8,4,,3,1.6143179088423514,-0.004317908842351281
682,O=C(O)CN(CC(=O)O)c1ccc(N(CC(=O)O)CC(=O)O)cc1,2.1,O=C(O)CN(CC(=O)O)c1ccc(N(CC(=O)O)CC(=O)O)cc1,340.288,-0.3622,155.68,6,4,10,1,0.285714,0,0,4,4,8,4,,2,1.5512684008053075,0.5487315991946926
683,O=C(O)CN(CCCCCCN(CC(=O)O)CC(=O)O)CC(=O)O,2.41,O=C(O)CN(CCCCCCN(CC(=O)O)CC(=O)O)CC(=O)O,348.352,-0.5108,155.68,6,4,15,0,0.714286,0,0,4,4,8,4,,5,2.3991395194068508,0.010860480593149369
684,O=C(O)CN(CCN(CC(=O)O)CC(=O)O)CC(=O)O,2.6500000000000004,O=C(O)CN(CCN(CC(=O)O)CC(=O)O)CC(=O)O,292.244,-2.0712,155.68,6,4,11,0,0.6,0,0,4,4,8,4,,3,2.4863947909440967,0.1636052090559037
685,O=C(O)CN(CCN(CC(=O)O)Cc1ccccn1)Cc1ccccn1,5.63,O=C(O)CN(CCN(CC(=O)O)Cc1ccccn1)Cc1ccccn1,358.398,0.95,106.86,6,2,11,2,0.333333,0,0,2,2,4,2,,5,5.088701699532388,0.541298300467612
686,O=C(O)CN(CCO)CC(=O)O,8.7075,O=C(O)CN(CCO)CC(=O)O,177.156,-1.5501,98.07,4,3,6,0,0.666667,0,0,2,2,4,2,,3,5.822403916820985,2.8850960831790147
687,O=C(O)CN(CCO)CCO,8.237566666666666,O=C(O)CN(CCO)CCO,163.173,-1.6424,81.0,4,3,6,0,0.833333,0,0,1,1,2,1,,1,8.541919049481542,-0.3043523828148764
688,O=C(O)CN(CCOc1ccccc1)CC(=O)O,8.49,O=C(O)CN(CCOc1ccccc1)CC(=O)O,253.254,0.5366,87.07,4,2,8,1,0.333333,0,0,2,2,4,2,,5,4.095390614464319,4.394609385535682
689,O=C(O)CN(CP(=O)(O)O)CP(=O)(O)O,2.0,O=C(O)CN(CP(=O)(O)O)CP(=O)(O)O,263.079,-1.3566,155.6,4,5,6,0,0.75,0,0,1,1,2,1,,3,8.021083543960984,-6.021083543960984
690,O=C(O)CN1C(C(=O)O)CCCC1C(=O)O,2.71,O=C(O)CN1C(C(=O)O)CCCC1C(=O)O,231.204,-0.5367,115.14,4,3,4,0,0.666667,0,0,3,3,6,3,,3,2.6556097834283445,0.054390216571655436
691,O=C(O)CN1CCCCC1,10.2,O=C(O)CN1CCCCC1,143.186,0.5569,40.54,2,1,2,0,0.857143,0,0,1,1,2,1,,1,5.699435271898906,4.500564728101093
692,O=C(O)CN1CCOCC1,7.53,O=C(O)CN1CCOCC1,145.158,-0.5968,49.77,3,1,2,0,0.833333,0,0,1,1,2,1,,5,5.7053994074834105,1.8246005925165898
693,O=C(O)CNC(=O)c1ccccc1O,3.41,O=C(O)CNC(=O)c1ccccc1O,195.174,0.2066,86.63,3,3,3,1,0.111111,0,0,1,1,2,1,,4,5.75973744430208,-2.3497374443020798
694,O=C(O)CNCC(=O)O,9.46,O=C(O)CNCC(=O)O,133.103,-1.2548,86.63,3,3,4,0,0.5,0,0,2,2,4,2,,2,5.190908922109803,4.269091077890198
695,O=C(O)CNCCNCC(=O)O,6.483333333333333,O=C(O)CNCCNCC(=O)O,176.172,-1.6652,98.66,4,4,7,0,0.666667,0,0,2,2,4,2,,4,7.093203483498931,-0.6098701501655972
696,O=C(O)CNc1ccc(Cl)cc1,4.04,O=C(O)CNc1ccc(Cl)cc1,185.61,1.8365,49.33,2,2,3,1,0.125,0,0,1,1,2,1,,3,4.616938371722496,-0.5769383717224956
697,O=C(O)CNc1cccc(Cl)c1,3.93,O=C(O)CNc1cccc(Cl)c1,185.61,1.8365,49.33,2,2,3,1,0.125,0,0,1,1,2,1,,2,4.68041454816003,-0.75041454816003
698,O=C(O)CNc1cccc([N+](=O)[O-])c1,3.752,O=C(O)CNc1cccc([N+](=O)[O-])c1,196.162,1.0913,92.47,4,2,4,1,0.125,0,0,1,1,2,1,,3,4.287003171122561,-0.5350031711225611
699,O=C(O)CNc1ccccc1,4.39,O=C(O)CNc1ccccc1,151.165,1.1831,49.33,2,2,3,1,0.125,0,0,1,1,2,1,,4,5.300948337763916,-0.9109483377639167
700,O=C(O)CO,3.995,O=C(O)CO,76.051,-0.9367,57.53,2,2,1,0,0.5,0,0,1,1,2,1,,5,6.025303107368357,-2.030303107368357
701,O=C(O)COC(C(=O)O)c1ccccc1,2.87,O=C(O)COC(C(=O)O)c1ccccc1,210.185,0.9135,83.83,3,2,5,1,0.2,0,0,2,2,4,2,,5,3.360604472730837,-0.49060447273083696
702,O=C(O)COc1cc(Cl)c(Cl)cc1Cl,2.833,O=C(O)COc1cc(Cl)c(Cl)cc1Cl,255.484,3.1102,46.53,2,1,3,1,0.125,0,0,1,1,2,1,,5,2.3165774949829943,0.5164225050170059
703,O=C(O)COc1ccc(Cl)cc1,3.009,O=C(O)COc1ccc(Cl)cc1,186.594,1.8034,46.53,2,1,3,1,0.125,0,0,1,1,2,1,,5,3.5973310463178603,-0.5883310463178604
704,O=C(O)COc1ccc(Cl)cc1Cl,2.9130000000000003,O=C(O)COc1ccc(Cl)cc1Cl,221.039,2.4568,46.53,2,1,3,1,0.125,0,0,1,1,2,1,,5,2.956954270650428,-0.043954270650427674
705,O=C(O)COc1ccc([N+](=O)[O-])cc1,2.81,O=C(O)COc1ccc([N+](=O)[O-])cc1,197.146,1.0582,89.67,4,1,4,1,0.125,0,0,1,1,2,1,,3,3.2626842146489627,-0.4526842146489627
706,O=C(O)COc1cccc(Br)c1,3.04,O=C(O)COc1cccc(Br)c1,231.045,1.9125,46.53,2,1,3,1,0.125,0,0,1,1,2,1,,3,3.1115116277645196,-0.07151162776451958
707,O=C(O)COc1cccc(Cl)c1,3.04,O=C(O)COc1cccc(Cl)c1,186.594,1.8034,46.53,2,1,3,1,0.125,0,0,1,1,2,1,,3,3.5926194152488966,-0.5526194152488966
708,O=C(O)COc1cccc([N+](=O)[O-])c1,2.91,O=C(O)COc1cccc([N+](=O)[O-])c1,197.146,1.0582,89.67,4,1,4,1,0.125,0,0,1,1,2,1,,3,3.2626842146489627,-0.3526842146489626
709,O=C(O)COc1ccccc1,3.090666666666667,O=C(O)COc1ccccc1,152.149,1.15,46.53,2,1,3,1,0.125,0,0,1,1,2,1,,2,4.24627508584462,-1.1556084191779532
710,O=C(O)COc1ccccc1C(=O)O,2.51,O=C(O)COc1ccccc1C(=O)O,196.158,0.8482,83.83,3,2,4,1,0.111111,0,0,2,2,4,2,,3,2.911613222164504,-0.40161322216450435
711,O=C(O)COc1ccccc1O,3.02,O=C(O)COc1ccccc1O,168.148,0.8556,66.76,3,2,3,1,0.125,0,0,1,1,2,1,,4,5.017990276997509,-1.9979902769975086
712,O=C(O)COc1ccccc1OCC(=O)O,2.4,O=C(O)COc1ccccc1OCC(=O)O,226.184,0.6134,93.06,4,2,6,1,0.2,0,0,2,2,4,2,,4,3.419552928696066,-1.0195529286960663
713,O=C(O)CP(=O)(c1ccccc1)c1ccccc1,3.62,O=C(O)CP(=O)(c1ccccc1)c1ccccc1,260.229,2.0851,54.37,2,1,4,2,0.071429,0,0,1,1,2,1,,3,4.500434069284948,-0.8804340692849477
714,O=C(O)CS,3.557,O=C(O)CS,92.119,0.0008,37.3,2,2,1,0,0.5,0,0,1,1,2,1,,4,5.723974660624127,-2.166974660624127
715,O=C(O)CS(=O)(=O)C(F)(F)F,1.88,O=C(O)CS(=O)(=O)C(F)(F)F,192.114,0.0056,71.44,3,1,2,0,0.666667,0,0,1,1,2,1,,3,4.163434011068916,-2.283434011068916
716,O=C(O)CS(=O)(=O)c1ccc(Br)cc1,2.519,O=C(O)CS(=O)(=O)c1ccc(Br)cc1,279.111,1.3074,71.44,3,1,3,1,0.125,0,0,1,1,2,1,,4,2.465323048076145,0.05367695192385513
717,O=C(O)CS(=O)(=O)c1ccc(Cl)cc1,2.424,O=C(O)CS(=O)(=O)c1ccc(Cl)cc1,234.66,1.1983,71.44,3,1,3,1,0.125,0,0,1,1,2,1,,2,2.9394657767981736,-0.5154657767981736
718,O=C(O)CS(=O)(=O)c1ccc(F)cc1,2.479,O=C(O)CS(=O)(=O)c1ccc(F)cc1,218.205,0.684,71.44,3,1,3,1,0.125,0,0,1,1,2,1,,4,3.277563988596933,-0.7985639885969329
719,O=C(O)CS(=O)(=O)c1ccc([N+](=O)[O-])cc1,2.33,O=C(O)CS(=O)(=O)c1ccc([N+](=O)[O-])cc1,245.212,0.4531,114.58,5,1,4,1,0.125,0,0,1,1,2,1,,2,2.67715494736806,-0.34715494736805974
720,O=C(O)CS(=O)(=O)c1cccc(Br)c1,2.523,O=C(O)CS(=O)(=O)c1cccc(Br)c1,279.111,1.3074,71.44,3,1,3,1,0.125,0,0,1,1,2,1,,2,2.391516120859242,0.1314838791407582
721,O=C(O)CS(=O)(=O)c1cccc(Cl)c1,2.454,O=C(O)CS(=O)(=O)c1cccc(Cl)c1,234.66,1.1983,71.44,3,1,3,1,0.125,0,0,1,1,2,1,,5,2.8628836830110336,-0.4088836830110334
722,O=C(O)CS(=O)(=O)c1cccc(F)c1,2.432,O=C(O)CS(=O)(=O)c1cccc(F)c1,218.205,0.684,71.44,3,1,3,1,0.125,0,0,1,1,2,1,,2,3.2995672060627745,-0.8675672060627746
723,O=C(O)CS(=O)(=O)c1cccc([N+](=O)[O-])c1,2.362,O=C(O)CS(=O)(=O)c1cccc([N+](=O)[O-])c1,245.212,0.4531,114.58,5,1,4,1,0.125,0,0,1,1,2,1,,2,2.67715494736806,-0.3151549473680597
724,O=C(O)CS(=O)(=O)c1ccccc1,2.513,O=C(O)CS(=O)(=O)c1ccccc1,200.215,0.5449,71.44,3,1,3,1,0.125,0,0,1,1,2,1,,4,3.5062301343525197,-0.9932301343525198
725,O=C(O)CS(=O)C(F)(F)F,2.06,O=C(O)CS(=O)C(F)(F)F,176.115,0.3395,54.37,2,1,2,0,0.666667,0,0,1,1,2,1,,3,4.462185200894094,-2.402185200894094
726,O=C(O)CS(=O)c1ccc(Br)cc1,2.657,O=C(O)CS(=O)c1ccc(Br)cc1,263.112,1.6413,54.37,2,1,3,1,0.125,0,0,1,1,2,1,,5,2.603399625298317,0.053600374701682885
727,O=C(O)CS(=O)c1ccc(Cl)cc1,2.664,O=C(O)CS(=O)c1ccc(Cl)cc1,218.661,1.5322,54.37,2,1,3,1,0.125,0,0,1,1,2,1,,5,3.1916796036854578,-0.5276796036854576
728,O=C(O)CS(=O)c1ccc(F)cc1,2.653,O=C(O)CS(=O)c1ccc(F)cc1,202.206,1.0179,54.37,2,1,3,1,0.125,0,0,1,1,2,1,,5,3.5631731423247808,-0.9101731423247807
729,O=C(O)CS(=O)c1cccc(Br)c1,2.674,O=C(O)CS(=O)c1cccc(Br)c1,263.112,1.6413,54.37,2,1,3,1,0.125,0,0,1,1,2,1,,5,2.603399625298317,0.07060037470168279
730,O=C(O)CS(=O)c1cccc(Cl)c1,2.663,O=C(O)CS(=O)c1cccc(Cl)c1,218.661,1.5322,54.37,2,1,3,1,0.125,0,0,1,1,2,1,,3,3.2656249926311807,-0.6026249926311809
731,O=C(O)CS(=O)c1cccc(F)c1,2.675,O=C(O)CS(=O)c1cccc(F)c1,202.206,1.0179,54.37,2,1,3,1,0.125,0,0,1,1,2,1,,5,3.5631731423247808,-0.888173142324781
732,O=C(O)CS(=O)c1ccccc1,2.732,O=C(O)CS(=O)c1ccccc1,184.216,0.8788,54.37,2,1,3,1,0.125,0,0,1,1,2,1,,2,3.90661818012327,-1.1746181801232698
733,O=C(O)CSC(C(=O)O)c1ccccc1,2.98,O=C(O)CSC(C(=O)O)c1ccccc1,226.253,1.6301,74.6,3,2,5,1,0.2,0,0,2,2,4,2,,4,3.184372069440757,-0.20437206944075692
734,O=C(O)CSC(F)(F)F,2.95,O=C(O)CSC(F)(F)F,160.116,1.324,37.3,2,1,2,0,0.666667,0,0,1,1,2,1,,4,4.385212650548867,-1.4352126505488672
735,O=C(O)CSC(SCC(=O)O)C(SCC(=O)O)SCC(=O)O,2.89,O=C(O)CSC(SCC(=O)O)C(SCC(=O)O)SCC(=O)O,390.482,0.9098,149.2,8,4,13,0,0.6,0,0,4,4,8,4,,5,0.5010936105502992,2.388906389449701
736,O=C(O)CSC(SCC(=O)O)c1ccccc1,3.09,O=C(O)CSC(SCC(=O)O)c1ccccc1,272.347,2.3208,74.6,4,2,7,1,0.272727,0,0,2,2,4,2,,1,3.190438702687148,-0.10043870268714805
737,O=C(O)CSCC(=O)O,3.1950000000000003,O=C(O)CSCC(=O)O,150.155,-0.1112,74.6,3,2,4,0,0.5,0,0,2,2,4,2,,4,3.623238714908143,-0.4282387149081428
738,O=C(O)CSCCSCC(=O)O,3.175,O=C(O)CSCCSCC(=O)O,210.276,0.622,74.6,4,2,7,0,0.666667,0,0,2,2,4,2,,4,4.0910783755892455,-0.9160783755892457
739,O=C(O)CSCc1ccccc1,3.708,O=C(O)CSCc1ccccc1,182.244,2.0044,37.3,2,1,4,1,0.222222,0,0,1,1,2,1,,2,4.334535045449479,-0.6265350454494785
740,O=C(O)CSSCC(=O)O,3.06,O=C(O)CSSCC(=O)O,182.222,0.537,74.6,4,2,5,0,0.5,0,0,2,2,4,2,,5,3.147658296576934,-0.08765829657693391
741,O=C(O)CSc1ccc(Br)cc1,3.54,O=C(O)CSc1ccc(Br)cc1,247.113,2.6258,37.3,2,1,3,1,0.125,0,0,1,1,2,1,,2,2.7344709086608354,0.8055290913391646
742,O=C(O)CSc1ccc(Cl)cc1,3.53,O=C(O)CSc1ccc(Cl)cc1,202.662,2.5167,37.3,2,1,3,1,0.125,0,0,1,1,2,1,,1,3.35241439212334,0.17758560787665978
743,O=C(O)CSc1ccc(F)cc1,3.584,O=C(O)CSc1ccc(F)cc1,186.207,2.0024,37.3,2,1,3,1,0.125,0,0,1,1,2,1,,2,3.642521993864369,-0.05852199386436885
744,O=C(O)CSc1ccc([N+](=O)[O-])cc1,3.375,O=C(O)CSc1ccc([N+](=O)[O-])cc1,213.214,1.7715,80.44,4,1,4,1,0.125,0,0,1,1,2,1,,5,3.0079046504031535,0.36709534959684653
745,O=C(O)CSc1cccc(Br)c1,3.53,O=C(O)CSc1cccc(Br)c1,247.113,2.6258,37.3,2,1,3,1,0.125,0,0,1,1,2,1,,3,2.8007935996030646,0.7292064003969352
746,O=C(O)CSc1cccc(Cl)c1,3.6,O=C(O)CSc1cccc(Cl)c1,202.662,2.5167,37.3,2,1,3,1,0.125,0,0,1,1,2,1,,4,3.3811288919837947,0.21887110801620535
747,O=C(O)CSc1cccc(F)c1,3.513,O=C(O)CSc1cccc(F)c1,186.207,2.0024,37.3,2,1,3,1,0.125,0,0,1,1,2,1,,2,3.642521993864369,-0.12952199386436902
748,O=C(O)CSc1cccc([N+](=O)[O-])c1,3.4,O=C(O)CSc1cccc([N+](=O)[O-])c1,213.214,1.7715,80.44,4,1,4,1,0.125,0,0,1,1,2,1,,2,3.0201097351696538,0.37989026483034616
749,O=C(O)CSc1ccccc1,3.4690000000000003,O=C(O)CSc1ccccc1,168.217,1.8633,37.3,2,1,3,1,0.125,0,0,1,1,2,1,,5,3.9180434544345752,-0.44904345443457494
750,O=C(O)CSc1ccccc1C(=O)O,2.93,O=C(O)CSc1ccccc1C(=O)O,212.226,1.5615,74.6,3,2,4,1,0.111111,0,0,2,2,4,2,,5,2.6285685849791838,0.3014314150208164
751,O=C(O)C[As](CC(=O)O)c1ccccc1,3.61,O=C(O)C[As](CC(=O)O)c1ccccc1,270.116,0.5576,74.6,2,2,5,1,0.2,0,0,2,2,4,2,,3,3.0368174024575545,0.5731825975424454
752,O=C(O)C[C@H](NO)C(=O)O,3.51,O=C(O)C[C@H](NO)C(=O)O,149.102,-1.1069,106.86,4,4,4,0,0.5,0,0,2,2,4,2,,1,5.936531665649601,-2.426531665649601
754,O=C(O)C[P+](c1ccccc1)(c1ccccc1)c1ccccc1.[Cl-],1.77,O=C(O)C[P+](c1ccccc1)(c1ccccc1)c1ccccc1.[Cl-],356.789,0.0691,37.3,1,1,5,3,0.05,0,0,1,1,2,1,,3,6.73645034275004,-4.96645034275004
755,O=C(O)C[SH](=O)(O)c1ccc([N+](=O)[O-])cc1,2.586,O=C(O)C[SH](=O)(O)c1ccc([N+](=O)[O-])cc1,247.228,0.528,117.74,4,3,4,1,0.125,0,0,1,1,2,1,,4,4.999455237644425,-2.4134552376444254
756,O=C(O)C[SH](=O)(O)c1cccc([N+](=O)[O-])c1,2.624,O=C(O)C[SH](=O)(O)c1cccc([N+](=O)[O-])c1,247.228,0.528,117.74,4,3,4,1,0.125,0,0,1,1,2,1,,2,4.8909617851668985,-2.2669617851668984
757,O=C(O)C[Se]CC(=O)O,3.17,O=C(O)C[Se]CC(=O)O,197.048,-0.3036,74.6,2,2,4,0,0.5,0,0,2,2,4,2,,1,3.1828773602572493,-0.012877360257249393
758,O=C(O)Cc1c[nH]cn1,7.43,O=C(O)Cc1c[nH]cn1,126.115,0.0368,65.98,2,2,2,1,0.2,0,0,1,1,2,1,,3,5.851349544429344,1.5786504555706555
759,O=C(O)Cc1ccc(Cl)cc1,3.899,O=C(O)Cc1ccc(Cl)cc1,170.595,1.9671,37.3,1,1,2,1,0.125,0,0,1,1,2,1,,4,3.649282243351899,0.24971775664810103
760,O=C(O)Cc1ccc(Cl)s1,3.89,O=C(O)Cc1ccc(Cl)s1,176.624,2.0286,37.3,2,1,2,1,0.166667,0,0,1,1,2,1,,4,3.791885870226484,0.09811412977351619
761,O=C(O)Cc1ccc(F)cc1,3.9325,O=C(O)Cc1ccc(F)cc1,154.14,1.4528,37.3,1,1,2,1,0.125,0,0,1,1,2,1,,3,4.041408026677208,-0.10890802667720756
762,O=C(O)Cc1ccc([N+](=O)[O-])cc1,3.7142,O=C(O)Cc1ccc([N+](=O)[O-])cc1,181.147,1.2219,80.44,3,1,3,1,0.125,0,0,1,1,2,1,,4,3.428469340067447,0.2857306599325531
763,O=C(O)Cc1ccc2ccccc2c1,4.3,O=C(O)Cc1ccc2ccccc2c1,186.21,2.4669,37.3,1,1,2,2,0.083333,0,0,1,1,2,1,,1,5.000618402732129,-0.7006184027321289
764,O=C(O)Cc1cccc(Cl)c1,3.836,O=C(O)Cc1cccc(Cl)c1,170.595,1.9671,37.3,1,1,2,1,0.125,0,0,1,1,2,1,,4,3.649282243351899,0.18671775664810086
765,O=C(O)Cc1cccc(F)c1,3.8535,O=C(O)Cc1cccc(F)c1,154.14,1.4528,37.3,1,1,2,1,0.125,0,0,1,1,2,1,,2,4.1006975333551665,-0.2471975333551666
766,O=C(O)Cc1cccc(O)c(=O)c1C(=O)O,3.75,O=C(O)Cc1cccc(O)c(=O)c1C(=O)O,224.168,0.0777,111.9,4,3,3,1,0.1,0,0,2,2,4,2,,5,3.352639937564179,0.3973600624358209
767,O=C(O)Cc1cccc([N+](=O)[O-])c1,3.97,O=C(O)Cc1cccc([N+](=O)[O-])c1,181.147,1.2219,80.44,3,1,3,1,0.125,0,0,1,1,2,1,,1,3.2883776808903775,0.6816223191096227
768,O=C(O)Cc1cccc2ccccc12,4.23,O=C(O)Cc1cccc2ccccc12,186.21,2.4669,37.3,1,1,2,2,0.083333,0,0,1,1,2,1,,4,5.134491034740987,-0.9044910347409862
769,O=C(O)Cc1ccccc(O)c1=O,4.52,O=C(O)Cc1ccccc(O)c1=O,180.159,0.3795,74.6,3,2,2,1,0.111111,0,0,1,1,2,1,,5,4.62951177411514,-0.10951177411514035
770,O=C(O)Cc1ccccc1,4.227125,O=C(O)Cc1ccccc1,136.15,1.3137,37.3,1,1,2,1,0.125,0,0,1,1,2,1,,3,4.277144127916708,-0.05001912791670815
771,O=C(O)Cc1ccccn1,5.68,O=C(O)Cc1ccccn1,137.138,0.7087,50.19,2,1,2,1,0.142857,0,0,1,1,2,1,,5,4.399576487885032,1.280423512114968
772,O=C(O)Cc1cccs1,3.89,O=C(O)Cc1cccs1,142.179,1.3752,37.3,2,1,2,1,0.166667,0,0,1,1,2,1,,5,4.384507497998706,-0.4945074979987063
773,O=C(O)[C@@H](O)[C@H](O)[C@H](O)[C@@H](O)C(=O)O,3.08,O=C(O)[C@@H](O)[C@H](O)[C@H](O)[C@@H](O)C(=O)O,210.138,-3.4008,155.52,6,6,5,0,0.666667,0,0,2,2,4,2,,1,8.468731219074304,-5.3887312190743035
774,O=C(O)[C@@H]1CCCN1,10.64,O=C(O)[C@@H]1CCCN1,115.132,-0.177,49.33,2,2,1,0,0.8,0,0,1,1,2,1,,5,6.7529161075791055,3.887083892420895
775,O=C(O)[GeH3],3.5,O=[C](O)[GeH3],120.651,-0.9702,37.3,1,1,0,0,0.0,0,0,1,1,2,1,,5,2.1554963912454532,1.3445036087545468
776,O=C(O)c1[nH]c(=O)[nH]c(=O)c1Br,2.38,O=C(O)c1[nH]c(=O)[nH]c(=O)c1Br,234.993,-0.4761,103.02,3,3,1,1,0.0,0,0,1,1,2,1,,4,4.453330021090594,-2.0733300210905945
779,O=C(O)c1c(Cl)cccc1Cl,1.707,O=C(O)c1c(Cl)cccc1Cl,191.013,2.6916,37.3,1,1,1,1,0.0,0,0,1,1,2,1,,1,2.4274180178871485,-0.7204180178871484
780,O=C(O)c1c(F)c(F)c(-c2c(F)c(F)c(F)c(F)c2F)c(F)c1F,1.42,O=C(O)c1c(F)c(F)c(-c2c(F)c(F)c(F)c(F)c2F)c(F)c1F,360.131,4.3037,37.3,1,1,2,2,0.0,0,0,1,1,2,1,,5,2.12300106909904,-0.7030010690990403
781,O=C(O)c1c(F)c(F)c(Br)c(F)c1F,1.66,O=C(O)c1c(F)c(F)c(Br)c(F)c1F,272.979,2.7037,37.3,1,1,1,1,0.0,0,0,1,1,2,1,,5,1.397558285345534,0.262441714654466
782,O=C(O)c1c(F)c(F)c(C(F)(F)F)c(F)c1F,1.44,O=C(O)c1c(F)c(F)c(C(F)(F)F)c(F)c1F,262.08,2.96,37.3,1,1,1,1,0.125,0,0,1,1,2,1,,1,2.076528250310444,-0.6365282503104441
783,O=C(O)c1c(F)c(F)c(Cl)c(F)c1F,1.69,O=C(O)c1c(F)c(F)c(Cl)c(F)c1F,228.528,2.5946,37.3,1,1,1,1,0.0,0,0,1,1,2,1,,4,2.1425034016529607,-0.45250340165296077
784,O=C(O)c1c(F)c(F)c(F)c(F)c1F,1.75,O=C(O)c1c(F)c(F)c(F)c(F)c1F,212.073,2.0803,37.3,1,1,1,1,0.0,0,0,1,1,2,1,,5,2.3573318023719976,-0.6073318023719976
785,O=C(O)c1c(F)c(F)c(O)c(F)c1F,2.27,O=C(O)c1c(F)c(F)c(O)c(F)c1F,210.082,1.6468,57.53,2,2,1,1,0.0,0,0,1,1,2,1,,1,3.40910437172913,-1.1391043717291298
786,O=C(O)c1c(F)c(F)c(S)c(F)c1F,1.67,O=C(O)c1c(F)c(F)c(S)c(F)c1F,226.15,2.2299,37.3,2,2,1,1,0.0,0,0,1,1,2,1,,4,3.4830415556398195,-1.8130415556398196
787,O=C(O)c1c(F)c(F)cc(F)c1F,1.87,O=C(O)c1c(F)c(F)cc(F)c1F,194.083,1.9412,37.3,1,1,1,1,0.0,0,0,1,1,2,1,,5,2.6262150394001074,-0.7562150394001073
788,O=C(O)c1c(O)cccc1Cl,2.63,O=C(O)c1c(O)cccc1Cl,172.567,1.7438,57.53,2,2,1,1,0.0,0,0,1,1,2,1,,4,3.9253127259277782,-1.2953127259277784
789,O=C(O)c1c(O)cccc1O,1.0605,O=C(O)c1c(O)cccc1O,154.121,0.796,77.76,3,3,1,1,0.0,0,0,1,1,2,1,,2,5.0841050513900505,-4.02360505139005
790,O=C(O)c1c(O)cccc1[N+](=O)[O-],2.24,O=C(O)c1c(O)cccc1[N+](=O)[O-],183.119,0.9986,100.67,4,2,2,1,0.0,0,0,1,1,2,1,,2,3.5309229766399532,-1.290922976639953
791,O=C(O)c1c[nH]c(=O)[nH]c1=O,4.16,O=C(O)c1c[nH]c(=O)[nH]c1=O,156.097,-1.2386,103.02,3,3,1,1,0.0,0,0,1,1,2,1,,1,5.3115810330738675,-1.1515810330738674
792,O=C(O)c1c[nH]c2ccccc12,3.87,O=C(O)c1c[nH]c2ccccc12,161.16,1.8661,53.09,1,2,1,2,0.0,0,0,1,1,2,1,,1,5.810018133387015,-1.9400181333870146
793,O=C(O)c1c[nH]cn1,6.065,O=C(O)c1c[nH]cn1,112.088,0.1079,65.98,2,2,1,1,0.0,0,0,1,1,2,1,,1,4.834643729627631,1.2303562703723694
794,O=C(O)c1c[nH]nn1,3.22,O=C(O)c1c[nH]nn1,113.076,-0.4971,78.87,3,2,1,1,0.0,0,0,1,1,2,1,,4,4.894979394229738,-1.6749793942297377
795,O=C(O)c1cc(=O)[nH]c(=O)[nH]1,1.935,O=C(O)c1cc(=O)[nH]c(=O)[nH]1,156.097,-1.2386,103.02,3,3,1,1,0.0,0,0,1,1,2,1,,2,5.541655233499328,-3.606655233499328
796,O=C(O)c1cc(=O)c(O)co1,-2.34,O=C(O)c1cc(=O)c(O)co1,156.093,0.0436,87.74,4,2,1,1,0.0,0,0,1,1,2,1,,5,4.138365753014007,-6.478365753014007
797,O=C(O)c1cc(=O)cc(-c2ccccc2)o1,1.51,O=C(O)c1cc(=O)cc(-c2ccccc2)o1,216.192,2.005,67.51,3,1,2,2,0.0,0,0,1,1,2,1,,2,3.986694872443073,-2.4766948724430726
798,O=C(O)c1cc(=O)cc(-c2ccccc2)s1,2.59,O=C(O)c1cc(=O)cc(-c2ccccc2)s1,232.26,2.4735,54.37,3,1,2,2,0.0,0,0,1,1,2,1,,4,4.131982819157049,-1.5419828191570488
800,O=C(O)c1cc(=O)cco1,1.5,O=C(O)c1cc(=O)cco1,140.094,0.338,67.51,3,1,1,1,0.0,0,0,1,1,2,1,,5,3.389065355315382,-1.889065355315382
801,O=C(O)c1cc(Br)c[nH]1,4.06,O=C(O)c1cc(Br)c[nH]1,189.996,1.4754,53.09,1,2,1,1,0.0,0,0,1,1,2,1,,5,3.766388307514468,0.29361169248553143
802,O=C(O)c1cc(Br)c[se]1,3.14,O=C(O)c1cc(Br)c[se]1,253.941,1.2043,37.3,1,1,1,1,0.0,0,0,1,1,2,1,,2,2.2714322372350457,0.8685677627649544
803,O=C(O)c1cc(Br)cc(Br)c1O,2.162,O=C(O)c1cc(Br)cc(Br)c1O,295.914,2.6154,57.53,2,2,1,1,0.0,0,0,1,1,2,1,,4,2.3779937565855973,-0.21599375658559739
804,O=C(O)c1cc(Br)ccc1O,2.6514,O=C(O)c1cc(Br)ccc1O,217.018,1.8529,57.53,2,2,1,1,0.0,0,0,1,1,2,1,,4,3.418900842861972,-0.7675008428619718
805,O=C(O)c1cc(Br)cs1,3.11,O=C(O)c1cc(Br)cs1,207.048,2.2088,37.3,2,1,1,1,0.0,0,0,1,1,2,1,,3,2.4721754430548666,0.6378245569451333
806,O=C(O)c1cc(C(=O)O)c(C(=O)O)cc1C(=O)O,1.87,O=C(O)c1cc(C(=O)O)c(C(=O)O)cc1C(=O)O,254.15,0.4794,149.2,4,4,4,1,0.0,0,0,4,4,8,4,,1,0.20559409547883867,1.6644059045211614
807,O=C(O)c1cc(C(=O)O)c(C(=O)O)cc1O,1.86,O=C(O)c1cc(C(=O)O)c(C(=O)O)cc1O,226.14,0.4868,132.13,4,4,3,1,0.0,0,0,3,3,6,3,,4,2.323096615775478,-0.4630966157754781
809,O=C(O)c1cc(C(=O)O)c(O)c(C(=O)O)c1,2.77,O=C(O)c1cc(C(=O)O)c(O)c(C(=O)O)c1,226.14,0.4868,132.13,4,4,3,1,0.0,0,0,3,3,6,3,,2,1.8995016718562892,0.8704983281437109
810,O=C(O)c1cc(Cl)c[nH]1,4.07,O=C(O)c1cc(Cl)c[nH]1,145.545,1.3663,53.09,1,2,1,1,0.0,0,0,1,1,2,1,,3,4.249788579188566,-0.17978857918856583
811,O=C(O)c1cc(Cl)ccc1Cl,2.466,O=C(O)c1cc(Cl)ccc1Cl,191.013,2.6916,37.3,1,1,1,1,0.0,0,0,1,1,2,1,,5,2.420994436177682,0.04500556382231835
812,O=C(O)c1cc(Cl)ccc1O,2.695,O=C(O)c1cc(Cl)ccc1O,172.567,1.7438,57.53,2,2,1,1,0.0,0,0,1,1,2,1,,5,3.81067160954374,-1.1156716095437402
813,O=C(O)c1cc(I)cc(I)c1O,2.299,O=C(O)c1cc(I)cc(I)c1O,389.914,2.2996,57.53,2,2,1,1,0.0,0,0,1,1,2,1,,4,1.4435869792246732,0.8554130207753268
814,O=C(O)c1cc(I)ccc1O,2.6595000000000004,O=C(O)c1cc(I)ccc1O,264.018,1.695,57.53,2,2,1,1,0.0,0,0,1,1,2,1,,2,2.756588195923321,-0.09708819592332052
815,O=C(O)c1cc(N=Nc2ccc(S(=O)(=O)O)cc2)ccc1O,2.38,O=C(O)c1cc(N=Nc2ccc(S(=O)(=O)O)cc2)ccc1O,322.298,2.7525,136.62,6,3,4,2,0.0,0,1,2,4,3,2,,3,2.4817769911503103,-0.10177699115031036
816,O=C(O)c1cc(O)c(O)c(O)c1,4.27,O=C(O)c1cc(O)c(O)c(O)c1,170.12,0.5016,97.99,4,4,1,1,0.0,0,0,1,1,2,1,,1,6.0199180383073685,-1.749918038307369
817,O=C(O)c1cc(O)c2ccccc2c1,4.25,O=C(O)c1cc(O)c2ccccc2c1,188.182,2.2436,57.53,2,2,1,2,0.0,0,0,1,1,2,1,,2,5.282359964012536,-1.032359964012536
818,O=C(O)c1cc(O)cc(O)c1,4.039,O=C(O)c1cc(O)cc(O)c1,154.121,0.796,77.76,3,3,1,1,0.0,0,0,1,1,2,1,,4,5.327952670390817,-1.2889526703908176
819,O=C(O)c1cc(O)cc2ccccc12,3.69,O=C(O)c1cc(O)cc2ccccc12,188.182,2.2436,57.53,2,2,1,2,0.0,0,0,1,1,2,1,,5,5.578019024588926,-1.888019024588926
820,O=C(O)c1cc(O)ccc1O,2.9655,O=C(O)c1cc(O)ccc1O,154.121,0.796,77.76,3,3,1,1,0.0,0,0,1,1,2,1,,3,5.073032525285149,-2.107532525285149
821,O=C(O)c1cc([N+](=O)[O-])c[nH]1,3.37,O=C(O)c1cc([N+](=O)[O-])c[nH]1,156.097,0.6211,96.23,3,2,2,1,0.0,0,0,1,1,2,1,,2,4.150249645114243,-0.7802496451142433
822,O=C(O)c1cc([N+](=O)[O-])c[se]1,2.74,O=C(O)c1cc([N+](=O)[O-])c[se]1,220.042,0.35,80.44,3,1,2,1,0.0,0,0,1,1,2,1,,5,2.439232876812823,0.30076712318717735
823,O=C(O)c1cc([N+](=O)[O-])cc([N+](=O)[O-])c1O,0.7,O=C(O)c1cc([N+](=O)[O-])cc([N+](=O)[O-])c1O,228.116,0.9068,143.81,6,2,3,1,0.0,0,0,1,1,2,1,,2,2.6552410660579246,-1.9552410660579247
824,O=C(O)c1cc([N+](=O)[O-])cc2ccccc12,2.83,O=C(O)c1cc([N+](=O)[O-])cc2ccccc12,217.18,2.4462,80.44,3,1,2,2,0.0,0,0,1,1,2,1,,4,3.970502885553612,-1.140502885553612
825,O=C(O)c1cc([N+](=O)[O-])ccc1O,2.18,O=C(O)c1cc([N+](=O)[O-])ccc1O,183.119,0.9986,100.67,4,2,2,1,0.0,0,0,1,1,2,1,,5,3.540909581179752,-1.3609095811797518
826,O=C(O)c1cc([N+](=O)[O-])cs1,2.835,O=C(O)c1cc([N+](=O)[O-])cs1,173.149,1.3545,80.44,4,1,2,1,0.0,0,0,1,1,2,1,,1,2.6918710582864898,0.1431289417135102
827,O=C(O)c1cc2cc(Br)ccc2[nH]1,16.1,O=C(O)c1cc2cc(Br)ccc2[nH]1,240.056,2.6286,53.09,1,2,1,2,0.0,0,0,1,1,2,1,,4,4.955446881247329,11.144553118752672
828,O=C(O)c1cc2cc([N+](=O)[O-])ccc2[nH]1,14.91,O=C(O)c1cc2cc([N+](=O)[O-])ccc2[nH]1,206.157,1.7743,96.23,3,2,2,2,0.0,0,0,1,1,2,1,,5,5.211876896915372,9.698123103084628
829,O=C(O)c1cc2ccccc2cc1O,2.75,O=C(O)c1cc2ccccc2cc1O,188.182,2.2436,57.53,2,2,1,2,0.0,0,0,1,1,2,1,,3,5.318585895816526,-2.5685858958165264
830,O=C(O)c1cc[nH]n1,3.74,O=C(O)c1cc[nH]n1,112.088,0.1079,65.98,2,2,1,1,0.0,0,0,1,1,2,1,,3,4.903232577752472,-1.1632325777524715
831,O=C(O)c1ccc(=O)oc1,3.26,O=C(O)c1ccc(=O)oc1,140.094,0.338,67.51,3,1,1,1,0.0,0,0,1,1,2,1,,3,3.4276048572694444,-0.16760485726944463
832,O=C(O)c1ccc(Br)[nH]1,4.17,O=C(O)c1ccc(Br)[nH]1,189.996,1.4754,53.09,1,2,1,1,0.0,0,0,1,1,2,1,,1,3.683492362033904,0.486507637966096
833,O=C(O)c1ccc(Br)[se]1,3.27,O=C(O)c1ccc(Br)[se]1,253.941,1.2043,37.3,1,1,1,1,0.0,0,0,1,1,2,1,,2,2.2714322372350457,0.9985677627649543
834,O=C(O)c1ccc(Br)c2ccccc12,3.37,O=C(O)c1ccc(Br)c2ccccc12,251.079,3.3005,37.3,1,1,1,2,0.0,0,0,1,1,2,1,,2,3.44353906275362,-0.07353906275361988
835,O=C(O)c1ccc(Br)cc1,3.963,O=C(O)c1ccc(Br)cc1,201.019,2.1473,37.3,1,1,1,1,0.0,0,0,1,1,2,1,,4,2.5507561016095015,1.4122438983904986
836,O=C(O)c1ccc(Br)cc1C(=O)O,2.5,O=C(O)c1ccc(Br)cc1C(=O)O,245.028,1.8455,74.6,2,2,2,1,0.0,0,0,2,2,4,2,,2,1.3142323782802197,1.1857676217197803
837,O=C(O)c1ccc(Br)cc1O,2.669,O=C(O)c1ccc(Br)cc1O,217.018,1.8529,57.53,2,2,1,1,0.0,0,0,1,1,2,1,,2,3.2452841501311345,-0.5762841501311344
838,O=C(O)c1ccc(Br)s1,3.245,O=C(O)c1ccc(Br)s1,207.048,2.2088,37.3,2,1,1,1,0.0,0,0,1,1,2,1,,5,2.3463776917470556,0.8986223082529445
839,O=C(O)c1ccc(C(=O)O)c(C(=O)O)c1,2.53,O=C(O)c1ccc(C(=O)O)c(C(=O)O)c1,210.141,0.7812,111.9,3,3,3,1,0.0,0,0,3,3,6,3,,3,1.1815565344747547,1.348443465525245
840,O=C(O)c1ccc(C2CC2)cc1,4.44,O=C(O)c1ccc(C2CC2)cc1,162.188,2.2622,37.3,1,1,2,1,0.3,0,0,1,1,2,1,,4,4.436619853987934,0.003380146012066376
841,O=C(O)c1ccc(C=C[N+](=O)[O-])cc1,3.94,O=C(O)c1ccc(C=C[N+](=O)[O-])cc1,193.158,1.6322,80.44,3,1,3,1,0.0,0,0,1,1,2,1,,1,2.47904394716192,1.46095605283808
842,O=C(O)c1ccc(Cl)[nH]1,4.32,O=C(O)c1ccc(Cl)[nH]1,145.545,1.3663,53.09,1,2,1,1,0.0,0,0,1,1,2,1,,2,4.412560474544358,-0.09256047454435734
843,O=C(O)c1ccc(Cl)[se]1,3.3,O=C(O)c1ccc(Cl)[se]1,209.49,1.0952,37.3,1,1,1,1,0.0,0,0,1,1,2,1,,3,2.930864104686287,0.36913589531371294
844,O=C(O)c1ccc(Cl)c(Cl)c1,3.64,O=C(O)c1ccc(Cl)c(Cl)c1,191.013,2.6916,37.3,1,1,1,1,0.0,0,0,1,1,2,1,,1,2.4274180178871485,1.2125819821128516
845,O=C(O)c1ccc(Cl)c2ccccc12,3.36,O=C(O)c1ccc(Cl)c2ccccc12,206.628,3.1914,37.3,1,1,1,2,0.0,0,0,1,1,2,1,,5,4.188341851222868,-0.8283418512228677
846,O=C(O)c1ccc(Cl)cc1,3.988,O=C(O)c1ccc(Cl)cc1,156.568,2.0382,37.3,1,1,1,1,0.0,0,0,1,1,2,1,,5,3.061371211845115,0.9266287881548849
847,O=C(O)c1ccc(Cl)cc1Cl,2.73,O=C(O)c1ccc(Cl)cc1Cl,191.013,2.6916,37.3,1,1,1,1,0.0,0,0,1,1,2,1,,5,2.420994436177682,0.30900556382231814
848,O=C(O)c1ccc(Cl)s1,3.3150000000000004,O=C(O)c1ccc(Cl)s1,162.597,2.0997,37.3,2,1,1,1,0.0,0,0,1,1,2,1,,2,2.8771989363983668,0.4378010636016336
849,O=C(O)c1ccc(F)c2ccccc12,3.7,O=C(O)c1ccc(F)c2ccccc12,190.173,2.6771,37.3,1,1,1,2,0.0,0,0,1,1,2,1,,3,4.37567438308959,-0.6756743830895902
850,O=C(O)c1ccc(F)cc1,3.907428571428572,O=C(O)c1ccc(F)cc1,140.113,1.5239,37.3,1,1,1,1,0.0,0,0,1,1,2,1,,3,3.4229456010707784,0.48448297035779353
851,O=C(O)c1ccc(I)cc1,3.9635,O=C(O)c1ccc(I)cc1,248.019,1.9894,37.3,1,1,1,1,0.0,0,0,1,1,2,1,,4,2.083552712929039,1.8799472870709608
852,O=C(O)c1ccc(I)cc1O,2.75,O=C(O)c1ccc(I)cc1O,264.018,1.695,57.53,2,2,1,1,0.0,0,0,1,1,2,1,,2,2.756588195923321,-0.006588195923320939
853,O=C(O)c1ccc(O)c(=O)cc1,4.05,O=C(O)c1ccc(O)c(=O)cc1,166.132,0.4506,74.6,3,2,1,1,0.0,0,0,1,1,2,1,,2,4.01605330980233,0.03394669019766994
854,O=C(O)c1ccc(O)c(O)c1,4.3755,O=C(O)c1ccc(O)c(O)c1,154.121,0.796,77.76,3,3,1,1,0.0,0,0,1,1,2,1,,3,5.073032525285149,-0.6975325252851494
855,O=C(O)c1ccc(O)cc1,4.566666666666666,O=C(O)c1ccc(O)cc1,138.122,1.0904,57.53,2,2,1,1,0.0,0,0,1,1,2,1,,3,4.365857113797714,0.20080955286895286
856,O=C(O)c1ccc(O)cc1O,3.20875,O=C(O)c1ccc(O)cc1O,154.121,0.796,77.76,3,3,1,1,0.0,0,0,1,1,2,1,,4,5.327952670390817,-2.119202670390817
857,O=C(O)c1ccc([N+](=O)[O-])[nH]1,3.22,O=C(O)c1ccc([N+](=O)[O-])[nH]1,156.097,0.6211,96.23,3,2,2,1,0.0,0,0,1,1,2,1,,3,3.9198533785886314,-0.6998533785886312
858,O=C(O)c1ccc([N+](=O)[O-])[se]1,2.63,O=C(O)c1ccc([N+](=O)[O-])[se]1,220.042,0.35,80.44,3,1,2,1,0.0,0,0,1,1,2,1,,3,2.600928904086352,0.02907109591364776
859,O=C(O)c1ccc([N+](=O)[O-])c2ccccc12,2.8,O=C(O)c1ccc([N+](=O)[O-])c2ccccc12,217.18,2.4462,80.44,3,1,2,2,0.0,0,0,1,1,2,1,,4,3.970502885553612,-1.1705028855536121
860,O=C(O)c1ccc([N+](=O)[O-])cc1,3.2511666666666668,O=C(O)c1ccc([N+](=O)[O-])cc1,167.12,1.293,80.44,3,1,2,1,0.0,0,0,1,1,2,1,,4,2.836355081390855,0.41481158527581163
862,O=C(O)c1ccc([N+](=O)[O-])cc1O,2.27,O=C(O)c1ccc([N+](=O)[O-])cc1O,183.119,0.9986,100.67,4,2,2,1,0.0,0,0,1,1,2,1,,4,3.704499822643326,-1.434499822643326
863,O=C(O)c1ccc([N+](=O)[O-])s1,2.68,O=C(O)c1ccc([N+](=O)[O-])s1,173.149,1.3545,80.44,4,1,2,1,0.0,0,0,1,1,2,1,,4,2.795524492281203,-0.11552449228120265
864,O=C(O)c1ccc2c(c1)OCCO2,4.35,O=C(O)c1ccc2c(c1)OCCO2,180.159,1.156,55.76,3,1,1,1,0.222222,0,0,1,1,2,1,,5,3.775580337412652,0.5744196625873474
865,O=C(O)c1ccc2c(c1)OCO2,4.5,O=C(O)c1ccc2c(c1)OCO2,166.132,1.1135,55.76,3,1,1,1,0.125,0,0,1,1,2,1,,4,3.580085900016158,0.919914099983842
866,O=C(O)c1ccc2ccccc2c1,4.343666666666667,O=C(O)c1ccc2ccccc2c1,172.183,2.538,37.3,1,1,1,2,0.0,0,0,1,1,2,1,,4,4.725810992048633,-0.3821443253819661
867,O=C(O)c1ccc2ccccc2n1,4.864,O=C(O)c1ccc2ccccc2n1,173.171,1.933,50.19,2,1,1,2,0.0,0,0,1,1,2,1,,1,4.6058570113658455,0.2581429886341544
868,O=C(O)c1ccc2cccccc1-2,5.5,O=C(O)c1ccc2cccccc1-2,172.183,2.4896,37.3,1,1,1,0,0.0,0,0,1,1,2,1,,5,0.5970390358250146,4.902960964174985
869,O=C(O)c1ccc2ncccc2c1,4.82,O=C(O)c1ccc2ncccc2c1,173.171,1.933,50.19,2,1,1,2,0.0,0,0,1,1,2,1,,5,4.825093590348106,-0.00509359034810597
870,O=C(O)c1ccc2nccnc2c1,3.64,O=C(O)c1ccc2nccnc2c1,174.159,1.328,63.08,3,1,1,2,0.0,0,0,1,1,2,1,,5,4.8214685538059125,-1.1814685538059124
871,O=C(O)c1ccc[nH]1,4.475,O=C(O)c1ccc[nH]1,111.1,0.7129,53.09,1,2,1,1,0.0,0,0,1,1,2,1,,1,4.818355850958506,-0.3433558509585062
872,O=C(O)c1ccc[se]1,3.6,O=C(O)c1ccc[se]1,175.045,0.4418,37.3,1,1,1,1,0.0,0,0,1,1,2,1,,4,3.256708892706981,0.34329110729301915
873,O=C(O)c1cccc(Br)c1,3.813,O=C(O)c1cccc(Br)c1,201.019,2.1473,37.3,1,1,1,1,0.0,0,0,1,1,2,1,,1,2.4630433613436096,1.3499566386563906
874,O=C(O)c1cccc(Br)c1C(=O)O,2.27,O=C(O)c1cccc(Br)c1C(=O)O,245.028,1.8455,74.6,2,2,2,1,0.0,0,0,2,2,4,2,,2,1.3142323782802197,0.9557676217197804
875,O=C(O)c1cccc(C(=O)O)c1,3.7,O=C(O)c1cccc(C(=O)O)c1,166.132,1.083,74.6,2,2,2,1,0.0,0,0,2,2,4,2,,4,2.523307531204442,1.176692468795558
876,O=C(O)c1cccc(C(=O)O)c1C(=O)O,2.84,O=C(O)c1cccc(C(=O)O)c1C(=O)O,210.141,0.7812,111.9,3,3,3,1,0.0,0,0,3,3,6,3,,4,1.4549518745230072,1.3850481254769926
877,O=C(O)c1cccc(C(=O)O)n1,4.6,O=C(O)c1cccc(C(=O)O)n1,167.12,0.478,87.49,3,2,2,1,0.0,0,0,2,2,4,2,,4,2.539694146638838,2.060305853361162
878,O=C(O)c1cccc(C=C[N+](=O)[O-])c1,3.87,O=C(O)c1cccc(C=C[N+](=O)[O-])c1,193.158,1.6322,80.44,3,1,3,1,0.0,0,0,1,1,2,1,,2,2.6831918650316853,1.1868081349683148
879,O=C(O)c1cccc(CO)n1,4.61,O=C(O)c1cccc(CO)n1,153.137,0.2721,70.42,3,2,2,1,0.142857,0,0,1,1,2,1,,5,5.195002052553391,-0.5850020525533903
880,O=C(O)c1cccc(Cl)c1,3.8295,O=C(O)c1cccc(Cl)c1,156.568,2.0382,37.3,1,1,1,1,0.0,0,0,1,1,2,1,,3,3.040077685864545,0.789422314135455
882,O=C(O)c1cccc(F)c1,3.626714285714286,O=C(O)c1cccc(F)c1,140.113,1.5239,37.3,1,1,1,1,0.0,0,0,1,1,2,1,,4,3.3629970421302895,0.2637172435839963
883,O=C(O)c1cccc(I)c1O,2.52,O=C(O)c1cccc(I)c1O,264.018,1.695,57.53,2,2,1,1,0.0,0,0,1,1,2,1,,3,2.8755183865448855,-0.35551838654488543
884,O=C(O)c1cccc(O)c(=O)c1,3.42,O=C(O)c1cccc(O)c(=O)c1,166.132,0.4506,74.6,3,2,1,1,0.0,0,0,1,1,2,1,,5,4.072081233091058,-0.6520812330910584
885,O=C(O)c1cccc(O)c(=O)c1C(=O)O,3.24,O=C(O)c1cccc(O)c(=O)c1C(=O)O,210.141,0.1488,111.9,4,3,2,1,0.0,0,0,2,2,4,2,,2,2.7625017021194838,0.47749829788051645
886,O=C(O)c1cccc(O)c1,4.19,O=C(O)c1cccc(O)c1,138.122,1.0904,57.53,2,2,1,1,0.0,0,0,1,1,2,1,,1,4.40524391294793,-0.21524391294792977
887,O=C(O)c1cccc(O)c1O,2.914,O=C(O)c1cccc(O)c1O,154.121,0.796,77.76,3,3,1,1,0.0,0,0,1,1,2,1,,5,5.200348782909798,-2.286348782909798
888,O=C(O)c1cccc([N+](=O)[O-])c1,3.293333333333333,O=C(O)c1cccc([N+](=O)[O-])c1,167.12,1.293,80.44,3,1,2,1,0.0,0,0,1,1,2,1,,2,2.8534228124718846,0.43991052086144844
890,O=C(O)c1cccc([N+](=O)[O-])c1O,2.085,O=C(O)c1cccc([N+](=O)[O-])c1O,183.119,0.9986,100.67,4,2,2,1,0.0,0,0,1,1,2,1,,2,3.5309229766399532,-1.4459229766399533
891,O=C(O)c1cccc2ccccc12,3.80925,O=C(O)c1cccc2ccccc12,172.183,2.538,37.3,1,1,1,2,0.0,0,0,1,1,2,1,,1,4.58956913269672,-0.7803191326967203
892,O=C(O)c1cccc2cccnc12,6.8,O=C(O)c1cccc2cccnc12,173.171,1.933,50.19,2,1,1,2,0.0,0,0,1,1,2,1,,2,4.546097204597738,2.2539027954022615
893,O=C(O)c1cccc2nccnc12,4.026,O=C(O)c1cccc2nccnc12,174.159,1.328,63.08,3,1,1,2,0.0,0,0,1,1,2,1,,4,4.758584222917424,-0.7325842229174242
894,O=C(O)c1ccccc(O)c1=O,3.2,O=C(O)c1ccccc(O)c1=O,166.132,0.4506,74.6,3,2,1,1,0.0,0,0,1,1,2,1,,2,4.01605330980233,-0.8160533098023297
895,O=C(O)c1ccccc1,4.093071428571428,O=C(O)c1ccccc1,122.123,1.3848,37.3,1,1,1,1,0.0,0,0,1,1,2,1,,1,3.597906850268212,0.49516457830321636
896,O=C(O)c1ccccc1C(=O)O,2.813333333333333,O=C(O)c1ccccc1C(=O)O,166.132,1.083,74.6,2,2,2,1,0.0,0,0,2,2,4,2,,1,2.467135932005087,0.34619740132824584
897,O=C(O)c1ccccc1C(=O)c1ccccc1,3.536,O=C(O)c1ccccc1C(=O)c1ccccc1,226.231,2.6158,54.37,2,1,3,2,0.0,0,0,1,1,2,1,,1,4.091891727296421,-0.5558917272964208
898,O=C(O)c1ccccc1Cl,3.063333333333333,O=C(O)c1ccccc1Cl,156.568,2.0382,37.3,1,1,1,1,0.0,0,0,1,1,2,1,,2,3.1157336419019983,-0.05240030856866529
899,O=C(O)c1ccccc1Nc1ccccc1,3.925,O=C(O)c1ccccc1Nc1ccccc1,213.236,3.1284,49.33,2,2,3,2,0.0,0,0,1,1,2,1,,4,5.557490254522848,-1.632490254522848
900,O=C(O)c1ccccc1O,2.9423076923076925,O=C(O)c1ccccc1O,138.122,1.0904,57.53,2,2,1,1,0.0,0,0,1,1,2,1,,3,4.365857113797714,-1.423549421490021
901,O=C(O)c1ccccc1P(O)O,1.32,O=C(O)c1ccccc1P(O)O,186.103,0.3066,77.76,3,3,2,1,0.0,0,0,1,1,2,1,,1,5.161708644710475,-3.841708644710475
902,O=C(O)c1ccccc1[N+](=O)[O-],2.1083333333333334,O=C(O)c1ccccc1[N+](=O)[O-],167.12,1.293,80.44,3,1,2,1,0.0,0,0,1,1,2,1,,5,2.7916091834811274,-0.683275850147794
903,O=C(O)c1cccccc1=O,3.73,O=C(O)c1cccccc1=O,150.133,0.745,54.37,2,1,1,1,0.0,0,0,1,1,2,1,,1,3.234294940980746,0.495705059019254
904,O=C(O)c1ccccn1,5.4,O=C(O)c1ccccn1,123.111,0.7798,50.19,2,1,1,1,0.0,0,0,1,1,2,1,,5,3.6981229509703546,1.7018770490296458
905,O=C(O)c1cccnc1,4.7725,O=C(O)c1cccnc1,123.111,0.7798,50.19,2,1,1,1,0.0,0,0,1,1,2,1,,2,3.6703421278071833,1.1021578721928167
906,O=C(O)c1cccnc1C(=O)O,4.75,O=C(O)c1cccnc1C(=O)O,167.12,0.478,87.49,3,2,2,1,0.0,0,0,2,2,4,2,,3,2.454959100510688,2.295040899489312
907,O=C(O)c1ccco1,3.153,O=C(O)c1ccco1,112.084,0.9778,50.44,2,1,1,1,0.0,0,0,1,1,2,1,,5,3.768032507435498,-0.6150325074354979
908,O=C(O)c1cccs1,3.5125,O=C(O)c1cccs1,128.152,1.4463,37.3,2,1,1,1,0.0,0,0,1,1,2,1,,4,3.5508325987762244,-0.03833259877622419
909,O=C(O)c1ccnc(C(=O)O)c1,2.2,O=C(O)c1ccnc(C(=O)O)c1,167.12,0.478,87.49,3,2,2,1,0.0,0,0,2,2,4,2,,3,2.454959100510688,-0.2549591005106877
910,O=C(O)c1ccncc1,4.876666666666666,O=C(O)c1ccncc1,123.111,0.7798,50.19,2,1,1,1,0.0,0,0,1,1,2,1,,2,3.6703421278071833,1.2063245388594828
911,O=C(O)c1ccncc1C(=O)O,2.95,O=C(O)c1ccncc1C(=O)O,167.12,0.478,87.49,3,2,2,1,0.0,0,0,2,2,4,2,,4,2.539694146638838,0.4103058533611623
912,O=C(O)c1ccncc1O,4.83,O=C(O)c1ccncc1O,139.11,0.4854,70.42,3,2,1,1,0.0,0,0,1,1,2,1,,4,4.476194544572743,0.35380545542725717
913,O=C(O)c1cn(-c2ccccc2)nn1,2.88,O=C(O)c1cn(-c2ccccc2)nn1,189.174,0.9655,68.01,3,1,2,2,0.0,0,0,1,1,2,1,,4,4.799963132454332,-1.919963132454332
914,O=C(O)c1cnc2ccccc2n1,2.811666666666666,O=C(O)c1cnc2ccccc2n1,174.159,1.328,63.08,3,1,1,2,0.0,0,0,1,1,2,1,,5,4.8214685538059125,-2.0098018871392465
915,O=C(O)c1cncc(C(=O)O)c1,2.72,O=C(O)c1cncc(C(=O)O)c1,167.12,0.478,87.49,3,2,2,1,0.0,0,0,2,2,4,2,,2,2.4167905201243367,0.3032094798756635
916,O=C(O)c1cncc(C(=O)O)c1C(=O)O,2.01,O=C(O)c1cncc(C(=O)O)c1C(=O)O,211.129,0.1762,124.79,4,3,3,1,0.0,0,0,3,3,6,3,,1,1.3526528924110868,0.657347107588913
917,O=C(O)c1cocc1C(=O)O,1.44,O=C(O)c1cocc1C(=O)O,156.093,0.676,87.74,3,2,2,1,0.0,0,0,2,2,4,2,,1,2.5522920834401166,-1.1122920834401167
918,O=C(O)c1csccc1=O,4.1,O=C(O)c1csccc1=O,156.162,0.8065,54.37,3,1,1,1,0.0,0,0,1,1,2,1,,1,3.2335554430654754,0.8664445569345243
919,O=C(O)c1nc(C(=O)O)c(C(=O)O)c(C(=O)O)c1C(=O)O,0.5,O=C(O)c1nc(C(=O)O)c(C(=O)O)c(C(=O)O)c1C(=O)O,299.147,-0.4274,199.39,6,5,5,1,0.0,0,0,5,5,10,5,,2,-1.343864302924204,1.843864302924204
920,O=C(O)c1nc2ccccc2nc1C(=O)O,1.71,O=C(O)c1nc2ccccc2nc1C(=O)O,218.168,1.0262,100.38,4,2,2,2,0.0,0,0,2,2,4,2,,1,3.491373971771846,-1.781373971771846
921,O=C(O)c1nc2ccccc2nc1Cl,1.83,O=C(O)c1nc2ccccc2nc1Cl,208.604,1.9814,63.08,3,1,1,2,0.0,0,0,1,1,2,1,,5,4.181091778138478,-2.3510917781384784
922,O=C(O)c1nc2ccccc2nc1O,2.58,O=C(O)c1nc2ccccc2nc1O,190.158,1.0336,83.31,4,2,1,2,0.0,0,0,1,1,2,1,,4,5.626728964169894,-3.046728964169894
923,O=C(O)c1ncccc1O,5.17,O=C(O)c1ncccc1O,139.11,0.4854,70.42,3,2,1,1,0.0,0,0,1,1,2,1,,2,4.347842291975252,0.822157708024748
924,O=C(O)c1nnn(-c2ccccc2)c1C(=O)O,2.13,O=C(O)c1nnn(-c2ccccc2)c1C(=O)O,233.183,0.6637,105.31,4,2,3,2,0.0,0,0,2,2,4,2,,3,3.545383533766134,-1.4153835337661342
925,O=C(O)c1occc(=O)c1O,7.67,O=C(O)c1occc(=O)c1O,156.093,0.0436,87.74,4,2,1,1,0.0,0,0,1,1,2,1,,5,4.138365753014007,3.531634246985993
926,O=C/C(Cl)=C(/Cl)C(=O)O,4.2,O=C/C(Cl)=C(/Cl)C(=O)O,168.963,0.9591,54.37,2,1,2,0,0.0,0,0,1,1,2,1,,1,1.2406933613598756,2.9593066386401246
927,O=C1CCC(C(=O)O)CC1,4.38,O=C1CCC(C(=O)O)CC1,142.154,0.8303,54.37,2,1,1,0,0.714286,0,0,1,1,2,1,,2,4.542588848311868,-0.16258884831186826
928,O=CC(=O)O,3.22,O=CC(=O)O,74.035,-0.7301,54.37,2,1,1,0,0.0,0,0,1,1,2,1,,2,2.8693801631429494,0.3506198368570508
929,O=CO,3.744857142857143,O=CO,46.025,-0.2992,37.3,1,1,0,0,0.0,0,0,1,1,2,1,,4,2.6955028544324815,1.0493542884246616
930,O=Cc1ccc(C(=O)O)cc1,3.76,O=Cc1ccc(C(=O)O)cc1,150.133,1.1973,54.37,2,1,2,1,0.0,0,0,1,1,2,1,,4,3.334704525109921,0.4252954748900786
931,O=Cc1cccc(C(=O)O)c1,3.84,O=Cc1cccc(C(=O)O)c1,150.133,1.1973,54.37,2,1,2,1,0.0,0,0,1,1,2,1,,1,3.293095587078124,0.5469044129218759
932,O[C@@H]1CC[C@H](CC1)C(=O)O,4.69,O=C(O)[C@H]1CC[C@H](O)CC1,144.17,0.6221,57.53,2,2,1,0,0.857143,0,0,1,1,2,1,,1,6.366433072205261,-1.6764330722052607
933,[C@@H]1([C@@H](CC1)C(=O)O)C(=O)O,3.94,O=C(O)[C@@H]1CC[C@H]1C(=O)O,144.126,0.1818,74.6,2,2,2,0,0.666667,0,0,2,2,4,2,,4,3.958735527788847,-0.01873552778884724
934,[C@@H]1([C@@H](CC=CC1)C(=O)O)C(=O)O,3.89,O=C(O)[C@@H]1CC=CC[C@H]1C(=O)O,170.164,0.738,74.6,2,2,2,0,0.5,0,0,2,2,4,2,,4,2.805408377768998,1.084591622231002
935,[C@@H]1([C@@H](CCCC1)C(=O)O)C(=O)O,4.199999999999999,O=C(O)[C@@H]1CCCC[C@H]1C(=O)O,172.18,0.962,74.6,2,2,2,0,0.75,0,0,2,2,4,2,,3,3.7701663304684634,0.4298336695315359
936,[C@@H]1([C@@H](CCCCC1)C(=O)O)C(=O)O,4.3,O=C(O)[C@@H]1CCCCC[C@H]1C(=O)O,186.207,1.3521,74.6,2,2,2,0,0.777778,0,0,2,2,4,2,,3,3.586762592271597,0.7132374077284029
937,[C@@H]1([C@@H](CCCCCC1)C(=O)O)C(=O)O,4.37,O=C(O)[C@@H]1CCCCCC[C@H]1C(=O)O,200.234,1.7422,74.6,2,2,2,0,0.8,0,0,2,2,4,2,,4,3.551174182862955,0.818825817137045
938,[C@@H]1([C@H](CC1)C(=O)O)C(=O)O,4.16,O=C(O)[C@H]1CC[C@H]1C(=O)O,144.126,0.1818,74.6,2,2,2,0,0.666667,0,0,2,2,4,2,,1,4.032759048321981,0.12724095167801952
939,[C@@H]1([C@H](CC=CC1)C(=O)O)C(=O)O,3.75,O=C(O)[C@H]1CC=CC[C@H]1C(=O)O,170.164,0.738,74.6,2,2,2,0,0.5,0,0,2,2,4,2,,4,2.805408377768998,0.9445916222310018
940,[C@@H]1([C@H](CCCC1)C(=O)O)C(=O)O,4.345000000000001,O=C(O)[C@H]1CCCC[C@H]1C(=O)O,172.18,0.962,74.6,2,2,2,0,0.75,0,0,2,2,4,2,,2,3.735318740519097,0.6096812594809036
941,[C@@H]1([C@H](CCCCC1)C(=O)O)C(=O)O,3.87,O=C(O)[C@H]1CCCCC[C@H]1C(=O)O,186.207,1.3521,74.6,2,2,2,0,0.777778,0,0,2,2,4,2,,5,3.543177370589047,0.3268226294109531
942,[C@@H]1([C@H](CCCCCC1)C(=O)O)C(=O)O,3.99,O=C(O)[C@H]1CCCCCC[C@H]1C(=O)O,200.234,1.7422,74.6,2,2,2,0,0.8,0,0,2,2,4,2,,2,3.361714154700067,0.6282858452999331
943,[C@H]1(C[C@@H](C1)C(=O)O)C(=O)O,4.08,O=C(O)[C@H]1C[C@@H](C(=O)O)C1,144.126,0.1818,74.6,2,2,2,0,0.666667,0,0,2,2,4,2,,5,3.9421178779768544,0.13788212202314565
944,[C@H]1(C[C@H](C1)C(=O)O)C(=O)O,4.11,O=C(O)[C@H]1C[C@H](C(=O)O)C1,144.126,0.1818,74.6,2,2,2,0,0.666667,0,0,2,2,4,2,,4,3.958735527788847,0.15126447221115313
945,[N+](=O)([O-])/C=C/C(=O)O,2.58,O=C(O)/C=C/[N+](=O)[O-],117.06,-0.1386,80.44,3,1,2,0,0.0,0,0,1,1,2,1,,3,1.8777057688189807,0.7022942311810194
946,[N+](=O)([O-])C1=CC=C(C=C1)[C@H]1[C@@H](C1)C(=O)O,4.45,O=C(O)[C@@H]1C[C@H]1c1ccc([N+](=O)[O-])cc1,207.185,1.7829,80.44,3,1,3,1,0.3,0,0,1,1,2,1,,3,3.601195440858466,0.8488045591415343
947,[N+](=O)([O-])C=1C=C(C=CC1)[C@H]1[C@@H](C1)C(=O)O,4.41,O=C(O)[C@@H]1C[C@H]1c1cccc([N+](=O)[O-])c1,207.185,1.7829,80.44,3,1,3,1,0.3,0,0,1,1,2,1,,4,3.778093352287474,0.6319066477125261
948,[Se]1[C@H](CC[C@H]1C(=O)O)C(=O)O,3.24,O=C(O)[C@@H]1CC[C@H](C(=O)O)[Se]1,223.086,0.2306,74.6,2,2,2,0,0.666667,0,0,2,2,4,2,,2,3.0448522674347718,0.19514773256522844
949,CC(C)(C)c1ccc(S(=O)(=O)O)c(C(C)(C)C)n1,4.12,CC(C)(C)c1ccc(S(=O)(=O)O)c(C(C)(C)C)n1,271.382,2.9233,67.26,3,1,1,1,0.615385,0,1,1,3,1,1,,2,3.641129154373854,0.4788708456261461
950,CS(=O)(=O)O,-1.53,CS(=O)(=O)O,96.107,-0.496,54.37,2,1,0,0,1.0,0,1,1,3,1,0,,1,6.932664098261931,-8.46266409826193
951,Cc1cc(S(=O)(=O)O)cc(C)n1,5.09,Cc1cc(S(=O)(=O)O)cc(C)n1,187.22,0.94514,67.26,3,1,1,1,0.285714,0,1,1,3,1,1,,3,3.9493669908567903,1.1406330091432095
952,Cc1cc(S(=O)(=O)O)ccc1N,3.1264,Cc1cc(S(=O)(=O)O)ccc1N,187.22,0.82392,80.39,3,2,1,1,0.142857,0,1,1,3,1,1,,3,4.230093715372931,-1.103693715372931
953,Cc1ccc(S(=O)(=O)O)c(C)n1,4.89,Cc1ccc(S(=O)(=O)O)c(C)n1,187.22,0.94514,67.26,3,1,1,1,0.285714,0,1,1,3,1,1,,4,3.871022184473796,1.0189778155262035
954,Cc1ccc(S(=O)(=O)O)cc1,-1.34,Cc1ccc(S(=O)(=O)O)cc1,172.205,1.24172,54.37,2,1,1,1,0.142857,0,1,1,3,1,1,,1,3.701361589916142,-5.041361589916142
955,Cc1ccc(S(=O)(=O)O)cc1N,3.6323,Cc1ccc(S(=O)(=O)O)cc1N,187.22,0.82392,80.39,3,2,1,1,0.142857,0,1,1,3,1,1,,2,4.305950404027631,-0.6736504040276312
956,Cc1ccc2c(S(=O)(=O)O)cc(Br)c(O)c2n1,3.32,Cc1ccc2c(S(=O)(=O)O)cc(Br)c(O)c2n1,318.148,2.25802,87.49,4,2,1,2,0.1,0,1,1,3,1,1,,4,4.243058791283167,-0.9230587912831676
957,Cc1ccc2c(S(=O)(=O)O)cc([N+](=O)[O-])c(O)c2n1,6.24,Cc1ccc2c(S(=O)(=O)O)cc([N+](=O)[O-])c(O)c2n1,284.249,1.40372,130.63,6,2,2,2,0.1,0,1,1,3,1,1,,2,4.0611336813597685,2.1788663186402317
958,Cc1ccc2c(S(=O)(=O)O)ccc(O)c2n1,4.68,Cc1ccc2c(S(=O)(=O)O)ccc(O)c2n1,239.252,1.49552,87.49,4,2,1,2,0.1,0,1,1,3,1,1,,3,5.063191408674646,-0.3831914086746462
959,Cc1cccc(C(O)S(=O)(=O)O)n1,4.83,Cc1cccc(C(O)S(=O)(=O)O)n1,203.219,0.26872,87.49,4,2,2,1,0.285714,0,1,1,3,1,0,,2,4.55202376030126,0.27797623969873975
960,NCC(O)S(=O)(=O)O,9.175,NCC(O)S(=O)(=O)O,141.148,-1.8487,100.62,4,3,2,0,1.0,0,1,1,3,1,0,,1,8.877352530406055,0.2976474695939455
961,NCCOS(=O)(=O)O,9.135,NCCOS(=O)(=O)O,141.148,-1.2355,89.62,4,2,3,0,1.0,0,1,1,4,1,0,,3,7.580515566785469,1.5544844332145304
962,NCCS(=O)(=O)O,8.98335,NCCS(=O)(=O)O,125.149,-1.1671,80.39,3,2,2,0,1.0,0,1,1,3,1,0,,5,7.4709761070570515,1.5123738929429482
963,NNc1ccc(S(=O)(=O)O)cc1,2.61,NNc1ccc(S(=O)(=O)O)cc1,188.208,0.2189,92.42,4,3,2,1,0.0,0,1,1,3,1,1,,1,5.21929808136311,-2.6092980813631104
964,NNc1cccc(S(=O)(=O)O)c1,2.43,NNc1cccc(S(=O)(=O)O)c1,188.208,0.2189,92.42,4,3,2,1,0.0,0,1,1,3,1,1,,2,4.969639543414804,-2.5396395434148036
965,NNc1ccccc1S(=O)(=O)O,2.33,NNc1ccccc1S(=O)(=O)O,188.208,0.2189,92.42,4,3,2,1,0.0,0,1,1,3,1,1,,5,5.059595494048402,-2.729595494048402
966,N[C@@H](CS(=O)(=O)O)C(=O)O,1.89,N[C@@H](CS(=O)(=O)O)C(=O)O,169.158,-1.7139,117.69,4,3,3,0,0.666667,0,1,2,4,3,1,,1,5.421682719757505,-3.531682719757505
967,Nc1c(S(=O)(=O)O)ccc2ccccc12,1.71,Nc1c(S(=O)(=O)O)ccc2ccccc12,223.253,1.6687,80.39,3,2,1,2,0.0,0,1,1,3,1,1,,5,5.12043945826556,-3.41043945826556
968,Nc1cc(S(=O)(=O)O)c2ccccc2c1,3.7,Nc1cc(S(=O)(=O)O)c2ccccc2c1,223.253,1.6687,80.39,3,2,1,2,0.0,0,1,1,3,1,1,,3,4.825116117258766,-1.1251161172587656
969,Nc1cc(S(=O)(=O)O)cc2ccccc12,3.2,Nc1cc(S(=O)(=O)O)cc2ccccc12,223.253,1.6687,80.39,3,2,1,2,0.0,0,1,1,3,1,1,,5,5.12043945826556,-1.9204394582655597
970,Nc1ccc(S(=O)(=O)O)c2ccccc12,2.81,Nc1ccc(S(=O)(=O)O)c2ccccc12,223.253,1.6687,80.39,3,2,1,2,0.0,0,1,1,3,1,1,,4,5.023522980480368,-2.2135229804803678
971,Nc1ccc(S(=O)(=O)O)cc1,3.228825,Nc1ccc(S(=O)(=O)O)cc1,173.193,0.5155,80.39,3,2,1,1,0.0,0,1,1,3,1,1,,1,4.068976157719528,-0.8401511577195282
972,Nc1ccc2c(S(=O)(=O)O)cccc2c1,3.96,Nc1ccc2c(S(=O)(=O)O)cccc2c1,223.253,1.6687,80.39,3,2,1,2,0.0,0,1,1,3,1,1,,4,5.023522980480368,-1.0635229804803679
973,Nc1ccc2cc(S(=O)(=O)O)ccc2c1,3.74,Nc1ccc2cc(S(=O)(=O)O)ccc2c1,223.253,1.6687,80.39,3,2,1,2,0.0,0,1,1,3,1,1,,1,5.060638440148037,-1.3206384401480369
974,Nc1ccc2ccc(S(=O)(=O)O)cc2c1,3.95,Nc1ccc2ccc(S(=O)(=O)O)cc2c1,223.253,1.6687,80.39,3,2,1,2,0.0,0,1,1,3,1,1,,1,5.060638440148037,-1.110638440148037
975,Nc1ccc2cccc(S(=O)(=O)O)c2c1,3.89,Nc1ccc2cccc(S(=O)(=O)O)c2c1,223.253,1.6687,80.39,3,2,1,2,0.0,0,1,1,3,1,1,,3,4.825116117258766,-0.9351161172587656
976,Nc1ccc2ccccc2c1S(=O)(=O)O,2.35,Nc1ccc2ccccc2c1S(=O)(=O)O,223.253,1.6687,80.39,3,2,1,2,0.0,0,1,1,3,1,1,,4,5.023522980480368,-2.6735229804803677
977,Nc1cccc(S(=O)(=O)O)c1,3.729025,Nc1cccc(S(=O)(=O)O)c1,173.193,0.5155,80.39,3,2,1,1,0.0,0,1,1,3,1,1,,3,3.8723873352399534,-0.14336233523995334
978,Nc1cccc2c(S(=O)(=O)O)cccc12,3.69,Nc1cccc2c(S(=O)(=O)O)cccc12,223.253,1.6687,80.39,3,2,1,2,0.0,0,1,1,3,1,1,,3,4.825116117258766,-1.1351161172587658
979,Nc1cccc2cc(S(=O)(=O)O)ccc12,3.8,Nc1cccc2cc(S(=O)(=O)O)ccc12,223.253,1.6687,80.39,3,2,1,2,0.0,0,1,1,3,1,1,,5,5.12043945826556,-1.32043945826556
980,Nc1cccc2ccc(S(=O)(=O)O)cc12,3.66,Nc1cccc2ccc(S(=O)(=O)O)cc12,223.253,1.6687,80.39,3,2,1,2,0.0,0,1,1,3,1,1,,4,5.023522980480368,-1.3635229804803677
981,Nc1cccc2cccc(S(=O)(=O)O)c12,5.03,Nc1cccc2cccc(S(=O)(=O)O)c12,223.253,1.6687,80.39,3,2,1,2,0.0,0,1,1,3,1,1,,1,5.060638440148037,-0.03063844014803685
982,Nc1ccccc1S(=O)(=O)O,2.4746,Nc1ccccc1S(=O)(=O)O,173.193,0.5155,80.39,3,2,1,1,0.0,0,1,1,3,1,1,,3,3.8723873352399534,-1.3977873352399532
983,O=C(NCCS(=O)(=O)O)C(=S)NCCS(=O)(=O)O,11.97,O=C(NCCS(=O)(=O)O)C(=S)NCCS(=O)(=O)O,320.37,-2.2048,149.87,6,4,6,0,0.666667,0,1,2,6,2,0,,1,1.9210542584126205,10.04894574158738
984,O=C(O)c1cc(N=Nc2ccc(S(=O)(=O)O)cc2)ccc1O,2.38,O=C(O)c1cc(N=Nc2ccc(S(=O)(=O)O)cc2)ccc1O,322.298,2.7525,136.62,6,3,4,2,0.0,0,1,2,4,3,2,,5,2.8771369736223935,-0.4971369736223936
985,O=C1C(O)=C(S(=O)(=O)O)C(=O)C(O)=C1S(=O)(=O)O,0.75,O=C1C(O)=C(S(=O)(=O)O)C(=O)C(O)=C1S(=O)(=O)O,300.222,-1.547,183.34,8,4,2,0,0.0,0,1,2,6,2,0,,4,5.369314551363339,-4.619314551363339
986,O=C1c2ccccc2C(=O)c2c(O)c(S(=O)(=O)O)cc(O)c21,7.73,O=C1c2ccccc2C(=O)c2c(O)c(S(=O)(=O)O)cc(O)c21,320.278,1.1199,128.97,6,3,1,2,0.0,0,1,1,3,1,1,,1,4.664234566005831,3.0657654339941693
987,O=Nc1c(O)cc(S(=O)(=O)O)c2[nH]ncc12,7.75,O=Nc1c(O)cc(S(=O)(=O)O)c2[nH]ncc12,243.2,0.9131,132.71,6,3,2,2,0.0,0,1,1,3,1,1,,3,5.328911067961105,2.421088932038895
988,O=Nc1c(O)cc(S(=O)(=O)O)c2cn[nH]c12,5.85,O=Nc1c(O)cc(S(=O)(=O)O)c2cn[nH]c12,243.2,0.9131,132.71,6,3,2,2,0.0,0,1,1,3,1,1,,3,5.328911067961105,0.5210889320388947
989,O=Nc1c(O)ccc2cc(S(=O)(=O)O)ccc12,7.6,O=Nc1c(O)ccc2cc(S(=O)(=O)O)ccc12,253.235,2.19,104.03,5,2,2,2,0.0,0,1,1,3,1,1,,5,4.433890789764767,3.1661092102352324
990,O=Nc1c(S(=O)(=O)O)cc(O)c2[nH]ncc12,8.6,O=Nc1c(S(=O)(=O)O)cc(O)c2[nH]ncc12,243.2,0.9131,132.71,6,3,2,2,0.0,0,1,1,3,1,1,,1,5.741397573736035,2.858602426263965
991,O=Nc1c(S(=O)(=O)O)cc(O)c2cn[nH]c12,7.15,O=Nc1c(S(=O)(=O)O)cc(O)c2cn[nH]c12,243.2,0.9131,132.71,6,3,2,2,0.0,0,1,1,3,1,1,,4,5.811347205485806,1.3386527945141946
992,O=Nc1cc(S(=O)(=O)O)c2cn[nH]c2c1O,6.35,O=Nc1cc(S(=O)(=O)O)c2cn[nH]c2c1O,243.2,0.9131,132.71,6,3,2,2,0.0,0,1,1,3,1,1,,4,5.811347205485806,0.5386527945141939
993,O=Nc1ccc2c(S(=O)(=O)O)cccc2c1O,7.32,O=Nc1ccc2c(S(=O)(=O)O)cccc2c1O,253.235,2.19,104.03,5,2,2,2,0.0,0,1,1,3,1,1,,3,4.084360192518912,3.235639807481088
994,O=P(O)(O)c1ccccc1N=Nc1c(S(=O)(=O)O)cc2cc(S(=O)(=O)O)c(N=Nc3ccc(Cl)cc3P(=O)(O)O)c(O)c2c1O,-2.0,O=P(O)(O)c1ccccc1N=Nc1c(S(=O)(=O)O)cc2cc(S(=O)(=O)O)c(N=Nc3ccc(Cl)cc3P(=O)(O)O)c(O)c2c1O,722.927,3.8346,313.7,12,8,8,4,0.0,0,1,2,6,2,2,,4,13.251966157211617,-15.251966157211617
995,O=S(=O)(O)C(N=Nc1ccccc1)=NNc1ccccc1,-0.92,O=S(=O)(O)C(N=Nc1ccccc1)=NNc1ccccc1,304.331,3.0412,103.48,5,2,3,2,0.0,0,1,1,3,1,0,,4,3.12142019015493,-4.0414201901549305
996,O=S(=O)(O)C(O)c1ccccn1,4.05,O=S(=O)(O)C(O)c1ccccn1,189.192,-0.0397,87.49,4,2,2,1,0.166667,0,1,1,3,1,0,,4,3.89213572955123,0.1578642704487696
997,O=S(=O)(O)C(O)c1cccnc1,4.6,O=S(=O)(O)C(O)c1cccnc1,189.192,-0.0397,87.49,4,2,2,1,0.166667,0,1,1,3,1,0,,1,5.063846780963832,-0.4638467809638325
998,O=S(=O)(O)C(O)c1ccncc1,4.95,O=S(=O)(O)C(O)c1ccncc1,189.192,-0.0397,87.49,4,2,2,1,0.166667,0,1,1,3,1,0,,4,3.89213572955123,1.05786427044877
999,O=S(=O)(O)CCc1ccccn1,5.14,O=S(=O)(O)CCc1ccccn1,187.22,0.5119,67.26,3,1,3,1,0.285714,0,1,1,3,1,0,,4,3.5079019701567256,1.6320980298432741
1000,O=S(=O)(O)c1c(O)ccc2[nH]ncc12,10.55,O=S(=O)(O)c1c(O)ccc2[nH]ncc12,214.202,0.5152,103.28,4,3,1,2,0.0,0,1,1,3,1,1,,2,6.080941871968429,4.4690581280315715
1001,O=S(=O)(O)c1c(O)ccc2cn[nH]c12,9.45,O=S(=O)(O)c1c(O)ccc2cn[nH]c12,214.202,0.5152,103.28,4,3,1,2,0.0,0,1,1,3,1,1,,2,6.080941871968429,3.36905812803157
1002,O=S(=O)(O)c1cc(Br)c(O)c2ncccc12,3.22,O=S(=O)(O)c1cc(Br)c(O)c2ncccc12,304.121,1.9496,87.49,4,2,1,2,0.0,0,1,1,3,1,1,,1,3.9986602207704873,-0.7786602207704871
1003,O=S(=O)(O)c1cc(Br)c2cccnc2c1O,3.565,O=S(=O)(O)c1cc(Br)c2cccnc2c1O,304.121,1.9496,87.49,4,2,1,2,0.0,0,1,1,3,1,1,,5,3.9058763064220243,-0.3408763064220244
1004,O=S(=O)(O)c1cc(Cl)c(O)c2ncccc12,2.91,O=S(=O)(O)c1cc(Cl)c(O)c2ncccc12,259.67,1.8405,87.49,4,2,1,2,0.0,0,1,1,3,1,1,,3,4.275254407651348,-1.3652544076513475
1005,O=S(=O)(O)c1cc(Cl)c2cccnc2c1O,3.08,O=S(=O)(O)c1cc(Cl)c2cccnc2c1O,259.67,1.8405,87.49,4,2,1,2,0.0,0,1,1,3,1,1,,1,4.548279293504557,-1.4682792935045565
1006,O=S(=O)(O)c1cc(I)c(O)c2ncccc12,2.5208,O=S(=O)(O)c1cc(I)c(O)c2ncccc12,351.121,1.7917,87.49,4,2,1,2,0.0,0,1,1,3,1,1,,2,3.1340983480274094,-0.6132983480274095
1007,O=S(=O)(O)c1cc(I)c2cccnc2c1O,3.58,O=S(=O)(O)c1cc(I)c2cccnc2c1O,351.121,1.7917,87.49,4,2,1,2,0.0,0,1,1,3,1,1,,5,3.3724976266222186,0.20750237337778143
1008,O=S(=O)(O)c1cc(N=Nc2ccccc2)c(O)c2ncccc12,3.41,O=S(=O)(O)c1cc(N=Nc2ccccc2)c(O)c2ncccc12,329.337,3.6025,112.21,6,2,3,3,0.0,0,1,1,3,1,1,,4,5.4240516750308565,-2.0140516750308564
1009,O=S(=O)(O)c1cc(O)c2[nH]ncc2c1,8.0,O=S(=O)(O)c1cc(O)c2[nH]ncc2c1,214.202,0.5152,103.28,4,3,1,2,0.0,0,1,1,3,1,1,,5,6.427830134533092,1.5721698654669076
1010,O=S(=O)(O)c1cc(O)c2cn[nH]c2c1,8.1,O=S(=O)(O)c1cc(O)c2cn[nH]c2c1,214.202,0.5152,103.28,4,3,1,2,0.0,0,1,1,3,1,1,,3,6.103569317421104,1.9964306825788958
1011,O=S(=O)(O)c1cc(O)cc2[nH]ncc12,8.85,O=S(=O)(O)c1cc(O)cc2[nH]ncc12,214.202,0.5152,103.28,4,3,1,2,0.0,0,1,1,3,1,1,,4,6.3425061112691985,2.507493888730801
1012,O=S(=O)(O)c1cc(O)cc2cn[nH]c12,9.65,O=S(=O)(O)c1cc(O)cc2cn[nH]c12,214.202,0.5152,103.28,4,3,1,2,0.0,0,1,1,3,1,1,,1,6.353972710385382,3.296027289614618
1013,O=S(=O)(O)c1cc2cn[nH]c2c(S(=O)(=O)O)c1O,9.4,O=S(=O)(O)c1cc2cn[nH]c2c(S(=O)(=O)O)c1O,294.266,-0.2381,157.65,6,4,2,2,0.0,0,1,2,6,2,2,,1,1.356478405637215,8.043521594362785
1014,O=S(=O)(O)c1ccc(N=NN(O)c2ccccc2)cc1,9.99,O=S(=O)(O)c1ccc(N=NN(O)c2ccccc2)cc1,293.304,2.8278,102.56,5,2,4,2,0.0,0,1,1,3,1,1,,4,4.302376738416733,5.687623261583267
1015,O=S(=O)(O)c1ccc(O)c2[nH]ncc12,7.6,O=S(=O)(O)c1ccc(O)c2[nH]ncc12,214.202,0.5152,103.28,4,3,1,2,0.0,0,1,1,3,1,1,,3,6.103569317421104,1.4964306825788958
1016,O=S(=O)(O)c1ccc(O)c2cn[nH]c12,7.6,O=S(=O)(O)c1ccc(O)c2cn[nH]c12,214.202,0.5152,103.28,4,3,1,2,0.0,0,1,1,3,1,1,,3,6.103569317421104,1.4964306825788958
1017,O=S(=O)(O)c1ccc2c(N=Nc3nc4ccccc4s3)c(O)ccc2c1,8.41,O=S(=O)(O)c1ccc2c(N=Nc3nc4ccccc4s3)c(O)ccc2c1,385.426,4.8172,112.21,7,2,3,4,0.0,0,1,1,3,1,1,,2,5.252038441160945,3.1579615588390553
1018,O=S(=O)(O)c1ccc2c(N=Nc3nccs3)c(O)ccc2c1,8.38,O=S(=O)(O)c1ccc2c(N=Nc3nccs3)c(O)ccc2c1,335.366,3.664,112.21,7,2,3,3,0.0,0,1,1,3,1,1,,3,4.6211138838797545,3.7588861161202463
1019,O=S(=O)(O)c1ccc2cccnc2c1O,3.805,O=S(=O)(O)c1ccc2cccnc2c1O,225.225,1.1871,87.49,4,2,1,2,0.0,0,1,1,3,1,1,,5,5.134533060476598,-1.329533060476598
1020,O=S(=O)(O)c1cccc2ncc(O)cc12,4.09,O=S(=O)(O)c1cccc2ncc(O)cc12,225.225,1.1871,87.49,4,2,1,2,0.0,0,1,1,3,1,1,,4,5.071963135794128,-0.9819631357941283
1021,O=S(=O)(O)c1ccccn1,1.75,O=S(=O)(O)c1ccccn1,159.166,0.3283,67.26,3,1,1,1,0.0,0,1,1,3,1,1,,2,3.2308597983674474,-1.4808597983674474
1022,O=S(=O)(O)c1cccnc1,3.22,O=S(=O)(O)c1cccnc1,159.166,0.3283,67.26,3,1,1,1,0.0,0,1,1,3,1,1,,1,3.3345243645868603,-0.1145243645868601
1023,O=S(=O)(O)c1ccncc1,3.44,O=S(=O)(O)c1ccncc1,159.166,0.3283,67.26,3,1,1,1,0.0,0,1,1,3,1,1,,5,3.2582620234002215,0.18173797659977842
1024,O=[N+]([O-])c1cc(S(=O)(=O)O)c2cccnc2c1O,5.6850000000000005,O=[N+]([O-])c1cc(S(=O)(=O)O)c2cccnc2c1O,270.222,1.0953,130.63,6,2,2,2,0.0,0,1,1,3,1,1,,4,4.316655029299107,1.3683449707008934
1025,O=[N+]([O-])c1ccc(N=Nc2cc(S(=O)(=O)O)c3cccnc3c2O)cc1,7.494,O=[N+]([O-])c1ccc(N=Nc2cc(S(=O)(=O)O)c3cccnc3c2O)cc1,374.334,3.5107,155.35,8,2,4,3,0.0,0,1,1,3,1,1,,2,3.739136159291994,3.7548638407080057
1026,O=c1cc(S(=O)(=O)O)[nH]c(=O)[nH]1,7.26,O=c1cc(S(=O)(=O)O)[nH]c(=O)[nH]1,192.152,-1.6901,120.09,4,3,1,1,0.0,0,1,1,3,1,1,,3,5.050859727233319,2.209140272766681
